{
"type": "FeatureCollection",
"name": "USOSUELO_VEG_JOCO",
"crs": { "type": "name", "properties": { "name": "urn:ogc:def:crs:OGC:1.3:CRS84" } },
"features": [
{ "type": "Feature", "properties": { "OBJECTID": 2485, "CVE_V": "AH", "TIP_INFO": "COMPLEMENTARIA", "TIP_ECOV": "NO APLICABLE", "TIP_VEG": "NO APLICABLE", "DESVEG": "NO APLICABLE", "FASE_VS": "NO APLICABLE", "OTROS": "ASENTAMIENTOS HUMANOS" }, "geometry": { "type": "Polygon", "coordinates": [ [ [ -103.3260077, 20.2860943 ], [ -103.3265635, 20.2857739 ], [ -103.3268878, 20.2855727 ], [ -103.3273625, 20.2854078 ], [ -103.3278026, 20.2853197 ], [ -103.3281398, 20.2851043 ], [ -103.3285221, 20.284783 ], [ -103.3288986, 20.2843481 ], [ -103.329026, 20.284347 ], [ -103.3294023, 20.2843345 ], [ -103.3297257, 20.2842778 ], [ -103.3299961, 20.2841541 ], [ -103.3304755, 20.2839179 ], [ -103.3307348, 20.2838679 ], [ -103.3309001, 20.2838744 ], [ -103.3311271, 20.2839844 ], [ -103.3313945, 20.2840641 ], [ -103.3316929, 20.2840477 ], [ -103.3320652, 20.284058 ], [ -103.3321325, 20.2840373 ], [ -103.3322712, 20.284074 ], [ -103.3326484, 20.2839964 ], [ -103.3338263, 20.2837542 ], [ -103.3350344, 20.2829709 ], [ -103.3354586, 20.2830621 ], [ -103.3356444, 20.2831414 ], [ -103.3371172, 20.2834985 ], [ -103.337149, 20.283456 ], [ -103.3387444, 20.2839092 ], [ -103.3390643, 20.284057 ], [ -103.3375679, 20.2843771 ], [ -103.3372042, 20.2843903 ], [ -103.3371409, 20.2843537 ], [ -103.3366871, 20.2841858 ], [ -103.3361747, 20.2841045 ], [ -103.3356974, 20.2840539 ], [ -103.335379, 20.283947 ], [ -103.3352054, 20.2839882 ], [ -103.3347951, 20.2844291 ], [ -103.3346666, 20.2844476 ], [ -103.3342785, 20.2844435 ], [ -103.3338075, 20.2844843 ], [ -103.3333375, 20.2845931 ], [ -103.3328274, 20.2847433 ], [ -103.3323668, 20.2848604 ], [ -103.3318647, 20.2849064 ], [ -103.3314016, 20.2848091 ], [ -103.3310305, 20.2846125 ], [ -103.3307515, 20.2846233 ], [ -103.3305573, 20.2847903 ], [ -103.3301906, 20.2850802 ], [ -103.3297508, 20.2852559 ], [ -103.3292556, 20.2853373 ], [ -103.3288445, 20.2856251 ], [ -103.3284308, 20.2858746 ], [ -103.3279594, 20.2860569 ], [ -103.3275306, 20.2861936 ], [ -103.3270627, 20.2863566 ], [ -103.3264752, 20.2866359 ], [ -103.3264221, 20.2866525 ], [ -103.3256802, 20.2868841 ], [ -103.325281, 20.2870209 ], [ -103.3252351, 20.286844 ], [ -103.3251472, 20.2862986 ], [ -103.3260077, 20.2860943 ] ] ] } },
{ "type": "Feature", "properties": { "OBJECTID": 2488, "CVE_V": "AH", "TIP_INFO": "COMPLEMENTARIA", "TIP_ECOV": "NO APLICABLE", "TIP_VEG": "NO APLICABLE", "DESVEG": "NO APLICABLE", "FASE_VS": "NO APLICABLE", "OTROS": "ASENTAMIENTOS HUMANOS" }, "geometry": { "type": "Polygon", "coordinates": [ [ [ -103.3465087, 20.2881949 ], [ -103.3475336, 20.2883908 ], [ -103.348603, 20.2884957 ], [ -103.3486537, 20.289053 ], [ -103.3485086, 20.2891784 ], [ -103.3484505, 20.289181 ], [ -103.3482265, 20.2892116 ], [ -103.347688, 20.2890959 ], [ -103.3472239, 20.2890761 ], [ -103.3468842, 20.2889446 ], [ -103.3464803, 20.2887441 ], [ -103.3460874, 20.2885419 ], [ -103.3459574, 20.2885063 ], [ -103.3461609, 20.2880556 ], [ -103.3461665, 20.2880431 ], [ -103.3465087, 20.2881949 ] ] ] } },
{ "type": "Feature", "properties": { "OBJECTID": 2489, "CVE_V": "AH", "TIP_INFO": "COMPLEMENTARIA", "TIP_ECOV": "NO APLICABLE", "TIP_VEG": "NO APLICABLE", "DESVEG": "NO APLICABLE", "FASE_VS": "NO APLICABLE", "OTROS": "ASENTAMIENTOS HUMANOS" }, "geometry": { "type": "Polygon", "coordinates": [ [ [ -103.3254816, 20.2877934 ], [ -103.3256255, 20.287793 ], [ -103.3260809, 20.2877368 ], [ -103.3264891, 20.2876485 ], [ -103.3263808, 20.2895915 ], [ -103.326326, 20.2906417 ], [ -103.326031, 20.2904272 ], [ -103.3252611, 20.28952 ], [ -103.3252521, 20.2886063 ], [ -103.3255226, 20.2879512 ], [ -103.3254816, 20.2877934 ] ] ] } },
{ "type": "Feature", "properties": { "OBJECTID": 2490, "CVE_V": "AH", "TIP_INFO": "COMPLEMENTARIA", "TIP_ECOV": "NO APLICABLE", "TIP_VEG": "NO APLICABLE", "DESVEG": "NO APLICABLE", "FASE_VS": "NO APLICABLE", "OTROS": "ASENTAMIENTOS HUMANOS" }, "geometry": { "type": "Polygon", "coordinates": [ [ [ -103.3403316, 20.2924561 ], [ -103.339408, 20.2924643 ], [ -103.3383696, 20.2924734 ], [ -103.3378159, 20.2924783 ], [ -103.3369998, 20.2926195 ], [ -103.3372128, 20.2920857 ], [ -103.3382413, 20.2920649 ], [ -103.3384694, 20.2916635 ], [ -103.3403516, 20.2917245 ], [ -103.3403316, 20.2924561 ] ] ] } },
{ "type": "Feature", "properties": { "OBJECTID": 2492, "CVE_V": "AH", "TIP_INFO": "COMPLEMENTARIA", "TIP_ECOV": "NO APLICABLE", "TIP_VEG": "NO APLICABLE", "DESVEG": "NO APLICABLE", "FASE_VS": "NO APLICABLE", "OTROS": "ASENTAMIENTOS HUMANOS" }, "geometry": { "type": "Polygon", "coordinates": [ [ [ -103.343237, 20.2943631 ], [ -103.3435238, 20.2941396 ], [ -103.3437683, 20.294027 ], [ -103.3439368, 20.2939136 ], [ -103.344091, 20.2937285 ], [ -103.3448421, 20.2931898 ], [ -103.3453043, 20.2922815 ], [ -103.3454167, 20.2920606 ], [ -103.346008, 20.2922529 ], [ -103.3460616, 20.2922748 ], [ -103.3465835, 20.292488 ], [ -103.3467526, 20.2925345 ], [ -103.3472511, 20.2926629 ], [ -103.3476266, 20.2927979 ], [ -103.348189, 20.2930816 ], [ -103.3486053, 20.2932247 ], [ -103.3487768, 20.2932805 ], [ -103.3493655, 20.2934097 ], [ -103.3499868, 20.293547 ], [ -103.3505846, 20.2935835 ], [ -103.3516006, 20.2935929 ], [ -103.3521583, 20.293544 ], [ -103.352363, 20.2935613 ], [ -103.3526444, 20.2935794 ], [ -103.352676, 20.2948226 ], [ -103.3530261, 20.2948309 ], [ -103.3530459, 20.2955926 ], [ -103.3531507, 20.2957515 ], [ -103.3531955, 20.2958381 ], [ -103.3533165, 20.2962465 ], [ -103.3511853, 20.296697 ], [ -103.3498647, 20.2959347 ], [ -103.349041, 20.2956324 ], [ -103.348537, 20.2943984 ], [ -103.3475519, 20.2944072 ], [ -103.345746, 20.2944232 ], [ -103.3437744, 20.2942859 ], [ -103.343237, 20.2943631 ] ] ] } },
{ "type": "Feature", "properties": { "OBJECTID": 11329, "CVE_V": "BQ", "TIP_INFO": "ECOLÓGICA-FLORÍSTICA-FISONÓMICA", "TIP_ECOV": "BOSQUE DE ENCINO", "TIP_VEG": "BOSQUE DE ENCINO", "DESVEG": "PRIMARIA", "FASE_VS": "NINGUNO", "OTROS": "NO APLICABLE" }, "geometry": { "type": "Polygon", "coordinates": [ [ [ -103.3479861, 20.1806185 ], [ -103.346565, 20.1801482 ], [ -103.345758, 20.1801151 ], [ -103.3456178, 20.1800263 ], [ -103.3448576, 20.1793864 ], [ -103.3443313, 20.1790895 ], [ -103.3441748, 20.1790008 ], [ -103.3435239, 20.1790128 ], [ -103.343422, 20.1789094 ], [ -103.3425926, 20.1780695 ], [ -103.3432709, 20.1777116 ], [ -103.3435666, 20.1770324 ], [ -103.3434268, 20.1764856 ], [ -103.3433373, 20.1758936 ], [ -103.3429574, 20.1753445 ], [ -103.3422873, 20.1748835 ], [ -103.3419724, 20.1745983 ], [ -103.3420505, 20.1739527 ], [ -103.3424233, 20.1735799 ], [ -103.3430462, 20.1726847 ], [ -103.3435977, 20.1724214 ], [ -103.3446694, 20.1715499 ], [ -103.3456321, 20.1708303 ], [ -103.3465243, 20.1702595 ], [ -103.3467654, 20.1700744 ], [ -103.3467735, 20.1700681 ], [ -103.3475055, 20.1706619 ], [ -103.3506825, 20.1723637 ], [ -103.3514362, 20.1730751 ], [ -103.3520462, 20.1745989 ], [ -103.3521143, 20.1752048 ], [ -103.3519147, 20.1764677 ], [ -103.3503955, 20.178929 ], [ -103.3487753, 20.1808204 ], [ -103.3486753, 20.1809604 ], [ -103.3479861, 20.1806185 ] ] ] } },
{ "type": "Feature", "properties": { "OBJECTID": 11350, "CVE_V": "BQ", "TIP_INFO": "ECOLÓGICA-FLORÍSTICA-FISONÓMICA", "TIP_ECOV": "BOSQUE DE ENCINO", "TIP_VEG": "BOSQUE DE ENCINO", "DESVEG": "PRIMARIA", "FASE_VS": "NINGUNO", "OTROS": "NO APLICABLE" }, "geometry": { "type": "Polygon", "coordinates": [ [ [ -103.4460539, 20.2152277 ], [ -103.4478453, 20.21656 ], [ -103.4490499, 20.2171935 ], [ -103.4496542, 20.2175606 ], [ -103.4511288, 20.2184573 ], [ -103.452878, 20.2196143 ], [ -103.4541924, 20.2203527 ], [ -103.455844, 20.2220474 ], [ -103.4571961, 20.223477 ], [ -103.4574273, 20.2235874 ], [ -103.458122, 20.2256577 ], [ -103.4578009, 20.2263874 ], [ -103.4570386, 20.2273951 ], [ -103.4564196, 20.2274449 ], [ -103.45584, 20.2273678 ], [ -103.4544428, 20.2269597 ], [ -103.4536213, 20.2265009 ], [ -103.4523467, 20.2281023 ], [ -103.4519648, 20.2287599 ], [ -103.4512484, 20.2304646 ], [ -103.4503328, 20.2315151 ], [ -103.4490904, 20.2323266 ], [ -103.4484801, 20.2323034 ], [ -103.4457492, 20.2304897 ], [ -103.4428273, 20.2289997 ], [ -103.4416142, 20.2278593 ], [ -103.4412096, 20.2270786 ], [ -103.4412482, 20.225299 ], [ -103.4419858, 20.2231005 ], [ -103.4420245, 20.221789 ], [ -103.4417264, 20.2208666 ], [ -103.4418482, 20.2190219 ], [ -103.4423142, 20.2176953 ], [ -103.4428171, 20.21712 ], [ -103.4435726, 20.2168155 ], [ -103.4443969, 20.2150943 ], [ -103.4449914, 20.2145131 ], [ -103.4460539, 20.2152277 ] ] ] } },
{ "type": "Feature", "properties": { "OBJECTID": 11367, "CVE_V": "BQ", "TIP_INFO": "ECOLÓGICA-FLORÍSTICA-FISONÓMICA", "TIP_ECOV": "BOSQUE DE ENCINO", "TIP_VEG": "BOSQUE DE ENCINO", "DESVEG": "PRIMARIA", "FASE_VS": "NINGUNO", "OTROS": "NO APLICABLE" }, "geometry": { "type": "Polygon", "coordinates": [ [ [ -103.466691, 20.2527191 ], [ -103.4664284, 20.2530929 ], [ -103.4662219, 20.2531825 ], [ -103.4660267, 20.2535279 ], [ -103.4655302, 20.2536763 ], [ -103.4653858, 20.2538347 ], [ -103.4651874, 20.2539664 ], [ -103.4650167, 20.2541777 ], [ -103.4648447, 20.2544429 ], [ -103.464672, 20.2547342 ], [ -103.4645942, 20.2548222 ], [ -103.4644138, 20.2550252 ], [ -103.4641295, 20.2552517 ], [ -103.4640778, 20.2552964 ], [ -103.4640116, 20.2553509 ], [ -103.4638398, 20.2554549 ], [ -103.4636225, 20.2554716 ], [ -103.4635017, 20.2549256 ], [ -103.4637827, 20.2541988 ], [ -103.4641356, 20.253286 ], [ -103.4652039, 20.2523102 ], [ -103.4667083, 20.2526742 ], [ -103.466691, 20.2527191 ] ] ] } },
{ "type": "Feature", "properties": { "OBJECTID": 11375, "CVE_V": "BQ", "TIP_INFO": "ECOLÓGICA-FLORÍSTICA-FISONÓMICA", "TIP_ECOV": "BOSQUE DE ENCINO", "TIP_VEG": "BOSQUE DE ENCINO", "DESVEG": "PRIMARIA", "FASE_VS": "NINGUNO", "OTROS": "NO APLICABLE" }, "geometry": { "type": "Polygon", "coordinates": [ [ [ -103.4902042, 20.2921614 ], [ -103.4910729, 20.2923285 ], [ -103.4917366, 20.2925487 ], [ -103.4933131, 20.2930008 ], [ -103.4948918, 20.2932233 ], [ -103.4958908, 20.2931648 ], [ -103.4972545, 20.2924565 ], [ -103.4984303, 20.2924851 ], [ -103.4997873, 20.2929053 ], [ -103.4998269, 20.2929843 ], [ -103.4994694, 20.2930493 ], [ -103.4976603, 20.2936904 ], [ -103.4971795, 20.2950968 ], [ -103.4971859, 20.2957197 ], [ -103.4973589, 20.2964967 ], [ -103.4983558, 20.2971095 ], [ -103.4995113, 20.297098 ], [ -103.5003198, 20.2970899 ], [ -103.5006673, 20.2972891 ], [ -103.5007731, 20.2973776 ], [ -103.5010066, 20.2980173 ], [ -103.5013416, 20.2984809 ], [ -103.5018005, 20.2991161 ], [ -103.501467, 20.2996254 ], [ -103.5003427, 20.299968 ], [ -103.4999118, 20.2999247 ], [ -103.4988694, 20.2998199 ], [ -103.4966811, 20.298645 ], [ -103.4949698, 20.2989826 ], [ -103.4941835, 20.2989938 ], [ -103.493259, 20.2986605 ], [ -103.4888774, 20.2972407 ], [ -103.4896654, 20.2962088 ], [ -103.4903299, 20.296043 ], [ -103.4934089, 20.2958796 ], [ -103.4934244, 20.2948044 ], [ -103.4927592, 20.2939491 ], [ -103.490135, 20.2926977 ], [ -103.4895895, 20.2920697 ], [ -103.4902042, 20.2921614 ] ] ] } },
{ "type": "Feature", "properties": { "OBJECTID": 11406, "CVE_V": "BQ", "TIP_INFO": "ECOLÓGICA-FLORÍSTICA-FISONÓMICA", "TIP_ECOV": "BOSQUE DE ENCINO", "TIP_VEG": "BOSQUE DE ENCINO", "DESVEG": "PRIMARIA", "FASE_VS": "NINGUNO", "OTROS": "NO APLICABLE" }, "geometry": { "type": "Polygon", "coordinates": [ [ [ -103.2863198, 20.3327435 ], [ -103.288544, 20.3317675 ], [ -103.2891924, 20.3314071 ], [ -103.2895145, 20.3307106 ], [ -103.2895851, 20.3297448 ], [ -103.289579, 20.3285971 ], [ -103.2900831, 20.3283327 ], [ -103.2903415, 20.3273975 ], [ -103.2904467, 20.3273468 ], [ -103.2911932, 20.3275419 ], [ -103.2936423, 20.3278005 ], [ -103.2942293, 20.3276074 ], [ -103.2954797, 20.3276647 ], [ -103.2966852, 20.3275593 ], [ -103.2987607, 20.3276968 ], [ -103.301317, 20.3266016 ], [ -103.3021941, 20.3260953 ], [ -103.3025284, 20.3256175 ], [ -103.3046652, 20.3244209 ], [ -103.3054655, 20.3246815 ], [ -103.3062276, 20.3244726 ], [ -103.3071218, 20.3237672 ], [ -103.3088362, 20.3214894 ], [ -103.3098121, 20.3205957 ], [ -103.3119163, 20.3189357 ], [ -103.313265, 20.3181272 ], [ -103.3186443, 20.3155411 ], [ -103.3196903, 20.3152078 ], [ -103.3232248, 20.3132547 ], [ -103.3258021, 20.3113014 ], [ -103.3262994, 20.3110533 ], [ -103.3276725, 20.3099192 ], [ -103.3295269, 20.3081029 ], [ -103.3319225, 20.3070782 ], [ -103.3336758, 20.306966 ], [ -103.334799, 20.3068053 ], [ -103.3356077, 20.3069303 ], [ -103.3368054, 20.3065259 ], [ -103.3405955, 20.3065533 ], [ -103.3426266, 20.3063468 ], [ -103.343847, 20.3063134 ], [ -103.3446636, 20.3067545 ], [ -103.346098, 20.3064789 ], [ -103.3481505, 20.3067243 ], [ -103.3494611, 20.3072789 ], [ -103.3506216, 20.3074704 ], [ -103.3520274, 20.3071587 ], [ -103.3539497, 20.307294 ], [ -103.3541704, 20.3072394 ], [ -103.3544775, 20.3071635 ], [ -103.357011, 20.3068167 ], [ -103.3591806, 20.3061052 ], [ -103.3602275, 20.3051578 ], [ -103.3625937, 20.3046468 ], [ -103.3634116, 20.3046723 ], [ -103.3637206, 20.3045488 ], [ -103.3643195, 20.3043105 ], [ -103.3656928, 20.304603 ], [ -103.3671297, 20.304237 ], [ -103.372097, 20.3044976 ], [ -103.373753, 20.304703 ], [ -103.3749146, 20.3045145 ], [ -103.3767905, 20.3041166 ], [ -103.377973, 20.3045882 ], [ -103.3793258, 20.3050253 ], [ -103.3803781, 20.3059475 ], [ -103.381147, 20.3073728 ], [ -103.3815376, 20.3084603 ], [ -103.3780644, 20.3089975 ], [ -103.3772851, 20.3094603 ], [ -103.3766669, 20.3094273 ], [ -103.3746135, 20.3091643 ], [ -103.3724166, 20.3084939 ], [ -103.3713405, 20.3086102 ], [ -103.3706057, 20.3089648 ], [ -103.3702613, 20.3094225 ], [ -103.3683382, 20.3102538 ], [ -103.367231, 20.3101465 ], [ -103.3659429, 20.3097279 ], [ -103.3644614, 20.3099759 ], [ -103.362849, 20.3106201 ], [ -103.3606872, 20.3121539 ], [ -103.3588327, 20.3125973 ], [ -103.3575363, 20.3130459 ], [ -103.3557024, 20.3140676 ], [ -103.3528282, 20.3162534 ], [ -103.3507252, 20.3171752 ], [ -103.3504687, 20.3172876 ], [ -103.3499975, 20.3177531 ], [ -103.3498296, 20.3175505 ], [ -103.3495547, 20.3172157 ], [ -103.3496142, 20.3166655 ], [ -103.3492099, 20.3156501 ], [ -103.3470058, 20.3156287 ], [ -103.3456632, 20.3162056 ], [ -103.3419013, 20.3181097 ], [ -103.341329, 20.3180864 ], [ -103.340687, 20.3178093 ], [ -103.3397647, 20.317873 ], [ -103.3386502, 20.317456 ], [ -103.3375756, 20.3174275 ], [ -103.3368042, 20.3171855 ], [ -103.3363007, 20.3168192 ], [ -103.334158, 20.3179098 ], [ -103.331496, 20.3189051 ], [ -103.3309551, 20.3188639 ], [ -103.3301754, 20.3192085 ], [ -103.3292307, 20.3198408 ], [ -103.328644, 20.3207028 ], [ -103.3285147, 20.3212072 ], [ -103.327145, 20.3238948 ], [ -103.3240198, 20.3253576 ], [ -103.3200481, 20.3258252 ], [ -103.3190116, 20.3263301 ], [ -103.3158933, 20.3283687 ], [ -103.3147243, 20.3288293 ], [ -103.3138347, 20.3291798 ], [ -103.3131863, 20.3291555 ], [ -103.3118059, 20.3294855 ], [ -103.3112941, 20.3294352 ], [ -103.3099294, 20.3299099 ], [ -103.3073888, 20.3314481 ], [ -103.306649, 20.3324524 ], [ -103.3065717, 20.3329037 ], [ -103.3067098, 20.3332664 ], [ -103.3030019, 20.3340973 ], [ -103.3018034, 20.3341869 ], [ -103.3005449, 20.334281 ], [ -103.2983488, 20.3338622 ], [ -103.2958247, 20.3335759 ], [ -103.2938391, 20.3335384 ], [ -103.2924902, 20.3334893 ], [ -103.2912155, 20.333648 ], [ -103.2879431, 20.3347906 ], [ -103.2871257, 20.3348183 ], [ -103.2863198, 20.3327435 ] ] ] } },
{ "type": "Feature", "properties": { "OBJECTID": 11408, "CVE_V": "BQ", "TIP_INFO": "ECOLÓGICA-FLORÍSTICA-FISONÓMICA", "TIP_ECOV": "BOSQUE DE ENCINO", "TIP_VEG": "BOSQUE DE ENCINO", "DESVEG": "PRIMARIA", "FASE_VS": "NINGUNO", "OTROS": "NO APLICABLE" }, "geometry": { "type": "Polygon", "coordinates": [ [ [ -103.2929553, 20.353381 ], [ -103.2928728, 20.3525935 ], [ -103.2924455, 20.352186 ], [ -103.2913333, 20.351386 ], [ -103.2902359, 20.3497973 ], [ -103.2897746, 20.348601 ], [ -103.2892206, 20.3452311 ], [ -103.2892262, 20.3439253 ], [ -103.2899864, 20.3428959 ], [ -103.2894685, 20.3417146 ], [ -103.2893978, 20.3412755 ], [ -103.2910796, 20.3420747 ], [ -103.2927426, 20.3437982 ], [ -103.2934052, 20.3442109 ], [ -103.2943603, 20.344302 ], [ -103.2976933, 20.3436926 ], [ -103.2993026, 20.3430674 ], [ -103.3005857, 20.3430258 ], [ -103.3020583, 20.3434281 ], [ -103.3056886, 20.3454872 ], [ -103.3068315, 20.3456066 ], [ -103.3078314, 20.3453543 ], [ -103.3093111, 20.3442574 ], [ -103.3102892, 20.3437428 ], [ -103.3116934, 20.3437834 ], [ -103.3126243, 20.3445876 ], [ -103.3139811, 20.3461906 ], [ -103.3148522, 20.3470207 ], [ -103.3157526, 20.3476596 ], [ -103.3169952, 20.3478886 ], [ -103.3174989, 20.347776 ], [ -103.3196506, 20.3480583 ], [ -103.3209693, 20.3479579 ], [ -103.321123, 20.3479464 ], [ -103.3223954, 20.3475341 ], [ -103.3230978, 20.3475767 ], [ -103.3240599, 20.3481283 ], [ -103.3251885, 20.3482562 ], [ -103.3253962, 20.3488455 ], [ -103.3258137, 20.3497527 ], [ -103.3258999, 20.3509371 ], [ -103.3252346, 20.3522221 ], [ -103.3246535, 20.3522889 ], [ -103.3233278, 20.3529086 ], [ -103.3226091, 20.3529108 ], [ -103.3199019, 20.3518819 ], [ -103.314364, 20.3507061 ], [ -103.3135472, 20.3507568 ], [ -103.3132919, 20.3507103 ], [ -103.3127693, 20.3506139 ], [ -103.3118239, 20.3500451 ], [ -103.3102968, 20.349479 ], [ -103.3088312, 20.3495551 ], [ -103.3066281, 20.351178 ], [ -103.3055363, 20.3526213 ], [ -103.3048585, 20.3533735 ], [ -103.3036364, 20.3557735 ], [ -103.3033478, 20.3562589 ], [ -103.302501, 20.3569457 ], [ -103.3016754, 20.3570825 ], [ -103.3008133, 20.3569318 ], [ -103.2994412, 20.3567355 ], [ -103.2964052, 20.3542489 ], [ -103.2956036, 20.3541418 ], [ -103.2941993, 20.354092 ], [ -103.2938079, 20.3540096 ], [ -103.2929553, 20.353381 ] ] ] } },
{ "type": "Feature", "properties": { "OBJECTID": 11422, "CVE_V": "BQ", "TIP_INFO": "ECOLÓGICA-FLORÍSTICA-FISONÓMICA", "TIP_ECOV": "BOSQUE DE ENCINO", "TIP_VEG": "BOSQUE DE ENCINO", "DESVEG": "PRIMARIA", "FASE_VS": "NINGUNO", "OTROS": "NO APLICABLE" }, "geometry": { "type": "MultiPolygon", "coordinates": [ [ [ [ -103.5470308, 20.3732251 ], [ -103.5470096, 20.3732404 ], [ -103.5471276, 20.3730997 ], [ -103.5470308, 20.3732251 ] ] ], [ [ [ -103.5457152, 20.3770174 ], [ -103.545891, 20.3772514 ], [ -103.5458455, 20.3783152 ], [ -103.546089, 20.3785837 ], [ -103.5465793, 20.3789868 ], [ -103.5467535, 20.3792543 ], [ -103.54668, 20.3795531 ], [ -103.5464326, 20.3797836 ], [ -103.5463108, 20.380027 ], [ -103.5457121, 20.3782913 ], [ -103.5455662, 20.376891 ], [ -103.5456173, 20.3765672 ], [ -103.5457152, 20.3770174 ] ] ] ] } },
{ "type": "Feature", "properties": { "OBJECTID": 11430, "CVE_V": "BQ", "TIP_INFO": "ECOLÓGICA-FLORÍSTICA-FISONÓMICA", "TIP_ECOV": "BOSQUE DE ENCINO", "TIP_VEG": "BOSQUE DE ENCINO", "DESVEG": "PRIMARIA", "FASE_VS": "NINGUNO", "OTROS": "NO APLICABLE" }, "geometry": { "type": "MultiPolygon", "coordinates": [ [ [ [ -103.4483955, 20.3736381 ], [ -103.447351, 20.3733098 ], [ -103.4429997, 20.3723038 ], [ -103.4428425, 20.3721536 ], [ -103.4404339, 20.3691737 ], [ -103.4418145, 20.3699718 ], [ -103.4440514, 20.3706692 ], [ -103.4464236, 20.3711958 ], [ -103.4485307, 20.3728478 ], [ -103.4492316, 20.3738186 ], [ -103.4483955, 20.3736381 ] ] ], [ [ [ -103.4168958, 20.3602965 ], [ -103.4157863, 20.3611457 ], [ -103.4153651, 20.3613207 ], [ -103.4148379, 20.3610298 ], [ -103.4139653, 20.3609858 ], [ -103.4128282, 20.3607606 ], [ -103.4125562, 20.3607106 ], [ -103.412874, 20.3606803 ], [ -103.4134521, 20.3605231 ], [ -103.4147964, 20.3597494 ], [ -103.4166361, 20.3596937 ], [ -103.4173626, 20.3600397 ], [ -103.4168958, 20.3602965 ] ] ], [ [ [ -103.4084851, 20.3620098 ], [ -103.4077975, 20.3624691 ], [ -103.4054565, 20.3619292 ], [ -103.4070582, 20.3610423 ], [ -103.4092376, 20.3610623 ], [ -103.4084851, 20.3620098 ] ] ] ] } },
{ "type": "Feature", "properties": { "OBJECTID": 20061, "CVE_V": "H2O", "TIP_INFO": "COMPLEMENTARIA", "TIP_ECOV": "NO APLICABLE", "TIP_VEG": "NO APLICABLE", "DESVEG": "NO APLICABLE", "FASE_VS": "NO APLICABLE", "OTROS": "CUERPO  DE AGUA" }, "geometry": { "type": "MultiPolygon", "coordinates": [ [ [ [ -103.3895917, 20.1842925 ], [ -103.3891245, 20.1843066 ], [ -103.3883946, 20.1840662 ], [ -103.3883033, 20.1842993 ], [ -103.388099, 20.1842763 ], [ -103.3879455, 20.1840516 ], [ -103.3877417, 20.1840818 ], [ -103.3876591, 20.1844526 ], [ -103.3875156, 20.1842725 ], [ -103.3872237, 20.1839068 ], [ -103.3869033, 20.1833748 ], [ -103.3895917, 20.1842925 ] ] ], [ [ [ -103.3905543, 20.1846211 ], [ -103.3913315, 20.1839671 ], [ -103.3918269, 20.1842048 ], [ -103.3915494, 20.18454 ], [ -103.3907051, 20.1848497 ], [ -103.3900811, 20.1844596 ], [ -103.3905543, 20.1846211 ] ] ] ] } },
{ "type": "Feature", "properties": { "OBJECTID": 20069, "CVE_V": "H2O", "TIP_INFO": "COMPLEMENTARIA", "TIP_ECOV": "NO APLICABLE", "TIP_VEG": "NO APLICABLE", "DESVEG": "NO APLICABLE", "FASE_VS": "NO APLICABLE", "OTROS": "CUERPO  DE AGUA" }, "geometry": { "type": "Polygon", "coordinates": [ [ [ -103.4175969, 20.1896091 ], [ -103.4187229, 20.1902568 ], [ -103.4188492, 20.1904028 ], [ -103.4188126, 20.1906399 ], [ -103.4192348, 20.1910035 ], [ -103.4196398, 20.1911845 ], [ -103.4197876, 20.191331 ], [ -103.4197372, 20.1913846 ], [ -103.4187759, 20.1914241 ], [ -103.4168914, 20.191038 ], [ -103.4168343, 20.1909403 ], [ -103.4168189, 20.1909448 ], [ -103.4164009, 20.1909204 ], [ -103.4163366, 20.1906395 ], [ -103.4163227, 20.190634 ], [ -103.4160905, 20.1906297 ], [ -103.4161977, 20.1901228 ], [ -103.4162049, 20.1900886 ], [ -103.4163078, 20.1895963 ], [ -103.4165623, 20.1896377 ], [ -103.4167157, 20.1892822 ], [ -103.4172797, 20.1894856 ], [ -103.4175398, 20.1895769 ], [ -103.4175969, 20.1896091 ] ] ] } },
{ "type": "Feature", "properties": { "OBJECTID": 20231, "CVE_V": "H2O", "TIP_INFO": "COMPLEMENTARIA", "TIP_ECOV": "NO APLICABLE", "TIP_VEG": "NO APLICABLE", "DESVEG": "NO APLICABLE", "FASE_VS": "NO APLICABLE", "OTROS": "CUERPO  DE AGUA" }, "geometry": { "type": "MultiPolygon", "coordinates": [ [ [ [ -103.2995915, 20.2884419 ], [ -103.2991399, 20.2878449 ], [ -103.2992076, 20.2873904 ], [ -103.299116, 20.2870556 ], [ -103.2994387, 20.2869373 ], [ -103.2997621, 20.2867889 ], [ -103.3000208, 20.2867 ], [ -103.30028, 20.2866722 ], [ -103.3006025, 20.2865233 ], [ -103.3009264, 20.2864354 ], [ -103.3012148, 20.2864381 ], [ -103.3018929, 20.2862928 ], [ -103.3021835, 20.2862354 ], [ -103.3025055, 20.2862383 ], [ -103.3028278, 20.2862718 ], [ -103.3031162, 20.2862745 ], [ -103.3034065, 20.2862776 ], [ -103.303664, 20.2862799 ], [ -103.3040171, 20.2863137 ], [ -103.3043391, 20.2863167 ], [ -103.3046614, 20.2863502 ], [ -103.3049854, 20.2862623 ], [ -103.305242, 20.2862647 ], [ -103.3055971, 20.2862078 ], [ -103.3057919, 20.286179 ], [ -103.3060175, 20.2861509 ], [ -103.3064353, 20.2861247 ], [ -103.3069514, 20.2861293 ], [ -103.3072731, 20.2861021 ], [ -103.307531, 20.2861351 ], [ -103.3078199, 20.2861989 ], [ -103.3079791, 20.286261 ], [ -103.3083661, 20.2863251 ], [ -103.3084945, 20.2863875 ], [ -103.3088796, 20.2864516 ], [ -103.3091359, 20.2864239 ], [ -103.3095243, 20.2863367 ], [ -103.3097502, 20.2863387 ], [ -103.3099414, 20.2864317 ], [ -103.3101348, 20.2865547 ], [ -103.3105199, 20.2866194 ], [ -103.310616, 20.2866203 ], [ -103.3108085, 20.2866527 ], [ -103.3110657, 20.2867156 ], [ -103.3113877, 20.286719 ], [ -103.3117111, 20.2865701 ], [ -103.3119706, 20.2865729 ], [ -103.3124367, 20.2865683 ], [ -103.3127923, 20.2865714 ], [ -103.3129826, 20.2866645 ], [ -103.3130813, 20.2866347 ], [ -103.3132412, 20.2865755 ], [ -103.3133693, 20.2866073 ], [ -103.3135305, 20.2866693 ], [ -103.3137883, 20.2867023 ], [ -103.3139475, 20.2867649 ], [ -103.314075, 20.2868268 ], [ -103.3143665, 20.28686 ], [ -103.3146235, 20.2868929 ], [ -103.314816, 20.2869252 ], [ -103.3149444, 20.286987 ], [ -103.3151703, 20.2869891 ], [ -103.3152978, 20.2870508 ], [ -103.3155551, 20.2870231 ], [ -103.3157156, 20.2870245 ], [ -103.3158773, 20.2870566 ], [ -103.3160379, 20.287058 ], [ -103.3162961, 20.2871215 ], [ -103.3165193, 20.2871536 ], [ -103.3166814, 20.2872163 ], [ -103.3172601, 20.2872214 ], [ -103.3174215, 20.2872235 ], [ -103.3176785, 20.2872563 ], [ -103.3181617, 20.2872307 ], [ -103.3183558, 20.2872323 ], [ -103.3203313, 20.2875699 ], [ -103.3198986, 20.287912 ], [ -103.3173882, 20.2877705 ], [ -103.3162983, 20.288329 ], [ -103.3148706, 20.2883785 ], [ -103.3139092, 20.2884144 ], [ -103.313451, 20.2883643 ], [ -103.3105596, 20.2880479 ], [ -103.3080499, 20.287906 ], [ -103.3067598, 20.2880879 ], [ -103.3057679, 20.2882277 ], [ -103.3011072, 20.2879587 ], [ -103.2995821, 20.2884695 ], [ -103.2995915, 20.2884419 ] ] ], [ [ [ -103.3216366, 20.2867535 ], [ -103.3219539, 20.2866851 ], [ -103.3213078, 20.2869832 ], [ -103.3216366, 20.2867535 ] ] ], [ [ [ -103.3238215, 20.2856518 ], [ -103.3238575, 20.2861909 ], [ -103.323069, 20.2862343 ], [ -103.3238215, 20.2856518 ] ] ], [ [ [ -103.3324863, 20.2839289 ], [ -103.3331061, 20.283721 ], [ -103.3340555, 20.2835299 ], [ -103.3342986, 20.2833638 ], [ -103.3345974, 20.2831555 ], [ -103.3350887, 20.2829041 ], [ -103.3354586, 20.2830621 ], [ -103.3350344, 20.2829709 ], [ -103.3338263, 20.2837542 ], [ -103.3326484, 20.2839964 ], [ -103.3322712, 20.284074 ], [ -103.3321325, 20.2840373 ], [ -103.3324863, 20.2839289 ] ] ], [ [ [ -103.337444, 20.2830604 ], [ -103.3380688, 20.2830665 ], [ -103.3390846, 20.2832672 ], [ -103.3395255, 20.2834106 ], [ -103.3397708, 20.2834533 ], [ -103.3400939, 20.2835199 ], [ -103.3403347, 20.2835984 ], [ -103.3405856, 20.2837136 ], [ -103.3407733, 20.2839098 ], [ -103.3409026, 20.2842045 ], [ -103.3415497, 20.2846869 ], [ -103.342117, 20.2851734 ], [ -103.342842, 20.2857291 ], [ -103.3415219, 20.2851732 ], [ -103.3414591, 20.2851211 ], [ -103.3410913, 20.2847898 ], [ -103.3407405, 20.2848334 ], [ -103.3390643, 20.284057 ], [ -103.3387444, 20.2839092 ], [ -103.337149, 20.283456 ], [ -103.337444, 20.2830604 ] ] ], [ [ [ -103.3437301, 20.2862345 ], [ -103.3443176, 20.2863499 ], [ -103.3447184, 20.2867371 ], [ -103.3452497, 20.2872414 ], [ -103.3454188, 20.2875039 ], [ -103.3450392, 20.2873544 ], [ -103.3434259, 20.2861461 ], [ -103.3437301, 20.2862345 ] ] ], [ [ [ -103.3521692, 20.2889938 ], [ -103.352465, 20.2891265 ], [ -103.3520299, 20.2890198 ], [ -103.3521692, 20.2889938 ] ] ], [ [ [ -103.358267, 20.2890328 ], [ -103.35861, 20.2890607 ], [ -103.3613226, 20.2892812 ], [ -103.3622507, 20.2893548 ], [ -103.3633843, 20.2895275 ], [ -103.3642763, 20.2897628 ], [ -103.3650318, 20.2898996 ], [ -103.36682, 20.2899812 ], [ -103.367983, 20.289919 ], [ -103.3681537, 20.2899769 ], [ -103.3683168, 20.2899465 ], [ -103.36835, 20.2898986 ], [ -103.3684631, 20.2898755 ], [ -103.3685903, 20.2899004 ], [ -103.3688112, 20.2898865 ], [ -103.3688635, 20.2898305 ], [ -103.3689735, 20.2897836 ], [ -103.3691875, 20.2897454 ], [ -103.3692557, 20.2896484 ], [ -103.3693738, 20.2896337 ], [ -103.3696385, 20.2896835 ], [ -103.3697895, 20.289685 ], [ -103.3700898, 20.2896403 ], [ -103.3702911, 20.2895791 ], [ -103.3703582, 20.2895643 ], [ -103.3704928, 20.2895653 ], [ -103.370557, 20.28955 ], [ -103.3707089, 20.2895514 ], [ -103.3708433, 20.2895372 ], [ -103.3709745, 20.289489 ], [ -103.3711407, 20.2894802 ], [ -103.3711858, 20.2894752 ], [ -103.3713039, 20.2894707 ], [ -103.3713587, 20.2894714 ], [ -103.3713971, 20.2894665 ], [ -103.3714867, 20.2894832 ], [ -103.3716261, 20.2894842 ], [ -103.37182, 20.2894706 ], [ -103.3719282, 20.2894293 ], [ -103.3719828, 20.2894091 ], [ -103.3720722, 20.2894099 ], [ -103.3722838, 20.2894222 ], [ -103.3725249, 20.2893118 ], [ -103.3725905, 20.2893429 ], [ -103.372677, 20.2893439 ], [ -103.372708, 20.2893645 ], [ -103.3727948, 20.2893966 ], [ -103.3728938, 20.2893974 ], [ -103.3730354, 20.2894296 ], [ -103.3731107, 20.2894607 ], [ -103.3731655, 20.2894612 ], [ -103.3733173, 20.2894525 ], [ -103.3734057, 20.2894535 ], [ -103.3734611, 20.2894229 ], [ -103.3735475, 20.2894136 ], [ -103.3736552, 20.2894144 ], [ -103.3736988, 20.2894457 ], [ -103.3738288, 20.2894779 ], [ -103.373906, 20.2894993 ], [ -103.3741221, 20.2894906 ], [ -103.3742753, 20.2894308 ], [ -103.374321, 20.2893902 ], [ -103.3744191, 20.2894012 ], [ -103.3745153, 20.2894021 ], [ -103.3745943, 20.2893311 ], [ -103.3746471, 20.2893209 ], [ -103.3748327, 20.2894258 ], [ -103.3749288, 20.2894266 ], [ -103.3749646, 20.2893549 ], [ -103.3750508, 20.2893247 ], [ -103.3751486, 20.289305 ], [ -103.3753006, 20.2893167 ], [ -103.3754213, 20.2893695 ], [ -103.3755508, 20.2893502 ], [ -103.375759, 20.2893109 ], [ -103.3759013, 20.2893226 ], [ -103.3760961, 20.289386 ], [ -103.3759195, 20.2918683 ], [ -103.3758829, 20.2923534 ], [ -103.3750386, 20.2923768 ], [ -103.373375, 20.2913496 ], [ -103.3701393, 20.2909761 ], [ -103.3682317, 20.2908502 ], [ -103.3670342, 20.2908391 ], [ -103.3650061, 20.2904772 ], [ -103.3634475, 20.2903541 ], [ -103.3623717, 20.2904524 ], [ -103.3604644, 20.2897571 ], [ -103.3585563, 20.2894051 ], [ -103.3574885, 20.2893204 ], [ -103.358267, 20.2890328 ] ] ], [ [ [ -103.3810736, 20.2915537 ], [ -103.3810738, 20.2915536 ], [ -103.3810742, 20.2915534 ], [ -103.3810742, 20.2915534 ], [ -103.381179, 20.291358 ], [ -103.381179, 20.2913579 ], [ -103.3811927, 20.2913324 ], [ -103.381493, 20.2913845 ], [ -103.3810611, 20.2915599 ], [ -103.3810736, 20.2915537 ] ] ], [ [ [ -103.3819313, 20.2911118 ], [ -103.3819567, 20.2911962 ], [ -103.3816019, 20.2913402 ], [ -103.3819313, 20.2911118 ] ] ], [ [ [ -103.3866322, 20.2902201 ], [ -103.3866322, 20.2902199 ], [ -103.3867272, 20.2900971 ], [ -103.3867277, 20.2900965 ], [ -103.3867281, 20.2900959 ], [ -103.3867282, 20.2900959 ], [ -103.3867282, 20.2900958 ], [ -103.3868619, 20.2899232 ], [ -103.3870234, 20.289611 ], [ -103.3870237, 20.2896105 ], [ -103.3872795, 20.2894575 ], [ -103.3875324, 20.2896399 ], [ -103.3879064, 20.2896942 ], [ -103.3882548, 20.2896391 ], [ -103.3886071, 20.2894425 ], [ -103.3887559, 20.2894578 ], [ -103.3888447, 20.2895155 ], [ -103.3889058, 20.2897304 ], [ -103.3891418, 20.2898638 ], [ -103.3893965, 20.2898888 ], [ -103.388708, 20.2900344 ], [ -103.3869087, 20.29024 ], [ -103.3865739, 20.2903837 ], [ -103.3866322, 20.2902201 ] ] ], [ [ [ -103.390327, 20.2896422 ], [ -103.3904425, 20.2896676 ], [ -103.3901897, 20.2897211 ], [ -103.390327, 20.2896422 ] ] ], [ [ [ -103.3931731, 20.2874319 ], [ -103.3935114, 20.2872534 ], [ -103.3936156, 20.2872421 ], [ -103.3941285, 20.2871157 ], [ -103.3944925, 20.287169 ], [ -103.3948276, 20.2871078 ], [ -103.3948276, 20.2871078 ], [ -103.3948276, 20.2871077 ], [ -103.3948409, 20.2870998 ], [ -103.3950876, 20.2869524 ], [ -103.3957934, 20.2868678 ], [ -103.3960253, 20.2867652 ], [ -103.3963101, 20.2868184 ], [ -103.3962891, 20.2869951 ], [ -103.3964444, 20.2870585 ], [ -103.3968645, 20.2870662 ], [ -103.3975492, 20.2871984 ], [ -103.397548, 20.2872952 ], [ -103.3977255, 20.2873031 ], [ -103.3978333, 20.2873535 ], [ -103.3982533, 20.287337 ], [ -103.3985265, 20.2873549 ], [ -103.3986739, 20.2873818 ], [ -103.3990278, 20.2873452 ], [ -103.3991779, 20.2873087 ], [ -103.3991785, 20.2873086 ], [ -103.3992431, 20.2871236 ], [ -103.3992433, 20.2871232 ], [ -103.3992434, 20.2871229 ], [ -103.3994128, 20.2870692 ], [ -103.3995978, 20.2870708 ], [ -103.3998448, 20.2871359 ], [ -103.3998533, 20.2871382 ], [ -103.3998794, 20.2871451 ], [ -103.3999739, 20.2871679 ], [ -103.4000655, 20.28719 ], [ -103.4001769, 20.2871582 ], [ -103.4001769, 20.2871582 ], [ -103.400213, 20.2871334 ], [ -103.4002564, 20.2871035 ], [ -103.40028, 20.2870872 ], [ -103.4003317, 20.2870515 ], [ -103.4003507, 20.2870643 ], [ -103.4003591, 20.2870699 ], [ -103.4003827, 20.2870858 ], [ -103.4004846, 20.2871541 ], [ -103.4005629, 20.2870489 ], [ -103.4005633, 20.2870484 ], [ -103.4007091, 20.2869193 ], [ -103.400756, 20.2869273 ], [ -103.4007804, 20.2869314 ], [ -103.4008982, 20.2869514 ], [ -103.401055, 20.2869779 ], [ -103.4012328, 20.2870792 ], [ -103.4013759, 20.2872991 ], [ -103.4015963, 20.2873221 ], [ -103.4019435, 20.2871535 ], [ -103.401946, 20.2871523 ], [ -103.4024289, 20.2869039 ], [ -103.4026767, 20.286926 ], [ -103.4028101, 20.2870546 ], [ -103.4036494, 20.2871828 ], [ -103.4043702, 20.2870693 ], [ -103.4053469, 20.2877433 ], [ -103.4056795, 20.2879567 ], [ -103.4059766, 20.2880279 ], [ -103.4064419, 20.2879801 ], [ -103.4068302, 20.2881488 ], [ -103.4074121, 20.2882198 ], [ -103.4078932, 20.2878146 ], [ -103.4081527, 20.2876547 ], [ -103.4085455, 20.2877545 ], [ -103.4088238, 20.2879328 ], [ -103.4090896, 20.2880462 ], [ -103.4091722, 20.2880942 ], [ -103.4078728, 20.2884102 ], [ -103.4059575, 20.2882846 ], [ -103.40357, 20.288037 ], [ -103.3996181, 20.2877755 ], [ -103.3956729, 20.2873959 ], [ -103.3943547, 20.2874924 ], [ -103.3930469, 20.287579 ], [ -103.3931731, 20.2874319 ] ] ], [ [ [ -103.4178085, 20.2698952 ], [ -103.4179619, 20.2694815 ], [ -103.4178836, 20.2699038 ], [ -103.4178085, 20.2698952 ] ] ], [ [ [ -103.4194866, 20.2597282 ], [ -103.4186643, 20.2590386 ], [ -103.4191823, 20.2586649 ], [ -103.4191768, 20.2590434 ], [ -103.4195286, 20.2596066 ], [ -103.41944, 20.2601142 ], [ -103.4194866, 20.2597282 ] ] ], [ [ [ -103.4161272, 20.2322224 ], [ -103.4156489, 20.2320751 ], [ -103.4152422, 20.231613 ], [ -103.414597, 20.2310581 ], [ -103.4145378, 20.2310071 ], [ -103.4144961, 20.230965 ], [ -103.414301, 20.2307675 ], [ -103.4164614, 20.2320304 ], [ -103.4167495, 20.2324141 ], [ -103.4161272, 20.2322224 ] ] ], [ [ [ -103.3777989, 20.2261623 ], [ -103.377797, 20.2261637 ], [ -103.3777678, 20.2261849 ], [ -103.3776294, 20.2262561 ], [ -103.3776266, 20.2262575 ], [ -103.3770327, 20.2265631 ], [ -103.3765367, 20.2267998 ], [ -103.3765345, 20.2267999 ], [ -103.3765343, 20.2267999 ], [ -103.3754713, 20.2268489 ], [ -103.3753419, 20.2268698 ], [ -103.3753371, 20.2268706 ], [ -103.3745131, 20.2270039 ], [ -103.3743329, 20.227052 ], [ -103.3743316, 20.2270524 ], [ -103.3742431, 20.227076 ], [ -103.3742412, 20.2270784 ], [ -103.3742412, 20.2270784 ], [ -103.374094, 20.2272641 ], [ -103.3740916, 20.2272671 ], [ -103.374067, 20.2272981 ], [ -103.3732543, 20.2274281 ], [ -103.3730327, 20.2274811 ], [ -103.3728118, 20.2274247 ], [ -103.3728094, 20.2274241 ], [ -103.3728094, 20.227424 ], [ -103.3728093, 20.227424 ], [ -103.3726436, 20.2273817 ], [ -103.3719233, 20.2274154 ], [ -103.3702409, 20.2273808 ], [ -103.3702399, 20.2273807 ], [ -103.3702294, 20.2273791 ], [ -103.3701645, 20.2273695 ], [ -103.3698083, 20.2273169 ], [ -103.3696523, 20.2273279 ], [ -103.3694689, 20.2273408 ], [ -103.3694039, 20.227305 ], [ -103.3692836, 20.2272389 ], [ -103.3692316, 20.2272563 ], [ -103.3692265, 20.227255 ], [ -103.3692251, 20.2272546 ], [ -103.3690254, 20.2272045 ], [ -103.3684341, 20.2270561 ], [ -103.3679441, 20.2267519 ], [ -103.3681909, 20.2267399 ], [ -103.3708078, 20.2270814 ], [ -103.3718985, 20.2270916 ], [ -103.372338, 20.2270957 ], [ -103.3733259, 20.2271049 ], [ -103.3752475, 20.2265628 ], [ -103.3778431, 20.2261301 ], [ -103.3777989, 20.2261623 ] ] ], [ [ [ -103.3667297, 20.2266173 ], [ -103.3659689, 20.2268195 ], [ -103.3653947, 20.2269722 ], [ -103.3647604, 20.2264182 ], [ -103.3646096, 20.2262793 ], [ -103.3645314, 20.2262093 ], [ -103.3652649, 20.226318 ], [ -103.3663747, 20.2264032 ], [ -103.3668898, 20.2265748 ], [ -103.3667297, 20.2266173 ] ] ], [ [ [ -103.3632437, 20.2259729 ], [ -103.3629453, 20.2260403 ], [ -103.36194, 20.2271385 ], [ -103.3608012, 20.2266153 ], [ -103.3614401, 20.2259528 ], [ -103.3617542, 20.2253717 ], [ -103.3632528, 20.2259709 ], [ -103.3632437, 20.2259729 ] ] ] ] } },
{ "type": "Feature", "properties": { "OBJECTID": 31343, "CVE_V": "IAPF", "TIP_INFO": "AGRÍCOLA-PECUARIA-FORESTAL", "TIP_ECOV": "NO APLICABLE", "TIP_VEG": "NO APLICABLE", "DESVEG": "NO APLICABLE", "FASE_VS": "NO APLICABLE", "OTROS": "NO APLICABLE" }, "geometry": { "type": "MultiPolygon", "coordinates": [ [ [ [ -103.4175398, 20.1895769 ], [ -103.4172797, 20.1894856 ], [ -103.4173075, 20.1894455 ], [ -103.4175398, 20.1895769 ] ] ], [ [ [ -103.42041, 20.1919479 ], [ -103.4207824, 20.1925754 ], [ -103.4210811, 20.1926214 ], [ -103.4220599, 20.1934152 ], [ -103.4220889, 20.1934997 ], [ -103.4222775, 20.1935686 ], [ -103.4229462, 20.1941577 ], [ -103.4233318, 20.1944149 ], [ -103.4234725, 20.1948585 ], [ -103.423675, 20.1951241 ], [ -103.4240789, 20.1961395 ], [ -103.4229866, 20.1960499 ], [ -103.4207906, 20.1954446 ], [ -103.4188225, 20.195221 ], [ -103.4181729, 20.1953789 ], [ -103.4172588, 20.1952108 ], [ -103.4167626, 20.195026 ], [ -103.4147102, 20.1946749 ], [ -103.4128191, 20.1940444 ], [ -103.4113529, 20.1938787 ], [ -103.4097975, 20.1932229 ], [ -103.4094772, 20.1917559 ], [ -103.4104064, 20.1908686 ], [ -103.4122673, 20.189979 ], [ -103.4122675, 20.1890927 ], [ -103.4135128, 20.1887949 ], [ -103.4144495, 20.1899695 ], [ -103.4156938, 20.1902596 ], [ -103.4161977, 20.1901228 ], [ -103.4160905, 20.1906297 ], [ -103.4163227, 20.190634 ], [ -103.4163366, 20.1906395 ], [ -103.4164009, 20.1909204 ], [ -103.4168189, 20.1909448 ], [ -103.4168343, 20.1909403 ], [ -103.4168914, 20.191038 ], [ -103.4187759, 20.1914241 ], [ -103.4197372, 20.1913846 ], [ -103.4197876, 20.191331 ], [ -103.42041, 20.1919479 ] ] ] ] } },
{ "type": "Feature", "properties": { "OBJECTID": 31553, "CVE_V": "IAPF", "TIP_INFO": "AGRÍCOLA-PECUARIA-FORESTAL", "TIP_ECOV": "NO APLICABLE", "TIP_VEG": "NO APLICABLE", "DESVEG": "NO APLICABLE", "FASE_VS": "NO APLICABLE", "OTROS": "NO APLICABLE" }, "geometry": { "type": "MultiPolygon", "coordinates": [ [ [ [ -103.5002394, 20.2938054 ], [ -103.5000679, 20.2939415 ], [ -103.4997504, 20.2939152 ], [ -103.4990443, 20.2941148 ], [ -103.4983329, 20.2945441 ], [ -103.4982324, 20.2948415 ], [ -103.4983793, 20.2955218 ], [ -103.498897, 20.2962717 ], [ -103.499381, 20.2965747 ], [ -103.5000337, 20.2969259 ], [ -103.5003198, 20.2970899 ], [ -103.4995113, 20.297098 ], [ -103.4983558, 20.2971095 ], [ -103.4973589, 20.2964967 ], [ -103.4971859, 20.2957197 ], [ -103.4971795, 20.2950968 ], [ -103.4976603, 20.2936904 ], [ -103.4994694, 20.2930493 ], [ -103.4998269, 20.2929843 ], [ -103.5002394, 20.2938054 ] ] ], [ [ [ -103.5012086, 20.2977418 ], [ -103.5017015, 20.2982385 ], [ -103.502036, 20.2987546 ], [ -103.5020258, 20.2987719 ], [ -103.5018005, 20.2991161 ], [ -103.5013416, 20.2984809 ], [ -103.5010066, 20.2980173 ], [ -103.5007731, 20.2973776 ], [ -103.5012086, 20.2977418 ] ] ] ] } },
{ "type": "Feature", "properties": { "OBJECTID": 31555, "CVE_V": "IAPF", "TIP_INFO": "AGRÍCOLA-PECUARIA-FORESTAL", "TIP_ECOV": "NO APLICABLE", "TIP_VEG": "NO APLICABLE", "DESVEG": "NO APLICABLE", "FASE_VS": "NO APLICABLE", "OTROS": "NO APLICABLE" }, "geometry": { "type": "Polygon", "coordinates": [ [ [ -103.3019902, 20.2980719 ], [ -103.3021675, 20.2977928 ], [ -103.302305, 20.2975882 ], [ -103.3019366, 20.2970327 ], [ -103.3018734, 20.296597 ], [ -103.3019061, 20.2962786 ], [ -103.3021039, 20.2961083 ], [ -103.3022861, 20.2958887 ], [ -103.3023301, 20.2957015 ], [ -103.3022902, 20.2953196 ], [ -103.3022413, 20.2950293 ], [ -103.3021703, 20.2946428 ], [ -103.3020208, 20.2942905 ], [ -103.3019908, 20.2942197 ], [ -103.3019441, 20.2941097 ], [ -103.3019219, 20.2940834 ], [ -103.3018991, 20.2940564 ], [ -103.3017185, 20.2938419 ], [ -103.3016132, 20.293661 ], [ -103.3016132, 20.293661 ], [ -103.3015915, 20.2936237 ], [ -103.3015861, 20.2936115 ], [ -103.3015001, 20.2934147 ], [ -103.3015962, 20.2929703 ], [ -103.3016344, 20.2926069 ], [ -103.3015697, 20.2923354 ], [ -103.3014211, 20.2920788 ], [ -103.3006903, 20.2916601 ], [ -103.3005531, 20.2913875 ], [ -103.3004262, 20.2912081 ], [ -103.3002356, 20.2909535 ], [ -103.3001561, 20.2907185 ], [ -103.3001078, 20.2905149 ], [ -103.2999396, 20.2900598 ], [ -103.2998407, 20.2897694 ], [ -103.2997668, 20.2895756 ], [ -103.2995405, 20.2892357 ], [ -103.2994943, 20.2887283 ], [ -103.2995821, 20.2884695 ], [ -103.3011072, 20.2879587 ], [ -103.3057679, 20.2882277 ], [ -103.3067598, 20.2880879 ], [ -103.3080499, 20.287906 ], [ -103.3105596, 20.2880479 ], [ -103.313451, 20.2883643 ], [ -103.3139092, 20.2884144 ], [ -103.3148706, 20.2883785 ], [ -103.3162983, 20.288329 ], [ -103.3173882, 20.2877705 ], [ -103.3198986, 20.287912 ], [ -103.3203313, 20.2875699 ], [ -103.3204409, 20.2875886 ], [ -103.3213078, 20.2869832 ], [ -103.3219539, 20.2866851 ], [ -103.3226923, 20.286526 ], [ -103.323069, 20.2862343 ], [ -103.3238575, 20.2861909 ], [ -103.323863, 20.2862745 ], [ -103.3245033, 20.2863391 ], [ -103.3250543, 20.2863378 ], [ -103.3251451, 20.2862991 ], [ -103.3251472, 20.2862986 ], [ -103.3252351, 20.286844 ], [ -103.325281, 20.2870209 ], [ -103.3249361, 20.2871392 ], [ -103.3244847, 20.287102 ], [ -103.3243762, 20.2871073 ], [ -103.3243959, 20.2874022 ], [ -103.3244178, 20.28773 ], [ -103.325058, 20.2877945 ], [ -103.3254816, 20.2877934 ], [ -103.3255226, 20.2879512 ], [ -103.3252521, 20.2886063 ], [ -103.3252611, 20.28952 ], [ -103.326031, 20.2904272 ], [ -103.326326, 20.2906417 ], [ -103.3262708, 20.2916999 ], [ -103.3262305, 20.2924132 ], [ -103.3264505, 20.2943795 ], [ -103.3265374, 20.2954347 ], [ -103.3272929, 20.2964756 ], [ -103.3285397, 20.2954535 ], [ -103.3286517, 20.2953616 ], [ -103.3290371, 20.29503 ], [ -103.3293036, 20.2952166 ], [ -103.3294113, 20.295292 ], [ -103.3295443, 20.2951878 ], [ -103.3301727, 20.2946951 ], [ -103.3305705, 20.2951515 ], [ -103.3306542, 20.2952771 ], [ -103.3313465, 20.2963167 ], [ -103.3342285, 20.2961161 ], [ -103.3352397, 20.2952672 ], [ -103.3360422, 20.2952911 ], [ -103.3361466, 20.2950305 ], [ -103.3363717, 20.2943844 ], [ -103.3365277, 20.2938322 ], [ -103.3366246, 20.2936477 ], [ -103.3369362, 20.2934283 ], [ -103.3371164, 20.2931206 ], [ -103.3368404, 20.293019 ], [ -103.3369998, 20.2926195 ], [ -103.3378159, 20.2924783 ], [ -103.3383696, 20.2924734 ], [ -103.339408, 20.2924643 ], [ -103.3403316, 20.2924561 ], [ -103.3403253, 20.2926876 ], [ -103.3400932, 20.2928778 ], [ -103.3399765, 20.2929861 ], [ -103.3398387, 20.293071 ], [ -103.3396682, 20.293371 ], [ -103.3403682, 20.2933489 ], [ -103.3407827, 20.2929937 ], [ -103.3420297, 20.2930197 ], [ -103.3419975, 20.2931917 ], [ -103.3419485, 20.2935072 ], [ -103.3418989, 20.2938803 ], [ -103.3421097, 20.2940833 ], [ -103.3424866, 20.2944028 ], [ -103.3426231, 20.2944472 ], [ -103.3426297, 20.2944504 ], [ -103.3426266, 20.2944509 ], [ -103.3425155, 20.2945789 ], [ -103.3424169, 20.294502 ], [ -103.3407059, 20.2956245 ], [ -103.3395228, 20.2958841 ], [ -103.3389012, 20.2961944 ], [ -103.3368365, 20.2972251 ], [ -103.3358968, 20.2972248 ], [ -103.3350814, 20.2973889 ], [ -103.3314569, 20.2986728 ], [ -103.3293513, 20.2989146 ], [ -103.3273979, 20.3001877 ], [ -103.3264611, 20.3005348 ], [ -103.3263534, 20.3005752 ], [ -103.3250094, 20.3005082 ], [ -103.3243903, 20.3006294 ], [ -103.3242611, 20.3006547 ], [ -103.323928, 20.3006324 ], [ -103.3228384, 20.3013945 ], [ -103.3218545, 20.3014031 ], [ -103.3204489, 20.3014153 ], [ -103.3196694, 20.300759 ], [ -103.3191723, 20.3002329 ], [ -103.3191652, 20.2995036 ], [ -103.3192233, 20.2982433 ], [ -103.3185805, 20.2971879 ], [ -103.3176573, 20.2962014 ], [ -103.3169487, 20.2956108 ], [ -103.3158192, 20.2950901 ], [ -103.3148417, 20.2957616 ], [ -103.3143575, 20.2965615 ], [ -103.313304, 20.2966369 ], [ -103.3123904, 20.2966448 ], [ -103.3119762, 20.2962931 ], [ -103.3104765, 20.2966828 ], [ -103.3093459, 20.2964862 ], [ -103.3091567, 20.2964533 ], [ -103.3071959, 20.2960278 ], [ -103.30534, 20.2960198 ], [ -103.3048724, 20.2966432 ], [ -103.3045948, 20.2969771 ], [ -103.3046718, 20.2976394 ], [ -103.3051, 20.2982988 ], [ -103.3046124, 20.2987008 ], [ -103.3034873, 20.2985778 ], [ -103.3029234, 20.2983838 ], [ -103.3021482, 20.2981252 ], [ -103.3019625, 20.2981268 ], [ -103.3019902, 20.2980719 ] ] ] } },
{ "type": "Feature", "properties": { "OBJECTID": 37500, "CVE_V": "IAPF", "TIP_INFO": "AGRÍCOLA-PECUARIA-FORESTAL", "TIP_ECOV": "NO APLICABLE", "TIP_VEG": "NO APLICABLE", "DESVEG": "NO APLICABLE", "FASE_VS": "NO APLICABLE", "OTROS": "NO APLICABLE" }, "geometry": { "type": "MultiPolygon", "coordinates": [ [ [ [ -103.3191765, 20.3959054 ], [ -103.3189555, 20.3960463 ], [ -103.3187169, 20.395997 ], [ -103.3169015, 20.395622 ], [ -103.3169035, 20.3956254 ], [ -103.3171043, 20.3959629 ], [ -103.317104, 20.3959653 ], [ -103.3169613, 20.3969927 ], [ -103.3167109, 20.3972048 ], [ -103.3164388, 20.3975867 ], [ -103.3160149, 20.3978332 ], [ -103.3155903, 20.398094 ], [ -103.3155843, 20.3980923 ], [ -103.3152139, 20.3979866 ], [ -103.3149779, 20.3979191 ], [ -103.3147041, 20.3976659 ], [ -103.314704, 20.3976659 ], [ -103.3149969, 20.395863 ], [ -103.3149969, 20.3958628 ], [ -103.3146147, 20.3953211 ], [ -103.3131106, 20.3940262 ], [ -103.312542, 20.3935368 ], [ -103.3104732, 20.3918139 ], [ -103.3102655, 20.3926368 ], [ -103.3104626, 20.3927609 ], [ -103.310548, 20.3926943 ], [ -103.3108125, 20.3927883 ], [ -103.3109646, 20.392939 ], [ -103.3109492, 20.3930202 ], [ -103.3109389, 20.3930608 ], [ -103.3109555, 20.3931063 ], [ -103.3109991, 20.3931718 ], [ -103.3110801, 20.3932066 ], [ -103.3111353, 20.393348 ], [ -103.3115837, 20.3935417 ], [ -103.3112514, 20.3947861 ], [ -103.309863, 20.3944771 ], [ -103.3095626, 20.3960461 ], [ -103.3093882, 20.3969424 ], [ -103.3098984, 20.3980067 ], [ -103.3102139, 20.3978171 ], [ -103.3102005, 20.3980648 ], [ -103.3099101, 20.3986738 ], [ -103.3093808, 20.3994716 ], [ -103.3093292, 20.3999683 ], [ -103.3092612, 20.4002275 ], [ -103.3089721, 20.4006933 ], [ -103.3087871, 20.40111 ], [ -103.3084949, 20.4015309 ], [ -103.3083711, 20.4017424 ], [ -103.3082518, 20.4019461 ], [ -103.3081489, 20.4019218 ], [ -103.3061668, 20.4018073 ], [ -103.305576, 20.4017765 ], [ -103.3050867, 20.4017328 ], [ -103.3038152, 20.4017257 ], [ -103.3028681, 20.4017565 ], [ -103.3025092, 20.4017528 ], [ -103.3014786, 20.4018025 ], [ -103.300783, 20.4017953 ], [ -103.3001518, 20.4018687 ], [ -103.2994995, 20.4018625 ], [ -103.2991222, 20.401839 ], [ -103.2974739, 20.4019806 ], [ -103.2966089, 20.4020514 ], [ -103.2959986, 20.4021049 ], [ -103.2950065, 20.4021384 ], [ -103.2926119, 20.402204 ], [ -103.2923341, 20.402168 ], [ -103.291586, 20.4018669 ], [ -103.2904604, 20.4014285 ], [ -103.2899903, 20.4012728 ], [ -103.288796, 20.4008057 ], [ -103.2888547, 20.4007146 ], [ -103.2887095, 20.4005379 ], [ -103.2885831, 20.4002921 ], [ -103.2884725, 20.4001351 ], [ -103.2883893, 20.4000411 ], [ -103.2882329, 20.3999348 ], [ -103.2882452, 20.3997926 ], [ -103.2883169, 20.3996413 ], [ -103.2882649, 20.3994566 ], [ -103.2883666, 20.3993615 ], [ -103.2884999, 20.3992923 ], [ -103.2886268, 20.3992065 ], [ -103.2887126, 20.3991264 ], [ -103.2889144, 20.3991014 ], [ -103.2890298, 20.3991027 ], [ -103.2892275, 20.3991583 ], [ -103.2893432, 20.3991868 ], [ -103.2894847, 20.3991879 ], [ -103.2895998, 20.399162 ], [ -103.2896591, 20.3990283 ], [ -103.2897752, 20.3988946 ], [ -103.2899182, 20.3987608 ], [ -103.2900756, 20.3985157 ], [ -103.2902175, 20.3983445 ], [ -103.2903775, 20.398147 ], [ -103.2906888, 20.3977956 ], [ -103.2907528, 20.3977181 ], [ -103.2909541, 20.3976182 ], [ -103.2911475, 20.3976305 ], [ -103.2914001, 20.3976144 ], [ -103.2916304, 20.3976055 ], [ -103.2919422, 20.3975538 ], [ -103.2922386, 20.3974856 ], [ -103.2924856, 20.3973645 ], [ -103.2925715, 20.3972968 ], [ -103.2930508, 20.3971146 ], [ -103.2934996, 20.3972776 ], [ -103.2936179, 20.3973339 ], [ -103.2939973, 20.3973657 ], [ -103.2943913, 20.397486 ], [ -103.2946877, 20.3976013 ], [ -103.2949864, 20.3976606 ], [ -103.2954052, 20.3976927 ], [ -103.295732, 20.3976679 ], [ -103.2959719, 20.3976142 ], [ -103.2964516, 20.3974781 ], [ -103.296559, 20.3973751 ], [ -103.2967586, 20.3971695 ], [ -103.2969874, 20.3969003 ], [ -103.2971938, 20.3966314 ], [ -103.2973337, 20.3961919 ], [ -103.2973411, 20.3954158 ], [ -103.2973451, 20.3950666 ], [ -103.2974977, 20.3947304 ], [ -103.297588, 20.3946185 ], [ -103.2977055, 20.394379 ], [ -103.2977174, 20.3940046 ], [ -103.2977268, 20.3935818 ], [ -103.2978919, 20.3933406 ], [ -103.2981717, 20.3931805 ], [ -103.2983631, 20.3928949 ], [ -103.2984803, 20.3925862 ], [ -103.2985741, 20.3921371 ], [ -103.2985197, 20.3916863 ], [ -103.2984035, 20.3914034 ], [ -103.2984067, 20.3912344 ], [ -103.2985291, 20.3909545 ], [ -103.2987054, 20.3907919 ], [ -103.3003196, 20.3909682 ], [ -103.3009957, 20.3912007 ], [ -103.3025021, 20.3898777 ], [ -103.3030741, 20.3898562 ], [ -103.3050883, 20.3907971 ], [ -103.3074301, 20.3910186 ], [ -103.3077591, 20.3908585 ], [ -103.3080419, 20.3907209 ], [ -103.3083764, 20.3905581 ], [ -103.3120004, 20.39081 ], [ -103.3132132, 20.3914993 ], [ -103.3154878, 20.3935624 ], [ -103.3172565, 20.3946819 ], [ -103.3179437, 20.3948782 ], [ -103.3185241, 20.394468 ], [ -103.3201482, 20.3925057 ], [ -103.3209103, 20.3918446 ], [ -103.3219869, 20.3915275 ], [ -103.3232304, 20.3918125 ], [ -103.3241527, 20.392445 ], [ -103.3247785, 20.392749 ], [ -103.3244719, 20.3938431 ], [ -103.3191765, 20.3959054 ] ] ], [ [ [ -103.2943054, 20.3694153 ], [ -103.2939088, 20.3694059 ], [ -103.2937495, 20.36938 ], [ -103.2937557, 20.3694023 ], [ -103.2933846, 20.3693936 ], [ -103.2923606, 20.369342 ], [ -103.2913498, 20.3692746 ], [ -103.2910539, 20.3691231 ], [ -103.2904041, 20.3691651 ], [ -103.2900602, 20.3692743 ], [ -103.289964, 20.3692767 ], [ -103.2899319, 20.3688451 ], [ -103.289921, 20.3686071 ], [ -103.2899377, 20.3685089 ], [ -103.2898021, 20.3674885 ], [ -103.2897591, 20.3672157 ], [ -103.289827, 20.3668629 ], [ -103.2899425, 20.3665011 ], [ -103.2898977, 20.3662923 ], [ -103.2899937, 20.3661034 ], [ -103.289863, 20.3659115 ], [ -103.2894764, 20.3643383 ], [ -103.2899094, 20.3647393 ], [ -103.2914395, 20.3657618 ], [ -103.2930434, 20.3656685 ], [ -103.2936262, 20.3647874 ], [ -103.295561, 20.3639744 ], [ -103.295154, 20.3655709 ], [ -103.2944913, 20.3669306 ], [ -103.2943407, 20.3688436 ], [ -103.2944658, 20.3694966 ], [ -103.2943056, 20.3694705 ], [ -103.2943054, 20.3694153 ] ] ], [ [ [ -103.3486501, 20.2885003 ], [ -103.3494258, 20.2887243 ], [ -103.35016, 20.2889957 ], [ -103.3509246, 20.2891347 ], [ -103.35165, 20.2890907 ], [ -103.3520299, 20.2890198 ], [ -103.352465, 20.2891265 ], [ -103.3530966, 20.2894098 ], [ -103.353578, 20.2894435 ], [ -103.3542498, 20.2896399 ], [ -103.3551271, 20.2897003 ], [ -103.355994, 20.289676 ], [ -103.3563262, 20.2895983 ], [ -103.3569231, 20.2895731 ], [ -103.3572438, 20.2894108 ], [ -103.3574885, 20.2893204 ], [ -103.3585563, 20.2894051 ], [ -103.3604644, 20.2897571 ], [ -103.3623717, 20.2904524 ], [ -103.3634475, 20.2903541 ], [ -103.3650061, 20.2904772 ], [ -103.3670342, 20.2908391 ], [ -103.3682317, 20.2908502 ], [ -103.3701393, 20.2909761 ], [ -103.373375, 20.2913496 ], [ -103.3750386, 20.2923768 ], [ -103.3758829, 20.2923534 ], [ -103.3758186, 20.2932045 ], [ -103.375963, 20.2932247 ], [ -103.3759637, 20.2932248 ], [ -103.3759862, 20.2926977 ], [ -103.3768048, 20.2926338 ], [ -103.3781095, 20.2925318 ], [ -103.3786169, 20.2926271 ], [ -103.3787922, 20.2925373 ], [ -103.3788849, 20.2924897 ], [ -103.3789443, 20.2924508 ], [ -103.3794525, 20.2921184 ], [ -103.3794527, 20.2921183 ], [ -103.3794527, 20.2921183 ], [ -103.3794529, 20.2921183 ], [ -103.379453, 20.2921184 ], [ -103.3796758, 20.2921629 ], [ -103.3801876, 20.2919932 ], [ -103.3810611, 20.2915599 ], [ -103.381493, 20.2913845 ], [ -103.3815291, 20.2913907 ], [ -103.3816019, 20.2913402 ], [ -103.3819567, 20.2911962 ], [ -103.3820181, 20.2914001 ], [ -103.3822146, 20.2917767 ], [ -103.3840198, 20.2918492 ], [ -103.3849919, 20.2918882 ], [ -103.3858367, 20.2919221 ], [ -103.3861074, 20.291933 ], [ -103.386375, 20.2919437 ], [ -103.3863783, 20.2919439 ], [ -103.386337, 20.2918672 ], [ -103.3859588, 20.2911654 ], [ -103.3859501, 20.2911493 ], [ -103.3864776, 20.2906541 ], [ -103.3865739, 20.2903837 ], [ -103.3869087, 20.29024 ], [ -103.3877251, 20.2933508 ], [ -103.3904938, 20.2930745 ], [ -103.3936142, 20.2927658 ], [ -103.3946748, 20.2926328 ], [ -103.3942183, 20.2894154 ], [ -103.3943547, 20.2874924 ], [ -103.3956729, 20.2873959 ], [ -103.3996181, 20.2877755 ], [ -103.40357, 20.288037 ], [ -103.4059575, 20.2882846 ], [ -103.4078728, 20.2884102 ], [ -103.4091722, 20.2880942 ], [ -103.4094305, 20.2882443 ], [ -103.4104392, 20.2887063 ], [ -103.4104129, 20.2880895 ], [ -103.4111245, 20.2879569 ], [ -103.4122007, 20.2875373 ], [ -103.4123616, 20.2874024 ], [ -103.4107109, 20.2892037 ], [ -103.4127096, 20.2899423 ], [ -103.4131116, 20.2900872 ], [ -103.4128777, 20.2901901 ], [ -103.4106363, 20.2902089 ], [ -103.4106177, 20.2909938 ], [ -103.410653, 20.2916442 ], [ -103.4117924, 20.2914785 ], [ -103.4124871, 20.2913172 ], [ -103.4133378, 20.2910191 ], [ -103.4137152, 20.2908523 ], [ -103.4138793, 20.2907305 ], [ -103.4144414, 20.2920001 ], [ -103.4152601, 20.2917002 ], [ -103.415129, 20.2923449 ], [ -103.4160852, 20.2925147 ], [ -103.4161166, 20.2921155 ], [ -103.4165515, 20.2925608 ], [ -103.4164461, 20.293226 ], [ -103.4170175, 20.2933569 ], [ -103.4174207, 20.2920392 ], [ -103.4181379, 20.2920757 ], [ -103.4187508, 20.2921369 ], [ -103.4189111, 20.2908739 ], [ -103.4196771, 20.2908971 ], [ -103.4212673, 20.290936 ], [ -103.4246103, 20.2913396 ], [ -103.4258175, 20.291475 ], [ -103.4285149, 20.2917969 ], [ -103.4285219, 20.2917976 ], [ -103.4283882, 20.2927078 ], [ -103.4290366, 20.2927392 ], [ -103.4298781, 20.2928419 ], [ -103.4299768, 20.2919555 ], [ -103.432437, 20.2922225 ], [ -103.4327425, 20.2926406 ], [ -103.4329516, 20.2927191 ], [ -103.4330453, 20.2928223 ], [ -103.4330477, 20.2928315 ], [ -103.4330864, 20.2929828 ], [ -103.4329519, 20.2932054 ], [ -103.433049, 20.2933892 ], [ -103.4334499, 20.2937814 ], [ -103.4336646, 20.2941836 ], [ -103.4341895, 20.2944639 ], [ -103.4350943, 20.294622 ], [ -103.4343457, 20.2950326 ], [ -103.4333295, 20.2952769 ], [ -103.4314682, 20.2951426 ], [ -103.4272349, 20.293867 ], [ -103.4260755, 20.2939561 ], [ -103.4247341, 20.2940977 ], [ -103.4215591, 20.2947475 ], [ -103.4204761, 20.2947921 ], [ -103.4161888, 20.2959559 ], [ -103.4153039, 20.295939 ], [ -103.4149689, 20.2961003 ], [ -103.4120233, 20.2975184 ], [ -103.4117869, 20.2973881 ], [ -103.4107722, 20.2980403 ], [ -103.4102848, 20.2985094 ], [ -103.4093053, 20.298983 ], [ -103.4070066, 20.2988494 ], [ -103.4048672, 20.2982496 ], [ -103.4028855, 20.2970289 ], [ -103.4014089, 20.2970413 ], [ -103.4004308, 20.2976676 ], [ -103.3999843, 20.2976185 ], [ -103.3996715, 20.2983686 ], [ -103.3996044, 20.2987477 ], [ -103.3983108, 20.29892 ], [ -103.3966701, 20.298932 ], [ -103.3950278, 20.2987896 ], [ -103.3932247, 20.2989574 ], [ -103.3919089, 20.2986583 ], [ -103.3907652, 20.2991307 ], [ -103.3886435, 20.3002302 ], [ -103.3863575, 20.301333 ], [ -103.3848856, 20.3018108 ], [ -103.3830822, 20.3019822 ], [ -103.3816054, 20.3019957 ], [ -103.3796254, 20.3009301 ], [ -103.3784627, 20.2995474 ], [ -103.3773032, 20.2984742 ], [ -103.3754935, 20.2980263 ], [ -103.3745089, 20.2980352 ], [ -103.3726915, 20.2968132 ], [ -103.37239, 20.295986 ], [ -103.371936, 20.2961113 ], [ -103.3719306, 20.2960524 ], [ -103.3716462, 20.2957235 ], [ -103.3701669, 20.2954053 ], [ -103.3689017, 20.2954168 ], [ -103.3681988, 20.2954231 ], [ -103.3673559, 20.2954971 ], [ -103.3659494, 20.2954434 ], [ -103.3653864, 20.2953822 ], [ -103.364608, 20.2948588 ], [ -103.3636928, 20.2947344 ], [ -103.3629195, 20.2947413 ], [ -103.3621494, 20.2950798 ], [ -103.3618707, 20.2953475 ], [ -103.3616969, 20.2954177 ], [ -103.3609812, 20.2952635 ], [ -103.3597676, 20.2955953 ], [ -103.3587058, 20.2957802 ], [ -103.3586606, 20.2954293 ], [ -103.35868, 20.2950273 ], [ -103.358677, 20.293864 ], [ -103.3587554, 20.293635 ], [ -103.3587904, 20.2932047 ], [ -103.3587338, 20.292802 ], [ -103.3586602, 20.2925715 ], [ -103.3586023, 20.2922837 ], [ -103.3585906, 20.291939 ], [ -103.3586086, 20.2916806 ], [ -103.3586998, 20.2916815 ], [ -103.3587986, 20.2912381 ], [ -103.3588187, 20.2904835 ], [ -103.3587795, 20.2904836 ], [ -103.3584713, 20.2905208 ], [ -103.3575237, 20.2906079 ], [ -103.3563392, 20.2906739 ], [ -103.3549697, 20.2907157 ], [ -103.3543465, 20.2907289 ], [ -103.3536875, 20.2906441 ], [ -103.3532914, 20.2905405 ], [ -103.3529633, 20.2903389 ], [ -103.3526962, 20.2900659 ], [ -103.3524343, 20.289959 ], [ -103.3521785, 20.2899501 ], [ -103.3518043, 20.2900054 ], [ -103.351369, 20.289978 ], [ -103.3513128, 20.2899744 ], [ -103.3507876, 20.2898254 ], [ -103.3506331, 20.2897094 ], [ -103.3506306, 20.289482 ], [ -103.350546, 20.2893244 ], [ -103.3502842, 20.2892229 ], [ -103.3499222, 20.2891142 ], [ -103.3496731, 20.2891966 ], [ -103.349315, 20.2892277 ], [ -103.3489948, 20.2890702 ], [ -103.3487174, 20.2891691 ], [ -103.3485086, 20.2891784 ], [ -103.3486537, 20.289053 ], [ -103.348603, 20.2884957 ], [ -103.3486501, 20.2885003 ] ] ], [ [ [ -103.4128438, 20.2864554 ], [ -103.413404, 20.285664 ], [ -103.4135376, 20.2854885 ], [ -103.4136857, 20.2852815 ], [ -103.4138415, 20.2850488 ], [ -103.4140018, 20.284746 ], [ -103.4143207, 20.2838706 ], [ -103.4145989, 20.2834098 ], [ -103.4150155, 20.2828884 ], [ -103.4152017, 20.2824547 ], [ -103.4157066, 20.2813843 ], [ -103.414885, 20.2835492 ], [ -103.4141566, 20.2849171 ], [ -103.4138878, 20.2853539 ], [ -103.4134068, 20.2859401 ], [ -103.4129025, 20.286525 ], [ -103.4128438, 20.2864554 ] ] ], [ [ [ -103.4183832, 20.2705992 ], [ -103.4185779, 20.2701075 ], [ -103.4187256, 20.2700986 ], [ -103.4190934, 20.2701593 ], [ -103.4188988, 20.2700207 ], [ -103.4178836, 20.2699038 ], [ -103.4179619, 20.2694815 ], [ -103.4192045, 20.2661279 ], [ -103.4195991, 20.2624281 ], [ -103.4192231, 20.2619108 ], [ -103.41944, 20.2601142 ], [ -103.4195286, 20.2596066 ], [ -103.4191768, 20.2590434 ], [ -103.4191823, 20.2586649 ], [ -103.4214503, 20.2570286 ], [ -103.4220109, 20.2513763 ], [ -103.4219938, 20.2462918 ], [ -103.4219691, 20.2459704 ], [ -103.4218367, 20.2442514 ], [ -103.4213652, 20.2410252 ], [ -103.4207609, 20.2364833 ], [ -103.4202839, 20.2354369 ], [ -103.4202341, 20.2353243 ], [ -103.4198901, 20.2345471 ], [ -103.4198804, 20.234525 ], [ -103.4198072, 20.2343598 ], [ -103.4195886, 20.2334689 ], [ -103.4193989, 20.2329461 ], [ -103.4193274, 20.2328378 ], [ -103.4207364, 20.2318609 ], [ -103.4205812, 20.231642 ], [ -103.4198597, 20.2306241 ], [ -103.4180287, 20.2288002 ], [ -103.4156638, 20.2265741 ], [ -103.4122086, 20.2241754 ], [ -103.4118119, 20.2239098 ], [ -103.410368, 20.2229658 ], [ -103.4079335, 20.2221757 ], [ -103.4072511, 20.2245009 ], [ -103.4084796, 20.2249897 ], [ -103.4077932, 20.2249511 ], [ -103.4070101, 20.2247325 ], [ -103.4063406, 20.2243737 ], [ -103.4057442, 20.224192 ], [ -103.4049978, 20.2240441 ], [ -103.4039548, 20.2236468 ], [ -103.4034338, 20.2233952 ], [ -103.4026126, 20.2232467 ], [ -103.4018651, 20.2232046 ], [ -103.4010059, 20.2231262 ], [ -103.3999215, 20.2231164 ], [ -103.3990362, 20.2230242 ], [ -103.3972152, 20.223103 ], [ -103.3937861, 20.2239503 ], [ -103.3931178, 20.224129 ], [ -103.3920148, 20.2246365 ], [ -103.3902866, 20.2249534 ], [ -103.3884431, 20.2266045 ], [ -103.3857125, 20.2265795 ], [ -103.3846548, 20.2264646 ], [ -103.3836522, 20.2264028 ], [ -103.3821514, 20.2260211 ], [ -103.3816486, 20.2260332 ], [ -103.3812444, 20.226043 ], [ -103.3812443, 20.226043 ], [ -103.3812434, 20.226043 ], [ -103.3809867, 20.2260549 ], [ -103.3809866, 20.2260549 ], [ -103.3809297, 20.2260575 ], [ -103.380925, 20.2260563 ], [ -103.3807946, 20.2260241 ], [ -103.3807945, 20.226024 ], [ -103.380794, 20.2260239 ], [ -103.3804781, 20.2256914 ], [ -103.3804768, 20.2256901 ], [ -103.380454, 20.2256901 ], [ -103.3798947, 20.2240888 ], [ -103.3776292, 20.2240209 ], [ -103.3773545, 20.2227449 ], [ -103.3772085, 20.2217236 ], [ -103.372546, 20.2208107 ], [ -103.3704878, 20.2202691 ], [ -103.3680921, 20.2208517 ], [ -103.3667107, 20.2229798 ], [ -103.3664433, 20.2248655 ], [ -103.3672667, 20.2264925 ], [ -103.367153, 20.2265133 ], [ -103.3670519, 20.2265318 ], [ -103.3670508, 20.226532 ], [ -103.3668898, 20.2265748 ], [ -103.3663747, 20.2264032 ], [ -103.3652649, 20.226318 ], [ -103.3645314, 20.2262093 ], [ -103.3644483, 20.2261351 ], [ -103.3642707, 20.2259807 ], [ -103.364155, 20.2258922 ], [ -103.3640269, 20.2257908 ], [ -103.3640124, 20.2257998 ], [ -103.363968, 20.2258272 ], [ -103.3637279, 20.2258773 ], [ -103.3636698, 20.2258767 ], [ -103.3632528, 20.2259709 ], [ -103.3617542, 20.2253717 ], [ -103.3619098, 20.2250838 ], [ -103.3619917, 20.2249198 ], [ -103.3623901, 20.2241279 ], [ -103.3628099, 20.2238442 ], [ -103.3633346, 20.223763 ], [ -103.363751, 20.2231421 ], [ -103.3641919, 20.2225651 ], [ -103.364948, 20.222292 ], [ -103.3657086, 20.2215025 ], [ -103.3660476, 20.2213045 ], [ -103.3665604, 20.2209077 ], [ -103.3665207, 20.2203045 ], [ -103.3667343, 20.2195743 ], [ -103.3668217, 20.2195188 ], [ -103.3668399, 20.2195073 ], [ -103.3671017, 20.2193409 ], [ -103.3670777, 20.2191833 ], [ -103.3670163, 20.21878 ], [ -103.3670482, 20.2183167 ], [ -103.3673486, 20.2179105 ], [ -103.3679429, 20.2177868 ], [ -103.3682665, 20.2174886 ], [ -103.3684535, 20.2171673 ], [ -103.3688218, 20.2168262 ], [ -103.3693274, 20.2166771 ], [ -103.3700191, 20.2166839 ], [ -103.3702284, 20.2160071 ], [ -103.3702357, 20.2153008 ], [ -103.3704691, 20.214923 ], [ -103.3706299, 20.2147247 ], [ -103.3708183, 20.214492 ], [ -103.3710535, 20.2140053 ], [ -103.3713756, 20.2138765 ], [ -103.3717184, 20.2137403 ], [ -103.3717241, 20.2131701 ], [ -103.3717846, 20.2130545 ], [ -103.3722825, 20.2130974 ], [ -103.3740244, 20.2124235 ], [ -103.3757596, 20.2110886 ], [ -103.3762496, 20.207617 ], [ -103.3762335, 20.2059661 ], [ -103.3763892, 20.2039835 ], [ -103.3758407, 20.2015119 ], [ -103.3747801, 20.2003658 ], [ -103.3738959, 20.1993831 ], [ -103.3735607, 20.1992286 ], [ -103.3736684, 20.1990267 ], [ -103.373661, 20.1986124 ], [ -103.373203, 20.1980364 ], [ -103.3733487, 20.1975383 ], [ -103.3731706, 20.1972748 ], [ -103.3731742, 20.1972185 ], [ -103.3731041, 20.1971763 ], [ -103.3722852, 20.1959646 ], [ -103.3714315, 20.1943891 ], [ -103.3706503, 20.1937379 ], [ -103.3705885, 20.1933578 ], [ -103.3700182, 20.1932109 ], [ -103.3693178, 20.1926269 ], [ -103.3693029, 20.1910439 ], [ -103.3692898, 20.1896587 ], [ -103.3707465, 20.1884581 ], [ -103.3726207, 20.1870558 ], [ -103.3727947, 20.1832938 ], [ -103.3727644, 20.1801273 ], [ -103.3735781, 20.1775468 ], [ -103.3756587, 20.1759444 ], [ -103.3775506, 20.1739579 ], [ -103.3778169, 20.174714 ], [ -103.3779337, 20.1747425 ], [ -103.3787122, 20.1741451 ], [ -103.3793969, 20.1755031 ], [ -103.3796551, 20.1754963 ], [ -103.3796899, 20.1757978 ], [ -103.3790358, 20.1769038 ], [ -103.3795213, 20.177559 ], [ -103.3801249, 20.178369 ], [ -103.3809971, 20.1793347 ], [ -103.3814834, 20.1794566 ], [ -103.3825946, 20.1801261 ], [ -103.3839573, 20.1807801 ], [ -103.3846582, 20.1814283 ], [ -103.3852564, 20.181758 ], [ -103.3859967, 20.1831276 ], [ -103.3861026, 20.1831015 ], [ -103.3869033, 20.1833748 ], [ -103.3872237, 20.1839068 ], [ -103.3875156, 20.1842725 ], [ -103.3876591, 20.1844526 ], [ -103.3877417, 20.1840818 ], [ -103.3879455, 20.1840516 ], [ -103.388099, 20.1842763 ], [ -103.3883033, 20.1842993 ], [ -103.3883946, 20.1840662 ], [ -103.3891245, 20.1843066 ], [ -103.3895917, 20.1842925 ], [ -103.3900811, 20.1844596 ], [ -103.3907051, 20.1848497 ], [ -103.3915494, 20.18454 ], [ -103.3918269, 20.1842048 ], [ -103.3913315, 20.1839671 ], [ -103.3918322, 20.1835458 ], [ -103.3920994, 20.1836225 ], [ -103.3921804, 20.1835362 ], [ -103.392015, 20.1830611 ], [ -103.3930446, 20.180663 ], [ -103.3931515, 20.1807104 ], [ -103.3934628, 20.1807862 ], [ -103.3945066, 20.1811329 ], [ -103.3967499, 20.1816363 ], [ -103.3977289, 20.1814388 ], [ -103.3991069, 20.1825575 ], [ -103.3988914, 20.1832551 ], [ -103.4004382, 20.1835434 ], [ -103.4007302, 20.1835941 ], [ -103.4019091, 20.1841509 ], [ -103.4027169, 20.1847187 ], [ -103.4029613, 20.1851818 ], [ -103.4036857, 20.1856219 ], [ -103.4038765, 20.1860937 ], [ -103.4044112, 20.1868035 ], [ -103.4041218, 20.1879671 ], [ -103.4037854, 20.1885063 ], [ -103.4029322, 20.1896728 ], [ -103.400872, 20.1904491 ], [ -103.3989595, 20.1910012 ], [ -103.3986535, 20.1905768 ], [ -103.39634, 20.1898065 ], [ -103.394244, 20.1898258 ], [ -103.3923674, 20.1908329 ], [ -103.3907041, 20.1922338 ], [ -103.3888345, 20.1940326 ], [ -103.3888518, 20.1958138 ], [ -103.3886574, 20.1973991 ], [ -103.3893244, 20.2013515 ], [ -103.3882852, 20.2023507 ], [ -103.3876711, 20.2039397 ], [ -103.3880049, 20.205372 ], [ -103.3866149, 20.2058717 ], [ -103.3860492, 20.2063725 ], [ -103.3857575, 20.2073908 ], [ -103.3860021, 20.2080346 ], [ -103.3870828, 20.2082529 ], [ -103.3870898, 20.2089918 ], [ -103.3864739, 20.2103827 ], [ -103.3875338, 20.2115606 ], [ -103.3896405, 20.212531 ], [ -103.3897252, 20.2125222 ], [ -103.3917359, 20.212314 ], [ -103.3919569, 20.2134995 ], [ -103.392178, 20.214685 ], [ -103.3930264, 20.2156668 ], [ -103.3944964, 20.2158513 ], [ -103.3963841, 20.2158341 ], [ -103.3974347, 20.2160224 ], [ -103.3979439, 20.2163128 ], [ -103.39928, 20.2158642 ], [ -103.4008227, 20.2156794 ], [ -103.4020749, 20.2159529 ], [ -103.4032194, 20.2164331 ], [ -103.4046472, 20.2161388 ], [ -103.4053651, 20.2161724 ], [ -103.4071581, 20.2174537 ], [ -103.4079973, 20.2186519 ], [ -103.4080093, 20.2186956 ], [ -103.408578, 20.2186903 ], [ -103.4094208, 20.2190783 ], [ -103.4113066, 20.2188627 ], [ -103.4123438, 20.2176653 ], [ -103.412971, 20.2174614 ], [ -103.4148526, 20.2168498 ], [ -103.4149884, 20.2163622 ], [ -103.4164415, 20.2168927 ], [ -103.4175099, 20.2169293 ], [ -103.4175457, 20.2169259 ], [ -103.4177964, 20.2176138 ], [ -103.4205403, 20.2193694 ], [ -103.4218064, 20.2201492 ], [ -103.4222416, 20.2217287 ], [ -103.4216341, 20.223912 ], [ -103.4216458, 20.2250996 ], [ -103.4225023, 20.2268731 ], [ -103.4241959, 20.2284407 ], [ -103.425668, 20.2288226 ], [ -103.4273479, 20.2290046 ], [ -103.4284162, 20.230974 ], [ -103.4296845, 20.2319517 ], [ -103.4309817, 20.2319393 ], [ -103.431309, 20.2329035 ], [ -103.4317058, 20.2348028 ], [ -103.4319257, 20.2358554 ], [ -103.4328257, 20.2370473 ], [ -103.4345888, 20.2379214 ], [ -103.4361155, 20.2384656 ], [ -103.4375194, 20.2397254 ], [ -103.4381979, 20.2405357 ], [ -103.4379611, 20.241347 ], [ -103.4383918, 20.2434997 ], [ -103.4379808, 20.2435521 ], [ -103.4365122, 20.2435662 ], [ -103.4358944, 20.2447598 ], [ -103.4359041, 20.2457495 ], [ -103.4354553, 20.2463435 ], [ -103.435702, 20.2465432 ], [ -103.4365567, 20.2481187 ], [ -103.4378252, 20.2490964 ], [ -103.4397501, 20.2508777 ], [ -103.4403584, 20.2506559 ], [ -103.4414172, 20.2516356 ], [ -103.4433016, 20.2512217 ], [ -103.4445624, 20.2514075 ], [ -103.4452439, 20.250953 ], [ -103.4456496, 20.2512296 ], [ -103.4465115, 20.251635 ], [ -103.4476251, 20.2528016 ], [ -103.4478461, 20.2536893 ], [ -103.4478079, 20.2543003 ], [ -103.4495392, 20.2548018 ], [ -103.4505241, 20.2547923 ], [ -103.4518372, 20.2547796 ], [ -103.4533143, 20.2547653 ], [ -103.4546273, 20.2547525 ], [ -103.4556167, 20.2552075 ], [ -103.4571001, 20.2558126 ], [ -103.458413, 20.2557998 ], [ -103.4595586, 20.2554789 ], [ -103.4606992, 20.2546934 ], [ -103.4626634, 20.2542097 ], [ -103.4637827, 20.2541988 ], [ -103.4635017, 20.2549256 ], [ -103.4636225, 20.2554716 ], [ -103.4633508, 20.2554925 ], [ -103.4631501, 20.2555109 ], [ -103.4631527, 20.2555935 ], [ -103.4626012, 20.2560275 ], [ -103.4624985, 20.2563794 ], [ -103.4619171, 20.2569921 ], [ -103.4618577, 20.2570742 ], [ -103.4616561, 20.2578876 ], [ -103.461624, 20.2580088 ], [ -103.4615364, 20.2582153 ], [ -103.4614125, 20.2585645 ], [ -103.4613306, 20.2589537 ], [ -103.4613857, 20.2593381 ], [ -103.4613683, 20.2594321 ], [ -103.4613435, 20.2595664 ], [ -103.4612427, 20.2598622 ], [ -103.4609885, 20.2606135 ], [ -103.4608556, 20.2610095 ], [ -103.4607391, 20.2613799 ], [ -103.4606913, 20.2615414 ], [ -103.4605429, 20.2620063 ], [ -103.4606124, 20.2620408 ], [ -103.4607517, 20.2622984 ], [ -103.4609023, 20.2624071 ], [ -103.461013, 20.2626218 ], [ -103.4610931, 20.2627857 ], [ -103.4611501, 20.2630464 ], [ -103.4611342, 20.2632453 ], [ -103.4611113, 20.2636401 ], [ -103.4612027, 20.2642091 ], [ -103.4612133, 20.2644713 ], [ -103.4617412, 20.2645218 ], [ -103.4617907, 20.264525 ], [ -103.462058, 20.2645555 ], [ -103.4621546, 20.2646256 ], [ -103.4621724, 20.2647589 ], [ -103.462157, 20.2651112 ], [ -103.4621376, 20.2652402 ], [ -103.4622727, 20.265457 ], [ -103.461942, 20.2661859 ], [ -103.4620069, 20.2662629 ], [ -103.4618129, 20.2664838 ], [ -103.4614283, 20.2672039 ], [ -103.4613233, 20.2673653 ], [ -103.461262, 20.2677383 ], [ -103.4610617, 20.2680559 ], [ -103.460746, 20.2684529 ], [ -103.4604087, 20.2690204 ], [ -103.4604975, 20.2692912 ], [ -103.4611175, 20.2696045 ], [ -103.4614805, 20.2697283 ], [ -103.4616522, 20.2699805 ], [ -103.4620266, 20.2700246 ], [ -103.4626076, 20.2699788 ], [ -103.4630125, 20.2698344 ], [ -103.4633265, 20.269816 ], [ -103.4635722, 20.2700505 ], [ -103.4637509, 20.2701367 ], [ -103.4641978, 20.2701409 ], [ -103.4645339, 20.2701223 ], [ -103.4648917, 20.2701466 ], [ -103.4652509, 20.2702134 ], [ -103.4660085, 20.2705156 ], [ -103.4662976, 20.2708563 ], [ -103.4667412, 20.2711773 ], [ -103.4670989, 20.2713706 ], [ -103.4674802, 20.2713527 ], [ -103.4679934, 20.2714418 ], [ -103.4678808, 20.271694 ], [ -103.4676094, 20.2719244 ], [ -103.4676977, 20.2720941 ], [ -103.4681213, 20.272161 ], [ -103.4683469, 20.2721417 ], [ -103.4689055, 20.2722525 ], [ -103.4691931, 20.2726351 ], [ -103.4694836, 20.272659 ], [ -103.4699589, 20.2726942 ], [ -103.4699182, 20.2736452 ], [ -103.4694433, 20.2746715 ], [ -103.4685189, 20.2755851 ], [ -103.4678988, 20.2758514 ], [ -103.4670525, 20.2753737 ], [ -103.4651721, 20.2750656 ], [ -103.4651755, 20.2754036 ], [ -103.4648502, 20.2757164 ], [ -103.464034, 20.2761889 ], [ -103.4625565, 20.2762032 ], [ -103.4602614, 20.2765349 ], [ -103.4599409, 20.2773123 ], [ -103.4599504, 20.2782413 ], [ -103.4607837, 20.2794722 ], [ -103.4616123, 20.2802385 ], [ -103.4622767, 20.2810065 ], [ -103.46195, 20.2811644 ], [ -103.4611326, 20.281482 ], [ -103.4598198, 20.2814945 ], [ -103.4586712, 20.2815054 ], [ -103.4575701, 20.2815159 ], [ -103.4573853, 20.2836657 ], [ -103.4572024, 20.2847291 ], [ -103.4575845, 20.2854367 ], [ -103.4585297, 20.2861864 ], [ -103.461673, 20.2853489 ], [ -103.4621614, 20.2852899 ], [ -103.4658542, 20.2857292 ], [ -103.4666786, 20.2859802 ], [ -103.467358, 20.2860768 ], [ -103.4688657, 20.2871513 ], [ -103.4687496, 20.287913 ], [ -103.4684327, 20.289 ], [ -103.4684425, 20.289929 ], [ -103.4684508, 20.2907032 ], [ -103.4684591, 20.2914774 ], [ -103.468141, 20.2924094 ], [ -103.4676589, 20.2933422 ], [ -103.4675082, 20.2945808 ], [ -103.4676857, 20.2958164 ], [ -103.4686818, 20.2968905 ], [ -103.4695139, 20.2979659 ], [ -103.4708433, 20.2995011 ], [ -103.4715147, 20.3008869 ], [ -103.47267, 20.301496 ], [ -103.4739977, 20.3028765 ], [ -103.4745018, 20.3039545 ], [ -103.4751648, 20.3045674 ], [ -103.4761543, 20.3050232 ], [ -103.4771388, 20.3050153 ], [ -103.4773032, 20.3049622 ], [ -103.4773898, 20.3052152 ], [ -103.4780461, 20.3057812 ], [ -103.4787861, 20.3053919 ], [ -103.4817536, 20.3051924 ], [ -103.4846983, 20.3065279 ], [ -103.4859268, 20.3074148 ], [ -103.4871548, 20.3084099 ], [ -103.4882994, 20.3086911 ], [ -103.4892641, 20.3087795 ], [ -103.4904745, 20.3088905 ], [ -103.4911767, 20.3085894 ], [ -103.4917792, 20.308631 ], [ -103.4930538, 20.308994 ], [ -103.4945557, 20.3095128 ], [ -103.4966852, 20.311067 ], [ -103.4986243, 20.3116437 ], [ -103.4991923, 20.311654 ], [ -103.4995939, 20.3116612 ], [ -103.5003722, 20.3113424 ], [ -103.5013124, 20.3106459 ], [ -103.5021378, 20.3102101 ], [ -103.5034886, 20.3103483 ], [ -103.5045721, 20.3108634 ], [ -103.5054499, 20.311422 ], [ -103.5060829, 20.3117075 ], [ -103.5056013, 20.313763 ], [ -103.5061789, 20.3147349 ], [ -103.5071107, 20.3150658 ], [ -103.5080501, 20.3150014 ], [ -103.5081952, 20.3155175 ], [ -103.5083243, 20.3162143 ], [ -103.50798, 20.3181988 ], [ -103.5082148, 20.3190862 ], [ -103.5095649, 20.3209407 ], [ -103.5096172, 20.3229736 ], [ -103.50977, 20.3235445 ], [ -103.51109, 20.3233115 ], [ -103.5120144, 20.322398 ], [ -103.5129229, 20.3225231 ], [ -103.5136101, 20.3232966 ], [ -103.5141128, 20.3244575 ], [ -103.5143409, 20.3254713 ], [ -103.5149509, 20.3265515 ], [ -103.5162175, 20.3273301 ], [ -103.5176135, 20.3268212 ], [ -103.5179128, 20.3267121 ], [ -103.5185012, 20.3266809 ], [ -103.5197758, 20.3260684 ], [ -103.5209816, 20.3266477 ], [ -103.5214546, 20.3271305 ], [ -103.5216144, 20.3276649 ], [ -103.5205514, 20.3294356 ], [ -103.5154228, 20.3292838 ], [ -103.5146663, 20.3294578 ], [ -103.5143679, 20.3303138 ], [ -103.5165055, 20.3316328 ], [ -103.5193664, 20.332759 ], [ -103.5206566, 20.3334748 ], [ -103.5209541, 20.3339379 ], [ -103.5218007, 20.3344061 ], [ -103.522053, 20.3343772 ], [ -103.5226101, 20.3343134 ], [ -103.5234808, 20.333878 ], [ -103.5243728, 20.3340663 ], [ -103.5254636, 20.3348886 ], [ -103.5272355, 20.3359607 ], [ -103.5284397, 20.3361153 ], [ -103.5284885, 20.3361077 ], [ -103.5291191, 20.3365103 ], [ -103.5291288, 20.3366814 ], [ -103.5289563, 20.3369401 ], [ -103.5297214, 20.3374229 ], [ -103.5297101, 20.3374524 ], [ -103.5309642, 20.3382263 ], [ -103.5309543, 20.3382397 ], [ -103.5329853, 20.340784 ], [ -103.532057, 20.3408773 ], [ -103.5299412, 20.339353 ], [ -103.5294007, 20.3391226 ], [ -103.5286446, 20.3390259 ], [ -103.5275385, 20.3391431 ], [ -103.5263935, 20.3389527 ], [ -103.525745, 20.3390738 ], [ -103.5252861, 20.3396027 ], [ -103.5249432, 20.3402505 ], [ -103.5249884, 20.3407205 ], [ -103.5244322, 20.3422427 ], [ -103.5244475, 20.342848 ], [ -103.5255549, 20.3447005 ], [ -103.5258132, 20.3454614 ], [ -103.5261565, 20.3470724 ], [ -103.5257825, 20.3479455 ], [ -103.525127, 20.3484459 ], [ -103.5246999, 20.3494812 ], [ -103.5247005, 20.3499418 ], [ -103.5259043, 20.3513887 ], [ -103.5264936, 20.3518452 ], [ -103.5272406, 20.3545595 ], [ -103.5276993, 20.3579225 ], [ -103.5280337, 20.3587107 ], [ -103.528972, 20.3592882 ], [ -103.5297504, 20.3594587 ], [ -103.5311312, 20.3588927 ], [ -103.5316418, 20.3585537 ], [ -103.5323371, 20.3585954 ], [ -103.53297, 20.3589079 ], [ -103.5334893, 20.3595083 ], [ -103.5337789, 20.3602269 ], [ -103.5335261, 20.3614872 ], [ -103.532215, 20.3627667 ], [ -103.5309724, 20.3631333 ], [ -103.5303456, 20.3637323 ], [ -103.5302306, 20.3642907 ], [ -103.53091, 20.3653264 ], [ -103.5310852, 20.3654891 ], [ -103.5303383, 20.3659472 ], [ -103.5303488, 20.3668756 ], [ -103.5298633, 20.3674994 ], [ -103.5292102, 20.3678154 ], [ -103.5274115, 20.3684524 ], [ -103.526767, 20.3695426 ], [ -103.5267792, 20.3706263 ], [ -103.5267914, 20.37171 ], [ -103.5268001, 20.372484 ], [ -103.527792, 20.3730935 ], [ -103.5287858, 20.3738579 ], [ -103.5296066, 20.3738498 ], [ -103.5310429, 20.3741734 ], [ -103.5315211, 20.3746629 ], [ -103.5319332, 20.3755969 ], [ -103.5316966, 20.3770132 ], [ -103.5319788, 20.3775667 ], [ -103.5345876, 20.3781492 ], [ -103.5359838, 20.3782878 ], [ -103.5391582, 20.3841693 ], [ -103.5398819, 20.3844735 ], [ -103.540448, 20.3845688 ], [ -103.5415733, 20.3839954 ], [ -103.5414953, 20.3841222 ], [ -103.5410624, 20.3848599 ], [ -103.5408258, 20.3852186 ], [ -103.5405898, 20.385992 ], [ -103.5406324, 20.3861208 ], [ -103.5403204, 20.3864277 ], [ -103.5408769, 20.3870787 ], [ -103.5410049, 20.3874004 ], [ -103.5409405, 20.3879615 ], [ -103.5409675, 20.3884799 ], [ -103.5414316, 20.3891955 ], [ -103.541856, 20.3900035 ], [ -103.5419931, 20.3902484 ], [ -103.5424343, 20.3903948 ], [ -103.5434172, 20.3918165 ], [ -103.5434198, 20.3918202 ], [ -103.5432403, 20.3918295 ], [ -103.5432394, 20.3918295 ], [ -103.543378, 20.3924052 ], [ -103.5435182, 20.3927538 ], [ -103.5437979, 20.3928741 ], [ -103.5440551, 20.3928934 ], [ -103.5444129, 20.392905 ], [ -103.5447965, 20.3932981 ], [ -103.5453193, 20.3935196 ], [ -103.5455089, 20.3940047 ], [ -103.5455106, 20.3941001 ], [ -103.5461735, 20.3941063 ], [ -103.5464026, 20.3943107 ], [ -103.5464383, 20.394439 ], [ -103.5464101, 20.3945729 ], [ -103.5463799, 20.3947164 ], [ -103.5460749, 20.3949319 ], [ -103.5457221, 20.3951543 ], [ -103.5454895, 20.3951309 ], [ -103.5448917, 20.3948345 ], [ -103.5445134, 20.3946259 ], [ -103.5441848, 20.3945713 ], [ -103.5440208, 20.394573 ], [ -103.5436035, 20.3951244 ], [ -103.5435114, 20.3952765 ], [ -103.5432698, 20.3953359 ], [ -103.5425345, 20.3961879 ], [ -103.5441868, 20.3974583 ], [ -103.5448602, 20.3978681 ], [ -103.5452077, 20.3981771 ], [ -103.5455926, 20.3986051 ], [ -103.5459295, 20.3990563 ], [ -103.5463989, 20.3994834 ], [ -103.5466984, 20.3997617 ], [ -103.5469244, 20.4000095 ], [ -103.5473047, 20.4007765 ], [ -103.5476983, 20.4015762 ], [ -103.5479524, 20.4022471 ], [ -103.5480491, 20.4027678 ], [ -103.5480699, 20.4028798 ], [ -103.5480569, 20.4032223 ], [ -103.5483061, 20.4043185 ], [ -103.5481928, 20.4045434 ], [ -103.5478423, 20.4028223 ], [ -103.5439447, 20.4038697 ], [ -103.5396349, 20.4050244 ], [ -103.5398055, 20.4044085 ], [ -103.5402946, 20.4040939 ], [ -103.5410308, 20.4038542 ], [ -103.5414377, 20.4035404 ], [ -103.5415118, 20.402843 ], [ -103.541668, 20.4021447 ], [ -103.5412487, 20.4013747 ], [ -103.5409132, 20.4007586 ], [ -103.5403368, 20.4006096 ], [ -103.5387762, 20.4005483 ], [ -103.5382015, 20.4005541 ], [ -103.5376322, 20.4010244 ], [ -103.5361624, 20.4017359 ], [ -103.5354218, 20.4015886 ], [ -103.5345938, 20.4009776 ], [ -103.5342593, 20.4004391 ], [ -103.5334269, 20.3994412 ], [ -103.5328523, 20.399447 ], [ -103.5318698, 20.3996891 ], [ -103.5307161, 20.3993136 ], [ -103.5300567, 20.399088 ], [ -103.5289074, 20.3990996 ], [ -103.5279223, 20.3991095 ], [ -103.5270167, 20.3988864 ], [ -103.5264368, 20.3984277 ], [ -103.5263512, 20.3981189 ], [ -103.526347, 20.3981151 ], [ -103.5262771, 20.398176 ], [ -103.5262649, 20.3979443 ], [ -103.5250558, 20.3960893 ], [ -103.5246505, 20.3952719 ], [ -103.524878, 20.3943734 ], [ -103.5243893, 20.3932998 ], [ -103.5230382, 20.3929451 ], [ -103.5223674, 20.3928942 ], [ -103.5217789, 20.3934313 ], [ -103.5209942, 20.3930273 ], [ -103.5196211, 20.392844 ], [ -103.5178282, 20.3929734 ], [ -103.5166229, 20.3935233 ], [ -103.5159896, 20.3934275 ], [ -103.5145934, 20.3924036 ], [ -103.5127989, 20.3905896 ], [ -103.512063, 20.3905969 ], [ -103.5112404, 20.3904501 ], [ -103.5097472, 20.3890712 ], [ -103.5097403, 20.388452 ], [ -103.5098439, 20.3879353 ], [ -103.5091838, 20.3878326 ], [ -103.5077181, 20.3881811 ], [ -103.5063688, 20.3883675 ], [ -103.5045912, 20.3893783 ], [ -103.5030211, 20.3906779 ], [ -103.5014556, 20.3904442 ], [ -103.4998237, 20.390318 ], [ -103.4991249, 20.3899539 ], [ -103.4985951, 20.3902442 ], [ -103.4972835, 20.3904082 ], [ -103.4954776, 20.3904215 ], [ -103.493492, 20.3890464 ], [ -103.4926711, 20.3890525 ], [ -103.4908584, 20.3884484 ], [ -103.4888849, 20.3881547 ], [ -103.4872312, 20.3870861 ], [ -103.4863967, 20.3858566 ], [ -103.4858803, 20.3836979 ], [ -103.4858666, 20.3824623 ], [ -103.4848816, 20.3824697 ], [ -103.4837256, 20.3818606 ], [ -103.4828878, 20.3803224 ], [ -103.4828775, 20.3793958 ], [ -103.4831591, 20.3791561 ], [ -103.4824666, 20.3783489 ], [ -103.4820167, 20.377416 ], [ -103.4818183, 20.3762086 ], [ -103.4818157, 20.3760542 ], [ -103.4807094, 20.3763231 ], [ -103.4782419, 20.375878 ], [ -103.4772417, 20.3744954 ], [ -103.4769015, 20.3734169 ], [ -103.475084, 20.3723492 ], [ -103.4752379, 20.3714215 ], [ -103.4752244, 20.3701861 ], [ -103.475204, 20.3683332 ], [ -103.4745339, 20.3671026 ], [ -103.4737013, 20.3660276 ], [ -103.4726978, 20.3643361 ], [ -103.4726809, 20.3627914 ], [ -103.4726674, 20.3615554 ], [ -103.4729688, 20.3590791 ], [ -103.4729503, 20.3573769 ], [ -103.4717878, 20.3561494 ], [ -103.4701279, 20.3544621 ], [ -103.4700168, 20.3540605 ], [ -103.4697627, 20.3543404 ], [ -103.4690147, 20.3545322 ], [ -103.4688384, 20.3544613 ], [ -103.4680851, 20.3541622 ], [ -103.4680154, 20.353051 ], [ -103.4667423, 20.3522531 ], [ -103.4648648, 20.3529126 ], [ -103.464109, 20.352607 ], [ -103.4627825, 20.3504282 ], [ -103.4617972, 20.3495612 ], [ -103.4595617, 20.3493404 ], [ -103.4576923, 20.34852 ], [ -103.4554571, 20.348325 ], [ -103.4542076, 20.3476981 ], [ -103.4529107, 20.3466835 ], [ -103.451018, 20.3450314 ], [ -103.4494762, 20.3442663 ], [ -103.4487868, 20.3442417 ], [ -103.4488347, 20.3435056 ], [ -103.4489905, 20.342732 ], [ -103.4491447, 20.3418038 ], [ -103.4481483, 20.3407298 ], [ -103.4478151, 20.3402688 ], [ -103.4473178, 20.339809 ], [ -103.4471503, 20.3395012 ], [ -103.4471404, 20.3385739 ], [ -103.4471321, 20.337801 ], [ -103.4476112, 20.3365596 ], [ -103.4464508, 20.3354868 ], [ -103.4462801, 20.3348693 ], [ -103.4452888, 20.3342592 ], [ -103.4443091, 20.3347317 ], [ -103.4436559, 20.3350463 ], [ -103.4428452, 20.3359801 ], [ -103.4426894, 20.3367539 ], [ -103.4428618, 20.3375251 ], [ -103.442875, 20.3387608 ], [ -103.442885, 20.3396875 ], [ -103.4424026, 20.3406178 ], [ -103.4424125, 20.3415445 ], [ -103.4424257, 20.3427801 ], [ -103.4422682, 20.3433992 ], [ -103.4411227, 20.3437168 ], [ -103.4393157, 20.3435762 ], [ -103.4386526, 20.3429632 ], [ -103.4381438, 20.3414218 ], [ -103.438613, 20.3392553 ], [ -103.4385948, 20.3375563 ], [ -103.4374444, 20.3374103 ], [ -103.4354718, 20.3371159 ], [ -103.4343164, 20.3365065 ], [ -103.4344706, 20.3355784 ], [ -103.4344426, 20.3329526 ], [ -103.4339338, 20.3314117 ], [ -103.4326029, 20.3297222 ], [ -103.4317725, 20.3288014 ], [ -103.4307813, 20.3281907 ], [ -103.429462, 20.3275825 ], [ -103.4286513, 20.3285152 ], [ -103.4275108, 20.329296 ], [ -103.4262029, 20.3297692 ], [ -103.4252182, 20.3297767 ], [ -103.4234131, 20.3297908 ], [ -103.4222676, 20.3301092 ], [ -103.4209629, 20.3308934 ], [ -103.420815, 20.3324417 ], [ -103.420841, 20.3349179 ], [ -103.4211855, 20.3364629 ], [ -103.4211968, 20.3375465 ], [ -103.4218647, 20.338624 ], [ -103.4220465, 20.3403253 ], [ -103.4222251, 20.341717 ], [ -103.4222363, 20.3428006 ], [ -103.4212578, 20.3434291 ], [ -103.4194582, 20.3440652 ], [ -103.417488, 20.3440837 ], [ -103.4159978, 20.342859 ], [ -103.4159869, 20.3417754 ], [ -103.4158008, 20.3396097 ], [ -103.4148, 20.3380709 ], [ -103.4144152, 20.3372753 ], [ -103.414313, 20.3375482 ], [ -103.4131071, 20.3384499 ], [ -103.412626, 20.3384726 ], [ -103.4123973, 20.3385518 ], [ -103.4118629, 20.338737 ], [ -103.4108257, 20.3386641 ], [ -103.4098104, 20.3388536 ], [ -103.4069785, 20.3387738 ], [ -103.4033742, 20.3400058 ], [ -103.4032568, 20.3400904 ], [ -103.4023346, 20.3395801 ], [ -103.400528, 20.3395969 ], [ -103.3987214, 20.3396135 ], [ -103.3975732, 20.3397789 ], [ -103.3957696, 20.3401052 ], [ -103.3942975, 20.340738 ], [ -103.3941422, 20.3416683 ], [ -103.394201, 20.3419581 ], [ -103.3941658, 20.3419542 ], [ -103.3935699, 20.3420123 ], [ -103.3927918, 20.342827 ], [ -103.3932492, 20.343897 ], [ -103.39428, 20.3455238 ], [ -103.3942102, 20.3462366 ], [ -103.3945144, 20.3496449 ], [ -103.3939268, 20.3512382 ], [ -103.3922562, 20.3536887 ], [ -103.3915093, 20.3543574 ], [ -103.3914473, 20.3544129 ], [ -103.3901819, 20.3543287 ], [ -103.3895328, 20.3548829 ], [ -103.3890063, 20.3557633 ], [ -103.3883876, 20.3570853 ], [ -103.3879987, 20.3579401 ], [ -103.3864116, 20.3586661 ], [ -103.385007, 20.359186 ], [ -103.3843901, 20.3592617 ], [ -103.3838634, 20.3597445 ], [ -103.3820553, 20.3584384 ], [ -103.3819637, 20.3578684 ], [ -103.3816585, 20.3567093 ], [ -103.3818725, 20.3559977 ], [ -103.3831383, 20.3547357 ], [ -103.3836042, 20.3538096 ], [ -103.3831924, 20.3530921 ], [ -103.3829099, 20.3524843 ], [ -103.3840925, 20.3513209 ], [ -103.3854128, 20.3510802 ], [ -103.3868156, 20.3512177 ], [ -103.3868319, 20.3512142 ], [ -103.3868997, 20.3511998 ], [ -103.3874267, 20.3510876 ], [ -103.3886097, 20.3495449 ], [ -103.3886321, 20.3488857 ], [ -103.3877926, 20.3474688 ], [ -103.3874949, 20.3466373 ], [ -103.3869392, 20.3456568 ], [ -103.3853272, 20.3441151 ], [ -103.384445, 20.3436459 ], [ -103.3836345, 20.3433676 ], [ -103.383124, 20.343932 ], [ -103.3829637, 20.3449512 ], [ -103.3838567, 20.3470098 ], [ -103.3835575, 20.3476127 ], [ -103.3822466, 20.3482508 ], [ -103.3809331, 20.348401 ], [ -103.3803535, 20.3481427 ], [ -103.380017, 20.3481486 ], [ -103.3791494, 20.3479326 ], [ -103.3768539, 20.3488345 ], [ -103.3746638, 20.347418 ], [ -103.3738446, 20.3475802 ], [ -103.3715482, 20.3477557 ], [ -103.36958, 20.3479283 ], [ -103.3684357, 20.348403 ], [ -103.3674587, 20.3491859 ], [ -103.366313, 20.3495058 ], [ -103.3651643, 20.3495161 ], [ -103.3638548, 20.3498374 ], [ -103.3620583, 20.3506276 ], [ -103.3614153, 20.3518718 ], [ -103.3612629, 20.3529568 ], [ -103.3611105, 20.3540418 ], [ -103.3611362, 20.3541681 ], [ -103.3585731, 20.3559062 ], [ -103.3573381, 20.3568521 ], [ -103.3533446, 20.3591179 ], [ -103.3524979, 20.3593627 ], [ -103.3503566, 20.3604988 ], [ -103.349639, 20.3609527 ], [ -103.3495553, 20.3609877 ], [ -103.3495385, 20.3612661 ], [ -103.3488884, 20.3618912 ], [ -103.348565, 20.3623585 ], [ -103.3480789, 20.362982 ], [ -103.3470957, 20.3631455 ], [ -103.3449605, 20.3630096 ], [ -103.3437991, 20.3617814 ], [ -103.3437913, 20.3610074 ], [ -103.3446104, 20.3608454 ], [ -103.3446065, 20.3604618 ], [ -103.343789, 20.3605382 ], [ -103.3415082, 20.3620702 ], [ -103.3401881, 20.36241 ], [ -103.338754, 20.3624957 ], [ -103.3359007, 20.3639047 ], [ -103.334619, 20.3647235 ], [ -103.3332073, 20.3652791 ], [ -103.3325964, 20.3657428 ], [ -103.3305605, 20.3662746 ], [ -103.326807, 20.3675393 ], [ -103.3257923, 20.3681526 ], [ -103.3240992, 20.3685794 ], [ -103.3220553, 20.3695261 ], [ -103.3215741, 20.3693498 ], [ -103.3204827, 20.370062 ], [ -103.3191173, 20.3699856 ], [ -103.3182095, 20.3700581 ], [ -103.3156533, 20.3710271 ], [ -103.3148155, 20.3709287 ], [ -103.3131444, 20.3714096 ], [ -103.3094893, 20.373045 ], [ -103.3060777, 20.3748183 ], [ -103.3047675, 20.3749955 ], [ -103.3027758, 20.3750325 ], [ -103.3015019, 20.3740897 ], [ -103.3014254, 20.3730954 ], [ -103.3011886, 20.3724429 ], [ -103.3014631, 20.3717315 ], [ -103.3028747, 20.3704809 ], [ -103.3037379, 20.3700378 ], [ -103.304965, 20.3698873 ], [ -103.3062084, 20.3704298 ], [ -103.3073519, 20.3698356 ], [ -103.3077345, 20.3692522 ], [ -103.3083527, 20.3672439 ], [ -103.3094132, 20.3662876 ], [ -103.310222, 20.3660606 ], [ -103.3110528, 20.3663577 ], [ -103.3117546, 20.3664006 ], [ -103.3128608, 20.3656977 ], [ -103.3132731, 20.3648594 ], [ -103.3132118, 20.3641926 ], [ -103.3122511, 20.3611122 ], [ -103.312427, 20.3596688 ], [ -103.3126859, 20.3590998 ], [ -103.3133949, 20.3588559 ], [ -103.3151943, 20.3592073 ], [ -103.3158891, 20.3598285 ], [ -103.3169267, 20.361085 ], [ -103.3176902, 20.3624742 ], [ -103.3185596, 20.3634945 ], [ -103.319659, 20.3641824 ], [ -103.321062, 20.3643227 ], [ -103.3217046, 20.3641377 ], [ -103.3226721, 20.3638593 ], [ -103.3247473, 20.3636715 ], [ -103.3268071, 20.3627877 ], [ -103.3286681, 20.3624445 ], [ -103.329614, 20.3621645 ], [ -103.3317352, 20.3612994 ], [ -103.3336119, 20.3599354 ], [ -103.3345196, 20.359366 ], [ -103.3365875, 20.3582382 ], [ -103.3373117, 20.3577396 ], [ -103.3407292, 20.3546799 ], [ -103.3406074, 20.3545334 ], [ -103.3397806, 20.3539215 ], [ -103.3389538, 20.3533095 ], [ -103.3382895, 20.3525413 ], [ -103.337955, 20.351925 ], [ -103.3363046, 20.3510106 ], [ -103.3349762, 20.3494742 ], [ -103.334968, 20.3486665 ], [ -103.3329007, 20.3473997 ], [ -103.3323057, 20.3468428 ], [ -103.3315276, 20.3458781 ], [ -103.3310914, 20.3448714 ], [ -103.3280086, 20.3433776 ], [ -103.3270404, 20.3436608 ], [ -103.3258948, 20.3439805 ], [ -103.324088, 20.3438414 ], [ -103.3224454, 20.3437009 ], [ -103.3209576, 20.3426301 ], [ -103.3194684, 20.3414046 ], [ -103.3188089, 20.3411007 ], [ -103.3171693, 20.3412697 ], [ -103.315528, 20.3412839 ], [ -103.3138793, 20.3405241 ], [ -103.3128885, 20.3399134 ], [ -103.3109101, 20.3390017 ], [ -103.3090957, 20.3380884 ], [ -103.3079319, 20.3365504 ], [ -103.3077573, 20.3354682 ], [ -103.3078491, 20.3353506 ], [ -103.3071682, 20.3345623 ], [ -103.3067098, 20.3332664 ], [ -103.3065717, 20.3329037 ], [ -103.306649, 20.3324524 ], [ -103.3073888, 20.3314481 ], [ -103.3099294, 20.3299099 ], [ -103.3112941, 20.3294352 ], [ -103.3118059, 20.3294855 ], [ -103.3131863, 20.3291555 ], [ -103.3138347, 20.3291798 ], [ -103.3147243, 20.3288293 ], [ -103.3158933, 20.3283687 ], [ -103.3190116, 20.3263301 ], [ -103.3200481, 20.3258252 ], [ -103.3240198, 20.3253576 ], [ -103.327145, 20.3238948 ], [ -103.3285147, 20.3212072 ], [ -103.328644, 20.3207028 ], [ -103.3292307, 20.3198408 ], [ -103.3301754, 20.3192085 ], [ -103.3309551, 20.3188639 ], [ -103.331496, 20.3189051 ], [ -103.334158, 20.3179098 ], [ -103.3363007, 20.3168192 ], [ -103.3368042, 20.3171855 ], [ -103.3375756, 20.3174275 ], [ -103.3386502, 20.317456 ], [ -103.3397647, 20.317873 ], [ -103.340687, 20.3178093 ], [ -103.341329, 20.3180864 ], [ -103.3419013, 20.3181097 ], [ -103.3456632, 20.3162056 ], [ -103.3470058, 20.3156287 ], [ -103.3492099, 20.3156501 ], [ -103.3496142, 20.3166655 ], [ -103.3495547, 20.3172157 ], [ -103.3498296, 20.3175505 ], [ -103.3499975, 20.3177531 ], [ -103.3504687, 20.3172876 ], [ -103.3507252, 20.3171752 ], [ -103.3507263, 20.31729 ], [ -103.3520499, 20.3183619 ], [ -103.3538612, 20.3189651 ], [ -103.3546818, 20.3189578 ], [ -103.3557186, 20.3200303 ], [ -103.3581758, 20.3165115 ], [ -103.3594345, 20.3160356 ], [ -103.3609907, 20.3169536 ], [ -103.3613227, 20.3170222 ], [ -103.3620899, 20.3171807 ], [ -103.3633038, 20.3164513 ], [ -103.3644255, 20.3146187 ], [ -103.3651071, 20.3144715 ], [ -103.3677548, 20.3149819 ], [ -103.3684045, 20.3150238 ], [ -103.369396, 20.315765 ], [ -103.36996, 20.3172877 ], [ -103.370103, 20.3195839 ], [ -103.3703545, 20.3204986 ], [ -103.3705906, 20.3210789 ], [ -103.3714975, 20.3214487 ], [ -103.3723957, 20.3213651 ], [ -103.3728199, 20.3213255 ], [ -103.3739578, 20.3209475 ], [ -103.3755152, 20.3208897 ], [ -103.3783314, 20.3219095 ], [ -103.3793853, 20.3209616 ], [ -103.379981, 20.3203078 ], [ -103.3799048, 20.3196204 ], [ -103.3785479, 20.318298 ], [ -103.3778296, 20.3173608 ], [ -103.3772965, 20.3161726 ], [ -103.3773128, 20.3153597 ], [ -103.381948, 20.3137764 ], [ -103.3828024, 20.3138021 ], [ -103.3839542, 20.3136591 ], [ -103.3847784, 20.313678 ], [ -103.3867248, 20.3133413 ], [ -103.3879306, 20.3134247 ], [ -103.389892, 20.3127016 ], [ -103.3921967, 20.3122623 ], [ -103.3942332, 20.3122357 ], [ -103.3993223, 20.3110187 ], [ -103.4012609, 20.3109568 ], [ -103.401538, 20.3109795 ], [ -103.4015534, 20.3109498 ], [ -103.4015486, 20.310486 ], [ -103.4025267, 20.3098599 ], [ -103.4033487, 20.3100081 ], [ -103.4043412, 20.3107732 ], [ -103.4051649, 20.311076 ], [ -103.4059837, 20.3109153 ], [ -103.4063038, 20.3101403 ], [ -103.4066206, 20.3090565 ], [ -103.4066126, 20.308284 ], [ -103.4066061, 20.3076661 ], [ -103.407087, 20.306581 ], [ -103.4085621, 20.3064155 ], [ -103.4095466, 20.3064081 ], [ -103.4107032, 20.307172 ], [ -103.411366, 20.3077851 ], [ -103.4130181, 20.3088543 ], [ -103.4143389, 20.3096169 ], [ -103.4149952, 20.3096117 ], [ -103.4160573, 20.3103375 ], [ -103.4172577, 20.3102147 ], [ -103.4184087, 20.3097469 ], [ -103.420737, 20.309958 ], [ -103.4217589, 20.3099402 ], [ -103.4247038, 20.3103733 ], [ -103.4271142, 20.311172 ], [ -103.4287164, 20.3112315 ], [ -103.4309826, 20.3104202 ], [ -103.4349945, 20.3092988 ], [ -103.4365514, 20.3090323 ], [ -103.4372073, 20.309273 ], [ -103.4386493, 20.3091772 ], [ -103.4389353, 20.3092438 ], [ -103.4392146, 20.3093086 ], [ -103.4402973, 20.3089002 ], [ -103.4420056, 20.3085085 ], [ -103.4441489, 20.3082472 ], [ -103.4451407, 20.3077497 ], [ -103.4460415, 20.3076223 ], [ -103.4485975, 20.3076361 ], [ -103.4495969, 20.3073828 ], [ -103.4501466, 20.3068815 ], [ -103.4513131, 20.3060694 ], [ -103.4543878, 20.3033234 ], [ -103.4550678, 20.3025706 ], [ -103.4552866, 20.3024732 ], [ -103.4552794, 20.3017995 ], [ -103.4552728, 20.3011803 ], [ -103.4560882, 20.3007083 ], [ -103.4565721, 20.29993 ], [ -103.4565572, 20.2985373 ], [ -103.4560583, 20.2979228 ], [ -103.4548965, 20.2966953 ], [ -103.4542402, 20.2967011 ], [ -103.4532525, 20.2964005 ], [ -103.4527586, 20.2962503 ], [ -103.4527178, 20.2961628 ], [ -103.4518775, 20.2969319 ], [ -103.4510765, 20.2970781 ], [ -103.4504816, 20.296856 ], [ -103.4499853, 20.2966707 ], [ -103.4468798, 20.2970311 ], [ -103.4459417, 20.2968872 ], [ -103.4437441, 20.2971859 ], [ -103.4420818, 20.296927 ], [ -103.4411518, 20.2962681 ], [ -103.4407016, 20.2956014 ], [ -103.443093, 20.2960191 ], [ -103.4436004, 20.2932825 ], [ -103.4436623, 20.2922418 ], [ -103.4436964, 20.2919135 ], [ -103.4439047, 20.2899061 ], [ -103.4436397, 20.2898108 ], [ -103.4435757, 20.2886433 ], [ -103.443608, 20.2877282 ], [ -103.4438633, 20.2860822 ], [ -103.4432523, 20.2860003 ], [ -103.4427184, 20.2857241 ], [ -103.4423926, 20.2857213 ], [ -103.4429308, 20.2840379 ], [ -103.4434912, 20.2820295 ], [ -103.4440465, 20.2800254 ], [ -103.4414046, 20.2809507 ], [ -103.4385105, 20.2819825 ], [ -103.4384261, 20.2817072 ], [ -103.4382612, 20.2811698 ], [ -103.4388062, 20.2809339 ], [ -103.4389666, 20.2807056 ], [ -103.4390855, 20.2800885 ], [ -103.4392363, 20.2799877 ], [ -103.4392636, 20.2799695 ], [ -103.4398815, 20.2797633 ], [ -103.4402704, 20.2797144 ], [ -103.4386614, 20.2793444 ], [ -103.4388031, 20.278822 ], [ -103.4378082, 20.2786019 ], [ -103.4368812, 20.2783968 ], [ -103.4369918, 20.2778909 ], [ -103.4360564, 20.2776862 ], [ -103.4362687, 20.2767516 ], [ -103.435733, 20.2766617 ], [ -103.4354765, 20.2779643 ], [ -103.4350409, 20.2779162 ], [ -103.4349714, 20.2783239 ], [ -103.4349554, 20.2784053 ], [ -103.4348216, 20.2790857 ], [ -103.434586, 20.2803893 ], [ -103.4322322, 20.2782902 ], [ -103.4317538, 20.2783326 ], [ -103.4316593, 20.2780799 ], [ -103.4312414, 20.2777142 ], [ -103.430882, 20.2772404 ], [ -103.4302187, 20.2764926 ], [ -103.4297711, 20.2761634 ], [ -103.4294823, 20.2761108 ], [ -103.4292812, 20.2761099 ], [ -103.4291112, 20.2761413 ], [ -103.4287196, 20.2759373 ], [ -103.4280681, 20.2756474 ], [ -103.4272213, 20.2754228 ], [ -103.4260192, 20.2753453 ], [ -103.4249053, 20.2752853 ], [ -103.4240221, 20.2751605 ], [ -103.4228562, 20.2749998 ], [ -103.4223621, 20.2748785 ], [ -103.4221526, 20.2746093 ], [ -103.4219964, 20.2743071 ], [ -103.4220364, 20.2738563 ], [ -103.4224478, 20.2733921 ], [ -103.4226112, 20.2729759 ], [ -103.422314, 20.2726223 ], [ -103.42146, 20.2720465 ], [ -103.4207624, 20.2718306 ], [ -103.4204792, 20.2717346 ], [ -103.4200338, 20.2716404 ], [ -103.4197894, 20.2716382 ], [ -103.4195571, 20.2714957 ], [ -103.4193045, 20.2712526 ], [ -103.4188695, 20.2711884 ], [ -103.4185293, 20.2712055 ], [ -103.4183781, 20.2711786 ], [ -103.4183832, 20.2705992 ] ], [ [ -103.4880795, 20.3503593 ], [ -103.4848216, 20.353558 ], [ -103.485402, 20.354747 ], [ -103.4835406, 20.356195 ], [ -103.4862187, 20.3577453 ], [ -103.4871796, 20.357247 ], [ -103.4885984, 20.3549094 ], [ -103.4903151, 20.3521045 ], [ -103.4880795, 20.3503593 ] ], [ [ -103.4820315, 20.331034 ], [ -103.4824779, 20.3316956 ], [ -103.4826838, 20.3319937 ], [ -103.4830099, 20.331797 ], [ -103.4831291, 20.3317283 ], [ -103.4829464, 20.3314162 ], [ -103.4833419, 20.3311804 ], [ -103.4826721, 20.3300703 ], [ -103.4846162, 20.3289959 ], [ -103.4843785, 20.3290006 ], [ -103.4840986, 20.3289569 ], [ -103.4840553, 20.3289485 ], [ -103.4877478, 20.3269392 ], [ -103.4937791, 20.3235694 ], [ -103.4941235, 20.3239104 ], [ -103.4958206, 20.3227931 ], [ -103.492414, 20.3202941 ], [ -103.4836828, 20.3254906 ], [ -103.4836083, 20.3246868 ], [ -103.4807928, 20.3247156 ], [ -103.4795911, 20.3232533 ], [ -103.4816186, 20.3220762 ], [ -103.4802057, 20.3196855 ], [ -103.4792315, 20.3202176 ], [ -103.4786673, 20.3193467 ], [ -103.4766685, 20.3205445 ], [ -103.4772833, 20.3214088 ], [ -103.4764158, 20.3219813 ], [ -103.4765299, 20.3221398 ], [ -103.4756321, 20.3227227 ], [ -103.4766341, 20.3240085 ], [ -103.4749476, 20.3257117 ], [ -103.4744892, 20.3261748 ], [ -103.4744725, 20.3261686 ], [ -103.4731934, 20.3272799 ], [ -103.4733099, 20.3273665 ], [ -103.4730417, 20.3276375 ], [ -103.4739589, 20.3282722 ], [ -103.4733429, 20.3287973 ], [ -103.4753694, 20.3293476 ], [ -103.4770482, 20.3297454 ], [ -103.4772692, 20.3298189 ], [ -103.4801713, 20.3324387 ], [ -103.4820315, 20.331034 ] ] ], [ [ [ -103.367837, 20.2266853 ], [ -103.3680688, 20.226724 ], [ -103.3681909, 20.2267399 ], [ -103.3679441, 20.2267519 ], [ -103.367837, 20.2266853 ] ] ] ] } },
{ "type": "Feature", "properties": { "OBJECTID": 61592, "CVE_V": "PI", "TIP_INFO": "ECOLÓGICA-FLORÍSTICA-FISONÓMICA", "TIP_ECOV": "VEGETACIÓN INDUCIDA", "TIP_VEG": "PASTIZAL INDUCIDO", "DESVEG": "NO DISPONIBLE", "FASE_VS": "NO DISPONIBLE", "OTROS": "NO APLICABLE" }, "geometry": { "type": "Polygon", "coordinates": [ [ [ -103.3252346, 20.3522221 ], [ -103.3258999, 20.3509371 ], [ -103.3258137, 20.3497527 ], [ -103.3253962, 20.3488455 ], [ -103.3251885, 20.3482562 ], [ -103.3270271, 20.3482288 ], [ -103.3287195, 20.348744 ], [ -103.3293223, 20.3486934 ], [ -103.3298342, 20.3489241 ], [ -103.3312917, 20.3492633 ], [ -103.3323829, 20.3502224 ], [ -103.3329175, 20.35135 ], [ -103.3338462, 20.3513418 ], [ -103.334018, 20.3521144 ], [ -103.3343509, 20.3525759 ], [ -103.3348463, 20.3528812 ], [ -103.33469, 20.3536566 ], [ -103.3335426, 20.3538215 ], [ -103.3330594, 20.3547546 ], [ -103.3329014, 20.3553752 ], [ -103.3327434, 20.3559958 ], [ -103.33176, 20.3561592 ], [ -103.3312676, 20.3561636 ], [ -103.3308727, 20.3559816 ], [ -103.3303386, 20.3566794 ], [ -103.329759, 20.3566465 ], [ -103.3289349, 20.3569371 ], [ -103.3249307, 20.357269 ], [ -103.3239994, 20.3574137 ], [ -103.3233113, 20.3571085 ], [ -103.3230157, 20.356627 ], [ -103.3227621, 20.3555229 ], [ -103.3233888, 20.3552035 ], [ -103.3248447, 20.3543775 ], [ -103.3252346, 20.3522221 ] ] ] } },
{ "type": "Feature", "properties": { "OBJECTID": 61628, "CVE_V": "PI", "TIP_INFO": "ECOLÓGICA-FLORÍSTICA-FISONÓMICA", "TIP_ECOV": "VEGETACIÓN INDUCIDA", "TIP_VEG": "PASTIZAL INDUCIDO", "DESVEG": "NO DISPONIBLE", "FASE_VS": "NO DISPONIBLE", "OTROS": "NO APLICABLE" }, "geometry": { "type": "MultiPolygon", "coordinates": [ [ [ [ -103.2961886, 20.3825931 ], [ -103.2954428, 20.3792366 ], [ -103.2956397, 20.3786368 ], [ -103.2961147, 20.3777276 ], [ -103.2980762, 20.3788078 ], [ -103.3000295, 20.379414 ], [ -103.3016993, 20.3802771 ], [ -103.3022946, 20.3809244 ], [ -103.3023872, 20.3815572 ], [ -103.3011883, 20.3821507 ], [ -103.299641, 20.3830118 ], [ -103.2986882, 20.3834473 ], [ -103.2971229, 20.3829466 ], [ -103.2962161, 20.3826556 ], [ -103.2962108, 20.3826562 ], [ -103.2961886, 20.3825931 ] ] ], [ [ [ -103.2943109, 20.3713919 ], [ -103.2947428, 20.37294 ], [ -103.2945741, 20.3736516 ], [ -103.294319, 20.3743502 ], [ -103.2943109, 20.3713919 ] ] ] ] } },
{ "type": "Feature", "properties": { "OBJECTID": 71762, "CVE_V": "SBC", "TIP_INFO": "ECOLÓGICA-FLORÍSTICA-FISONÓMICA", "TIP_ECOV": "SELVA CADUCIFOLIA", "TIP_VEG": "SELVA BAJA CADUCIFOLIA", "DESVEG": "PRIMARIA", "FASE_VS": "NINGUNO", "OTROS": "NO APLICABLE" }, "geometry": { "type": "MultiPolygon", "coordinates": [ [ [ [ -103.4587779, 20.2242327 ], [ -103.4590721, 20.225054 ], [ -103.4592731, 20.225612 ], [ -103.4595607, 20.226002 ], [ -103.459957, 20.2276312 ], [ -103.4600524, 20.2276298 ], [ -103.4600142, 20.2278662 ], [ -103.4621043, 20.2280829 ], [ -103.4620085, 20.2284058 ], [ -103.4618269, 20.2293909 ], [ -103.4625119, 20.2302359 ], [ -103.4629399, 20.2299597 ], [ -103.4629065, 20.2305791 ], [ -103.4628472, 20.2306206 ], [ -103.4627557, 20.2311944 ], [ -103.4630581, 20.2315454 ], [ -103.4628285, 20.2315738 ], [ -103.4602107, 20.2304591 ], [ -103.4575645, 20.2291541 ], [ -103.4569004, 20.229032 ], [ -103.4563203, 20.2291361 ], [ -103.4547203, 20.2290794 ], [ -103.4523467, 20.2281023 ], [ -103.4536213, 20.2265009 ], [ -103.4544428, 20.2269597 ], [ -103.45584, 20.2273678 ], [ -103.4564196, 20.2274449 ], [ -103.4570386, 20.2273951 ], [ -103.4578009, 20.2263874 ], [ -103.458122, 20.2256577 ], [ -103.4574273, 20.2235874 ], [ -103.4587779, 20.2242327 ] ] ], [ [ [ -103.4688587, 20.2438559 ], [ -103.469614, 20.2466126 ], [ -103.4691807, 20.2471694 ], [ -103.4673313, 20.2464996 ], [ -103.4667209, 20.2464674 ], [ -103.4620448, 20.2447126 ], [ -103.4614184, 20.2445354 ], [ -103.4591381, 20.2431144 ], [ -103.4576569, 20.2407432 ], [ -103.4576645, 20.2401196 ], [ -103.4582979, 20.2389589 ], [ -103.4588477, 20.2385022 ], [ -103.4610448, 20.2389085 ], [ -103.4639434, 20.2406497 ], [ -103.4652037, 20.2414732 ], [ -103.466689, 20.2424435 ], [ -103.4679567, 20.2424055 ], [ -103.4683921, 20.2421565 ], [ -103.4688587, 20.2438559 ] ] ] ] } },
{ "type": "Feature", "properties": { "OBJECTID": 71764, "CVE_V": "SBC", "TIP_INFO": "ECOLÓGICA-FLORÍSTICA-FISONÓMICA", "TIP_ECOV": "SELVA CADUCIFOLIA", "TIP_VEG": "SELVA BAJA CADUCIFOLIA", "DESVEG": "PRIMARIA", "FASE_VS": "NINGUNO", "OTROS": "NO APLICABLE" }, "geometry": { "type": "Polygon", "coordinates": [ [ [ -103.2907383, 20.3272063 ], [ -103.2911416, 20.3266377 ], [ -103.2916511, 20.3262848 ], [ -103.2926021, 20.3262481 ], [ -103.2938254, 20.3261042 ], [ -103.2944592, 20.3257077 ], [ -103.2955258, 20.3256509 ], [ -103.2963719, 20.3256914 ], [ -103.297159, 20.325603 ], [ -103.2986698, 20.325332 ], [ -103.2996637, 20.3252692 ], [ -103.3001659, 20.325034 ], [ -103.3006817, 20.3247171 ], [ -103.3010637, 20.3236401 ], [ -103.3010338, 20.3228979 ], [ -103.301064, 20.322478 ], [ -103.3010005, 20.3219848 ], [ -103.3003011, 20.3199429 ], [ -103.3001508, 20.3191491 ], [ -103.3001948, 20.3187638 ], [ -103.3001269, 20.3184002 ], [ -103.2997724, 20.3181763 ], [ -103.2987543, 20.3174652 ], [ -103.2983219, 20.3167849 ], [ -103.2983295, 20.3160707 ], [ -103.2982616, 20.3152057 ], [ -103.2988393, 20.3151059 ], [ -103.2990401, 20.3148303 ], [ -103.2991174, 20.3144965 ], [ -103.2991344, 20.3141183 ], [ -103.2993769, 20.3136702 ], [ -103.2995481, 20.3132907 ], [ -103.299912, 20.3126187 ], [ -103.3000432, 20.3123558 ], [ -103.300309, 20.3121354 ], [ -103.3004195, 20.311863 ], [ -103.3003922, 20.3111653 ], [ -103.3004073, 20.3105932 ], [ -103.3005483, 20.3102817 ], [ -103.3005116, 20.3096958 ], [ -103.3002714, 20.3093197 ], [ -103.3001317, 20.3087005 ], [ -103.3001031, 20.3078573 ], [ -103.3001001, 20.3068615 ], [ -103.3002346, 20.3065756 ], [ -103.3002031, 20.3061531 ], [ -103.3001186, 20.3059381 ], [ -103.300115, 20.3055584 ], [ -103.3000844, 20.3052308 ], [ -103.299953, 20.3048954 ], [ -103.2998408, 20.3046548 ], [ -103.2997844, 20.3045 ], [ -103.2997918, 20.3043187 ], [ -103.2999003, 20.3041711 ], [ -103.3000181, 20.3040493 ], [ -103.3001994, 20.3038665 ], [ -103.3003629, 20.3037271 ], [ -103.3005067, 20.3034497 ], [ -103.300661, 20.3033104 ], [ -103.3008206, 20.3032177 ], [ -103.3009429, 20.3031441 ], [ -103.3013001, 20.3031098 ], [ -103.3016208, 20.3029625 ], [ -103.3019405, 20.3029281 ], [ -103.3021417, 20.302855 ], [ -103.3021803, 20.3024857 ], [ -103.3021086, 20.3022159 ], [ -103.3019654, 20.3019432 ], [ -103.3020347, 20.3017722 ], [ -103.3021362, 20.3015888 ], [ -103.302394, 20.3015441 ], [ -103.3026836, 20.3014625 ], [ -103.3028564, 20.3013089 ], [ -103.3028867, 20.3011079 ], [ -103.3027616, 20.3008412 ], [ -103.3024435, 20.300566 ], [ -103.3022461, 20.3005263 ], [ -103.3020483, 20.3004492 ], [ -103.3020476, 20.3003744 ], [ -103.3023294, 20.3001889 ], [ -103.3025298, 20.3000405 ], [ -103.3026517, 20.2999289 ], [ -103.3026544, 20.2997039 ], [ -103.3025769, 20.2994399 ], [ -103.3023395, 20.2992497 ], [ -103.3019843, 20.2989835 ], [ -103.3018287, 20.2986063 ], [ -103.301872, 20.2983061 ], [ -103.3019625, 20.2981268 ], [ -103.3021482, 20.2981252 ], [ -103.3029234, 20.2983838 ], [ -103.3034873, 20.2985778 ], [ -103.3046124, 20.2987008 ], [ -103.3051, 20.2982988 ], [ -103.3046718, 20.2976394 ], [ -103.3045948, 20.2969771 ], [ -103.3048724, 20.2966432 ], [ -103.30534, 20.2960198 ], [ -103.3071959, 20.2960278 ], [ -103.3091567, 20.2964533 ], [ -103.3093459, 20.2964862 ], [ -103.3104765, 20.2966828 ], [ -103.3119762, 20.2962931 ], [ -103.3123904, 20.2966448 ], [ -103.313304, 20.2966369 ], [ -103.3143575, 20.2965615 ], [ -103.3148417, 20.2957616 ], [ -103.3158192, 20.2950901 ], [ -103.3169487, 20.2956108 ], [ -103.3176573, 20.2962014 ], [ -103.3185805, 20.2971879 ], [ -103.3192233, 20.2982433 ], [ -103.3191652, 20.2995036 ], [ -103.3191723, 20.3002329 ], [ -103.3196694, 20.300759 ], [ -103.3204489, 20.3014153 ], [ -103.3218545, 20.3014031 ], [ -103.3228384, 20.3013945 ], [ -103.323928, 20.3006324 ], [ -103.3242611, 20.3006547 ], [ -103.3243903, 20.3006294 ], [ -103.3250094, 20.3005082 ], [ -103.3263534, 20.3005752 ], [ -103.3264611, 20.3005348 ], [ -103.3273979, 20.3001877 ], [ -103.3293513, 20.2989146 ], [ -103.3314569, 20.2986728 ], [ -103.3350814, 20.2973889 ], [ -103.3358968, 20.2972248 ], [ -103.3368365, 20.2972251 ], [ -103.3389012, 20.2961944 ], [ -103.3395228, 20.2958841 ], [ -103.3407059, 20.2956245 ], [ -103.3424169, 20.294502 ], [ -103.3425155, 20.2945789 ], [ -103.3426266, 20.2944509 ], [ -103.3426297, 20.2944504 ], [ -103.3429257, 20.2945937 ], [ -103.3430926, 20.2946383 ], [ -103.3432324, 20.2943667 ], [ -103.343237, 20.2943631 ], [ -103.3437744, 20.2942859 ], [ -103.345746, 20.2944232 ], [ -103.3475519, 20.2944072 ], [ -103.348537, 20.2943984 ], [ -103.349041, 20.2956324 ], [ -103.3498647, 20.2959347 ], [ -103.3511853, 20.296697 ], [ -103.3533165, 20.2962465 ], [ -103.3533277, 20.2962845 ], [ -103.3549107, 20.2961987 ], [ -103.3574258, 20.2960518 ], [ -103.3575412, 20.2960451 ], [ -103.358731, 20.2959755 ], [ -103.3587058, 20.2957802 ], [ -103.3597676, 20.2955953 ], [ -103.3609812, 20.2952635 ], [ -103.3616969, 20.2954177 ], [ -103.3618707, 20.2953475 ], [ -103.3621494, 20.2950798 ], [ -103.3629195, 20.2947413 ], [ -103.3636928, 20.2947344 ], [ -103.364608, 20.2948588 ], [ -103.3653864, 20.2953822 ], [ -103.3659494, 20.2954434 ], [ -103.3673559, 20.2954971 ], [ -103.3681988, 20.2954231 ], [ -103.3689017, 20.2954168 ], [ -103.3701669, 20.2954053 ], [ -103.3716462, 20.2957235 ], [ -103.3719306, 20.2960524 ], [ -103.371936, 20.2961113 ], [ -103.37239, 20.295986 ], [ -103.3726915, 20.2968132 ], [ -103.3745089, 20.2980352 ], [ -103.3754935, 20.2980263 ], [ -103.3773032, 20.2984742 ], [ -103.3784627, 20.2995474 ], [ -103.3796254, 20.3009301 ], [ -103.3816054, 20.3019957 ], [ -103.3830822, 20.3019822 ], [ -103.3848856, 20.3018108 ], [ -103.3863575, 20.301333 ], [ -103.3886435, 20.3002302 ], [ -103.3907652, 20.2991307 ], [ -103.3919089, 20.2986583 ], [ -103.3932247, 20.2989574 ], [ -103.3950278, 20.2987896 ], [ -103.3966701, 20.298932 ], [ -103.3983108, 20.29892 ], [ -103.3996044, 20.2987477 ], [ -103.3995489, 20.2990615 ], [ -103.4004049, 20.3002703 ], [ -103.4015502, 20.3013469 ], [ -103.4020368, 20.3019203 ], [ -103.403296, 20.3030792 ], [ -103.4038449, 20.3043383 ], [ -103.403547, 20.3059577 ], [ -103.4009835, 20.3076162 ], [ -103.3997572, 20.3070802 ], [ -103.3985218, 20.3070582 ], [ -103.3973837, 20.3078491 ], [ -103.396665, 20.308055 ], [ -103.3964685, 20.308111 ], [ -103.3958511, 20.3078971 ], [ -103.3955383, 20.3073979 ], [ -103.3949198, 20.3068408 ], [ -103.3941864, 20.3065627 ], [ -103.3932186, 20.3068606 ], [ -103.3923876, 20.3073769 ], [ -103.3898508, 20.3081727 ], [ -103.3871293, 20.309027 ], [ -103.3861391, 20.309027 ], [ -103.3841622, 20.3081954 ], [ -103.382773, 20.308445 ], [ -103.3815376, 20.3084603 ], [ -103.381147, 20.3073728 ], [ -103.3803781, 20.3059475 ], [ -103.3793258, 20.3050253 ], [ -103.377973, 20.3045882 ], [ -103.3767905, 20.3041166 ], [ -103.3749146, 20.3045145 ], [ -103.373753, 20.304703 ], [ -103.372097, 20.3044976 ], [ -103.3671297, 20.304237 ], [ -103.3656928, 20.304603 ], [ -103.3643195, 20.3043105 ], [ -103.3637206, 20.3045488 ], [ -103.3634116, 20.3046723 ], [ -103.3625937, 20.3046468 ], [ -103.3602275, 20.3051578 ], [ -103.3591806, 20.3061052 ], [ -103.357011, 20.3068167 ], [ -103.3544775, 20.3071635 ], [ -103.3541704, 20.3072394 ], [ -103.3539497, 20.307294 ], [ -103.3520274, 20.3071587 ], [ -103.3506216, 20.3074704 ], [ -103.3494611, 20.3072789 ], [ -103.3481505, 20.3067243 ], [ -103.346098, 20.3064789 ], [ -103.3446636, 20.3067545 ], [ -103.343847, 20.3063134 ], [ -103.3426266, 20.3063468 ], [ -103.3405955, 20.3065533 ], [ -103.3368054, 20.3065259 ], [ -103.3356077, 20.3069303 ], [ -103.334799, 20.3068053 ], [ -103.3336758, 20.306966 ], [ -103.3319225, 20.3070782 ], [ -103.3295269, 20.3081029 ], [ -103.3276725, 20.3099192 ], [ -103.3262994, 20.3110533 ], [ -103.3258021, 20.3113014 ], [ -103.3232248, 20.3132547 ], [ -103.3196903, 20.3152078 ], [ -103.3186443, 20.3155411 ], [ -103.313265, 20.3181272 ], [ -103.3119163, 20.3189357 ], [ -103.3098121, 20.3205957 ], [ -103.3088362, 20.3214894 ], [ -103.3071218, 20.3237672 ], [ -103.3062276, 20.3244726 ], [ -103.3054655, 20.3246815 ], [ -103.3046652, 20.3244209 ], [ -103.3025284, 20.3256175 ], [ -103.3021941, 20.3260953 ], [ -103.301317, 20.3266016 ], [ -103.2987607, 20.3276968 ], [ -103.2966852, 20.3275593 ], [ -103.2954797, 20.3276647 ], [ -103.2942293, 20.3276074 ], [ -103.2936423, 20.3278005 ], [ -103.2911932, 20.3275419 ], [ -103.2904467, 20.3273468 ], [ -103.2907383, 20.3272063 ] ] ] } },
{ "type": "Feature", "properties": { "OBJECTID": 71767, "CVE_V": "SBC", "TIP_INFO": "ECOLÓGICA-FLORÍSTICA-FISONÓMICA", "TIP_ECOV": "SELVA CADUCIFOLIA", "TIP_VEG": "SELVA BAJA CADUCIFOLIA", "DESVEG": "PRIMARIA", "FASE_VS": "NINGUNO", "OTROS": "NO APLICABLE" }, "geometry": { "type": "Polygon", "coordinates": [ [ [ -103.5200358, 20.4062055 ], [ -103.5188609, 20.4067682 ], [ -103.518372, 20.4069244 ], [ -103.5177113, 20.4071934 ], [ -103.5168804, 20.4073003 ], [ -103.5159817, 20.4071081 ], [ -103.5157343, 20.4070213 ], [ -103.515425, 20.4066155 ], [ -103.5149677, 20.4048717 ], [ -103.514182, 20.403007 ], [ -103.513579, 20.4024242 ], [ -103.5128382, 20.4024064 ], [ -103.5121989, 20.4030753 ], [ -103.5115583, 20.4034197 ], [ -103.5108642, 20.4037091 ], [ -103.5107271, 20.4030657 ], [ -103.5106968, 20.4022926 ], [ -103.5100628, 20.401511 ], [ -103.508696, 20.4009914 ], [ -103.508063, 20.4017954 ], [ -103.5074153, 20.4021485 ], [ -103.506952, 20.4017969 ], [ -103.5066683, 20.4015819 ], [ -103.5064075, 20.4008421 ], [ -103.5062708, 20.3998046 ], [ -103.5060725, 20.3990548 ], [ -103.5051946, 20.3979634 ], [ -103.5037908, 20.3975786 ], [ -103.5029819, 20.3974885 ], [ -103.5019447, 20.3980634 ], [ -103.5013423, 20.3979487 ], [ -103.4995264, 20.3979113 ], [ -103.4988172, 20.3977054 ], [ -103.4974281, 20.397772 ], [ -103.4968412, 20.3979737 ], [ -103.4942395, 20.3979839 ], [ -103.4928979, 20.3975648 ], [ -103.4915603, 20.3975157 ], [ -103.4906227, 20.3973175 ], [ -103.4870293, 20.3952802 ], [ -103.4858396, 20.3948994 ], [ -103.4841778, 20.3948848 ], [ -103.4825298, 20.3943731 ], [ -103.4808124, 20.3934552 ], [ -103.4801933, 20.3926909 ], [ -103.4797524, 20.3910696 ], [ -103.4789734, 20.3895366 ], [ -103.4780036, 20.3883716 ], [ -103.4753873, 20.3870411 ], [ -103.4741667, 20.3869039 ], [ -103.4726627, 20.3861318 ], [ -103.46711, 20.3845656 ], [ -103.4665521, 20.3841181 ], [ -103.4656302, 20.3829084 ], [ -103.465318, 20.381822 ], [ -103.4666058, 20.380821 ], [ -103.4689946, 20.3802639 ], [ -103.4695348, 20.3795283 ], [ -103.4693295, 20.3785511 ], [ -103.4674385, 20.3780011 ], [ -103.4661626, 20.3780801 ], [ -103.4651348, 20.3784234 ], [ -103.463212, 20.3787225 ], [ -103.4626859, 20.378998 ], [ -103.4620904, 20.3788575 ], [ -103.4614631, 20.3784361 ], [ -103.4607073, 20.3774628 ], [ -103.4602889, 20.376565 ], [ -103.4618151, 20.3749343 ], [ -103.4629298, 20.3744021 ], [ -103.4639583, 20.3743482 ], [ -103.465843, 20.3741037 ], [ -103.4667431, 20.374184 ], [ -103.4672472, 20.3738913 ], [ -103.4677576, 20.3732918 ], [ -103.4668429, 20.3720915 ], [ -103.4653934, 20.3710032 ], [ -103.4636071, 20.3707877 ], [ -103.4627378, 20.369768 ], [ -103.462836, 20.3690651 ], [ -103.4635931, 20.3677194 ], [ -103.464102, 20.3663267 ], [ -103.4642694, 20.3638134 ], [ -103.4640877, 20.3630179 ], [ -103.4635078, 20.3623086 ], [ -103.4623552, 20.3617647 ], [ -103.4616542, 20.3616308 ], [ -103.4594648, 20.3623554 ], [ -103.4590747, 20.362294 ], [ -103.4588556, 20.3622589 ], [ -103.458052, 20.3615292 ], [ -103.4579473, 20.3603017 ], [ -103.4580449, 20.3595452 ], [ -103.4569851, 20.3582449 ], [ -103.4552614, 20.3573429 ], [ -103.4545444, 20.3572834 ], [ -103.4539028, 20.357529 ], [ -103.4527666, 20.3587262 ], [ -103.4510105, 20.359061 ], [ -103.4502173, 20.3581687 ], [ -103.4500887, 20.3573912 ], [ -103.4490648, 20.3558378 ], [ -103.4481896, 20.3551522 ], [ -103.4474165, 20.3550184 ], [ -103.4464643, 20.3549909 ], [ -103.4454417, 20.3540065 ], [ -103.444693, 20.3530061 ], [ -103.4451587, 20.3513779 ], [ -103.4438917, 20.3491095 ], [ -103.4419482, 20.3467443 ], [ -103.4423047, 20.3459183 ], [ -103.443077, 20.3453132 ], [ -103.4451736, 20.3444798 ], [ -103.446913, 20.3441748 ], [ -103.4487868, 20.3442417 ], [ -103.4494762, 20.3442663 ], [ -103.451018, 20.3450314 ], [ -103.4529107, 20.3466835 ], [ -103.4542076, 20.3476981 ], [ -103.4554571, 20.348325 ], [ -103.4576923, 20.34852 ], [ -103.4595617, 20.3493404 ], [ -103.4617972, 20.3495612 ], [ -103.4627825, 20.3504282 ], [ -103.464109, 20.352607 ], [ -103.4648648, 20.3529126 ], [ -103.4667423, 20.3522531 ], [ -103.4680154, 20.353051 ], [ -103.4680851, 20.3541622 ], [ -103.4688384, 20.3544613 ], [ -103.4690147, 20.3545322 ], [ -103.4697627, 20.3543404 ], [ -103.4700168, 20.3540605 ], [ -103.4701279, 20.3544621 ], [ -103.4717878, 20.3561494 ], [ -103.4729503, 20.3573769 ], [ -103.4729688, 20.3590791 ], [ -103.4726674, 20.3615554 ], [ -103.4726809, 20.3627914 ], [ -103.4726978, 20.3643361 ], [ -103.4737013, 20.3660276 ], [ -103.4745339, 20.3671026 ], [ -103.475204, 20.3683332 ], [ -103.4752244, 20.3701861 ], [ -103.4752379, 20.3714215 ], [ -103.475084, 20.3723492 ], [ -103.4769015, 20.3734169 ], [ -103.4772417, 20.3744954 ], [ -103.4782419, 20.375878 ], [ -103.4807094, 20.3763231 ], [ -103.4818157, 20.3760542 ], [ -103.4818183, 20.3762086 ], [ -103.4820167, 20.377416 ], [ -103.4824666, 20.3783489 ], [ -103.4831591, 20.3791561 ], [ -103.4828775, 20.3793958 ], [ -103.4828878, 20.3803224 ], [ -103.4837256, 20.3818606 ], [ -103.4848816, 20.3824697 ], [ -103.4858666, 20.3824623 ], [ -103.4858803, 20.3836979 ], [ -103.4863967, 20.3858566 ], [ -103.4872312, 20.3870861 ], [ -103.4888849, 20.3881547 ], [ -103.4908584, 20.3884484 ], [ -103.4926711, 20.3890525 ], [ -103.493492, 20.3890464 ], [ -103.4954776, 20.3904215 ], [ -103.4972835, 20.3904082 ], [ -103.4985951, 20.3902442 ], [ -103.4991249, 20.3899539 ], [ -103.4998237, 20.390318 ], [ -103.5014556, 20.3904442 ], [ -103.5030211, 20.3906779 ], [ -103.5045912, 20.3893783 ], [ -103.5063688, 20.3883675 ], [ -103.5077181, 20.3881811 ], [ -103.5091838, 20.3878326 ], [ -103.5098439, 20.3879353 ], [ -103.5097403, 20.388452 ], [ -103.5097472, 20.3890712 ], [ -103.5112404, 20.3904501 ], [ -103.512063, 20.3905969 ], [ -103.5127989, 20.3905896 ], [ -103.5145934, 20.3924036 ], [ -103.5159896, 20.3934275 ], [ -103.5166229, 20.3935233 ], [ -103.5178282, 20.3929734 ], [ -103.5196211, 20.392844 ], [ -103.5209942, 20.3930273 ], [ -103.5217789, 20.3934313 ], [ -103.5219628, 20.3978057 ], [ -103.5201009, 20.3983951 ], [ -103.5185824, 20.397653 ], [ -103.5175312, 20.3974066 ], [ -103.5169122, 20.397103 ], [ -103.516356, 20.3972605 ], [ -103.515569, 20.3982721 ], [ -103.5156319, 20.3991565 ], [ -103.5162186, 20.4004343 ], [ -103.5177225, 20.4018019 ], [ -103.5199715, 20.4022849 ], [ -103.5208567, 20.4025197 ], [ -103.5214972, 20.4030219 ], [ -103.5219567, 20.4036763 ], [ -103.5228171, 20.405335 ], [ -103.5219177, 20.4059752 ], [ -103.521087, 20.4060925 ], [ -103.5204259, 20.4063219 ], [ -103.5200358, 20.4062055 ] ] ] } },
{ "type": "Feature", "properties": { "OBJECTID": 83997, "CVE_V": "VSa/BQ", "TIP_INFO": "ECOLÓGICA-FLORÍSTICA-FISONÓMICA", "TIP_ECOV": "BOSQUE DE ENCINO", "TIP_VEG": "BOSQUE DE ENCINO", "DESVEG": "SECUNDARIA", "FASE_VS": "ARBUSTIVA", "OTROS": "NO APLICABLE" }, "geometry": { "type": "Polygon", "coordinates": [ [ [ -103.3591721, 20.1859998 ], [ -103.3585874, 20.1857967 ], [ -103.3577318, 20.1857131 ], [ -103.3565039, 20.1853727 ], [ -103.3557563, 20.185041 ], [ -103.3550057, 20.1848817 ], [ -103.3547912, 20.1847527 ], [ -103.35434, 20.1842909 ], [ -103.3536694, 20.1839801 ], [ -103.353213, 20.1839507 ], [ -103.3522757, 20.1833832 ], [ -103.3516638, 20.1826917 ], [ -103.3512383, 20.1822053 ], [ -103.3511602, 20.1820778 ], [ -103.3507563, 20.1820231 ], [ -103.3504083, 20.1817916 ], [ -103.349834, 20.1814992 ], [ -103.3489252, 20.1810845 ], [ -103.3486753, 20.1809604 ], [ -103.3487753, 20.1808204 ], [ -103.3503955, 20.178929 ], [ -103.3519147, 20.1764677 ], [ -103.3521143, 20.1752048 ], [ -103.3520462, 20.1745989 ], [ -103.3514362, 20.1730751 ], [ -103.3506825, 20.1723637 ], [ -103.3475055, 20.1706619 ], [ -103.3467735, 20.1700681 ], [ -103.3472275, 20.1697155 ], [ -103.3479006, 20.1691321 ], [ -103.3480101, 20.1690359 ], [ -103.3480667, 20.1689874 ], [ -103.3496268, 20.1682261 ], [ -103.3499745, 20.1681367 ], [ -103.3506517, 20.1681675 ], [ -103.3515122, 20.1682743 ], [ -103.3525835, 20.1683333 ], [ -103.3534206, 20.1682182 ], [ -103.3538365, 20.1683205 ], [ -103.3542542, 20.1683241 ], [ -103.3546458, 20.1683036 ], [ -103.3551175, 20.1682337 ], [ -103.3557442, 20.1681907 ], [ -103.3562659, 20.1683186 ], [ -103.3567, 20.1682275 ], [ -103.3574053, 20.1681849 ], [ -103.3582937, 20.1681934 ], [ -103.3588691, 20.1679276 ], [ -103.3593391, 20.1678826 ], [ -103.3602828, 20.1676696 ], [ -103.3611228, 20.1673571 ], [ -103.362061, 20.1673663 ], [ -103.3630795, 20.1674246 ], [ -103.3646965, 20.1675138 ], [ -103.3658154, 20.1680172 ], [ -103.3665101, 20.1686432 ], [ -103.3669449, 20.167956 ], [ -103.3684451, 20.1689175 ], [ -103.3704337, 20.1699479 ], [ -103.3716064, 20.1685134 ], [ -103.3730585, 20.1690671 ], [ -103.3734206, 20.1708366 ], [ -103.3732222, 20.1714041 ], [ -103.373152, 20.1720719 ], [ -103.3723499, 20.1725617 ], [ -103.370458, 20.1728516 ], [ -103.3698796, 20.1726477 ], [ -103.3684675, 20.1716674 ], [ -103.3678575, 20.1711742 ], [ -103.3670627, 20.1714382 ], [ -103.3659857, 20.1713289 ], [ -103.3641695, 20.1715285 ], [ -103.363345, 20.1717112 ], [ -103.3624056, 20.1714312 ], [ -103.362116, 20.173055 ], [ -103.36239, 20.1745938 ], [ -103.3624043, 20.1761031 ], [ -103.3622582, 20.176915 ], [ -103.3623412, 20.1783342 ], [ -103.3622204, 20.1790285 ], [ -103.3621032, 20.1819011 ], [ -103.3616048, 20.1825472 ], [ -103.3598269, 20.1843371 ], [ -103.3593668, 20.1852276 ], [ -103.3594025, 20.1862027 ], [ -103.3591721, 20.1859998 ] ] ] } },
{ "type": "Feature", "properties": { "OBJECTID": 84046, "CVE_V": "VSa/BQ", "TIP_INFO": "ECOLÓGICA-FLORÍSTICA-FISONÓMICA", "TIP_ECOV": "BOSQUE DE ENCINO", "TIP_VEG": "BOSQUE DE ENCINO", "DESVEG": "SECUNDARIA", "FASE_VS": "ARBUSTIVA", "OTROS": "NO APLICABLE" }, "geometry": { "type": "Polygon", "coordinates": [ [ [ -103.4797999, 20.2810748 ], [ -103.4793396, 20.2823122 ], [ -103.478871, 20.2827813 ], [ -103.4784281, 20.2831729 ], [ -103.4784391, 20.2832162 ], [ -103.4784834, 20.2833912 ], [ -103.4783123, 20.2833894 ], [ -103.4789057, 20.2846583 ], [ -103.4798184, 20.2857693 ], [ -103.48099, 20.2876181 ], [ -103.4817988, 20.2883997 ], [ -103.4815177, 20.288297 ], [ -103.4798776, 20.2875686 ], [ -103.4774878, 20.2868883 ], [ -103.4750842, 20.2867501 ], [ -103.4735947, 20.2864023 ], [ -103.4723058, 20.2847127 ], [ -103.4723818, 20.2841416 ], [ -103.4736131, 20.2829593 ], [ -103.4742156, 20.282133 ], [ -103.4744324, 20.2800017 ], [ -103.4744245, 20.2792153 ], [ -103.4757474, 20.2792539 ], [ -103.4765081, 20.2795861 ], [ -103.4778594, 20.2807817 ], [ -103.4783485, 20.2811199 ], [ -103.4789966, 20.2812434 ], [ -103.4798646, 20.2808318 ], [ -103.4797999, 20.2810748 ] ] ] } },
{ "type": "Feature", "properties": { "OBJECTID": 84083, "CVE_V": "VSa/BQ", "TIP_INFO": "ECOLÓGICA-FLORÍSTICA-FISONÓMICA", "TIP_ECOV": "BOSQUE DE ENCINO", "TIP_VEG": "BOSQUE DE ENCINO", "DESVEG": "SECUNDARIA", "FASE_VS": "ARBUSTIVA", "OTROS": "NO APLICABLE" }, "geometry": { "type": "Polygon", "coordinates": [ [ [ -103.2894642, 20.3642885 ], [ -103.2895142, 20.3642683 ], [ -103.289604, 20.3633622 ], [ -103.2891194, 20.3621262 ], [ -103.2902042, 20.3618974 ], [ -103.2903766, 20.3613133 ], [ -103.2906792, 20.3602808 ], [ -103.2910502, 20.3596969 ], [ -103.2914069, 20.3589335 ], [ -103.2918757, 20.3583181 ], [ -103.2925655, 20.3576413 ], [ -103.2928138, 20.3571323 ], [ -103.2929853, 20.356877 ], [ -103.2939731, 20.3567983 ], [ -103.2948528, 20.356589 ], [ -103.2950458, 20.3558505 ], [ -103.2940462, 20.3541852 ], [ -103.2938079, 20.3540096 ], [ -103.2941993, 20.354092 ], [ -103.2956036, 20.3541418 ], [ -103.2964052, 20.3542489 ], [ -103.2994412, 20.3567355 ], [ -103.3008133, 20.3569318 ], [ -103.3016754, 20.3570825 ], [ -103.302501, 20.3569457 ], [ -103.3033478, 20.3562589 ], [ -103.3036364, 20.3557735 ], [ -103.3048585, 20.3533735 ], [ -103.3055363, 20.3526213 ], [ -103.3066281, 20.351178 ], [ -103.3088312, 20.3495551 ], [ -103.3102968, 20.349479 ], [ -103.3118239, 20.3500451 ], [ -103.3127693, 20.3506139 ], [ -103.3132919, 20.3507103 ], [ -103.3135472, 20.3507568 ], [ -103.314364, 20.3507061 ], [ -103.3199019, 20.3518819 ], [ -103.3226091, 20.3529108 ], [ -103.3233278, 20.3529086 ], [ -103.3246535, 20.3522889 ], [ -103.3252346, 20.3522221 ], [ -103.3248447, 20.3543775 ], [ -103.3233888, 20.3552035 ], [ -103.3227621, 20.3555229 ], [ -103.3230157, 20.356627 ], [ -103.3233113, 20.3571085 ], [ -103.3239994, 20.3574137 ], [ -103.3249307, 20.357269 ], [ -103.3289349, 20.3569371 ], [ -103.329759, 20.3566465 ], [ -103.3303386, 20.3566794 ], [ -103.3308727, 20.3559816 ], [ -103.3312676, 20.3561636 ], [ -103.33176, 20.3561592 ], [ -103.3327434, 20.3559958 ], [ -103.3329014, 20.3553752 ], [ -103.3330594, 20.3547546 ], [ -103.3335426, 20.3538215 ], [ -103.33469, 20.3536566 ], [ -103.3348463, 20.3528812 ], [ -103.3343509, 20.3525759 ], [ -103.334018, 20.3521144 ], [ -103.3338462, 20.3513418 ], [ -103.3329175, 20.35135 ], [ -103.3323829, 20.3502224 ], [ -103.3312917, 20.3492633 ], [ -103.3298342, 20.3489241 ], [ -103.3293223, 20.3486934 ], [ -103.3287195, 20.348744 ], [ -103.3270271, 20.3482288 ], [ -103.3251885, 20.3482562 ], [ -103.3240599, 20.3481283 ], [ -103.3230978, 20.3475767 ], [ -103.3223954, 20.3475341 ], [ -103.321123, 20.3479464 ], [ -103.3209693, 20.3479579 ], [ -103.3196506, 20.3480583 ], [ -103.3174989, 20.347776 ], [ -103.3169952, 20.3478886 ], [ -103.3157526, 20.3476596 ], [ -103.3148522, 20.3470207 ], [ -103.3139811, 20.3461906 ], [ -103.3126243, 20.3445876 ], [ -103.3116934, 20.3437834 ], [ -103.3102892, 20.3437428 ], [ -103.3093111, 20.3442574 ], [ -103.3078314, 20.3453543 ], [ -103.3068315, 20.3456066 ], [ -103.3056886, 20.3454872 ], [ -103.3020583, 20.3434281 ], [ -103.3005857, 20.3430258 ], [ -103.2993026, 20.3430674 ], [ -103.2976933, 20.3436926 ], [ -103.2943603, 20.344302 ], [ -103.2934052, 20.3442109 ], [ -103.2927426, 20.3437982 ], [ -103.2910796, 20.3420747 ], [ -103.2893978, 20.3412755 ], [ -103.2892917, 20.3406171 ], [ -103.2886256, 20.3393248 ], [ -103.2881879, 20.3368599 ], [ -103.2880743, 20.3357111 ], [ -103.2871729, 20.3348878 ], [ -103.2871261, 20.3348193 ], [ -103.2871257, 20.3348183 ], [ -103.2879431, 20.3347906 ], [ -103.2912155, 20.333648 ], [ -103.2924902, 20.3334893 ], [ -103.2938391, 20.3335384 ], [ -103.2958247, 20.3335759 ], [ -103.2983488, 20.3338622 ], [ -103.3005449, 20.334281 ], [ -103.3018034, 20.3341869 ], [ -103.3030019, 20.3340973 ], [ -103.3067098, 20.3332664 ], [ -103.3071682, 20.3345623 ], [ -103.3078491, 20.3353506 ], [ -103.3077573, 20.3354682 ], [ -103.3079319, 20.3365504 ], [ -103.3090957, 20.3380884 ], [ -103.3109101, 20.3390017 ], [ -103.3128885, 20.3399134 ], [ -103.3138793, 20.3405241 ], [ -103.315528, 20.3412839 ], [ -103.3171693, 20.3412697 ], [ -103.3188089, 20.3411007 ], [ -103.3194684, 20.3414046 ], [ -103.3209576, 20.3426301 ], [ -103.3224454, 20.3437009 ], [ -103.324088, 20.3438414 ], [ -103.3258948, 20.3439805 ], [ -103.3270404, 20.3436608 ], [ -103.3280086, 20.3433776 ], [ -103.3310914, 20.3448714 ], [ -103.3315276, 20.3458781 ], [ -103.3323057, 20.3468428 ], [ -103.3329007, 20.3473997 ], [ -103.334968, 20.3486665 ], [ -103.3349762, 20.3494742 ], [ -103.3363046, 20.3510106 ], [ -103.337955, 20.351925 ], [ -103.3382895, 20.3525413 ], [ -103.3389538, 20.3533095 ], [ -103.3397806, 20.3539215 ], [ -103.3406074, 20.3545334 ], [ -103.3407292, 20.3546799 ], [ -103.3373117, 20.3577396 ], [ -103.3365875, 20.3582382 ], [ -103.3345196, 20.359366 ], [ -103.3336119, 20.3599354 ], [ -103.3317352, 20.3612994 ], [ -103.329614, 20.3621645 ], [ -103.3286681, 20.3624445 ], [ -103.3268071, 20.3627877 ], [ -103.3247473, 20.3636715 ], [ -103.3226721, 20.3638593 ], [ -103.3217046, 20.3641377 ], [ -103.321062, 20.3643227 ], [ -103.319659, 20.3641824 ], [ -103.3185596, 20.3634945 ], [ -103.3176902, 20.3624742 ], [ -103.3169267, 20.361085 ], [ -103.3158891, 20.3598285 ], [ -103.3151943, 20.3592073 ], [ -103.3133949, 20.3588559 ], [ -103.3126859, 20.3590998 ], [ -103.312427, 20.3596688 ], [ -103.3122511, 20.3611122 ], [ -103.3132118, 20.3641926 ], [ -103.3132731, 20.3648594 ], [ -103.3128608, 20.3656977 ], [ -103.3117546, 20.3664006 ], [ -103.3110528, 20.3663577 ], [ -103.310222, 20.3660606 ], [ -103.3094132, 20.3662876 ], [ -103.3083527, 20.3672439 ], [ -103.3077345, 20.3692522 ], [ -103.3073519, 20.3698356 ], [ -103.3062084, 20.3704298 ], [ -103.304965, 20.3698873 ], [ -103.3037379, 20.3700378 ], [ -103.3028747, 20.3704809 ], [ -103.3014631, 20.3717315 ], [ -103.3011886, 20.3724429 ], [ -103.3014254, 20.3730954 ], [ -103.2997403, 20.3733412 ], [ -103.2976803, 20.3721373 ], [ -103.297076, 20.3715445 ], [ -103.2966567, 20.3706911 ], [ -103.2946958, 20.369534 ], [ -103.2944658, 20.3694966 ], [ -103.2943407, 20.3688436 ], [ -103.2944913, 20.3669306 ], [ -103.295154, 20.3655709 ], [ -103.295561, 20.3639744 ], [ -103.2936262, 20.3647874 ], [ -103.2930434, 20.3656685 ], [ -103.2914395, 20.3657618 ], [ -103.2899094, 20.3647393 ], [ -103.2894764, 20.3643383 ], [ -103.2894642, 20.3642885 ] ] ] } },
{ "type": "Feature", "properties": { "OBJECTID": 84085, "CVE_V": "VSa/BQ", "TIP_INFO": "ECOLÓGICA-FLORÍSTICA-FISONÓMICA", "TIP_ECOV": "BOSQUE DE ENCINO", "TIP_VEG": "BOSQUE DE ENCINO", "DESVEG": "SECUNDARIA", "FASE_VS": "ARBUSTIVA", "OTROS": "NO APLICABLE" }, "geometry": { "type": "MultiPolygon", "coordinates": [ [ [ [ -103.5397751, 20.3492888 ], [ -103.539901, 20.3494465 ], [ -103.5402861, 20.3510643 ], [ -103.5404385, 20.3517045 ], [ -103.5404408, 20.3517142 ], [ -103.5409151, 20.3537068 ], [ -103.5432082, 20.3601006 ], [ -103.5415672, 20.3576429 ], [ -103.5410032, 20.3562469 ], [ -103.5403099, 20.3551028 ], [ -103.5394923, 20.3546621 ], [ -103.5391887, 20.3541812 ], [ -103.5385393, 20.3541486 ], [ -103.5379053, 20.3539895 ], [ -103.5361062, 20.3528543 ], [ -103.5351216, 20.3518791 ], [ -103.5321377, 20.3473646 ], [ -103.5318792, 20.3466123 ], [ -103.5325493, 20.3461215 ], [ -103.5336037, 20.3460218 ], [ -103.5348609, 20.3466462 ], [ -103.5362743, 20.3472543 ], [ -103.535731, 20.3459403 ], [ -103.5352756, 20.3445268 ], [ -103.5349621, 20.3440005 ], [ -103.5337715, 20.3426443 ], [ -103.532057, 20.3408773 ], [ -103.5329853, 20.340784 ], [ -103.5397751, 20.3492888 ] ] ], [ [ [ -103.5474723, 20.3702023 ], [ -103.5477874, 20.3715243 ], [ -103.5477799, 20.3715801 ], [ -103.5476988, 20.3721833 ], [ -103.5474782, 20.3726243 ], [ -103.5474199, 20.3707912 ], [ -103.5473335, 20.3698351 ], [ -103.5474723, 20.3702023 ] ] ] ] } },
{ "type": "Feature", "properties": { "OBJECTID": 84114, "CVE_V": "VSa/BQ", "TIP_INFO": "ECOLÓGICA-FLORÍSTICA-FISONÓMICA", "TIP_ECOV": "BOSQUE DE ENCINO", "TIP_VEG": "BOSQUE DE ENCINO", "DESVEG": "SECUNDARIA", "FASE_VS": "ARBUSTIVA", "OTROS": "NO APLICABLE" }, "geometry": { "type": "MultiPolygon", "coordinates": [ [ [ [ -103.5240812, 20.4081971 ], [ -103.5224494, 20.4080893 ], [ -103.5216489, 20.4078977 ], [ -103.5213579, 20.4076881 ], [ -103.5205927, 20.4063717 ], [ -103.5204259, 20.4063219 ], [ -103.521087, 20.4060925 ], [ -103.5219177, 20.4059752 ], [ -103.5228171, 20.405335 ], [ -103.5219567, 20.4036763 ], [ -103.5214972, 20.4030219 ], [ -103.5208567, 20.4025197 ], [ -103.5199715, 20.4022849 ], [ -103.5177225, 20.4018019 ], [ -103.5162186, 20.4004343 ], [ -103.5156319, 20.3991565 ], [ -103.515569, 20.3982721 ], [ -103.516356, 20.3972605 ], [ -103.5169122, 20.397103 ], [ -103.5175312, 20.3974066 ], [ -103.5185824, 20.397653 ], [ -103.5201009, 20.3983951 ], [ -103.5219628, 20.3978057 ], [ -103.5217789, 20.3934313 ], [ -103.5223674, 20.3928942 ], [ -103.5230382, 20.3929451 ], [ -103.5243893, 20.3932998 ], [ -103.524878, 20.3943734 ], [ -103.5246505, 20.3952719 ], [ -103.5250558, 20.3960893 ], [ -103.5262649, 20.3979443 ], [ -103.5262771, 20.398176 ], [ -103.526347, 20.3981151 ], [ -103.5263512, 20.3981189 ], [ -103.5264368, 20.3984277 ], [ -103.5270167, 20.3988864 ], [ -103.5279223, 20.3991095 ], [ -103.5289074, 20.3990996 ], [ -103.5300567, 20.399088 ], [ -103.5307161, 20.3993136 ], [ -103.5318698, 20.3996891 ], [ -103.5328523, 20.399447 ], [ -103.5334269, 20.3994412 ], [ -103.5342593, 20.4004391 ], [ -103.5345938, 20.4009776 ], [ -103.5354218, 20.4015886 ], [ -103.5361624, 20.4017359 ], [ -103.5376322, 20.4010244 ], [ -103.5382015, 20.4005541 ], [ -103.5387762, 20.4005483 ], [ -103.5403368, 20.4006096 ], [ -103.5409132, 20.4007586 ], [ -103.5412487, 20.4013747 ], [ -103.541668, 20.4021447 ], [ -103.5415118, 20.402843 ], [ -103.5414377, 20.4035404 ], [ -103.5410308, 20.4038542 ], [ -103.5402946, 20.4040939 ], [ -103.5398055, 20.4044085 ], [ -103.5396349, 20.4050244 ], [ -103.536258, 20.405929 ], [ -103.5365775, 20.4081861 ], [ -103.536273, 20.4082717 ], [ -103.5359151, 20.4082619 ], [ -103.5356776, 20.408396 ], [ -103.5350014, 20.4082057 ], [ -103.5338494, 20.4086203 ], [ -103.5339076, 20.4093729 ], [ -103.5336273, 20.4095165 ], [ -103.5320754, 20.4100888 ], [ -103.5299517, 20.4105505 ], [ -103.5287268, 20.4111127 ], [ -103.5280655, 20.4113359 ], [ -103.5275308, 20.4112619 ], [ -103.5265712, 20.4099434 ], [ -103.5260193, 20.409203 ], [ -103.5249555, 20.4085267 ], [ -103.5240812, 20.4081971 ] ] ], [ [ [ -103.5153752, 20.4068953 ], [ -103.5147228, 20.4063611 ], [ -103.5140257, 20.4055274 ], [ -103.5136388, 20.4053397 ], [ -103.5127126, 20.4053534 ], [ -103.511132, 20.4050857 ], [ -103.5104781, 20.4048496 ], [ -103.5097738, 20.4046588 ], [ -103.5088717, 20.4046734 ], [ -103.5080938, 20.4045275 ], [ -103.5071889, 20.4047258 ], [ -103.5067273, 20.404744 ], [ -103.506313, 20.4048546 ], [ -103.5057787, 20.4039948 ], [ -103.5038219, 20.4025496 ], [ -103.5010974, 20.4021415 ], [ -103.4991998, 20.4008864 ], [ -103.4991158, 20.4008884 ], [ -103.49653, 20.4006339 ], [ -103.4936923, 20.3997053 ], [ -103.4922409, 20.3992749 ], [ -103.4919924, 20.3988203 ], [ -103.4915833, 20.3983567 ], [ -103.4904413, 20.3981603 ], [ -103.4891284, 20.3981693 ], [ -103.4884147, 20.3978373 ], [ -103.4881194, 20.3977144 ], [ -103.4873389, 20.3972543 ], [ -103.4853643, 20.3963229 ], [ -103.4824827, 20.3952436 ], [ -103.4816973, 20.3947831 ], [ -103.4800421, 20.393821 ], [ -103.4794511, 20.3934509 ], [ -103.4778869, 20.3919355 ], [ -103.4751161, 20.3897543 ], [ -103.4736708, 20.3886369 ], [ -103.4727078, 20.3876396 ], [ -103.4715917, 20.3869288 ], [ -103.4714961, 20.3868759 ], [ -103.4714122, 20.3868295 ], [ -103.471412, 20.3868295 ], [ -103.4696186, 20.3858379 ], [ -103.4688459, 20.3857459 ], [ -103.4675445, 20.3859937 ], [ -103.4669901, 20.3853967 ], [ -103.4660703, 20.385157 ], [ -103.4653935, 20.384828 ], [ -103.4643393, 20.3835769 ], [ -103.4636296, 20.3819859 ], [ -103.4635541, 20.3816968 ], [ -103.4617697, 20.3797753 ], [ -103.4566007, 20.3755967 ], [ -103.4565206, 20.3756017 ], [ -103.4556548, 20.3753945 ], [ -103.4556435, 20.3749758 ], [ -103.4552829, 20.3747496 ], [ -103.4552804, 20.374748 ], [ -103.4559179, 20.3743797 ], [ -103.4559182, 20.3741488 ], [ -103.4559182, 20.3741458 ], [ -103.4522637, 20.3744728 ], [ -103.4492316, 20.3738186 ], [ -103.4485307, 20.3728478 ], [ -103.4464236, 20.3711958 ], [ -103.4440514, 20.3706692 ], [ -103.4418145, 20.3699718 ], [ -103.4404339, 20.3691737 ], [ -103.4372158, 20.3651922 ], [ -103.4363161, 20.3651361 ], [ -103.4360727, 20.3650375 ], [ -103.4349061, 20.3645645 ], [ -103.4344672, 20.3640503 ], [ -103.4329662, 20.3636069 ], [ -103.4324966, 20.363468 ], [ -103.4319338, 20.3633017 ], [ -103.4254468, 20.361385 ], [ -103.4250395, 20.3613539 ], [ -103.4228477, 20.3609766 ], [ -103.4179877, 20.3596959 ], [ -103.4173626, 20.3600397 ], [ -103.4166361, 20.3596937 ], [ -103.4147964, 20.3597494 ], [ -103.4134521, 20.3605231 ], [ -103.412874, 20.3606803 ], [ -103.4125562, 20.3607106 ], [ -103.4121792, 20.3606413 ], [ -103.4113199, 20.3602785 ], [ -103.4103283, 20.3604082 ], [ -103.4093318, 20.3609437 ], [ -103.4092376, 20.3610623 ], [ -103.4070582, 20.3610423 ], [ -103.4054565, 20.3619292 ], [ -103.4050233, 20.3618293 ], [ -103.404491, 20.3616863 ], [ -103.4039476, 20.3615849 ], [ -103.4035434, 20.3614695 ], [ -103.4026663, 20.3617354 ], [ -103.4020323, 20.3617979 ], [ -103.4013258, 20.3618283 ], [ -103.4005873, 20.3617381 ], [ -103.4002816, 20.3619331 ], [ -103.3999036, 20.361927 ], [ -103.3991317, 20.3621432 ], [ -103.3981856, 20.3619671 ], [ -103.3975199, 20.361568 ], [ -103.3959671, 20.3617795 ], [ -103.3942415, 20.362573 ], [ -103.393607, 20.362593 ], [ -103.3927348, 20.362406 ], [ -103.391638, 20.3620737 ], [ -103.3910714, 20.3616748 ], [ -103.3897032, 20.361698 ], [ -103.3890563, 20.3619063 ], [ -103.3885203, 20.3621521 ], [ -103.3883275, 20.3625801 ], [ -103.3873328, 20.3632863 ], [ -103.3869506, 20.3635335 ], [ -103.3847868, 20.3635135 ], [ -103.3843196, 20.3637202 ], [ -103.3831172, 20.3646249 ], [ -103.3810055, 20.3642582 ], [ -103.3785718, 20.3641861 ], [ -103.3769804, 20.3640044 ], [ -103.3742892, 20.3641404 ], [ -103.3732488, 20.3639599 ], [ -103.3730093, 20.3637677 ], [ -103.3722579, 20.3636345 ], [ -103.3718304, 20.363491 ], [ -103.3713712, 20.3637275 ], [ -103.3708069, 20.3635574 ], [ -103.3701926, 20.3633872 ], [ -103.3697913, 20.3631681 ], [ -103.3688655, 20.3629398 ], [ -103.3688648, 20.3628636 ], [ -103.3688647, 20.3628606 ], [ -103.3687382, 20.3626955 ], [ -103.3634053, 20.362189 ], [ -103.363877, 20.3620894 ], [ -103.3661545, 20.3607563 ], [ -103.3670682, 20.3606019 ], [ -103.3688077, 20.3608351 ], [ -103.3710107, 20.3612715 ], [ -103.3731169, 20.3623028 ], [ -103.3754892, 20.3632642 ], [ -103.376098, 20.3631164 ], [ -103.3766556, 20.3626789 ], [ -103.3771879, 20.3621056 ], [ -103.3786751, 20.3606656 ], [ -103.3792999, 20.3604003 ], [ -103.3819565, 20.361588 ], [ -103.3826037, 20.3614042 ], [ -103.3835127, 20.3609521 ], [ -103.3838634, 20.3597445 ], [ -103.3843901, 20.3592617 ], [ -103.385007, 20.359186 ], [ -103.3864116, 20.3586661 ], [ -103.3879987, 20.3579401 ], [ -103.3883876, 20.3570853 ], [ -103.3915233, 20.35809 ], [ -103.3945381, 20.3573772 ], [ -103.3956424, 20.3572158 ], [ -103.3972999, 20.357547 ], [ -103.3985747, 20.3580737 ], [ -103.4000692, 20.3593885 ], [ -103.4008922, 20.3596938 ], [ -103.4014966, 20.3595551 ], [ -103.4022827, 20.3581622 ], [ -103.4026092, 20.3574248 ], [ -103.4031292, 20.3570318 ], [ -103.4039515, 20.3568049 ], [ -103.4048836, 20.3569579 ], [ -103.4062419, 20.3573949 ], [ -103.4069824, 20.3568955 ], [ -103.4074625, 20.356322 ], [ -103.4074037, 20.3542618 ], [ -103.4078626, 20.3537151 ], [ -103.4083895, 20.3529881 ], [ -103.4116723, 20.3521686 ], [ -103.4122681, 20.3523365 ], [ -103.4134812, 20.352158 ], [ -103.4151684, 20.3534827 ], [ -103.4165716, 20.3540557 ], [ -103.4174648, 20.353883 ], [ -103.4191457, 20.3521096 ], [ -103.4193284, 20.3516142 ], [ -103.4198259, 20.3513295 ], [ -103.4204061, 20.3516239 ], [ -103.4213669, 20.3524617 ], [ -103.4220913, 20.3539654 ], [ -103.4221979, 20.3547727 ], [ -103.4237918, 20.3556544 ], [ -103.4246627, 20.3556712 ], [ -103.4265494, 20.354089 ], [ -103.4277324, 20.3540637 ], [ -103.4292961, 20.3550715 ], [ -103.4303875, 20.3552619 ], [ -103.4310281, 20.3551141 ], [ -103.4317457, 20.3547497 ], [ -103.4337464, 20.354054 ], [ -103.434363, 20.3534723 ], [ -103.4355392, 20.35192 ], [ -103.4362109, 20.3517816 ], [ -103.437393, 20.3528513 ], [ -103.4373152, 20.3541404 ], [ -103.4378134, 20.3548765 ], [ -103.4387114, 20.3554444 ], [ -103.439492, 20.3556047 ], [ -103.4424897, 20.3531027 ], [ -103.4441971, 20.3531639 ], [ -103.444693, 20.3530061 ], [ -103.4454417, 20.3540065 ], [ -103.4464643, 20.3549909 ], [ -103.4474165, 20.3550184 ], [ -103.4481896, 20.3551522 ], [ -103.4490648, 20.3558378 ], [ -103.4500887, 20.3573912 ], [ -103.4502173, 20.3581687 ], [ -103.4510105, 20.359061 ], [ -103.4527666, 20.3587262 ], [ -103.4539028, 20.357529 ], [ -103.4545444, 20.3572834 ], [ -103.4552614, 20.3573429 ], [ -103.4569851, 20.3582449 ], [ -103.4580449, 20.3595452 ], [ -103.4579473, 20.3603017 ], [ -103.458052, 20.3615292 ], [ -103.4588556, 20.3622589 ], [ -103.4590747, 20.362294 ], [ -103.4594648, 20.3623554 ], [ -103.4616542, 20.3616308 ], [ -103.4623552, 20.3617647 ], [ -103.4635078, 20.3623086 ], [ -103.4640877, 20.3630179 ], [ -103.4642694, 20.3638134 ], [ -103.464102, 20.3663267 ], [ -103.4635931, 20.3677194 ], [ -103.462836, 20.3690651 ], [ -103.4627378, 20.369768 ], [ -103.4636071, 20.3707877 ], [ -103.4653934, 20.3710032 ], [ -103.4668429, 20.3720915 ], [ -103.4677576, 20.3732918 ], [ -103.4672472, 20.3738913 ], [ -103.4667431, 20.374184 ], [ -103.465843, 20.3741037 ], [ -103.4639583, 20.3743482 ], [ -103.4629298, 20.3744021 ], [ -103.4618151, 20.3749343 ], [ -103.4602889, 20.376565 ], [ -103.4607073, 20.3774628 ], [ -103.4614631, 20.3784361 ], [ -103.4620904, 20.3788575 ], [ -103.4626859, 20.378998 ], [ -103.463212, 20.3787225 ], [ -103.4651348, 20.3784234 ], [ -103.4661626, 20.3780801 ], [ -103.4674385, 20.3780011 ], [ -103.4693295, 20.3785511 ], [ -103.4695348, 20.3795283 ], [ -103.4689946, 20.3802639 ], [ -103.4666058, 20.380821 ], [ -103.465318, 20.381822 ], [ -103.4656302, 20.3829084 ], [ -103.4665521, 20.3841181 ], [ -103.46711, 20.3845656 ], [ -103.4726627, 20.3861318 ], [ -103.4741667, 20.3869039 ], [ -103.4753873, 20.3870411 ], [ -103.4780036, 20.3883716 ], [ -103.4789734, 20.3895366 ], [ -103.4797524, 20.3910696 ], [ -103.4801933, 20.3926909 ], [ -103.4808124, 20.3934552 ], [ -103.4825298, 20.3943731 ], [ -103.4841778, 20.3948848 ], [ -103.4858396, 20.3948994 ], [ -103.4870293, 20.3952802 ], [ -103.4906227, 20.3973175 ], [ -103.4915603, 20.3975157 ], [ -103.4928979, 20.3975648 ], [ -103.4942395, 20.3979839 ], [ -103.4968412, 20.3979737 ], [ -103.4974281, 20.397772 ], [ -103.4988172, 20.3977054 ], [ -103.4995264, 20.3979113 ], [ -103.5013423, 20.3979487 ], [ -103.5019447, 20.3980634 ], [ -103.5029819, 20.3974885 ], [ -103.5037908, 20.3975786 ], [ -103.5051946, 20.3979634 ], [ -103.5060725, 20.3990548 ], [ -103.5062708, 20.3998046 ], [ -103.5064075, 20.4008421 ], [ -103.5066683, 20.4015819 ], [ -103.506952, 20.4017969 ], [ -103.5074153, 20.4021485 ], [ -103.508063, 20.4017954 ], [ -103.508696, 20.4009914 ], [ -103.5100628, 20.401511 ], [ -103.5106968, 20.4022926 ], [ -103.5107271, 20.4030657 ], [ -103.5108642, 20.4037091 ], [ -103.5115583, 20.4034197 ], [ -103.5121989, 20.4030753 ], [ -103.5128382, 20.4024064 ], [ -103.513579, 20.4024242 ], [ -103.514182, 20.403007 ], [ -103.5149677, 20.4048717 ], [ -103.515425, 20.4066155 ], [ -103.5157343, 20.4070213 ], [ -103.5153752, 20.4068953 ] ] ], [ [ [ -103.3524914, 20.3679656 ], [ -103.3501934, 20.3687671 ], [ -103.3490223, 20.3689838 ], [ -103.3485556, 20.3689494 ], [ -103.3480744, 20.3689135 ], [ -103.3475643, 20.368876 ], [ -103.3465803, 20.368756 ], [ -103.345913, 20.3686741 ], [ -103.3431647, 20.368598 ], [ -103.3431593, 20.3688277 ], [ -103.3431594, 20.3688278 ], [ -103.3434955, 20.3692674 ], [ -103.3434953, 20.3692701 ], [ -103.3434684, 20.3696344 ], [ -103.3429524, 20.3699728 ], [ -103.3422923, 20.3701265 ], [ -103.3416796, 20.3706012 ], [ -103.3413311, 20.3711484 ], [ -103.3409335, 20.3719699 ], [ -103.3408213, 20.3730704 ], [ -103.3408007, 20.3732866 ], [ -103.3402572, 20.3733928 ], [ -103.3394032, 20.3738203 ], [ -103.3384578, 20.3740099 ], [ -103.33574, 20.3741557 ], [ -103.3350251, 20.3740764 ], [ -103.3330941, 20.3747717 ], [ -103.3316059, 20.3755074 ], [ -103.3301028, 20.3766853 ], [ -103.3289749, 20.3766566 ], [ -103.3280574, 20.3767468 ], [ -103.3263891, 20.3775168 ], [ -103.3243652, 20.3770816 ], [ -103.3222924, 20.3753364 ], [ -103.3218791, 20.3748627 ], [ -103.321071, 20.3743494 ], [ -103.3201921, 20.3732207 ], [ -103.3201088, 20.3725696 ], [ -103.320972, 20.3718463 ], [ -103.3223074, 20.3717054 ], [ -103.3236799, 20.3716737 ], [ -103.3274089, 20.372658 ], [ -103.3287375, 20.3728062 ], [ -103.3295769, 20.3725971 ], [ -103.330011, 20.371996 ], [ -103.3306376, 20.3709272 ], [ -103.3315447, 20.3700238 ], [ -103.3324827, 20.3695718 ], [ -103.3333235, 20.3695077 ], [ -103.3357793, 20.3701091 ], [ -103.3361481, 20.3699608 ], [ -103.3363277, 20.3698889 ], [ -103.3395639, 20.3694229 ], [ -103.3419123, 20.3679184 ], [ -103.3429129, 20.3674834 ], [ -103.3448427, 20.3671671 ], [ -103.3459327, 20.3672589 ], [ -103.3477415, 20.3683147 ], [ -103.3486806, 20.3687031 ], [ -103.3497469, 20.3688308 ], [ -103.3526575, 20.3678369 ], [ -103.3524914, 20.3679656 ] ] ] ] } },
{ "type": "Feature", "properties": { "OBJECTID": 97391, "CVE_V": "VSa/SBC", "TIP_INFO": "ECOLÓGICA-FLORÍSTICA-FISONÓMICA", "TIP_ECOV": "SELVA CADUCIFOLIA", "TIP_VEG": "SELVA BAJA CADUCIFOLIA", "DESVEG": "SECUNDARIA", "FASE_VS": "ARBUSTIVA", "OTROS": "NO APLICABLE" }, "geometry": { "type": "MultiPolygon", "coordinates": [ [ [ [ -103.3721057, 20.2124407 ], [ -103.372313, 20.2120353 ], [ -103.3723983, 20.2119275 ], [ -103.372916, 20.2120135 ], [ -103.37309, 20.2119336 ], [ -103.3730978, 20.2112824 ], [ -103.3735025, 20.2109331 ], [ -103.3735092, 20.2103629 ], [ -103.3735985, 20.2101739 ], [ -103.3738875, 20.2100676 ], [ -103.3738392, 20.2097495 ], [ -103.3745349, 20.2092128 ], [ -103.3749132, 20.2089175 ], [ -103.3749799, 20.2079138 ], [ -103.3749895, 20.2071537 ], [ -103.3750791, 20.2068015 ], [ -103.3751431, 20.206015 ], [ -103.3750359, 20.2053891 ], [ -103.3746997, 20.2046259 ], [ -103.3741041, 20.2036702 ], [ -103.3737398, 20.202608 ], [ -103.3737465, 20.2020379 ], [ -103.374037, 20.2017961 ], [ -103.3742701, 20.2015809 ], [ -103.3742756, 20.2015381 ], [ -103.3742579, 20.2015352 ], [ -103.3733106, 20.1994711 ], [ -103.3734992, 20.1993441 ], [ -103.3735607, 20.1992286 ], [ -103.3738959, 20.1993831 ], [ -103.3747801, 20.2003658 ], [ -103.3758407, 20.2015119 ], [ -103.3763892, 20.2039835 ], [ -103.3762335, 20.2059661 ], [ -103.3762496, 20.207617 ], [ -103.3757596, 20.2110886 ], [ -103.3740244, 20.2124235 ], [ -103.3722825, 20.2130974 ], [ -103.3717846, 20.2130545 ], [ -103.3721057, 20.2124407 ] ] ], [ [ [ -103.3731281, 20.1979422 ], [ -103.3731706, 20.1972748 ], [ -103.3733487, 20.1975383 ], [ -103.373203, 20.1980364 ], [ -103.3731281, 20.1979422 ] ] ], [ [ [ -103.3728574, 20.1970279 ], [ -103.372549, 20.1968465 ], [ -103.3722322, 20.1964095 ], [ -103.3706995, 20.1940402 ], [ -103.3706503, 20.1937379 ], [ -103.3714315, 20.1943891 ], [ -103.3722852, 20.1959646 ], [ -103.3731041, 20.1971763 ], [ -103.3728574, 20.1970279 ] ] ], [ [ [ -103.369511, 20.1930803 ], [ -103.3680291, 20.1936265 ], [ -103.3681605, 20.1924468 ], [ -103.3680064, 20.1924158 ], [ -103.3677304, 20.1924744 ], [ -103.3671218, 20.192604 ], [ -103.366394, 20.192526 ], [ -103.3658475, 20.1921422 ], [ -103.365273, 20.191647 ], [ -103.3648867, 20.1909568 ], [ -103.3641838, 20.1904989 ], [ -103.3637784, 20.1901081 ], [ -103.3637299, 20.190061 ], [ -103.3636885, 20.1900353 ], [ -103.3621035, 20.1900128 ], [ -103.362163, 20.1896851 ], [ -103.3618779, 20.1893036 ], [ -103.3616295, 20.188904 ], [ -103.3617278, 20.1882506 ], [ -103.3594025, 20.1862027 ], [ -103.3593668, 20.1852276 ], [ -103.3598269, 20.1843371 ], [ -103.3616048, 20.1825472 ], [ -103.3621032, 20.1819011 ], [ -103.3622204, 20.1790285 ], [ -103.3623412, 20.1783342 ], [ -103.3622582, 20.176915 ], [ -103.3624043, 20.1761031 ], [ -103.36239, 20.1745938 ], [ -103.362116, 20.173055 ], [ -103.3624056, 20.1714312 ], [ -103.363345, 20.1717112 ], [ -103.3641695, 20.1715285 ], [ -103.3659857, 20.1713289 ], [ -103.3670627, 20.1714382 ], [ -103.3678575, 20.1711742 ], [ -103.3684675, 20.1716674 ], [ -103.3698796, 20.1726477 ], [ -103.370458, 20.1728516 ], [ -103.3723499, 20.1725617 ], [ -103.373152, 20.1720719 ], [ -103.3732222, 20.1714041 ], [ -103.3734206, 20.1708366 ], [ -103.3730585, 20.1690671 ], [ -103.3748173, 20.1697377 ], [ -103.3749233, 20.1723686 ], [ -103.375393, 20.1727919 ], [ -103.3770488, 20.1725327 ], [ -103.3775506, 20.1739579 ], [ -103.3756587, 20.1759444 ], [ -103.3735781, 20.1775468 ], [ -103.3727644, 20.1801273 ], [ -103.3727947, 20.1832938 ], [ -103.3726207, 20.1870558 ], [ -103.3707465, 20.1884581 ], [ -103.3692898, 20.1896587 ], [ -103.3693029, 20.1910439 ], [ -103.3693178, 20.1926269 ], [ -103.3700182, 20.1932109 ], [ -103.369511, 20.1930803 ] ] ], [ [ [ -103.3930505, 20.1806492 ], [ -103.3934628, 20.1807862 ], [ -103.3931515, 20.1807104 ], [ -103.3930446, 20.180663 ], [ -103.3930505, 20.1806492 ] ] ], [ [ [ -103.3981855, 20.1813468 ], [ -103.3993878, 20.1816479 ], [ -103.3991069, 20.1825575 ], [ -103.3977289, 20.1814388 ], [ -103.3981855, 20.1813468 ] ] ], [ [ [ -103.4019737, 20.1838104 ], [ -103.4020146, 20.1838381 ], [ -103.4036046, 20.1835001 ], [ -103.4042723, 20.1834941 ], [ -103.4045646, 20.1835939 ], [ -103.4054931, 20.1835757 ], [ -103.4063285, 20.1835905 ], [ -103.4077158, 20.1833647 ], [ -103.4083453, 20.1829036 ], [ -103.4096399, 20.1830544 ], [ -103.40994, 20.1824335 ], [ -103.4110277, 20.1824709 ], [ -103.4117185, 20.1821381 ], [ -103.4122324, 20.1816912 ], [ -103.410699, 20.1818052 ], [ -103.4104774, 20.180998 ], [ -103.4111708, 20.1807246 ], [ -103.4122844, 20.1805018 ], [ -103.41278, 20.1810605 ], [ -103.4125421, 20.1821893 ], [ -103.4126303, 20.1823411 ], [ -103.4121247, 20.1832164 ], [ -103.4127653, 20.1838301 ], [ -103.4138407, 20.1849714 ], [ -103.4154638, 20.1858271 ], [ -103.4156112, 20.1860334 ], [ -103.4156293, 20.1861007 ], [ -103.4154993, 20.1862993 ], [ -103.4156565, 20.1863993 ], [ -103.415604, 20.1867341 ], [ -103.4154646, 20.1867177 ], [ -103.4149822, 20.187155 ], [ -103.4153858, 20.1884471 ], [ -103.4155878, 20.1888589 ], [ -103.4172344, 20.1892178 ], [ -103.4172146, 20.1893252 ], [ -103.417198, 20.1893835 ], [ -103.4173075, 20.1894455 ], [ -103.4172797, 20.1894856 ], [ -103.4167157, 20.1892822 ], [ -103.4165623, 20.1896377 ], [ -103.4163078, 20.1895963 ], [ -103.4162049, 20.1900886 ], [ -103.4161977, 20.1901228 ], [ -103.4156938, 20.1902596 ], [ -103.4144495, 20.1899695 ], [ -103.4135128, 20.1887949 ], [ -103.4122675, 20.1890927 ], [ -103.4122673, 20.189979 ], [ -103.4104064, 20.1908686 ], [ -103.4094772, 20.1917559 ], [ -103.4097975, 20.1932229 ], [ -103.4113529, 20.1938787 ], [ -103.4128191, 20.1940444 ], [ -103.4147102, 20.1946749 ], [ -103.4167626, 20.195026 ], [ -103.4172588, 20.1952108 ], [ -103.4181729, 20.1953789 ], [ -103.4188225, 20.195221 ], [ -103.4207906, 20.1954446 ], [ -103.4229866, 20.1960499 ], [ -103.4240789, 20.1961395 ], [ -103.4241527, 20.1963251 ], [ -103.424165, 20.1964352 ], [ -103.4244864, 20.1966442 ], [ -103.4249363, 20.1968722 ], [ -103.4259151, 20.1974291 ], [ -103.4259798, 20.1978435 ], [ -103.4259105, 20.1985726 ], [ -103.4244591, 20.2001012 ], [ -103.4242132, 20.2002548 ], [ -103.4242178, 20.2004886 ], [ -103.4241874, 20.2005756 ], [ -103.4236204, 20.2014202 ], [ -103.4233658, 20.2016991 ], [ -103.4232715, 20.2018799 ], [ -103.4230226, 20.2023157 ], [ -103.4229242, 20.2025486 ], [ -103.4226878, 20.2027052 ], [ -103.422178, 20.2029637 ], [ -103.4215565, 20.2030619 ], [ -103.4207551, 20.2028951 ], [ -103.4201984, 20.2036503 ], [ -103.4200777, 20.2037432 ], [ -103.4198447, 20.2040503 ], [ -103.4196477, 20.2043159 ], [ -103.4177841, 20.2069263 ], [ -103.4187387, 20.207555 ], [ -103.4193775, 20.2065689 ], [ -103.4206579, 20.2073083 ], [ -103.4207358, 20.2072749 ], [ -103.4228744, 20.207179 ], [ -103.4238606, 20.2075044 ], [ -103.4252406, 20.2077925 ], [ -103.4257361, 20.2078735 ], [ -103.4258674, 20.2077225 ], [ -103.4262366, 20.2074081 ], [ -103.4266194, 20.2072722 ], [ -103.4306004, 20.2073504 ], [ -103.4307702, 20.2070545 ], [ -103.4323325, 20.2076666 ], [ -103.4360163, 20.2075788 ], [ -103.4361861, 20.2082423 ], [ -103.4365583, 20.2081339 ], [ -103.4371095, 20.2077073 ], [ -103.4372782, 20.2075293 ], [ -103.4381221, 20.2067913 ], [ -103.4391683, 20.2074782 ], [ -103.4406726, 20.2063849 ], [ -103.4417027, 20.2071638 ], [ -103.4414675, 20.2074865 ], [ -103.4432334, 20.2074513 ], [ -103.4437427, 20.2108072 ], [ -103.4447982, 20.2143831 ], [ -103.4449914, 20.2145131 ], [ -103.4443969, 20.2150943 ], [ -103.4435726, 20.2168155 ], [ -103.4428171, 20.21712 ], [ -103.4423142, 20.2176953 ], [ -103.4418482, 20.2190219 ], [ -103.4417264, 20.2208666 ], [ -103.4420245, 20.221789 ], [ -103.4419858, 20.2231005 ], [ -103.4412482, 20.225299 ], [ -103.4412096, 20.2270786 ], [ -103.4416142, 20.2278593 ], [ -103.4428273, 20.2289997 ], [ -103.4457492, 20.2304897 ], [ -103.4484801, 20.2323034 ], [ -103.4490904, 20.2323266 ], [ -103.4503328, 20.2315151 ], [ -103.4512484, 20.2304646 ], [ -103.4519648, 20.2287599 ], [ -103.4523467, 20.2281023 ], [ -103.4547203, 20.2290794 ], [ -103.4563203, 20.2291361 ], [ -103.4569004, 20.229032 ], [ -103.4575645, 20.2291541 ], [ -103.4602107, 20.2304591 ], [ -103.4628285, 20.2315738 ], [ -103.4630581, 20.2315454 ], [ -103.4639344, 20.2325622 ], [ -103.4641031, 20.2327468 ], [ -103.4636694, 20.2345625 ], [ -103.46585, 20.235165 ], [ -103.4661399, 20.2367797 ], [ -103.4669711, 20.2381251 ], [ -103.4673182, 20.2386874 ], [ -103.4674299, 20.2387934 ], [ -103.4675172, 20.2388787 ], [ -103.4675658, 20.2389247 ], [ -103.4677066, 20.2395043 ], [ -103.467797, 20.23987 ], [ -103.4681535, 20.2412874 ], [ -103.4683921, 20.2421565 ], [ -103.4679567, 20.2424055 ], [ -103.466689, 20.2424435 ], [ -103.4652037, 20.2414732 ], [ -103.4639434, 20.2406497 ], [ -103.4610448, 20.2389085 ], [ -103.4588477, 20.2385022 ], [ -103.4582979, 20.2389589 ], [ -103.4576645, 20.2401196 ], [ -103.4576569, 20.2407432 ], [ -103.4591381, 20.2431144 ], [ -103.4614184, 20.2445354 ], [ -103.4620448, 20.2447126 ], [ -103.4667209, 20.2464674 ], [ -103.4673313, 20.2464996 ], [ -103.4691807, 20.2471694 ], [ -103.4678299, 20.2489053 ], [ -103.467691, 20.2491568 ], [ -103.4677239, 20.2494402 ], [ -103.4676938, 20.2498821 ], [ -103.4675847, 20.2502069 ], [ -103.4675589, 20.2504488 ], [ -103.4674193, 20.2507052 ], [ -103.4673213, 20.2508538 ], [ -103.4673098, 20.2511089 ], [ -103.4672121, 20.2512844 ], [ -103.4671997, 20.251459 ], [ -103.467145, 20.2516609 ], [ -103.467034, 20.2519304 ], [ -103.4670218, 20.2521184 ], [ -103.4667976, 20.2524428 ], [ -103.4667083, 20.2526742 ], [ -103.4652039, 20.2523102 ], [ -103.4641356, 20.253286 ], [ -103.4637827, 20.2541988 ], [ -103.4626634, 20.2542097 ], [ -103.4606992, 20.2546934 ], [ -103.4595586, 20.2554789 ], [ -103.458413, 20.2557998 ], [ -103.4571001, 20.2558126 ], [ -103.4556167, 20.2552075 ], [ -103.4546273, 20.2547525 ], [ -103.4533143, 20.2547653 ], [ -103.4518372, 20.2547796 ], [ -103.4505241, 20.2547923 ], [ -103.4495392, 20.2548018 ], [ -103.4478079, 20.2543003 ], [ -103.4478461, 20.2536893 ], [ -103.4476251, 20.2528016 ], [ -103.4465115, 20.251635 ], [ -103.4456496, 20.2512296 ], [ -103.4452439, 20.250953 ], [ -103.4445624, 20.2514075 ], [ -103.4433016, 20.2512217 ], [ -103.4414172, 20.2516356 ], [ -103.4403584, 20.2506559 ], [ -103.4397501, 20.2508777 ], [ -103.4378252, 20.2490964 ], [ -103.4365567, 20.2481187 ], [ -103.435702, 20.2465432 ], [ -103.4354553, 20.2463435 ], [ -103.4359041, 20.2457495 ], [ -103.4358944, 20.2447598 ], [ -103.4365122, 20.2435662 ], [ -103.4379808, 20.2435521 ], [ -103.4383918, 20.2434997 ], [ -103.4379611, 20.241347 ], [ -103.4381979, 20.2405357 ], [ -103.4375194, 20.2397254 ], [ -103.4361155, 20.2384656 ], [ -103.4345888, 20.2379214 ], [ -103.4328257, 20.2370473 ], [ -103.4319257, 20.2358554 ], [ -103.4317058, 20.2348028 ], [ -103.431309, 20.2329035 ], [ -103.4309817, 20.2319393 ], [ -103.4296845, 20.2319517 ], [ -103.4284162, 20.230974 ], [ -103.4273479, 20.2290046 ], [ -103.425668, 20.2288226 ], [ -103.4241959, 20.2284407 ], [ -103.4225023, 20.2268731 ], [ -103.4216458, 20.2250996 ], [ -103.4216341, 20.223912 ], [ -103.4222416, 20.2217287 ], [ -103.4218064, 20.2201492 ], [ -103.4205403, 20.2193694 ], [ -103.4177964, 20.2176138 ], [ -103.4175457, 20.2169259 ], [ -103.4175099, 20.2169293 ], [ -103.4164415, 20.2168927 ], [ -103.4149884, 20.2163622 ], [ -103.4148526, 20.2168498 ], [ -103.412971, 20.2174614 ], [ -103.4123438, 20.2176653 ], [ -103.4113066, 20.2188627 ], [ -103.4094208, 20.2190783 ], [ -103.408578, 20.2186903 ], [ -103.4080093, 20.2186956 ], [ -103.4079973, 20.2186519 ], [ -103.4071581, 20.2174537 ], [ -103.4053651, 20.2161724 ], [ -103.4046472, 20.2161388 ], [ -103.4032194, 20.2164331 ], [ -103.4020749, 20.2159529 ], [ -103.4008227, 20.2156794 ], [ -103.39928, 20.2158642 ], [ -103.3979439, 20.2163128 ], [ -103.3974347, 20.2160224 ], [ -103.3963841, 20.2158341 ], [ -103.3944964, 20.2158513 ], [ -103.3930264, 20.2156668 ], [ -103.392178, 20.214685 ], [ -103.3919569, 20.2134995 ], [ -103.3917359, 20.212314 ], [ -103.3897252, 20.2125222 ], [ -103.3896405, 20.212531 ], [ -103.3875338, 20.2115606 ], [ -103.3864739, 20.2103827 ], [ -103.3870898, 20.2089918 ], [ -103.3870828, 20.2082529 ], [ -103.3860021, 20.2080346 ], [ -103.3857575, 20.2073908 ], [ -103.3860492, 20.2063725 ], [ -103.3866149, 20.2058717 ], [ -103.3880049, 20.205372 ], [ -103.3876711, 20.2039397 ], [ -103.3882852, 20.2023507 ], [ -103.3893244, 20.2013515 ], [ -103.3886574, 20.1973991 ], [ -103.3888518, 20.1958138 ], [ -103.3888345, 20.1940326 ], [ -103.3907041, 20.1922338 ], [ -103.3923674, 20.1908329 ], [ -103.394244, 20.1898258 ], [ -103.39634, 20.1898065 ], [ -103.3986535, 20.1905768 ], [ -103.3989595, 20.1910012 ], [ -103.400872, 20.1904491 ], [ -103.4029322, 20.1896728 ], [ -103.4037854, 20.1885063 ], [ -103.4041218, 20.1879671 ], [ -103.4044112, 20.1868035 ], [ -103.4038765, 20.1860937 ], [ -103.4036857, 20.1856219 ], [ -103.4029613, 20.1851818 ], [ -103.4027169, 20.1847187 ], [ -103.4019091, 20.1841509 ], [ -103.4007302, 20.1835941 ], [ -103.4019737, 20.1838104 ] ] ] ] } },
{ "type": "Feature", "properties": { "OBJECTID": 97414, "CVE_V": "VSa/SBC", "TIP_INFO": "ECOLÓGICA-FLORÍSTICA-FISONÓMICA", "TIP_ECOV": "SELVA CADUCIFOLIA", "TIP_VEG": "SELVA BAJA CADUCIFOLIA", "DESVEG": "SECUNDARIA", "FASE_VS": "ARBUSTIVA", "OTROS": "NO APLICABLE" }, "geometry": { "type": "Polygon", "coordinates": [ [ [ -103.3507252, 20.3171752 ], [ -103.3528282, 20.3162534 ], [ -103.3557024, 20.3140676 ], [ -103.3575363, 20.3130459 ], [ -103.3588327, 20.3125973 ], [ -103.3606872, 20.3121539 ], [ -103.362849, 20.3106201 ], [ -103.3644614, 20.3099759 ], [ -103.3659429, 20.3097279 ], [ -103.367231, 20.3101465 ], [ -103.3683382, 20.3102538 ], [ -103.3702613, 20.3094225 ], [ -103.3706057, 20.3089648 ], [ -103.3713405, 20.3086102 ], [ -103.3724166, 20.3084939 ], [ -103.3746135, 20.3091643 ], [ -103.3766669, 20.3094273 ], [ -103.3772851, 20.3094603 ], [ -103.3780644, 20.3089975 ], [ -103.3815376, 20.3084603 ], [ -103.382773, 20.308445 ], [ -103.3841622, 20.3081954 ], [ -103.3861391, 20.309027 ], [ -103.3871293, 20.309027 ], [ -103.3898508, 20.3081727 ], [ -103.3923876, 20.3073769 ], [ -103.3932186, 20.3068606 ], [ -103.3941864, 20.3065627 ], [ -103.3949198, 20.3068408 ], [ -103.3955383, 20.3073979 ], [ -103.3958511, 20.3078971 ], [ -103.3964685, 20.308111 ], [ -103.396665, 20.308055 ], [ -103.3973837, 20.3078491 ], [ -103.3985218, 20.3070582 ], [ -103.3997572, 20.3070802 ], [ -103.4009835, 20.3076162 ], [ -103.403547, 20.3059577 ], [ -103.4038449, 20.3043383 ], [ -103.403296, 20.3030792 ], [ -103.4020368, 20.3019203 ], [ -103.4015502, 20.3013469 ], [ -103.4004049, 20.3002703 ], [ -103.3995489, 20.2990615 ], [ -103.3996044, 20.2987477 ], [ -103.3996715, 20.2983686 ], [ -103.3999843, 20.2976185 ], [ -103.4004308, 20.2976676 ], [ -103.4014089, 20.2970413 ], [ -103.4028855, 20.2970289 ], [ -103.4048672, 20.2982496 ], [ -103.4070066, 20.2988494 ], [ -103.4093053, 20.298983 ], [ -103.4102848, 20.2985094 ], [ -103.4107722, 20.2980403 ], [ -103.4117869, 20.2973881 ], [ -103.4120233, 20.2975184 ], [ -103.4149689, 20.2961003 ], [ -103.4153039, 20.295939 ], [ -103.4161888, 20.2959559 ], [ -103.4204761, 20.2947921 ], [ -103.4215591, 20.2947475 ], [ -103.4247341, 20.2940977 ], [ -103.4260755, 20.2939561 ], [ -103.4272349, 20.293867 ], [ -103.4314682, 20.2951426 ], [ -103.4333295, 20.2952769 ], [ -103.4343457, 20.2950326 ], [ -103.4350943, 20.294622 ], [ -103.4407016, 20.2956014 ], [ -103.4411518, 20.2962681 ], [ -103.4420818, 20.296927 ], [ -103.4437441, 20.2971859 ], [ -103.4459417, 20.2968872 ], [ -103.4468798, 20.2970311 ], [ -103.4499853, 20.2966707 ], [ -103.4504816, 20.296856 ], [ -103.4510765, 20.2970781 ], [ -103.4518775, 20.2969319 ], [ -103.4527178, 20.2961628 ], [ -103.4527586, 20.2962503 ], [ -103.4532525, 20.2964005 ], [ -103.4542402, 20.2967011 ], [ -103.4548965, 20.2966953 ], [ -103.4560583, 20.2979228 ], [ -103.4565572, 20.2985373 ], [ -103.4565721, 20.29993 ], [ -103.4560882, 20.3007083 ], [ -103.4552728, 20.3011803 ], [ -103.4552794, 20.3017995 ], [ -103.4552866, 20.3024732 ], [ -103.4550678, 20.3025706 ], [ -103.4543878, 20.3033234 ], [ -103.4513131, 20.3060694 ], [ -103.4501466, 20.3068815 ], [ -103.4495969, 20.3073828 ], [ -103.4485975, 20.3076361 ], [ -103.4460415, 20.3076223 ], [ -103.4451407, 20.3077497 ], [ -103.4441489, 20.3082472 ], [ -103.4420056, 20.3085085 ], [ -103.4402973, 20.3089002 ], [ -103.4392146, 20.3093086 ], [ -103.4389353, 20.3092438 ], [ -103.4386493, 20.3091772 ], [ -103.4372073, 20.309273 ], [ -103.4365514, 20.3090323 ], [ -103.4349945, 20.3092988 ], [ -103.4309826, 20.3104202 ], [ -103.4287164, 20.3112315 ], [ -103.4271142, 20.311172 ], [ -103.4247038, 20.3103733 ], [ -103.4217589, 20.3099402 ], [ -103.420737, 20.309958 ], [ -103.4184087, 20.3097469 ], [ -103.4172577, 20.3102147 ], [ -103.4160573, 20.3103375 ], [ -103.4149952, 20.3096117 ], [ -103.4143389, 20.3096169 ], [ -103.4130181, 20.3088543 ], [ -103.411366, 20.3077851 ], [ -103.4107032, 20.307172 ], [ -103.4095466, 20.3064081 ], [ -103.4085621, 20.3064155 ], [ -103.407087, 20.306581 ], [ -103.4066061, 20.3076661 ], [ -103.4066126, 20.308284 ], [ -103.4066206, 20.3090565 ], [ -103.4063038, 20.3101403 ], [ -103.4059837, 20.3109153 ], [ -103.4051649, 20.311076 ], [ -103.4043412, 20.3107732 ], [ -103.4033487, 20.3100081 ], [ -103.4025267, 20.3098599 ], [ -103.4015486, 20.310486 ], [ -103.4015534, 20.3109498 ], [ -103.401538, 20.3109795 ], [ -103.4012609, 20.3109568 ], [ -103.3993223, 20.3110187 ], [ -103.3942332, 20.3122357 ], [ -103.3921967, 20.3122623 ], [ -103.389892, 20.3127016 ], [ -103.3879306, 20.3134247 ], [ -103.3867248, 20.3133413 ], [ -103.3847784, 20.313678 ], [ -103.3839542, 20.3136591 ], [ -103.3828024, 20.3138021 ], [ -103.381948, 20.3137764 ], [ -103.3773128, 20.3153597 ], [ -103.3772965, 20.3161726 ], [ -103.3778296, 20.3173608 ], [ -103.3785479, 20.318298 ], [ -103.3799048, 20.3196204 ], [ -103.379981, 20.3203078 ], [ -103.3793853, 20.3209616 ], [ -103.3783314, 20.3219095 ], [ -103.3755152, 20.3208897 ], [ -103.3739578, 20.3209475 ], [ -103.3728199, 20.3213255 ], [ -103.3723957, 20.3213651 ], [ -103.3714975, 20.3214487 ], [ -103.3705906, 20.3210789 ], [ -103.3703545, 20.3204986 ], [ -103.370103, 20.3195839 ], [ -103.36996, 20.3172877 ], [ -103.369396, 20.315765 ], [ -103.3684045, 20.3150238 ], [ -103.3677548, 20.3149819 ], [ -103.3651071, 20.3144715 ], [ -103.3644255, 20.3146187 ], [ -103.3633038, 20.3164513 ], [ -103.3620899, 20.3171807 ], [ -103.3613227, 20.3170222 ], [ -103.3609907, 20.3169536 ], [ -103.3594345, 20.3160356 ], [ -103.3581758, 20.3165115 ], [ -103.3557186, 20.3200303 ], [ -103.3546818, 20.3189578 ], [ -103.3538612, 20.3189651 ], [ -103.3520499, 20.3183619 ], [ -103.3507263, 20.31729 ], [ -103.3507252, 20.3171752 ] ] ] } },
{ "type": "Feature", "properties": { "OBJECTID": 97439, "CVE_V": "VSa/SBC", "TIP_INFO": "ECOLÓGICA-FLORÍSTICA-FISONÓMICA", "TIP_ECOV": "SELVA CADUCIFOLIA", "TIP_VEG": "SELVA BAJA CADUCIFOLIA", "DESVEG": "SECUNDARIA", "FASE_VS": "ARBUSTIVA", "OTROS": "NO APLICABLE" }, "geometry": { "type": "Polygon", "coordinates": [ [ [ -103.3883876, 20.3570853 ], [ -103.3890063, 20.3557633 ], [ -103.3895328, 20.3548829 ], [ -103.3901819, 20.3543287 ], [ -103.3914473, 20.3544129 ], [ -103.3915093, 20.3543574 ], [ -103.3922562, 20.3536887 ], [ -103.3939268, 20.3512382 ], [ -103.3945144, 20.3496449 ], [ -103.3942102, 20.3462366 ], [ -103.39428, 20.3455238 ], [ -103.3932492, 20.343897 ], [ -103.3927918, 20.342827 ], [ -103.3935699, 20.3420123 ], [ -103.3941658, 20.3419542 ], [ -103.394201, 20.3419581 ], [ -103.3941422, 20.3416683 ], [ -103.3942975, 20.340738 ], [ -103.3957696, 20.3401052 ], [ -103.3975732, 20.3397789 ], [ -103.3987214, 20.3396135 ], [ -103.400528, 20.3395969 ], [ -103.4023346, 20.3395801 ], [ -103.4032568, 20.3400904 ], [ -103.4033742, 20.3400058 ], [ -103.4069785, 20.3387738 ], [ -103.4098104, 20.3388536 ], [ -103.4108257, 20.3386641 ], [ -103.4118629, 20.338737 ], [ -103.4123973, 20.3385518 ], [ -103.412626, 20.3384726 ], [ -103.4131071, 20.3384499 ], [ -103.414313, 20.3375482 ], [ -103.4144152, 20.3372753 ], [ -103.4148, 20.3380709 ], [ -103.4158008, 20.3396097 ], [ -103.4159869, 20.3417754 ], [ -103.4159978, 20.342859 ], [ -103.417488, 20.3440837 ], [ -103.4194582, 20.3440652 ], [ -103.4212578, 20.3434291 ], [ -103.4222363, 20.3428006 ], [ -103.4222251, 20.341717 ], [ -103.4220465, 20.3403253 ], [ -103.4218647, 20.338624 ], [ -103.4211968, 20.3375465 ], [ -103.4211855, 20.3364629 ], [ -103.420841, 20.3349179 ], [ -103.420815, 20.3324417 ], [ -103.4209629, 20.3308934 ], [ -103.4222676, 20.3301092 ], [ -103.4234131, 20.3297908 ], [ -103.4252182, 20.3297767 ], [ -103.4262029, 20.3297692 ], [ -103.4275108, 20.329296 ], [ -103.4286513, 20.3285152 ], [ -103.429462, 20.3275825 ], [ -103.4307813, 20.3281907 ], [ -103.4317725, 20.3288014 ], [ -103.4326029, 20.3297222 ], [ -103.4339338, 20.3314117 ], [ -103.4344426, 20.3329526 ], [ -103.4344706, 20.3355784 ], [ -103.4343164, 20.3365065 ], [ -103.4354718, 20.3371159 ], [ -103.4374444, 20.3374103 ], [ -103.4385948, 20.3375563 ], [ -103.438613, 20.3392553 ], [ -103.4381438, 20.3414218 ], [ -103.4386526, 20.3429632 ], [ -103.4393157, 20.3435762 ], [ -103.4411227, 20.3437168 ], [ -103.4422682, 20.3433992 ], [ -103.4424257, 20.3427801 ], [ -103.4424125, 20.3415445 ], [ -103.4424026, 20.3406178 ], [ -103.442885, 20.3396875 ], [ -103.442875, 20.3387608 ], [ -103.4428618, 20.3375251 ], [ -103.4426894, 20.3367539 ], [ -103.4428452, 20.3359801 ], [ -103.4436559, 20.3350463 ], [ -103.4443091, 20.3347317 ], [ -103.4452888, 20.3342592 ], [ -103.4462801, 20.3348693 ], [ -103.4464508, 20.3354868 ], [ -103.4476112, 20.3365596 ], [ -103.4471321, 20.337801 ], [ -103.4471404, 20.3385739 ], [ -103.4471503, 20.3395012 ], [ -103.4473178, 20.339809 ], [ -103.4478151, 20.3402688 ], [ -103.4481483, 20.3407298 ], [ -103.4491447, 20.3418038 ], [ -103.4489905, 20.342732 ], [ -103.4488347, 20.3435056 ], [ -103.4487868, 20.3442417 ], [ -103.446913, 20.3441748 ], [ -103.4451736, 20.3444798 ], [ -103.443077, 20.3453132 ], [ -103.4423047, 20.3459183 ], [ -103.4419482, 20.3467443 ], [ -103.4438917, 20.3491095 ], [ -103.4451587, 20.3513779 ], [ -103.444693, 20.3530061 ], [ -103.4441971, 20.3531639 ], [ -103.4424897, 20.3531027 ], [ -103.439492, 20.3556047 ], [ -103.4387114, 20.3554444 ], [ -103.4378134, 20.3548765 ], [ -103.4373152, 20.3541404 ], [ -103.437393, 20.3528513 ], [ -103.4362109, 20.3517816 ], [ -103.4355392, 20.35192 ], [ -103.434363, 20.3534723 ], [ -103.4337464, 20.354054 ], [ -103.4317457, 20.3547497 ], [ -103.4310281, 20.3551141 ], [ -103.4303875, 20.3552619 ], [ -103.4292961, 20.3550715 ], [ -103.4277324, 20.3540637 ], [ -103.4265494, 20.354089 ], [ -103.4246627, 20.3556712 ], [ -103.4237918, 20.3556544 ], [ -103.4221979, 20.3547727 ], [ -103.4220913, 20.3539654 ], [ -103.4213669, 20.3524617 ], [ -103.4204061, 20.3516239 ], [ -103.4198259, 20.3513295 ], [ -103.4193284, 20.3516142 ], [ -103.4191457, 20.3521096 ], [ -103.4174648, 20.353883 ], [ -103.4165716, 20.3540557 ], [ -103.4151684, 20.3534827 ], [ -103.4134812, 20.352158 ], [ -103.4122681, 20.3523365 ], [ -103.4116723, 20.3521686 ], [ -103.4083895, 20.3529881 ], [ -103.4078626, 20.3537151 ], [ -103.4074037, 20.3542618 ], [ -103.4074625, 20.356322 ], [ -103.4069824, 20.3568955 ], [ -103.4062419, 20.3573949 ], [ -103.4048836, 20.3569579 ], [ -103.4039515, 20.3568049 ], [ -103.4031292, 20.3570318 ], [ -103.4026092, 20.3574248 ], [ -103.4022827, 20.3581622 ], [ -103.4014966, 20.3595551 ], [ -103.4008922, 20.3596938 ], [ -103.4000692, 20.3593885 ], [ -103.3985747, 20.3580737 ], [ -103.3972999, 20.357547 ], [ -103.3956424, 20.3572158 ], [ -103.3945381, 20.3573772 ], [ -103.3915233, 20.35809 ], [ -103.3883876, 20.3570853 ] ] ] } },
{ "type": "Feature", "properties": { "OBJECTID": 97459, "CVE_V": "VSa/SBC", "TIP_INFO": "ECOLÓGICA-FLORÍSTICA-FISONÓMICA", "TIP_ECOV": "SELVA CADUCIFOLIA", "TIP_VEG": "SELVA BAJA CADUCIFOLIA", "DESVEG": "SECUNDARIA", "FASE_VS": "ARBUSTIVA", "OTROS": "NO APLICABLE" }, "geometry": { "type": "MultiPolygon", "coordinates": [ [ [ [ -103.4701328, 20.2727071 ], [ -103.4708247, 20.2728817 ], [ -103.4715462, 20.2732177 ], [ -103.4717492, 20.27332 ], [ -103.4718577, 20.2735745 ], [ -103.4719045, 20.2736381 ], [ -103.471966, 20.273998 ], [ -103.4721453, 20.2739572 ], [ -103.4724372, 20.2740229 ], [ -103.4727036, 20.2742159 ], [ -103.4727927, 20.2742796 ], [ -103.4729736, 20.2743023 ], [ -103.4732634, 20.2742626 ], [ -103.4733532, 20.2743059 ], [ -103.4734858, 20.2743913 ], [ -103.4737331, 20.27433 ], [ -103.4738693, 20.27431 ], [ -103.4740016, 20.2745439 ], [ -103.4742447, 20.2747995 ], [ -103.4744435, 20.2749704 ], [ -103.4747802, 20.2749943 ], [ -103.4750488, 20.2749543 ], [ -103.4754771, 20.2747467 ], [ -103.4759726, 20.2746245 ], [ -103.4762625, 20.2747747 ], [ -103.4763825, 20.2749368 ], [ -103.4767705, 20.275705 ], [ -103.4771547, 20.2761224 ], [ -103.4776828, 20.2767933 ], [ -103.4789148, 20.2774031 ], [ -103.4795482, 20.2775012 ], [ -103.4801039, 20.2777826 ], [ -103.4801936, 20.2783343 ], [ -103.4804755, 20.2787274 ], [ -103.4803668, 20.2791931 ], [ -103.4801459, 20.2797849 ], [ -103.4800002, 20.2803223 ], [ -103.4798646, 20.2808318 ], [ -103.4789966, 20.2812434 ], [ -103.4783485, 20.2811199 ], [ -103.4778594, 20.2807817 ], [ -103.4765081, 20.2795861 ], [ -103.4757474, 20.2792539 ], [ -103.4744245, 20.2792153 ], [ -103.4744324, 20.2800017 ], [ -103.4742156, 20.282133 ], [ -103.4736131, 20.2829593 ], [ -103.4723818, 20.2841416 ], [ -103.4723058, 20.2847127 ], [ -103.4735947, 20.2864023 ], [ -103.4750842, 20.2867501 ], [ -103.4774878, 20.2868883 ], [ -103.4798776, 20.2875686 ], [ -103.4815177, 20.288297 ], [ -103.4817988, 20.2883997 ], [ -103.4818545, 20.2884536 ], [ -103.4831037, 20.2900045 ], [ -103.4836056, 20.2908129 ], [ -103.4844729, 20.2914648 ], [ -103.4850544, 20.2917232 ], [ -103.4863159, 20.2919426 ], [ -103.4879217, 20.2920052 ], [ -103.4891981, 20.2920114 ], [ -103.4895895, 20.2920697 ], [ -103.490135, 20.2926977 ], [ -103.4927592, 20.2939491 ], [ -103.4934244, 20.2948044 ], [ -103.4934089, 20.2958796 ], [ -103.4903299, 20.296043 ], [ -103.4896654, 20.2962088 ], [ -103.4888774, 20.2972407 ], [ -103.493259, 20.2986605 ], [ -103.4941835, 20.2989938 ], [ -103.4949698, 20.2989826 ], [ -103.4966811, 20.298645 ], [ -103.4988694, 20.2998199 ], [ -103.4999118, 20.2999247 ], [ -103.5003427, 20.299968 ], [ -103.501467, 20.2996254 ], [ -103.5018005, 20.2991161 ], [ -103.5020258, 20.2987719 ], [ -103.502036, 20.2987546 ], [ -103.5021249, 20.2988917 ], [ -103.5029462, 20.2997106 ], [ -103.5032533, 20.2999217 ], [ -103.5034001, 20.3000279 ], [ -103.5035929, 20.3004749 ], [ -103.5040775, 20.3008671 ], [ -103.505989, 20.3014564 ], [ -103.506485, 20.3026993 ], [ -103.5071336, 20.3025967 ], [ -103.5097475, 20.3043973 ], [ -103.5095083, 20.3044397 ], [ -103.5111044, 20.3053972 ], [ -103.5111784, 20.3053843 ], [ -103.5113657, 20.3055125 ], [ -103.5116543, 20.306344 ], [ -103.5125094, 20.3088082 ], [ -103.5126357, 20.3091718 ], [ -103.5148868, 20.3156505 ], [ -103.5150884, 20.3162249 ], [ -103.5151253, 20.3163331 ], [ -103.5152026, 20.3165593 ], [ -103.5163549, 20.3198731 ], [ -103.5165407, 20.3204103 ], [ -103.5166687, 20.3206017 ], [ -103.5175311, 20.3218905 ], [ -103.5182293, 20.3227045 ], [ -103.5184697, 20.3229848 ], [ -103.519397, 20.3240659 ], [ -103.5196751, 20.3243901 ], [ -103.5199532, 20.3247144 ], [ -103.5208147, 20.3257188 ], [ -103.5241494, 20.3296062 ], [ -103.5247959, 20.3303599 ], [ -103.5250775, 20.3306882 ], [ -103.5253277, 20.3309798 ], [ -103.5256256, 20.3313271 ], [ -103.5260646, 20.3318388 ], [ -103.5263347, 20.3321536 ], [ -103.5263593, 20.3321826 ], [ -103.5272786, 20.3332622 ], [ -103.5274145, 20.3334217 ], [ -103.5278205, 20.3338986 ], [ -103.5278853, 20.333987 ], [ -103.5279133, 20.3340251 ], [ -103.5280481, 20.3342119 ], [ -103.5281817, 20.3343969 ], [ -103.5283478, 20.3346271 ], [ -103.5285166, 20.3346883 ], [ -103.5282011, 20.3349785 ], [ -103.5276678, 20.3350623 ], [ -103.5277893, 20.3354698 ], [ -103.5279349, 20.3356968 ], [ -103.527927, 20.3359715 ], [ -103.5279813, 20.3360074 ], [ -103.5280665, 20.3360232 ], [ -103.5283536, 20.3360215 ], [ -103.5284885, 20.3361077 ], [ -103.5284397, 20.3361153 ], [ -103.5272355, 20.3359607 ], [ -103.5254636, 20.3348886 ], [ -103.5243728, 20.3340663 ], [ -103.5234808, 20.333878 ], [ -103.5226101, 20.3343134 ], [ -103.522053, 20.3343772 ], [ -103.5218007, 20.3344061 ], [ -103.5209541, 20.3339379 ], [ -103.5206566, 20.3334748 ], [ -103.5193664, 20.332759 ], [ -103.5165055, 20.3316328 ], [ -103.5143679, 20.3303138 ], [ -103.5146663, 20.3294578 ], [ -103.5154228, 20.3292838 ], [ -103.5205514, 20.3294356 ], [ -103.5216144, 20.3276649 ], [ -103.5214546, 20.3271305 ], [ -103.5209816, 20.3266477 ], [ -103.5197758, 20.3260684 ], [ -103.5185012, 20.3266809 ], [ -103.5179128, 20.3267121 ], [ -103.5176135, 20.3268212 ], [ -103.5162175, 20.3273301 ], [ -103.5149509, 20.3265515 ], [ -103.5143409, 20.3254713 ], [ -103.5141128, 20.3244575 ], [ -103.5136101, 20.3232966 ], [ -103.5129229, 20.3225231 ], [ -103.5120144, 20.322398 ], [ -103.51109, 20.3233115 ], [ -103.50977, 20.3235445 ], [ -103.5096172, 20.3229736 ], [ -103.5095649, 20.3209407 ], [ -103.5082148, 20.3190862 ], [ -103.50798, 20.3181988 ], [ -103.5083243, 20.3162143 ], [ -103.5081952, 20.3155175 ], [ -103.5080501, 20.3150014 ], [ -103.5071107, 20.3150658 ], [ -103.5061789, 20.3147349 ], [ -103.5056013, 20.313763 ], [ -103.5060829, 20.3117075 ], [ -103.5054499, 20.311422 ], [ -103.5045721, 20.3108634 ], [ -103.5034886, 20.3103483 ], [ -103.5021378, 20.3102101 ], [ -103.5013124, 20.3106459 ], [ -103.5003722, 20.3113424 ], [ -103.4995939, 20.3116612 ], [ -103.4991923, 20.311654 ], [ -103.4986243, 20.3116437 ], [ -103.4966852, 20.311067 ], [ -103.4945557, 20.3095128 ], [ -103.4930538, 20.308994 ], [ -103.4917792, 20.308631 ], [ -103.4911767, 20.3085894 ], [ -103.4904745, 20.3088905 ], [ -103.4892641, 20.3087795 ], [ -103.4882994, 20.3086911 ], [ -103.4871548, 20.3084099 ], [ -103.4859268, 20.3074148 ], [ -103.4846983, 20.3065279 ], [ -103.4817536, 20.3051924 ], [ -103.4787861, 20.3053919 ], [ -103.4780461, 20.3057812 ], [ -103.4773898, 20.3052152 ], [ -103.4773032, 20.3049622 ], [ -103.4771388, 20.3050153 ], [ -103.4761543, 20.3050232 ], [ -103.4751648, 20.3045674 ], [ -103.4745018, 20.3039545 ], [ -103.4739977, 20.3028765 ], [ -103.47267, 20.301496 ], [ -103.4715147, 20.3008869 ], [ -103.4708433, 20.2995011 ], [ -103.4695139, 20.2979659 ], [ -103.4686818, 20.2968905 ], [ -103.4676857, 20.2958164 ], [ -103.4675082, 20.2945808 ], [ -103.4676589, 20.2933422 ], [ -103.468141, 20.2924094 ], [ -103.4684591, 20.2914774 ], [ -103.4684508, 20.2907032 ], [ -103.4684425, 20.289929 ], [ -103.4684327, 20.289 ], [ -103.4687496, 20.287913 ], [ -103.4688657, 20.2871513 ], [ -103.467358, 20.2860768 ], [ -103.4666786, 20.2859802 ], [ -103.4658542, 20.2857292 ], [ -103.4621614, 20.2852899 ], [ -103.461673, 20.2853489 ], [ -103.4585297, 20.2861864 ], [ -103.4575845, 20.2854367 ], [ -103.4572024, 20.2847291 ], [ -103.4573853, 20.2836657 ], [ -103.4575701, 20.2815159 ], [ -103.4586712, 20.2815054 ], [ -103.4598198, 20.2814945 ], [ -103.4611326, 20.281482 ], [ -103.46195, 20.2811644 ], [ -103.4622767, 20.2810065 ], [ -103.4616123, 20.2802385 ], [ -103.4607837, 20.2794722 ], [ -103.4599504, 20.2782413 ], [ -103.4599409, 20.2773123 ], [ -103.4602614, 20.2765349 ], [ -103.4625565, 20.2762032 ], [ -103.464034, 20.2761889 ], [ -103.4648502, 20.2757164 ], [ -103.4651755, 20.2754036 ], [ -103.4651721, 20.2750656 ], [ -103.4670525, 20.2753737 ], [ -103.4678988, 20.2758514 ], [ -103.4685189, 20.2755851 ], [ -103.4694433, 20.2746715 ], [ -103.4699182, 20.2736452 ], [ -103.4699589, 20.2726942 ], [ -103.4701328, 20.2727071 ] ] ], [ [ [ -103.5442888, 20.3631137 ], [ -103.5456999, 20.3653581 ], [ -103.5468693, 20.3686067 ], [ -103.5473335, 20.3698351 ], [ -103.5474199, 20.3707912 ], [ -103.5474782, 20.3726243 ], [ -103.5474478, 20.3726852 ], [ -103.5471276, 20.3730997 ], [ -103.5470096, 20.3732404 ], [ -103.546241, 20.3737954 ], [ -103.5456692, 20.3744225 ], [ -103.5454516, 20.3749863 ], [ -103.5453411, 20.3755837 ], [ -103.5455495, 20.3759847 ], [ -103.5456137, 20.3765508 ], [ -103.5456173, 20.3765672 ], [ -103.5455662, 20.376891 ], [ -103.5457121, 20.3782913 ], [ -103.5463108, 20.380027 ], [ -103.5460349, 20.3805789 ], [ -103.5455188, 20.3812909 ], [ -103.5445626, 20.3819474 ], [ -103.5433643, 20.3824577 ], [ -103.5421118, 20.3831209 ], [ -103.5415733, 20.3839954 ], [ -103.540448, 20.3845688 ], [ -103.5398819, 20.3844735 ], [ -103.5391582, 20.3841693 ], [ -103.5359838, 20.3782878 ], [ -103.5345876, 20.3781492 ], [ -103.5319788, 20.3775667 ], [ -103.5316966, 20.3770132 ], [ -103.5319332, 20.3755969 ], [ -103.5315211, 20.3746629 ], [ -103.5310429, 20.3741734 ], [ -103.5296066, 20.3738498 ], [ -103.5287858, 20.3738579 ], [ -103.527792, 20.3730935 ], [ -103.5268001, 20.372484 ], [ -103.5267914, 20.37171 ], [ -103.5267792, 20.3706263 ], [ -103.526767, 20.3695426 ], [ -103.5274115, 20.3684524 ], [ -103.5292102, 20.3678154 ], [ -103.5298633, 20.3674994 ], [ -103.5303488, 20.3668756 ], [ -103.5303383, 20.3659472 ], [ -103.5310852, 20.3654891 ], [ -103.53091, 20.3653264 ], [ -103.5302306, 20.3642907 ], [ -103.5303456, 20.3637323 ], [ -103.5309724, 20.3631333 ], [ -103.532215, 20.3627667 ], [ -103.5335261, 20.3614872 ], [ -103.5337789, 20.3602269 ], [ -103.5334893, 20.3595083 ], [ -103.53297, 20.3589079 ], [ -103.5323371, 20.3585954 ], [ -103.5316418, 20.3585537 ], [ -103.5311312, 20.3588927 ], [ -103.5297504, 20.3594587 ], [ -103.528972, 20.3592882 ], [ -103.5280337, 20.3587107 ], [ -103.5276993, 20.3579225 ], [ -103.5272406, 20.3545595 ], [ -103.5264936, 20.3518452 ], [ -103.5259043, 20.3513887 ], [ -103.5247005, 20.3499418 ], [ -103.5246999, 20.3494812 ], [ -103.525127, 20.3484459 ], [ -103.5257825, 20.3479455 ], [ -103.5261565, 20.3470724 ], [ -103.5258132, 20.3454614 ], [ -103.5255549, 20.3447005 ], [ -103.5244475, 20.342848 ], [ -103.5244322, 20.3422427 ], [ -103.5249884, 20.3407205 ], [ -103.5249432, 20.3402505 ], [ -103.5252861, 20.3396027 ], [ -103.525745, 20.3390738 ], [ -103.5263935, 20.3389527 ], [ -103.5275385, 20.3391431 ], [ -103.5286446, 20.3390259 ], [ -103.5294007, 20.3391226 ], [ -103.5299412, 20.339353 ], [ -103.532057, 20.3408773 ], [ -103.5337715, 20.3426443 ], [ -103.5349621, 20.3440005 ], [ -103.5352756, 20.3445268 ], [ -103.535731, 20.3459403 ], [ -103.5362743, 20.3472543 ], [ -103.5348609, 20.3466462 ], [ -103.5336037, 20.3460218 ], [ -103.5325493, 20.3461215 ], [ -103.5318792, 20.3466123 ], [ -103.5321377, 20.3473646 ], [ -103.5351216, 20.3518791 ], [ -103.5361062, 20.3528543 ], [ -103.5379053, 20.3539895 ], [ -103.5385393, 20.3541486 ], [ -103.5391887, 20.3541812 ], [ -103.5394923, 20.3546621 ], [ -103.5403099, 20.3551028 ], [ -103.5410032, 20.3562469 ], [ -103.5415672, 20.3576429 ], [ -103.5432082, 20.3601006 ], [ -103.5442888, 20.3631137 ] ] ] ] } },
{ "type": "Feature", "properties": { "OBJECTID": 97479, "CVE_V": "VSa/SBC", "TIP_INFO": "ECOLÓGICA-FLORÍSTICA-FISONÓMICA", "TIP_ECOV": "SELVA CADUCIFOLIA", "TIP_VEG": "SELVA BAJA CADUCIFOLIA", "DESVEG": "SECUNDARIA", "FASE_VS": "ARBUSTIVA", "OTROS": "NO APLICABLE" }, "geometry": { "type": "MultiPolygon", "coordinates": [ [ [ [ -103.3588228, 20.3617536 ], [ -103.3588272, 20.361757 ], [ -103.3594221, 20.3622126 ], [ -103.3594196, 20.3622137 ], [ -103.3583498, 20.3626915 ], [ -103.3577323, 20.3636277 ], [ -103.3571159, 20.3638248 ], [ -103.3567338, 20.3642686 ], [ -103.3565709, 20.3646141 ], [ -103.3560302, 20.3650672 ], [ -103.3548735, 20.3660411 ], [ -103.3540373, 20.3667667 ], [ -103.3526575, 20.3678369 ], [ -103.3497469, 20.3688308 ], [ -103.3486806, 20.3687031 ], [ -103.3477415, 20.3683147 ], [ -103.3459327, 20.3672589 ], [ -103.3448427, 20.3671671 ], [ -103.3429129, 20.3674834 ], [ -103.3419123, 20.3679184 ], [ -103.3395639, 20.3694229 ], [ -103.3363277, 20.3698889 ], [ -103.3361481, 20.3699608 ], [ -103.3357793, 20.3701091 ], [ -103.3333235, 20.3695077 ], [ -103.3324827, 20.3695718 ], [ -103.3315447, 20.3700238 ], [ -103.3306376, 20.3709272 ], [ -103.330011, 20.371996 ], [ -103.3295769, 20.3725971 ], [ -103.3287375, 20.3728062 ], [ -103.3274089, 20.372658 ], [ -103.3236799, 20.3716737 ], [ -103.3223074, 20.3717054 ], [ -103.320972, 20.3718463 ], [ -103.3201088, 20.3725696 ], [ -103.3201921, 20.3732207 ], [ -103.321071, 20.3743494 ], [ -103.3218791, 20.3748627 ], [ -103.3222924, 20.3753364 ], [ -103.3243652, 20.3770816 ], [ -103.3263891, 20.3775168 ], [ -103.3280574, 20.3767468 ], [ -103.3289749, 20.3766566 ], [ -103.3301028, 20.3766853 ], [ -103.3316059, 20.3755074 ], [ -103.3330941, 20.3747717 ], [ -103.3350251, 20.3740764 ], [ -103.33574, 20.3741557 ], [ -103.3384578, 20.3740099 ], [ -103.3394032, 20.3738203 ], [ -103.3402572, 20.3733928 ], [ -103.3408007, 20.3732866 ], [ -103.3407081, 20.3742623 ], [ -103.3401286, 20.3759542 ], [ -103.3394575, 20.3771402 ], [ -103.3384256, 20.3776798 ], [ -103.3370538, 20.3781926 ], [ -103.3359481, 20.3787485 ], [ -103.3340737, 20.3821785 ], [ -103.3335072, 20.3835706 ], [ -103.3335074, 20.3835731 ], [ -103.3336248, 20.3850853 ], [ -103.3337522, 20.3862573 ], [ -103.3339179, 20.3863968 ], [ -103.3339777, 20.3865069 ], [ -103.3339912, 20.3866948 ], [ -103.3339911, 20.3866955 ], [ -103.3339242, 20.3870382 ], [ -103.3337275, 20.3873386 ], [ -103.3334119, 20.3875265 ], [ -103.3322297, 20.3878882 ], [ -103.3308807, 20.3882773 ], [ -103.3300994, 20.3888316 ], [ -103.3294361, 20.389555 ], [ -103.3291255, 20.3907316 ], [ -103.3289954, 20.3916849 ], [ -103.328692, 20.3921314 ], [ -103.3279713, 20.3926864 ], [ -103.3250214, 20.393629 ], [ -103.3244719, 20.3938431 ], [ -103.3247785, 20.392749 ], [ -103.3241527, 20.392445 ], [ -103.3232304, 20.3918125 ], [ -103.3219869, 20.3915275 ], [ -103.3209103, 20.3918446 ], [ -103.3201482, 20.3925057 ], [ -103.3185241, 20.394468 ], [ -103.3179437, 20.3948782 ], [ -103.3172565, 20.3946819 ], [ -103.3154878, 20.3935624 ], [ -103.3132132, 20.3914993 ], [ -103.3120004, 20.39081 ], [ -103.3083764, 20.3905581 ], [ -103.3080419, 20.3907209 ], [ -103.3077591, 20.3908585 ], [ -103.3074301, 20.3910186 ], [ -103.3050883, 20.3907971 ], [ -103.3030741, 20.3898562 ], [ -103.3025021, 20.3898777 ], [ -103.3009957, 20.3912007 ], [ -103.3003196, 20.3909682 ], [ -103.2987054, 20.3907919 ], [ -103.2988008, 20.3907039 ], [ -103.2990105, 20.3905088 ], [ -103.2990132, 20.3902838 ], [ -103.2985738, 20.389604 ], [ -103.29822, 20.3890198 ], [ -103.2981027, 20.3888213 ], [ -103.2979565, 20.3884258 ], [ -103.2979912, 20.3880321 ], [ -103.2980257, 20.3876106 ], [ -103.2979422, 20.3871313 ], [ -103.2977055, 20.3868193 ], [ -103.2974727, 20.3863106 ], [ -103.2973583, 20.3859154 ], [ -103.2973318, 20.385465 ], [ -103.2973072, 20.3850985 ], [ -103.297102, 20.3845623 ], [ -103.2969282, 20.3841942 ], [ -103.2966636, 20.3836853 ], [ -103.2964913, 20.3832616 ], [ -103.296332, 20.3830011 ], [ -103.2962108, 20.3826562 ], [ -103.2962161, 20.3826556 ], [ -103.2971229, 20.3829466 ], [ -103.2986882, 20.3834473 ], [ -103.299641, 20.3830118 ], [ -103.3011883, 20.3821507 ], [ -103.3023872, 20.3815572 ], [ -103.3022946, 20.3809244 ], [ -103.3016993, 20.3802771 ], [ -103.3000295, 20.379414 ], [ -103.2980762, 20.3788078 ], [ -103.2961147, 20.3777276 ], [ -103.2965693, 20.3768572 ], [ -103.2968881, 20.3761216 ], [ -103.2947553, 20.3757328 ], [ -103.2943225, 20.3756358 ], [ -103.294319, 20.3743502 ], [ -103.2945741, 20.3736516 ], [ -103.2947428, 20.37294 ], [ -103.2943109, 20.3713919 ], [ -103.2943056, 20.3694705 ], [ -103.2944658, 20.3694966 ], [ -103.2946958, 20.369534 ], [ -103.2966567, 20.3706911 ], [ -103.297076, 20.3715445 ], [ -103.2976803, 20.3721373 ], [ -103.2997403, 20.3733412 ], [ -103.3014254, 20.3730954 ], [ -103.3015019, 20.3740897 ], [ -103.3027758, 20.3750325 ], [ -103.3047675, 20.3749955 ], [ -103.3060777, 20.3748183 ], [ -103.3094893, 20.373045 ], [ -103.3131444, 20.3714096 ], [ -103.3148155, 20.3709287 ], [ -103.3156533, 20.3710271 ], [ -103.3182095, 20.3700581 ], [ -103.3191173, 20.3699856 ], [ -103.3204827, 20.370062 ], [ -103.3215741, 20.3693498 ], [ -103.3220553, 20.3695261 ], [ -103.3240992, 20.3685794 ], [ -103.3257923, 20.3681526 ], [ -103.326807, 20.3675393 ], [ -103.3305605, 20.3662746 ], [ -103.3325964, 20.3657428 ], [ -103.3332073, 20.3652791 ], [ -103.334619, 20.3647235 ], [ -103.3359007, 20.3639047 ], [ -103.338754, 20.3624957 ], [ -103.3401881, 20.36241 ], [ -103.3415082, 20.3620702 ], [ -103.343789, 20.3605382 ], [ -103.3446065, 20.3604618 ], [ -103.3446104, 20.3608454 ], [ -103.3437913, 20.3610074 ], [ -103.3437991, 20.3617814 ], [ -103.3449605, 20.3630096 ], [ -103.3470957, 20.3631455 ], [ -103.3480789, 20.362982 ], [ -103.348565, 20.3623585 ], [ -103.3488884, 20.3618912 ], [ -103.3495385, 20.3612661 ], [ -103.3495553, 20.3609877 ], [ -103.349639, 20.3609527 ], [ -103.3503566, 20.3604988 ], [ -103.3524979, 20.3593627 ], [ -103.3533446, 20.3591179 ], [ -103.3573381, 20.3568521 ], [ -103.3585731, 20.3559062 ], [ -103.3611362, 20.3541681 ], [ -103.3611105, 20.3540418 ], [ -103.3612629, 20.3529568 ], [ -103.3614153, 20.3518718 ], [ -103.3620583, 20.3506276 ], [ -103.3638548, 20.3498374 ], [ -103.3651643, 20.3495161 ], [ -103.366313, 20.3495058 ], [ -103.3674587, 20.3491859 ], [ -103.3684357, 20.348403 ], [ -103.36958, 20.3479283 ], [ -103.3715482, 20.3477557 ], [ -103.3738446, 20.3475802 ], [ -103.3746638, 20.347418 ], [ -103.3768539, 20.3488345 ], [ -103.3791494, 20.3479326 ], [ -103.380017, 20.3481486 ], [ -103.3803535, 20.3481427 ], [ -103.3809331, 20.348401 ], [ -103.3822466, 20.3482508 ], [ -103.3835575, 20.3476127 ], [ -103.3838567, 20.3470098 ], [ -103.3829637, 20.3449512 ], [ -103.383124, 20.343932 ], [ -103.3836345, 20.3433676 ], [ -103.384445, 20.3436459 ], [ -103.3853272, 20.3441151 ], [ -103.3869392, 20.3456568 ], [ -103.3874949, 20.3466373 ], [ -103.3877926, 20.3474688 ], [ -103.3886321, 20.3488857 ], [ -103.3886097, 20.3495449 ], [ -103.3874267, 20.3510876 ], [ -103.3868997, 20.3511998 ], [ -103.3868319, 20.3512142 ], [ -103.3868156, 20.3512177 ], [ -103.3854128, 20.3510802 ], [ -103.3840925, 20.3513209 ], [ -103.3829099, 20.3524843 ], [ -103.3831924, 20.3530921 ], [ -103.3836042, 20.3538096 ], [ -103.3831383, 20.3547357 ], [ -103.3818725, 20.3559977 ], [ -103.3816585, 20.3567093 ], [ -103.3819637, 20.3578684 ], [ -103.3820553, 20.3584384 ], [ -103.3838634, 20.3597445 ], [ -103.3835127, 20.3609521 ], [ -103.3826037, 20.3614042 ], [ -103.3819565, 20.361588 ], [ -103.3792999, 20.3604003 ], [ -103.3786751, 20.3606656 ], [ -103.3771879, 20.3621056 ], [ -103.3766556, 20.3626789 ], [ -103.376098, 20.3631164 ], [ -103.3754892, 20.3632642 ], [ -103.3731169, 20.3623028 ], [ -103.3710107, 20.3612715 ], [ -103.3688077, 20.3608351 ], [ -103.3670682, 20.3606019 ], [ -103.3661545, 20.3607563 ], [ -103.363877, 20.3620894 ], [ -103.3634053, 20.362189 ], [ -103.3588228, 20.3617536 ] ] ], [ [ [ -103.2937557, 20.3694023 ], [ -103.2937495, 20.36938 ], [ -103.2939088, 20.3694059 ], [ -103.2937557, 20.3694023 ] ] ], [ [ [ -103.534335, 20.409154 ], [ -103.5339076, 20.4093729 ], [ -103.5338494, 20.4086203 ], [ -103.5350014, 20.4082057 ], [ -103.5356776, 20.408396 ], [ -103.534335, 20.409154 ] ] ] ] } },
{ "type": "Feature", "properties": { "OBJECTID": 108491, "CVE_V": "ZU", "TIP_INFO": "COMPLEMENTARIA", "TIP_ECOV": "NO APLICABLE", "TIP_VEG": "NO APLICABLE", "DESVEG": "NO APLICABLE", "FASE_VS": "NO APLICABLE", "OTROS": "ZONA URBANA" }, "geometry": { "type": "Polygon", "coordinates": [ [ [ -103.3800092, 20.2256886 ], [ -103.3798447, 20.2256385 ], [ -103.3798436, 20.2256382 ], [ -103.3796574, 20.2255815 ], [ -103.3791715, 20.2255894 ], [ -103.3780716, 20.2257235 ], [ -103.3780715, 20.2257235 ], [ -103.3780707, 20.2257236 ], [ -103.378073, 20.2257485 ], [ -103.3780733, 20.2257517 ], [ -103.3780915, 20.2259498 ], [ -103.3778431, 20.2261301 ], [ -103.3752475, 20.2265628 ], [ -103.3733259, 20.2271049 ], [ -103.372338, 20.2270957 ], [ -103.3718985, 20.2270916 ], [ -103.3708078, 20.2270814 ], [ -103.3681909, 20.2267399 ], [ -103.3680688, 20.226724 ], [ -103.367837, 20.2266853 ], [ -103.3678234, 20.2266769 ], [ -103.3677575, 20.2266421 ], [ -103.3676488, 20.2265847 ], [ -103.3674822, 20.2265236 ], [ -103.3673541, 20.2264766 ], [ -103.3672667, 20.2264925 ], [ -103.3664433, 20.2248655 ], [ -103.3667107, 20.2229798 ], [ -103.3680921, 20.2208517 ], [ -103.3704878, 20.2202691 ], [ -103.372546, 20.2208107 ], [ -103.3772085, 20.2217236 ], [ -103.3773545, 20.2227449 ], [ -103.3776292, 20.2240209 ], [ -103.3798947, 20.2240888 ], [ -103.380454, 20.2256901 ], [ -103.3800092, 20.2256886 ] ] ] } },
{ "type": "Feature", "properties": { "OBJECTID": 108500, "CVE_V": "ZU", "TIP_INFO": "COMPLEMENTARIA", "TIP_ECOV": "NO APLICABLE", "TIP_VEG": "NO APLICABLE", "DESVEG": "NO APLICABLE", "FASE_VS": "NO APLICABLE", "OTROS": "ZONA URBANA" }, "geometry": { "type": "Polygon", "coordinates": [ [ [ -103.4192354, 20.2326986 ], [ -103.4191748, 20.2326069 ], [ -103.4190879, 20.2326022 ], [ -103.4185952, 20.2325758 ], [ -103.4184838, 20.2325624 ], [ -103.4178658, 20.2324882 ], [ -103.4174082, 20.2324841 ], [ -103.4169638, 20.2324801 ], [ -103.4167495, 20.2324141 ], [ -103.4164614, 20.2320304 ], [ -103.414301, 20.2307675 ], [ -103.4138345, 20.2302955 ], [ -103.413227, 20.2298036 ], [ -103.4131297, 20.2297249 ], [ -103.4129025, 20.2295894 ], [ -103.4127482, 20.2294974 ], [ -103.4123491, 20.2292594 ], [ -103.4118882, 20.2288409 ], [ -103.411774, 20.2287373 ], [ -103.4116821, 20.2286539 ], [ -103.4114748, 20.2283819 ], [ -103.4112762, 20.2281212 ], [ -103.4112458, 20.2280582 ], [ -103.4110373, 20.2276262 ], [ -103.4110198, 20.2275899 ], [ -103.4109955, 20.2272782 ], [ -103.4109935, 20.2272527 ], [ -103.4109904, 20.2272132 ], [ -103.4109867, 20.2271665 ], [ -103.410982, 20.227144 ], [ -103.4109803, 20.227136 ], [ -103.4108422, 20.2264795 ], [ -103.4108389, 20.2264637 ], [ -103.4108316, 20.2264291 ], [ -103.4108269, 20.2264065 ], [ -103.4108083, 20.2263185 ], [ -103.4107592, 20.2262279 ], [ -103.4106634, 20.2260513 ], [ -103.4105009, 20.2257518 ], [ -103.4104046, 20.2255743 ], [ -103.4097351, 20.2252156 ], [ -103.4090638, 20.2250332 ], [ -103.4085407, 20.2249932 ], [ -103.4084796, 20.2249897 ], [ -103.4072511, 20.2245009 ], [ -103.4079335, 20.2221757 ], [ -103.410368, 20.2229658 ], [ -103.4118119, 20.2239098 ], [ -103.4122086, 20.2241754 ], [ -103.4156638, 20.2265741 ], [ -103.4180287, 20.2288002 ], [ -103.4198597, 20.2306241 ], [ -103.4205812, 20.231642 ], [ -103.4207364, 20.2318609 ], [ -103.4193274, 20.2328378 ], [ -103.4192354, 20.2326986 ] ] ] } },
{ "type": "Feature", "properties": { "OBJECTID": 108545, "CVE_V": "ZU", "TIP_INFO": "COMPLEMENTARIA", "TIP_ECOV": "NO APLICABLE", "TIP_VEG": "NO APLICABLE", "DESVEG": "NO APLICABLE", "FASE_VS": "NO APLICABLE", "OTROS": "ZONA URBANA" }, "geometry": { "type": "Polygon", "coordinates": [ [ [ -103.3898245, 20.2899308 ], [ -103.3901897, 20.2897211 ], [ -103.3904425, 20.2896676 ], [ -103.3908485, 20.2897569 ], [ -103.390967, 20.2896743 ], [ -103.3909808, 20.2896647 ], [ -103.3912733, 20.2891317 ], [ -103.3915007, 20.2887368 ], [ -103.3920388, 20.2883362 ], [ -103.3923666, 20.2881857 ], [ -103.3926968, 20.2879697 ], [ -103.3929272, 20.287869 ], [ -103.3929298, 20.2878678 ], [ -103.392908, 20.2877139 ], [ -103.3930168, 20.2876141 ], [ -103.3930469, 20.287579 ], [ -103.3943547, 20.2874924 ], [ -103.3942183, 20.2894154 ], [ -103.3946748, 20.2926328 ], [ -103.3936142, 20.2927658 ], [ -103.3904938, 20.2930745 ], [ -103.3877251, 20.2933508 ], [ -103.3869087, 20.29024 ], [ -103.388708, 20.2900344 ], [ -103.3893965, 20.2898888 ], [ -103.3898245, 20.2899308 ] ] ] } },
{ "type": "Feature", "properties": { "OBJECTID": 108550, "CVE_V": "ZU", "TIP_INFO": "COMPLEMENTARIA", "TIP_ECOV": "NO APLICABLE", "TIP_VEG": "NO APLICABLE", "DESVEG": "NO APLICABLE", "FASE_VS": "NO APLICABLE", "OTROS": "ZONA URBANA" }, "geometry": { "type": "Polygon", "coordinates": [ [ [ -103.3428535, 20.2857379 ], [ -103.3431773, 20.286074 ], [ -103.3434259, 20.2861461 ], [ -103.3450392, 20.2873544 ], [ -103.3454188, 20.2875039 ], [ -103.3455169, 20.2876562 ], [ -103.3457582, 20.287862 ], [ -103.3461665, 20.2880431 ], [ -103.3461609, 20.2880556 ], [ -103.3459574, 20.2885063 ], [ -103.3460874, 20.2885419 ], [ -103.3464803, 20.2887441 ], [ -103.3468842, 20.2889446 ], [ -103.3472239, 20.2890761 ], [ -103.347688, 20.2890959 ], [ -103.3482265, 20.2892116 ], [ -103.3484505, 20.289181 ], [ -103.3485086, 20.2891784 ], [ -103.3487174, 20.2891691 ], [ -103.3489948, 20.2890702 ], [ -103.349315, 20.2892277 ], [ -103.3496731, 20.2891966 ], [ -103.3499222, 20.2891142 ], [ -103.3502842, 20.2892229 ], [ -103.350546, 20.2893244 ], [ -103.3506306, 20.289482 ], [ -103.3506331, 20.2897094 ], [ -103.3507876, 20.2898254 ], [ -103.3513128, 20.2899744 ], [ -103.351369, 20.289978 ], [ -103.3518043, 20.2900054 ], [ -103.3521785, 20.2899501 ], [ -103.3524343, 20.289959 ], [ -103.3526962, 20.2900659 ], [ -103.3529633, 20.2903389 ], [ -103.3532914, 20.2905405 ], [ -103.3536875, 20.2906441 ], [ -103.3543465, 20.2907289 ], [ -103.3549697, 20.2907157 ], [ -103.3563392, 20.2906739 ], [ -103.3575237, 20.2906079 ], [ -103.3584713, 20.2905208 ], [ -103.3587795, 20.2904836 ], [ -103.3588187, 20.2904835 ], [ -103.3587986, 20.2912381 ], [ -103.3586998, 20.2916815 ], [ -103.3586086, 20.2916806 ], [ -103.3585906, 20.291939 ], [ -103.3586023, 20.2922837 ], [ -103.3586602, 20.2925715 ], [ -103.3587338, 20.292802 ], [ -103.3587904, 20.2932047 ], [ -103.3587554, 20.293635 ], [ -103.358677, 20.293864 ], [ -103.35868, 20.2950273 ], [ -103.3586606, 20.2954293 ], [ -103.3587058, 20.2957802 ], [ -103.358731, 20.2959755 ], [ -103.3575412, 20.2960451 ], [ -103.3574258, 20.2960518 ], [ -103.3549107, 20.2961987 ], [ -103.3533277, 20.2962845 ], [ -103.3533165, 20.2962465 ], [ -103.3531955, 20.2958381 ], [ -103.3531507, 20.2957515 ], [ -103.3530459, 20.2955926 ], [ -103.3530261, 20.2948309 ], [ -103.352676, 20.2948226 ], [ -103.3526444, 20.2935794 ], [ -103.352363, 20.2935613 ], [ -103.3521583, 20.293544 ], [ -103.3516006, 20.2935929 ], [ -103.3505846, 20.2935835 ], [ -103.3499868, 20.293547 ], [ -103.3493655, 20.2934097 ], [ -103.3487768, 20.2932805 ], [ -103.3486053, 20.2932247 ], [ -103.348189, 20.2930816 ], [ -103.3476266, 20.2927979 ], [ -103.3472511, 20.2926629 ], [ -103.3467526, 20.2925345 ], [ -103.3465835, 20.292488 ], [ -103.3460616, 20.2922748 ], [ -103.346008, 20.2922529 ], [ -103.3454167, 20.2920606 ], [ -103.3453043, 20.2922815 ], [ -103.3448421, 20.2931898 ], [ -103.344091, 20.2937285 ], [ -103.3439368, 20.2939136 ], [ -103.3437683, 20.294027 ], [ -103.3435238, 20.2941396 ], [ -103.343237, 20.2943631 ], [ -103.3432324, 20.2943667 ], [ -103.3430926, 20.2946383 ], [ -103.3429257, 20.2945937 ], [ -103.3426297, 20.2944504 ], [ -103.3426231, 20.2944472 ], [ -103.3424866, 20.2944028 ], [ -103.3421097, 20.2940833 ], [ -103.3418989, 20.2938803 ], [ -103.3419485, 20.2935072 ], [ -103.3419975, 20.2931917 ], [ -103.3420297, 20.2930197 ], [ -103.3407827, 20.2929937 ], [ -103.3403682, 20.2933489 ], [ -103.3396682, 20.293371 ], [ -103.3398387, 20.293071 ], [ -103.3399765, 20.2929861 ], [ -103.3400932, 20.2928778 ], [ -103.3403253, 20.2926876 ], [ -103.3403316, 20.2924561 ], [ -103.3403516, 20.2917245 ], [ -103.3384694, 20.2916635 ], [ -103.3382413, 20.2920649 ], [ -103.3372128, 20.2920857 ], [ -103.3369998, 20.2926195 ], [ -103.3368404, 20.293019 ], [ -103.3371164, 20.2931206 ], [ -103.3369362, 20.2934283 ], [ -103.3366246, 20.2936477 ], [ -103.3365277, 20.2938322 ], [ -103.3363717, 20.2943844 ], [ -103.3361466, 20.2950305 ], [ -103.3360422, 20.2952911 ], [ -103.3352397, 20.2952672 ], [ -103.3342285, 20.2961161 ], [ -103.3313465, 20.2963167 ], [ -103.3306542, 20.2952771 ], [ -103.3305705, 20.2951515 ], [ -103.3301727, 20.2946951 ], [ -103.3295443, 20.2951878 ], [ -103.3294113, 20.295292 ], [ -103.3293036, 20.2952166 ], [ -103.3290371, 20.29503 ], [ -103.3286517, 20.2953616 ], [ -103.3285397, 20.2954535 ], [ -103.3272929, 20.2964756 ], [ -103.3265374, 20.2954347 ], [ -103.3264505, 20.2943795 ], [ -103.3262305, 20.2924132 ], [ -103.3262708, 20.2916999 ], [ -103.326326, 20.2906417 ], [ -103.3263808, 20.2895915 ], [ -103.3264891, 20.2876485 ], [ -103.3260809, 20.2877368 ], [ -103.3256255, 20.287793 ], [ -103.3254816, 20.2877934 ], [ -103.325058, 20.2877945 ], [ -103.3244178, 20.28773 ], [ -103.3243959, 20.2874022 ], [ -103.3243762, 20.2871073 ], [ -103.3244847, 20.287102 ], [ -103.3249361, 20.2871392 ], [ -103.325281, 20.2870209 ], [ -103.3256802, 20.2868841 ], [ -103.3264221, 20.2866525 ], [ -103.3264752, 20.2866359 ], [ -103.3270627, 20.2863566 ], [ -103.3275306, 20.2861936 ], [ -103.3279594, 20.2860569 ], [ -103.3284308, 20.2858746 ], [ -103.3288445, 20.2856251 ], [ -103.3292556, 20.2853373 ], [ -103.3297508, 20.2852559 ], [ -103.3301906, 20.2850802 ], [ -103.3305573, 20.2847903 ], [ -103.3307515, 20.2846233 ], [ -103.3310305, 20.2846125 ], [ -103.3314016, 20.2848091 ], [ -103.3318647, 20.2849064 ], [ -103.3323668, 20.2848604 ], [ -103.3328274, 20.2847433 ], [ -103.3333375, 20.2845931 ], [ -103.3338075, 20.2844843 ], [ -103.3342785, 20.2844435 ], [ -103.3346666, 20.2844476 ], [ -103.3347951, 20.2844291 ], [ -103.3352054, 20.2839882 ], [ -103.335379, 20.283947 ], [ -103.3356974, 20.2840539 ], [ -103.3361747, 20.2841045 ], [ -103.3366871, 20.2841858 ], [ -103.3371409, 20.2843537 ], [ -103.3372042, 20.2843903 ], [ -103.3375679, 20.2843771 ], [ -103.3390643, 20.284057 ], [ -103.3407405, 20.2848334 ], [ -103.3410913, 20.2847898 ], [ -103.3414591, 20.2851211 ], [ -103.3415219, 20.2851732 ], [ -103.342842, 20.2857291 ], [ -103.3428535, 20.2857379 ] ] ] } },
{ "type": "Feature", "properties": { "OBJECTID": 108551, "CVE_V": "ZU", "TIP_INFO": "COMPLEMENTARIA", "TIP_ECOV": "NO APLICABLE", "TIP_VEG": "NO APLICABLE", "DESVEG": "NO APLICABLE", "FASE_VS": "NO APLICABLE", "OTROS": "ZONA URBANA" }, "geometry": { "type": "Polygon", "coordinates": [ [ [ -103.413112, 20.286773 ], [ -103.4129025, 20.286525 ], [ -103.4134068, 20.2859401 ], [ -103.4138878, 20.2853539 ], [ -103.4141566, 20.2849171 ], [ -103.414885, 20.2835492 ], [ -103.4157066, 20.2813843 ], [ -103.4158149, 20.2811547 ], [ -103.4162845, 20.2801509 ], [ -103.416842, 20.2802457 ], [ -103.4168727, 20.2800019 ], [ -103.417074, 20.2795272 ], [ -103.4173159, 20.2790678 ], [ -103.4175932, 20.2784959 ], [ -103.4178329, 20.2778296 ], [ -103.4179121, 20.2771039 ], [ -103.4181563, 20.2748424 ], [ -103.4182949, 20.2738071 ], [ -103.418347, 20.2733799 ], [ -103.4183724, 20.2726583 ], [ -103.418374, 20.2716432 ], [ -103.4183781, 20.2711786 ], [ -103.4185293, 20.2712055 ], [ -103.4188695, 20.2711884 ], [ -103.4193045, 20.2712526 ], [ -103.4195571, 20.2714957 ], [ -103.4197894, 20.2716382 ], [ -103.4200338, 20.2716404 ], [ -103.4204792, 20.2717346 ], [ -103.4207624, 20.2718306 ], [ -103.42146, 20.2720465 ], [ -103.422314, 20.2726223 ], [ -103.4226112, 20.2729759 ], [ -103.4224478, 20.2733921 ], [ -103.4220364, 20.2738563 ], [ -103.4219964, 20.2743071 ], [ -103.4221526, 20.2746093 ], [ -103.4223621, 20.2748785 ], [ -103.4228562, 20.2749998 ], [ -103.4240221, 20.2751605 ], [ -103.4249053, 20.2752853 ], [ -103.4260192, 20.2753453 ], [ -103.4272213, 20.2754228 ], [ -103.4280681, 20.2756474 ], [ -103.4287196, 20.2759373 ], [ -103.4291112, 20.2761413 ], [ -103.4292812, 20.2761099 ], [ -103.4294823, 20.2761108 ], [ -103.4297711, 20.2761634 ], [ -103.4302187, 20.2764926 ], [ -103.430882, 20.2772404 ], [ -103.4312414, 20.2777142 ], [ -103.4316593, 20.2780799 ], [ -103.4317538, 20.2783326 ], [ -103.4322322, 20.2782902 ], [ -103.434586, 20.2803893 ], [ -103.4348216, 20.2790857 ], [ -103.4349554, 20.2784053 ], [ -103.4349714, 20.2783239 ], [ -103.4350409, 20.2779162 ], [ -103.4354765, 20.2779643 ], [ -103.435733, 20.2766617 ], [ -103.4362687, 20.2767516 ], [ -103.4360564, 20.2776862 ], [ -103.4369918, 20.2778909 ], [ -103.4368812, 20.2783968 ], [ -103.4378082, 20.2786019 ], [ -103.4388031, 20.278822 ], [ -103.4386614, 20.2793444 ], [ -103.4402704, 20.2797144 ], [ -103.4398815, 20.2797633 ], [ -103.4392636, 20.2799695 ], [ -103.4392363, 20.2799877 ], [ -103.4390855, 20.2800885 ], [ -103.4389666, 20.2807056 ], [ -103.4388062, 20.2809339 ], [ -103.4382612, 20.2811698 ], [ -103.4384261, 20.2817072 ], [ -103.4385105, 20.2819825 ], [ -103.4414046, 20.2809507 ], [ -103.4440465, 20.2800254 ], [ -103.4434912, 20.2820295 ], [ -103.4429308, 20.2840379 ], [ -103.4423926, 20.2857213 ], [ -103.4427184, 20.2857241 ], [ -103.4432523, 20.2860003 ], [ -103.4438633, 20.2860822 ], [ -103.443608, 20.2877282 ], [ -103.4435757, 20.2886433 ], [ -103.4436397, 20.2898108 ], [ -103.4439047, 20.2899061 ], [ -103.4436964, 20.2919135 ], [ -103.4436623, 20.2922418 ], [ -103.4436004, 20.2932825 ], [ -103.443093, 20.2960191 ], [ -103.4407016, 20.2956014 ], [ -103.4350943, 20.294622 ], [ -103.4341895, 20.2944639 ], [ -103.4336646, 20.2941836 ], [ -103.4334499, 20.2937814 ], [ -103.433049, 20.2933892 ], [ -103.4329519, 20.2932054 ], [ -103.4330864, 20.2929828 ], [ -103.4330477, 20.2928315 ], [ -103.4330453, 20.2928223 ], [ -103.4329516, 20.2927191 ], [ -103.4327425, 20.2926406 ], [ -103.432437, 20.2922225 ], [ -103.4299768, 20.2919555 ], [ -103.4298781, 20.2928419 ], [ -103.4290366, 20.2927392 ], [ -103.4283882, 20.2927078 ], [ -103.4285219, 20.2917976 ], [ -103.4285149, 20.2917969 ], [ -103.4258175, 20.291475 ], [ -103.4246103, 20.2913396 ], [ -103.4212673, 20.290936 ], [ -103.4196771, 20.2908971 ], [ -103.4189111, 20.2908739 ], [ -103.4187508, 20.2921369 ], [ -103.4181379, 20.2920757 ], [ -103.4174207, 20.2920392 ], [ -103.4170175, 20.2933569 ], [ -103.4164461, 20.293226 ], [ -103.4165515, 20.2925608 ], [ -103.4161166, 20.2921155 ], [ -103.4160852, 20.2925147 ], [ -103.415129, 20.2923449 ], [ -103.4152601, 20.2917002 ], [ -103.4144414, 20.2920001 ], [ -103.4138793, 20.2907305 ], [ -103.4137152, 20.2908523 ], [ -103.4133378, 20.2910191 ], [ -103.4124871, 20.2913172 ], [ -103.4117924, 20.2914785 ], [ -103.410653, 20.2916442 ], [ -103.4106177, 20.2909938 ], [ -103.4106363, 20.2902089 ], [ -103.4128777, 20.2901901 ], [ -103.4131116, 20.2900872 ], [ -103.4127096, 20.2899423 ], [ -103.4107109, 20.2892037 ], [ -103.4123616, 20.2874024 ], [ -103.413112, 20.286773 ] ] ] } },
{ "type": "Feature", "properties": { "OBJECTID": 108591, "CVE_V": "ZU", "TIP_INFO": "COMPLEMENTARIA", "TIP_ECOV": "NO APLICABLE", "TIP_VEG": "NO APLICABLE", "DESVEG": "NO APLICABLE", "FASE_VS": "NO APLICABLE", "OTROS": "ZONA URBANA" }, "geometry": { "type": "Polygon", "coordinates": [ [ [ -103.4801713, 20.3324387 ], [ -103.4772692, 20.3298189 ], [ -103.4770482, 20.3297454 ], [ -103.4753694, 20.3293476 ], [ -103.4733429, 20.3287973 ], [ -103.4739589, 20.3282722 ], [ -103.4730417, 20.3276375 ], [ -103.4733099, 20.3273665 ], [ -103.4731934, 20.3272799 ], [ -103.4744725, 20.3261686 ], [ -103.4744892, 20.3261748 ], [ -103.4749476, 20.3257117 ], [ -103.4766341, 20.3240085 ], [ -103.4756321, 20.3227227 ], [ -103.4765299, 20.3221398 ], [ -103.4764158, 20.3219813 ], [ -103.4772833, 20.3214088 ], [ -103.4766685, 20.3205445 ], [ -103.4786673, 20.3193467 ], [ -103.4792315, 20.3202176 ], [ -103.4802057, 20.3196855 ], [ -103.4816186, 20.3220762 ], [ -103.4795911, 20.3232533 ], [ -103.4807928, 20.3247156 ], [ -103.4836083, 20.3246868 ], [ -103.4836828, 20.3254906 ], [ -103.492414, 20.3202941 ], [ -103.4958206, 20.3227931 ], [ -103.4941235, 20.3239104 ], [ -103.4937791, 20.3235694 ], [ -103.4877478, 20.3269392 ], [ -103.4840553, 20.3289485 ], [ -103.4840986, 20.3289569 ], [ -103.4843785, 20.3290006 ], [ -103.4846162, 20.3289959 ], [ -103.4826721, 20.3300703 ], [ -103.4833419, 20.3311804 ], [ -103.4829464, 20.3314162 ], [ -103.4831291, 20.3317283 ], [ -103.4830099, 20.331797 ], [ -103.4826838, 20.3319937 ], [ -103.4824779, 20.3316956 ], [ -103.4820315, 20.331034 ], [ -103.4801713, 20.3324387 ] ] ] } },
{ "type": "Feature", "properties": { "OBJECTID": 108609, "CVE_V": "ZU", "TIP_INFO": "COMPLEMENTARIA", "TIP_ECOV": "NO APLICABLE", "TIP_VEG": "NO APLICABLE", "DESVEG": "NO APLICABLE", "FASE_VS": "NO APLICABLE", "OTROS": "ZONA URBANA" }, "geometry": { "type": "Polygon", "coordinates": [ [ [ -103.4848216, 20.353558 ], [ -103.4880795, 20.3503593 ], [ -103.4903151, 20.3521045 ], [ -103.4885984, 20.3549094 ], [ -103.4871796, 20.357247 ], [ -103.4862187, 20.3577453 ], [ -103.4835406, 20.356195 ], [ -103.485402, 20.354747 ], [ -103.4848216, 20.353558 ] ] ] } }
]
}
