{
"type": "FeatureCollection",
"name": "EDAFO_JOCO",
"crs": { "type": "name", "properties": { "name": "urn:ogc:def:crs:OGC:1.3:CRS84" } },
"features": [
{ "type": "Feature", "properties": { "AREA": 33236816.443980001, "PERIMETER": 68177.34952, "FC": "7130", "CLAVE_WRB": "VRgm+VRmz/3", "GRUPO1": "VR", "CALIFS_G1": "NO", "CALIFP_G1": "gm", "GRUPO2": "VR", "CALIFS_G2": "NO", "CALIFP_G2": "mz", "GRUPO3": "NO", "CALIFS_G3": "NO", "CALIFP_G3": "NO", "CLASE_TEXT": "3", "FRUDICA": "NO", "HECTARES": 3323.682 }, "geometry": { "type": "MultiPolygon", "coordinates": [ [ [ [ -103.3191765, 20.3959054 ], [ -103.3189555, 20.3960463 ], [ -103.3187169, 20.395997 ], [ -103.3169015, 20.395622 ], [ -103.3169035, 20.3956254 ], [ -103.3171043, 20.3959629 ], [ -103.317104, 20.3959653 ], [ -103.3169613, 20.3969927 ], [ -103.3167109, 20.3972048 ], [ -103.3164388, 20.3975867 ], [ -103.3160149, 20.3978332 ], [ -103.3155903, 20.398094 ], [ -103.3155843, 20.3980923 ], [ -103.3152139, 20.3979866 ], [ -103.3149779, 20.3979191 ], [ -103.3147041, 20.3976659 ], [ -103.314704, 20.3976659 ], [ -103.3148826, 20.3965662 ], [ -103.3160772, 20.3965778 ], [ -103.3176792, 20.394181 ], [ -103.3202372, 20.3943911 ], [ -103.3211514, 20.3946886 ], [ -103.3217781, 20.3948922 ], [ -103.3191765, 20.3959054 ] ] ], [ [ [ -103.3110718, 20.3923124 ], [ -103.3113986, 20.3924497 ], [ -103.3114457, 20.3926238 ], [ -103.3110718, 20.3923124 ] ] ], [ [ [ -103.3102655, 20.3926368 ], [ -103.3104626, 20.3927609 ], [ -103.310548, 20.3926943 ], [ -103.3108125, 20.3927883 ], [ -103.3109646, 20.392939 ], [ -103.3109492, 20.3930202 ], [ -103.3109389, 20.3930608 ], [ -103.3109555, 20.3931063 ], [ -103.3109991, 20.3931718 ], [ -103.3110801, 20.3932066 ], [ -103.3111353, 20.393348 ], [ -103.3115837, 20.3935417 ], [ -103.3112514, 20.3947861 ], [ -103.309863, 20.3944771 ], [ -103.3095626, 20.3960461 ], [ -103.3093882, 20.3969424 ], [ -103.3098984, 20.3980067 ], [ -103.3102139, 20.3978171 ], [ -103.3102005, 20.3980648 ], [ -103.3099101, 20.3986738 ], [ -103.3093808, 20.3994716 ], [ -103.3093292, 20.3999683 ], [ -103.3092612, 20.4002275 ], [ -103.3089721, 20.4006933 ], [ -103.3087871, 20.40111 ], [ -103.3084949, 20.4015309 ], [ -103.3083711, 20.4017424 ], [ -103.3082518, 20.4019461 ], [ -103.3081489, 20.4019218 ], [ -103.3061668, 20.4018073 ], [ -103.305576, 20.4017765 ], [ -103.3050867, 20.4017328 ], [ -103.3038152, 20.4017257 ], [ -103.3034415, 20.4017379 ], [ -103.3035261, 20.4016059 ], [ -103.3041807, 20.4011649 ], [ -103.3044937, 20.4009531 ], [ -103.3041905, 20.4004399 ], [ -103.3041982, 20.3997467 ], [ -103.3041998, 20.3996588 ], [ -103.3060393, 20.3984232 ], [ -103.3068883, 20.3967086 ], [ -103.3059038, 20.3956034 ], [ -103.3052654, 20.3932488 ], [ -103.3049066, 20.3929452 ], [ -103.3058228, 20.391475 ], [ -103.3025871, 20.3910416 ], [ -103.3020655, 20.3905665 ], [ -103.3055198, 20.389979 ], [ -103.3104169, 20.3920371 ], [ -103.3102655, 20.3926368 ] ] ] ] } },
{ "type": "Feature", "properties": { "AREA": 21084027.320859998, "PERIMETER": 34370.45667, "FC": "7122", "CLAVE_WRB": "PHlvlep+LVlep+LPli/3r", "GRUPO1": "PH", "CALIFS_G1": "lv", "CALIFP_G1": "lep", "GRUPO2": "LV", "CALIFS_G2": "NO", "CALIFP_G2": "lep", "GRUPO3": "LP", "CALIFS_G3": "NO", "CALIFP_G3": "li", "CLASE_TEXT": "3", "FRUDICA": "r", "HECTARES": 2108.403 }, "geometry": { "type": "Polygon", "coordinates": [ [ [ -103.5408769, 20.3870787 ], [ -103.5410049, 20.3874004 ], [ -103.5409405, 20.3879615 ], [ -103.5409675, 20.3884799 ], [ -103.5414316, 20.3891955 ], [ -103.541856, 20.3900035 ], [ -103.5419931, 20.3902484 ], [ -103.5424343, 20.3903948 ], [ -103.5434172, 20.3918165 ], [ -103.5434198, 20.3918202 ], [ -103.5432403, 20.3918295 ], [ -103.5432394, 20.3918295 ], [ -103.543378, 20.3924052 ], [ -103.5435182, 20.3927538 ], [ -103.5437979, 20.3928741 ], [ -103.5440551, 20.3928934 ], [ -103.5444129, 20.392905 ], [ -103.5447965, 20.3932981 ], [ -103.5453193, 20.3935196 ], [ -103.5455089, 20.3940047 ], [ -103.5455106, 20.3941001 ], [ -103.5456423, 20.3941013 ], [ -103.5457017, 20.3951523 ], [ -103.5454895, 20.3951309 ], [ -103.5448917, 20.3948345 ], [ -103.5445134, 20.3946259 ], [ -103.5441848, 20.3945713 ], [ -103.5440208, 20.394573 ], [ -103.5436035, 20.3951244 ], [ -103.5435114, 20.3952765 ], [ -103.5432698, 20.3953359 ], [ -103.5425345, 20.3961879 ], [ -103.5441868, 20.3974583 ], [ -103.5448602, 20.3978681 ], [ -103.5452077, 20.3981771 ], [ -103.5455926, 20.3986051 ], [ -103.5459295, 20.3990563 ], [ -103.5463989, 20.3994834 ], [ -103.5466984, 20.3997617 ], [ -103.5469244, 20.4000095 ], [ -103.5473047, 20.4007765 ], [ -103.5476983, 20.4015762 ], [ -103.5479524, 20.4022471 ], [ -103.5480491, 20.4027678 ], [ -103.5480699, 20.4028798 ], [ -103.5480569, 20.4032223 ], [ -103.5483061, 20.4043185 ], [ -103.5481928, 20.4045434 ], [ -103.5478423, 20.4028223 ], [ -103.5439447, 20.4038697 ], [ -103.5398084, 20.4049779 ], [ -103.5400672, 20.4038118 ], [ -103.5390714, 20.4018931 ], [ -103.537586, 20.3998524 ], [ -103.526894, 20.3967912 ], [ -103.5244525, 20.3960773 ], [ -103.5252198, 20.3944009 ], [ -103.528095, 20.393716 ], [ -103.53025, 20.3912247 ], [ -103.5338438, 20.3900898 ], [ -103.5364771, 20.387598 ], [ -103.5386364, 20.3878192 ], [ -103.5403112, 20.3864599 ], [ -103.5404975, 20.3866348 ], [ -103.5408769, 20.3870787 ] ] ] } },
{ "type": "Feature", "properties": { "AREA": 115387877.29762, "PERIMETER": 86480.17075, "FC": "7122", "CLAVE_WRB": "PHsklen+LVvrlen+VReulen/3r", "GRUPO1": "PH", "CALIFS_G1": "sk", "CALIFP_G1": "len", "GRUPO2": "LV", "CALIFS_G2": "vr", "CALIFP_G2": "len", "GRUPO3": "VR", "CALIFS_G3": "eu", "CALIFP_G3": "len", "CLASE_TEXT": "3", "FRUDICA": "r", "HECTARES": 11538.788 }, "geometry": { "type": "MultiPolygon", "coordinates": [ [ [ [ -103.5240812, 20.4081971 ], [ -103.5224494, 20.4080893 ], [ -103.5216489, 20.4078977 ], [ -103.5213579, 20.4076881 ], [ -103.5205927, 20.4063717 ], [ -103.5200358, 20.4062055 ], [ -103.5188609, 20.4067682 ], [ -103.518372, 20.4069244 ], [ -103.5177113, 20.4071934 ], [ -103.5168804, 20.4073003 ], [ -103.5159817, 20.4071081 ], [ -103.5153752, 20.4068953 ], [ -103.5147228, 20.4063611 ], [ -103.5140257, 20.4055274 ], [ -103.5136388, 20.4053397 ], [ -103.5127126, 20.4053534 ], [ -103.511132, 20.4050857 ], [ -103.5104781, 20.4048496 ], [ -103.5097738, 20.4046588 ], [ -103.5088717, 20.4046734 ], [ -103.5080938, 20.4045275 ], [ -103.5071889, 20.4047258 ], [ -103.5067273, 20.404744 ], [ -103.506313, 20.4048546 ], [ -103.5057787, 20.4039948 ], [ -103.5038219, 20.4025496 ], [ -103.5010974, 20.4021415 ], [ -103.4991998, 20.4008864 ], [ -103.4991158, 20.4008884 ], [ -103.49653, 20.4006339 ], [ -103.4936923, 20.3997053 ], [ -103.4922409, 20.3992749 ], [ -103.4919924, 20.3988203 ], [ -103.4915833, 20.3983567 ], [ -103.4904413, 20.3981603 ], [ -103.4891284, 20.3981693 ], [ -103.4884147, 20.3978373 ], [ -103.4881194, 20.3977144 ], [ -103.4873389, 20.3972543 ], [ -103.4853643, 20.3963229 ], [ -103.4824827, 20.3952436 ], [ -103.4816973, 20.3947831 ], [ -103.4800421, 20.393821 ], [ -103.4794511, 20.3934509 ], [ -103.4778869, 20.3919355 ], [ -103.4751161, 20.3897543 ], [ -103.4736708, 20.3886369 ], [ -103.4727078, 20.3876396 ], [ -103.4715917, 20.3869288 ], [ -103.4714961, 20.3868759 ], [ -103.4714122, 20.3868295 ], [ -103.471412, 20.3868295 ], [ -103.4696186, 20.3858379 ], [ -103.4688459, 20.3857459 ], [ -103.4675445, 20.3859937 ], [ -103.4669901, 20.3853967 ], [ -103.4660703, 20.385157 ], [ -103.4653935, 20.384828 ], [ -103.4643393, 20.3835769 ], [ -103.4636296, 20.3819859 ], [ -103.4635541, 20.3816968 ], [ -103.4617697, 20.3797753 ], [ -103.4566007, 20.3755967 ], [ -103.4565206, 20.3756017 ], [ -103.4556548, 20.3753945 ], [ -103.4556435, 20.3749758 ], [ -103.4552829, 20.3747496 ], [ -103.4552804, 20.374748 ], [ -103.4559179, 20.3743797 ], [ -103.4559182, 20.3741488 ], [ -103.4559182, 20.3741458 ], [ -103.4522637, 20.3744728 ], [ -103.4483955, 20.3736381 ], [ -103.447351, 20.3733098 ], [ -103.4429997, 20.3723038 ], [ -103.4428425, 20.3721536 ], [ -103.4372158, 20.3651922 ], [ -103.4363161, 20.3651361 ], [ -103.4360727, 20.3650375 ], [ -103.4349061, 20.3645645 ], [ -103.4344672, 20.3640503 ], [ -103.4329662, 20.3636069 ], [ -103.4324966, 20.363468 ], [ -103.4319338, 20.3633017 ], [ -103.4254468, 20.361385 ], [ -103.4250395, 20.3613539 ], [ -103.4228477, 20.3609766 ], [ -103.4179877, 20.3596959 ], [ -103.4168958, 20.3602965 ], [ -103.4157863, 20.3611457 ], [ -103.4153651, 20.3613207 ], [ -103.4148379, 20.3610298 ], [ -103.4139653, 20.3609858 ], [ -103.4128282, 20.3607606 ], [ -103.4121792, 20.3606413 ], [ -103.4113199, 20.3602785 ], [ -103.4103283, 20.3604082 ], [ -103.4093318, 20.3609437 ], [ -103.4084851, 20.3620098 ], [ -103.4077975, 20.3624691 ], [ -103.4050233, 20.3618293 ], [ -103.404491, 20.3616863 ], [ -103.4039476, 20.3615849 ], [ -103.4035434, 20.3614695 ], [ -103.4026663, 20.3617354 ], [ -103.4020323, 20.3617979 ], [ -103.4013258, 20.3618283 ], [ -103.4005873, 20.3617381 ], [ -103.4002816, 20.3619331 ], [ -103.3999036, 20.361927 ], [ -103.3991317, 20.3621432 ], [ -103.3981856, 20.3619671 ], [ -103.3975199, 20.361568 ], [ -103.3959671, 20.3617795 ], [ -103.3942415, 20.362573 ], [ -103.393607, 20.362593 ], [ -103.3927348, 20.362406 ], [ -103.391638, 20.3620737 ], [ -103.3910714, 20.3616748 ], [ -103.3897032, 20.361698 ], [ -103.3890563, 20.3619063 ], [ -103.3885203, 20.3621521 ], [ -103.3883275, 20.3625801 ], [ -103.3873328, 20.3632863 ], [ -103.3869506, 20.3635335 ], [ -103.3847868, 20.3635135 ], [ -103.3843196, 20.3637202 ], [ -103.3831172, 20.3646249 ], [ -103.3810055, 20.3642582 ], [ -103.3785718, 20.3641861 ], [ -103.3769804, 20.3640044 ], [ -103.3742892, 20.3641404 ], [ -103.3732488, 20.3639599 ], [ -103.3730093, 20.3637677 ], [ -103.3722579, 20.3636345 ], [ -103.3718304, 20.363491 ], [ -103.3713712, 20.3637275 ], [ -103.3708069, 20.3635574 ], [ -103.3701926, 20.3633872 ], [ -103.3697913, 20.3631681 ], [ -103.3688655, 20.3629398 ], [ -103.3688648, 20.3628636 ], [ -103.3688647, 20.3628606 ], [ -103.3687382, 20.3626955 ], [ -103.3588228, 20.3617536 ], [ -103.3588272, 20.361757 ], [ -103.3594221, 20.3622126 ], [ -103.3594196, 20.3622137 ], [ -103.3583498, 20.3626915 ], [ -103.3577323, 20.3636277 ], [ -103.3571159, 20.3638248 ], [ -103.3567338, 20.3642686 ], [ -103.3565709, 20.3646141 ], [ -103.3560302, 20.3650672 ], [ -103.3548735, 20.3660411 ], [ -103.3540373, 20.3667667 ], [ -103.3524914, 20.3679656 ], [ -103.3501934, 20.3687671 ], [ -103.3490223, 20.3689838 ], [ -103.3485556, 20.3689494 ], [ -103.3480744, 20.3689135 ], [ -103.3475643, 20.368876 ], [ -103.3465803, 20.368756 ], [ -103.345913, 20.3686741 ], [ -103.3431647, 20.368598 ], [ -103.3431593, 20.3688277 ], [ -103.3431594, 20.3688278 ], [ -103.3434955, 20.3692674 ], [ -103.3434953, 20.3692701 ], [ -103.3434684, 20.3696344 ], [ -103.3429524, 20.3699728 ], [ -103.3422923, 20.3701265 ], [ -103.3416796, 20.3706012 ], [ -103.3413311, 20.3711484 ], [ -103.3409335, 20.3719699 ], [ -103.3408213, 20.3730704 ], [ -103.3407081, 20.3742623 ], [ -103.3401286, 20.3759542 ], [ -103.3394575, 20.3771402 ], [ -103.3384256, 20.3776798 ], [ -103.3370538, 20.3781926 ], [ -103.3359481, 20.3787485 ], [ -103.3340737, 20.3821785 ], [ -103.3335072, 20.3835706 ], [ -103.3335074, 20.3835731 ], [ -103.3336248, 20.3850853 ], [ -103.3337522, 20.3862573 ], [ -103.3339179, 20.3863968 ], [ -103.3339777, 20.3865069 ], [ -103.3339912, 20.3866948 ], [ -103.3339911, 20.3866955 ], [ -103.3339242, 20.3870382 ], [ -103.3337275, 20.3873386 ], [ -103.3334119, 20.3875265 ], [ -103.3322297, 20.3878882 ], [ -103.3308807, 20.3882773 ], [ -103.3300994, 20.3888316 ], [ -103.3294361, 20.389555 ], [ -103.3291255, 20.3907316 ], [ -103.3289954, 20.3916849 ], [ -103.328692, 20.3921314 ], [ -103.3279713, 20.3926864 ], [ -103.3250214, 20.393629 ], [ -103.3217781, 20.3948922 ], [ -103.3211514, 20.3946886 ], [ -103.3202372, 20.3943911 ], [ -103.3176792, 20.394181 ], [ -103.3160772, 20.3965778 ], [ -103.3148826, 20.3965662 ], [ -103.3149969, 20.395863 ], [ -103.3149969, 20.3958628 ], [ -103.3146147, 20.3953211 ], [ -103.3131106, 20.3940262 ], [ -103.312542, 20.3935368 ], [ -103.3114457, 20.3926238 ], [ -103.3113986, 20.3924497 ], [ -103.3110718, 20.3923124 ], [ -103.3104732, 20.3918139 ], [ -103.3104169, 20.3920371 ], [ -103.3055198, 20.389979 ], [ -103.3020655, 20.3905665 ], [ -103.3018424, 20.3903639 ], [ -103.3012161, 20.3900008 ], [ -103.2990109, 20.3909596 ], [ -103.2988122, 20.391048 ], [ -103.2985344, 20.3918075 ], [ -103.2985197, 20.3916863 ], [ -103.2984035, 20.3914034 ], [ -103.2984067, 20.3912344 ], [ -103.2985291, 20.3909545 ], [ -103.2988008, 20.3907039 ], [ -103.2990105, 20.3905088 ], [ -103.2990132, 20.3902838 ], [ -103.2985738, 20.389604 ], [ -103.29822, 20.3890198 ], [ -103.2981027, 20.3888213 ], [ -103.2979565, 20.3884258 ], [ -103.2979912, 20.3880321 ], [ -103.2980257, 20.3876106 ], [ -103.2979422, 20.3871313 ], [ -103.2977055, 20.3868193 ], [ -103.2974727, 20.3863106 ], [ -103.2973583, 20.3859154 ], [ -103.2973318, 20.385465 ], [ -103.2973072, 20.3850985 ], [ -103.297102, 20.3845623 ], [ -103.2969282, 20.3841942 ], [ -103.2966636, 20.3836853 ], [ -103.2964913, 20.3832616 ], [ -103.296332, 20.3830011 ], [ -103.2961886, 20.3825931 ], [ -103.2954428, 20.3792366 ], [ -103.2956397, 20.3786368 ], [ -103.2965693, 20.3768572 ], [ -103.2968467, 20.3762171 ], [ -103.2969885, 20.3782032 ], [ -103.300898, 20.3804702 ], [ -103.3036668, 20.3793813 ], [ -103.3046641, 20.3780923 ], [ -103.3105831, 20.3768508 ], [ -103.3196828, 20.372668 ], [ -103.3232244, 20.3727016 ], [ -103.3275641, 20.3720004 ], [ -103.3352653, 20.3696614 ], [ -103.3407929, 20.3680424 ], [ -103.3466978, 20.3680981 ], [ -103.3510477, 20.366283 ], [ -103.355405, 20.3635392 ], [ -103.3571995, 20.3615144 ], [ -103.3609385, 20.361364 ], [ -103.3669431, 20.3613274 ], [ -103.3795384, 20.3614441 ], [ -103.3886122, 20.359486 ], [ -103.3986758, 20.3567933 ], [ -103.4040294, 20.3531293 ], [ -103.4050604, 20.3484976 ], [ -103.4060531, 20.3475787 ], [ -103.4058718, 20.3460932 ], [ -103.4009573, 20.345491 ], [ -103.3958096, 20.3485987 ], [ -103.3920431, 20.3511636 ], [ -103.3875164, 20.3511225 ], [ -103.3859573, 20.3498094 ], [ -103.3848037, 20.3470144 ], [ -103.3822493, 20.3466184 ], [ -103.3813531, 20.3461857 ], [ -103.38212, 20.3459644 ], [ -103.3806872, 20.3450004 ], [ -103.3808491, 20.3436766 ], [ -103.3836625, 20.3435625 ], [ -103.386256, 20.343096 ], [ -103.3887981, 20.3406781 ], [ -103.3893957, 20.3401256 ], [ -103.3912485, 20.3398626 ], [ -103.3919904, 20.339081 ], [ -103.3934169, 20.3375789 ], [ -103.3946166, 20.3359843 ], [ -103.3962918, 20.3357489 ], [ -103.3965627, 20.3342949 ], [ -103.3974864, 20.3334401 ], [ -103.4014283, 20.3357772 ], [ -103.4057093, 20.3346668 ], [ -103.406486, 20.3335515 ], [ -103.4101773, 20.3332955 ], [ -103.4163508, 20.3316077 ], [ -103.4203688, 20.3301916 ], [ -103.4235861, 20.3280682 ], [ -103.4252983, 20.327937 ], [ -103.4268305, 20.327375 ], [ -103.4288374, 20.3273929 ], [ -103.4301637, 20.3269077 ], [ -103.4327315, 20.3263256 ], [ -103.4347531, 20.3270478 ], [ -103.4355366, 20.3259232 ], [ -103.4357284, 20.3256476 ], [ -103.4381887, 20.3253663 ], [ -103.4393559, 20.3261833 ], [ -103.4409566, 20.3261975 ], [ -103.4423027, 20.3264487 ], [ -103.4444211, 20.3247486 ], [ -103.4448118, 20.324436 ], [ -103.4464917, 20.3246585 ], [ -103.4479316, 20.3271441 ], [ -103.4483219, 20.32701 ], [ -103.4490559, 20.32778 ], [ -103.4500148, 20.3279936 ], [ -103.4514024, 20.3283039 ], [ -103.4514481, 20.3283091 ], [ -103.4520079, 20.329626 ], [ -103.4524706, 20.3295173 ], [ -103.4550025, 20.3269606 ], [ -103.4569267, 20.3275462 ], [ -103.4597389, 20.3275712 ], [ -103.4632573, 20.3280058 ], [ -103.4638912, 20.3286146 ], [ -103.4645275, 20.3292251 ], [ -103.464193, 20.3307331 ], [ -103.463206, 20.3332427 ], [ -103.4631912, 20.3347533 ], [ -103.4622412, 20.3358043 ], [ -103.4621472, 20.3366638 ], [ -103.4679394, 20.3408381 ], [ -103.4703219, 20.3457351 ], [ -103.4711891, 20.3518513 ], [ -103.4717441, 20.3557861 ], [ -103.4735269, 20.3601035 ], [ -103.4743962, 20.3644134 ], [ -103.4770487, 20.373039 ], [ -103.4837001, 20.377112 ], [ -103.4858566, 20.3784086 ], [ -103.486596, 20.3815765 ], [ -103.4904375, 20.3858644 ], [ -103.494038, 20.3885716 ], [ -103.5002761, 20.3908246 ], [ -103.5069893, 20.390814 ], [ -103.5117823, 20.3883186 ], [ -103.5165841, 20.3926049 ], [ -103.5252198, 20.3944009 ], [ -103.5244525, 20.3960773 ], [ -103.526894, 20.3967912 ], [ -103.537586, 20.3998524 ], [ -103.5390714, 20.4018931 ], [ -103.5400672, 20.4038118 ], [ -103.5398084, 20.4049779 ], [ -103.536258, 20.405929 ], [ -103.5365775, 20.4081861 ], [ -103.536273, 20.4082717 ], [ -103.5359151, 20.4082619 ], [ -103.534335, 20.409154 ], [ -103.5336273, 20.4095165 ], [ -103.5320754, 20.4100888 ], [ -103.5299517, 20.4105505 ], [ -103.5287268, 20.4111127 ], [ -103.5280655, 20.4113359 ], [ -103.5275308, 20.4112619 ], [ -103.5265712, 20.4099434 ], [ -103.5260193, 20.409203 ], [ -103.5249555, 20.4085267 ], [ -103.5240812, 20.4081971 ] ] ], [ [ [ -103.2977174, 20.3940046 ], [ -103.2977268, 20.3935818 ], [ -103.2978919, 20.3933406 ], [ -103.2979951, 20.3932815 ], [ -103.2977162, 20.3940439 ], [ -103.2977174, 20.3940046 ] ] ], [ [ [ -103.2947553, 20.3757328 ], [ -103.2943225, 20.3756358 ], [ -103.2943219, 20.3754085 ], [ -103.2968162, 20.3757896 ], [ -103.2968393, 20.3761127 ], [ -103.2947553, 20.3757328 ] ] ] ] } },
{ "type": "Feature", "properties": { "AREA": 5879410.4191800002, "PERIMETER": 14287.36074, "FC": "7130", "CLAVE_WRB": "VRmzlen+VReupdn/3", "GRUPO1": "VR", "CALIFS_G1": "mz", "CALIFP_G1": "len", "GRUPO2": "VR", "CALIFS_G2": "eu", "CALIFP_G2": "pdn", "GRUPO3": "NO", "CALIFS_G3": "NO", "CALIFP_G3": "NO", "CLASE_TEXT": "3", "FRUDICA": "NO", "HECTARES": 587.941 }, "geometry": { "type": "Polygon", "coordinates": [ [ [ -103.3028681, 20.4017565 ], [ -103.3025092, 20.4017528 ], [ -103.3014786, 20.4018025 ], [ -103.300783, 20.4017953 ], [ -103.3001518, 20.4018687 ], [ -103.2994995, 20.4018625 ], [ -103.2991222, 20.401839 ], [ -103.2974739, 20.4019806 ], [ -103.2966089, 20.4020514 ], [ -103.2959986, 20.4021049 ], [ -103.2950065, 20.4021384 ], [ -103.2926119, 20.402204 ], [ -103.2923341, 20.402168 ], [ -103.291586, 20.4018669 ], [ -103.2904604, 20.4014285 ], [ -103.2899903, 20.4012728 ], [ -103.288796, 20.4008057 ], [ -103.2888547, 20.4007146 ], [ -103.2887095, 20.4005379 ], [ -103.2885831, 20.4002921 ], [ -103.2884725, 20.4001351 ], [ -103.2883893, 20.4000411 ], [ -103.2882329, 20.3999348 ], [ -103.2882452, 20.3997926 ], [ -103.2883169, 20.3996413 ], [ -103.2882649, 20.3994566 ], [ -103.2883666, 20.3993615 ], [ -103.2884999, 20.3992923 ], [ -103.2886268, 20.3992065 ], [ -103.2887126, 20.3991264 ], [ -103.2889144, 20.3991014 ], [ -103.2890298, 20.3991027 ], [ -103.2892275, 20.3991583 ], [ -103.2893432, 20.3991868 ], [ -103.2894847, 20.3991879 ], [ -103.2895998, 20.399162 ], [ -103.2896591, 20.3990283 ], [ -103.2897752, 20.3988946 ], [ -103.2899182, 20.3987608 ], [ -103.2900756, 20.3985157 ], [ -103.2902175, 20.3983445 ], [ -103.2903775, 20.398147 ], [ -103.2906888, 20.3977956 ], [ -103.2907528, 20.3977181 ], [ -103.2909541, 20.3976182 ], [ -103.2911475, 20.3976305 ], [ -103.2914001, 20.3976144 ], [ -103.2916304, 20.3976055 ], [ -103.2919422, 20.3975538 ], [ -103.2922386, 20.3974856 ], [ -103.2924856, 20.3973645 ], [ -103.2925715, 20.3972968 ], [ -103.2930508, 20.3971146 ], [ -103.2934996, 20.3972776 ], [ -103.2936179, 20.3973339 ], [ -103.2939973, 20.3973657 ], [ -103.2943913, 20.397486 ], [ -103.2946877, 20.3976013 ], [ -103.2949864, 20.3976606 ], [ -103.2954052, 20.3976927 ], [ -103.295732, 20.3976679 ], [ -103.2959719, 20.3976142 ], [ -103.2964516, 20.3974781 ], [ -103.296559, 20.3973751 ], [ -103.2967586, 20.3971695 ], [ -103.2969874, 20.3969003 ], [ -103.2971938, 20.3966314 ], [ -103.2973337, 20.3961919 ], [ -103.2973411, 20.3954158 ], [ -103.2973451, 20.3950666 ], [ -103.2974977, 20.3947304 ], [ -103.297588, 20.3946185 ], [ -103.2977055, 20.394379 ], [ -103.2977162, 20.3940439 ], [ -103.2979951, 20.3932815 ], [ -103.2981717, 20.3931805 ], [ -103.2983631, 20.3928949 ], [ -103.2984803, 20.3925862 ], [ -103.2985741, 20.3921371 ], [ -103.2985344, 20.3918075 ], [ -103.2988122, 20.391048 ], [ -103.2990109, 20.3909596 ], [ -103.3012161, 20.3900008 ], [ -103.3018424, 20.3903639 ], [ -103.3020655, 20.3905665 ], [ -103.3025871, 20.3910416 ], [ -103.3058228, 20.391475 ], [ -103.3049066, 20.3929452 ], [ -103.3052654, 20.3932488 ], [ -103.3059038, 20.3956034 ], [ -103.3068883, 20.3967086 ], [ -103.3060393, 20.3984232 ], [ -103.3041998, 20.3996588 ], [ -103.3041982, 20.3997467 ], [ -103.3041905, 20.4004399 ], [ -103.3044937, 20.4009531 ], [ -103.3041807, 20.4011649 ], [ -103.3035261, 20.4016059 ], [ -103.3034415, 20.4017379 ], [ -103.3028681, 20.4017565 ] ] ] } },
{ "type": "Feature", "properties": { "AREA": 25809809.987470001, "PERIMETER": 33432.13931, "FC": "7130", "CLAVE_WRB": "VRmzlen+PHcr/3", "GRUPO1": "VR", "CALIFS_G1": "mz", "CALIFP_G1": "len", "GRUPO2": "PH", "CALIFS_G2": "NO", "CALIFP_G2": "cr", "GRUPO3": "NO", "CALIFS_G3": "NO", "CALIFP_G3": "NO", "CLASE_TEXT": "3", "FRUDICA": "NO", "HECTARES": 2580.981 }, "geometry": { "type": "Polygon", "coordinates": [ [ [ -103.2913498, 20.3692746 ], [ -103.2910539, 20.3691231 ], [ -103.2904041, 20.3691651 ], [ -103.2900602, 20.3692743 ], [ -103.289964, 20.3692767 ], [ -103.2899319, 20.3688451 ], [ -103.289921, 20.3686071 ], [ -103.2899377, 20.3685089 ], [ -103.2898021, 20.3674885 ], [ -103.2897591, 20.3672157 ], [ -103.289827, 20.3668629 ], [ -103.2899425, 20.3665011 ], [ -103.2898977, 20.3662923 ], [ -103.2899937, 20.3661034 ], [ -103.289863, 20.3659115 ], [ -103.2897583, 20.3654855 ], [ -103.2907167, 20.365485 ], [ -103.2923017, 20.3663245 ], [ -103.2945513, 20.3675187 ], [ -103.2960967, 20.368974 ], [ -103.2949361, 20.3687844 ], [ -103.2921477, 20.3693278 ], [ -103.2913498, 20.3692746 ] ] ] } },
{ "type": "Feature", "properties": { "AREA": 192279883.20159999, "PERIMETER": 161549.11837000001, "FC": "7122", "CLAVE_WRB": "PHsklen+LVvrlen+VReulen/3r", "GRUPO1": "PH", "CALIFS_G1": "sk", "CALIFP_G1": "len", "GRUPO2": "LV", "CALIFS_G2": "vr", "CALIFP_G2": "len", "GRUPO3": "VR", "CALIFS_G3": "eu", "CALIFP_G3": "len", "CLASE_TEXT": "3", "FRUDICA": "r", "HECTARES": 19227.988 }, "geometry": { "type": "MultiPolygon", "coordinates": [ [ [ [ -103.2894642, 20.3642885 ], [ -103.2895142, 20.3642683 ], [ -103.289604, 20.3633622 ], [ -103.2891194, 20.3621262 ], [ -103.2902042, 20.3618974 ], [ -103.2903766, 20.3613133 ], [ -103.2906792, 20.3602808 ], [ -103.2910502, 20.3596969 ], [ -103.2914069, 20.3589335 ], [ -103.2918757, 20.3583181 ], [ -103.2925655, 20.3576413 ], [ -103.2928138, 20.3571323 ], [ -103.2929853, 20.356877 ], [ -103.2939731, 20.3567983 ], [ -103.2948528, 20.356589 ], [ -103.2950458, 20.3558505 ], [ -103.2940462, 20.3541852 ], [ -103.2929553, 20.353381 ], [ -103.2928728, 20.3525935 ], [ -103.2924455, 20.352186 ], [ -103.2913333, 20.351386 ], [ -103.2902359, 20.3497973 ], [ -103.2897746, 20.348601 ], [ -103.2892206, 20.3452311 ], [ -103.2892262, 20.3439253 ], [ -103.2899864, 20.3428959 ], [ -103.2894685, 20.3417146 ], [ -103.2892917, 20.3406171 ], [ -103.2886256, 20.3393248 ], [ -103.2881879, 20.3368599 ], [ -103.2880743, 20.3357111 ], [ -103.2871729, 20.3348878 ], [ -103.2871261, 20.3348193 ], [ -103.2863198, 20.3327435 ], [ -103.288544, 20.3317675 ], [ -103.2891924, 20.3314071 ], [ -103.2895145, 20.3307106 ], [ -103.2895851, 20.3297448 ], [ -103.289579, 20.3285971 ], [ -103.2900831, 20.3283327 ], [ -103.2903415, 20.3273975 ], [ -103.2907383, 20.3272063 ], [ -103.2911416, 20.3266377 ], [ -103.2916511, 20.3262848 ], [ -103.2926021, 20.3262481 ], [ -103.2938254, 20.3261042 ], [ -103.2944592, 20.3257077 ], [ -103.2955258, 20.3256509 ], [ -103.2963719, 20.3256914 ], [ -103.297159, 20.325603 ], [ -103.2986698, 20.325332 ], [ -103.2996637, 20.3252692 ], [ -103.3001659, 20.325034 ], [ -103.3006817, 20.3247171 ], [ -103.3010637, 20.3236401 ], [ -103.3010338, 20.3228979 ], [ -103.301064, 20.322478 ], [ -103.3010005, 20.3219848 ], [ -103.3003011, 20.3199429 ], [ -103.3001508, 20.3191491 ], [ -103.3001948, 20.3187638 ], [ -103.3001269, 20.3184002 ], [ -103.2997724, 20.3181763 ], [ -103.2987543, 20.3174652 ], [ -103.2983219, 20.3167849 ], [ -103.2983295, 20.3160707 ], [ -103.2982616, 20.3152057 ], [ -103.2988393, 20.3151059 ], [ -103.2990401, 20.3148303 ], [ -103.2991174, 20.3144965 ], [ -103.2991344, 20.3141183 ], [ -103.2993769, 20.3136702 ], [ -103.2995481, 20.3132907 ], [ -103.299912, 20.3126187 ], [ -103.3000432, 20.3123558 ], [ -103.300309, 20.3121354 ], [ -103.3004195, 20.311863 ], [ -103.3003922, 20.3111653 ], [ -103.3004073, 20.3105932 ], [ -103.3005483, 20.3102817 ], [ -103.3005116, 20.3096958 ], [ -103.3002714, 20.3093197 ], [ -103.3001317, 20.3087005 ], [ -103.3001031, 20.3078573 ], [ -103.3001001, 20.3068615 ], [ -103.3002346, 20.3065756 ], [ -103.3002031, 20.3061531 ], [ -103.3001186, 20.3059381 ], [ -103.300115, 20.3055584 ], [ -103.3000844, 20.3052308 ], [ -103.299953, 20.3048954 ], [ -103.2998408, 20.3046548 ], [ -103.2997844, 20.3045 ], [ -103.2997918, 20.3043187 ], [ -103.2999003, 20.3041711 ], [ -103.3000181, 20.3040493 ], [ -103.3001994, 20.3038665 ], [ -103.3003629, 20.3037271 ], [ -103.3005067, 20.3034497 ], [ -103.300661, 20.3033104 ], [ -103.3008206, 20.3032177 ], [ -103.3009429, 20.3031441 ], [ -103.3013001, 20.3031098 ], [ -103.3016208, 20.3029625 ], [ -103.3019405, 20.3029281 ], [ -103.3021417, 20.302855 ], [ -103.3021803, 20.3024857 ], [ -103.3021086, 20.3022159 ], [ -103.3019654, 20.3019432 ], [ -103.3020347, 20.3017722 ], [ -103.3021362, 20.3015888 ], [ -103.302394, 20.3015441 ], [ -103.3026836, 20.3014625 ], [ -103.3028564, 20.3013089 ], [ -103.3028867, 20.3011079 ], [ -103.3027616, 20.3008412 ], [ -103.3024435, 20.300566 ], [ -103.3022461, 20.3005263 ], [ -103.3020483, 20.3004492 ], [ -103.3020476, 20.3003744 ], [ -103.3023294, 20.3001889 ], [ -103.3025298, 20.3000405 ], [ -103.3026517, 20.2999289 ], [ -103.3026544, 20.2997039 ], [ -103.3025769, 20.2994399 ], [ -103.3023395, 20.2992497 ], [ -103.3019843, 20.2989835 ], [ -103.3018287, 20.2986063 ], [ -103.301872, 20.2983061 ], [ -103.3019902, 20.2980719 ], [ -103.3021675, 20.2977928 ], [ -103.302305, 20.2975882 ], [ -103.3020834, 20.2972541 ], [ -103.3028138, 20.2976737 ], [ -103.3075765, 20.2974687 ], [ -103.3083888, 20.29749 ], [ -103.3133758, 20.2976212 ], [ -103.3141122, 20.2974839 ], [ -103.314748, 20.2978898 ], [ -103.315808, 20.2989115 ], [ -103.3162963, 20.2992122 ], [ -103.3172729, 20.2998106 ], [ -103.3186044, 20.3005823 ], [ -103.3192749, 20.3005889 ], [ -103.3196959, 20.3006424 ], [ -103.3202454, 20.3015535 ], [ -103.3227921, 20.3012773 ], [ -103.3271297, 20.2974159 ], [ -103.327529, 20.2972214 ], [ -103.3279045, 20.2970418 ], [ -103.3289778, 20.2957487 ], [ -103.3356935, 20.294548 ], [ -103.337032, 20.2945605 ], [ -103.3385097, 20.2943213 ], [ -103.3395837, 20.2940788 ], [ -103.3413224, 20.2944743 ], [ -103.342938, 20.2938574 ], [ -103.3461475, 20.2945197 ], [ -103.3489534, 20.2954315 ], [ -103.352164, 20.2959673 ], [ -103.3538389, 20.2959828 ], [ -103.355247, 20.2959963 ], [ -103.3584747, 20.2948882 ], [ -103.3603514, 20.2949053 ], [ -103.3619261, 20.2954709 ], [ -103.3681872, 20.2949512 ], [ -103.374521, 20.2975591 ], [ -103.3763275, 20.2991681 ], [ -103.378406, 20.2994155 ], [ -103.3852253, 20.3024657 ], [ -103.3892832, 20.3005473 ], [ -103.3902525, 20.30017 ], [ -103.3934354, 20.298934 ], [ -103.3973894, 20.3009214 ], [ -103.4000863, 20.3016955 ], [ -103.4027906, 20.3015689 ], [ -103.4034182, 20.3023061 ], [ -103.4045286, 20.302102 ], [ -103.415068, 20.2973414 ], [ -103.4167429, 20.2957575 ], [ -103.4169383, 20.2944539 ], [ -103.4175316, 20.2942108 ], [ -103.4175336, 20.2941723 ], [ -103.417676, 20.2921794 ], [ -103.4220409, 20.292327 ], [ -103.4233315, 20.2887251 ], [ -103.4255151, 20.2898244 ], [ -103.4260755, 20.2901047 ], [ -103.4275052, 20.290569 ], [ -103.4272347, 20.2938462 ], [ -103.4283505, 20.294161 ], [ -103.4309292, 20.2948909 ], [ -103.4313463, 20.2943412 ], [ -103.4366327, 20.2964117 ], [ -103.4469356, 20.2954933 ], [ -103.4572409, 20.2957053 ], [ -103.458197, 20.2950273 ], [ -103.4598713, 20.2929889 ], [ -103.4601087, 20.2907281 ], [ -103.4550722, 20.2871184 ], [ -103.4538705, 20.2844067 ], [ -103.4555472, 20.283048 ], [ -103.4560197, 20.2785242 ], [ -103.457456, 20.2764882 ], [ -103.4634419, 20.2728637 ], [ -103.4652959, 20.2702314 ], [ -103.4660085, 20.2705156 ], [ -103.4662976, 20.2708563 ], [ -103.4667412, 20.2711773 ], [ -103.4670989, 20.2713706 ], [ -103.4674802, 20.2713527 ], [ -103.4679934, 20.2714418 ], [ -103.4678808, 20.271694 ], [ -103.4676094, 20.2719244 ], [ -103.4676977, 20.2720941 ], [ -103.4681213, 20.272161 ], [ -103.4683469, 20.2721417 ], [ -103.4689055, 20.2722525 ], [ -103.4691931, 20.2726351 ], [ -103.4694836, 20.272659 ], [ -103.4701328, 20.2727071 ], [ -103.4708247, 20.2728817 ], [ -103.4715462, 20.2732177 ], [ -103.4717492, 20.27332 ], [ -103.4718577, 20.2735745 ], [ -103.4719045, 20.2736381 ], [ -103.471966, 20.273998 ], [ -103.4721453, 20.2739572 ], [ -103.4724372, 20.2740229 ], [ -103.4727036, 20.2742159 ], [ -103.4727927, 20.2742796 ], [ -103.4729736, 20.2743023 ], [ -103.4732634, 20.2742626 ], [ -103.4733532, 20.2743059 ], [ -103.4734858, 20.2743913 ], [ -103.4737331, 20.27433 ], [ -103.4738693, 20.27431 ], [ -103.4740016, 20.2745439 ], [ -103.4742447, 20.2747995 ], [ -103.4744435, 20.2749704 ], [ -103.4747802, 20.2749943 ], [ -103.4750488, 20.2749543 ], [ -103.4754771, 20.2747467 ], [ -103.4759726, 20.2746245 ], [ -103.4762625, 20.2747747 ], [ -103.4763825, 20.2749368 ], [ -103.4767705, 20.275705 ], [ -103.4771547, 20.2761224 ], [ -103.4776828, 20.2767933 ], [ -103.4789148, 20.2774031 ], [ -103.4795482, 20.2775012 ], [ -103.4801039, 20.2777826 ], [ -103.4801936, 20.2783343 ], [ -103.4804755, 20.2787274 ], [ -103.4803668, 20.2791931 ], [ -103.4801459, 20.2797849 ], [ -103.4800002, 20.2803223 ], [ -103.4797999, 20.2810748 ], [ -103.4793396, 20.2823122 ], [ -103.478871, 20.2827813 ], [ -103.4784281, 20.2831729 ], [ -103.4784391, 20.2832162 ], [ -103.4784834, 20.2833912 ], [ -103.4783123, 20.2833894 ], [ -103.4789057, 20.2846583 ], [ -103.4798184, 20.2857693 ], [ -103.48099, 20.2876181 ], [ -103.4818545, 20.2884536 ], [ -103.4831037, 20.2900045 ], [ -103.4836056, 20.2908129 ], [ -103.4844729, 20.2914648 ], [ -103.4850544, 20.2917232 ], [ -103.4863159, 20.2919426 ], [ -103.4879217, 20.2920052 ], [ -103.4891981, 20.2920114 ], [ -103.4902042, 20.2921614 ], [ -103.4910729, 20.2923285 ], [ -103.4917366, 20.2925487 ], [ -103.4933131, 20.2930008 ], [ -103.4948918, 20.2932233 ], [ -103.4958908, 20.2931648 ], [ -103.4972545, 20.2924565 ], [ -103.4984303, 20.2924851 ], [ -103.4997873, 20.2929053 ], [ -103.5002394, 20.2938054 ], [ -103.5000679, 20.2939415 ], [ -103.4997504, 20.2939152 ], [ -103.4990443, 20.2941148 ], [ -103.4983329, 20.2945441 ], [ -103.4982324, 20.2948415 ], [ -103.4983793, 20.2955218 ], [ -103.498897, 20.2962717 ], [ -103.499381, 20.2965747 ], [ -103.5000337, 20.2969259 ], [ -103.5006673, 20.2972891 ], [ -103.5012086, 20.2977418 ], [ -103.5017015, 20.2982385 ], [ -103.5021249, 20.2988917 ], [ -103.5029462, 20.2997106 ], [ -103.5032533, 20.2999217 ], [ -103.5034001, 20.3000279 ], [ -103.5035929, 20.3004749 ], [ -103.5040775, 20.3008671 ], [ -103.505989, 20.3014564 ], [ -103.506485, 20.3026993 ], [ -103.5071336, 20.3025967 ], [ -103.5097475, 20.3043973 ], [ -103.5095083, 20.3044397 ], [ -103.5111044, 20.3053972 ], [ -103.5111784, 20.3053843 ], [ -103.5113657, 20.3055125 ], [ -103.5116543, 20.306344 ], [ -103.5125094, 20.3088082 ], [ -103.5126357, 20.3091718 ], [ -103.5148868, 20.3156505 ], [ -103.5150884, 20.3162249 ], [ -103.5151253, 20.3163331 ], [ -103.5152026, 20.3165593 ], [ -103.5163549, 20.3198731 ], [ -103.5165407, 20.3204103 ], [ -103.5166687, 20.3206017 ], [ -103.5175311, 20.3218905 ], [ -103.5182293, 20.3227045 ], [ -103.5184697, 20.3229848 ], [ -103.519397, 20.3240659 ], [ -103.5196751, 20.3243901 ], [ -103.5199532, 20.3247144 ], [ -103.5208147, 20.3257188 ], [ -103.5241494, 20.3296062 ], [ -103.5247959, 20.3303599 ], [ -103.5250775, 20.3306882 ], [ -103.5253277, 20.3309798 ], [ -103.5256256, 20.3313271 ], [ -103.5260646, 20.3318388 ], [ -103.5263347, 20.3321536 ], [ -103.5263593, 20.3321826 ], [ -103.5272786, 20.3332622 ], [ -103.5274145, 20.3334217 ], [ -103.5278205, 20.3338986 ], [ -103.5278853, 20.333987 ], [ -103.5279133, 20.3340251 ], [ -103.5280481, 20.3342119 ], [ -103.5281817, 20.3343969 ], [ -103.5283478, 20.3346271 ], [ -103.5285166, 20.3346883 ], [ -103.5282011, 20.3349785 ], [ -103.5276678, 20.3350623 ], [ -103.5277893, 20.3354698 ], [ -103.5279349, 20.3356968 ], [ -103.527927, 20.3359715 ], [ -103.5279813, 20.3360074 ], [ -103.5280665, 20.3360232 ], [ -103.5283536, 20.3360215 ], [ -103.5291191, 20.3365103 ], [ -103.5291288, 20.3366814 ], [ -103.5289563, 20.3369401 ], [ -103.5297214, 20.3374229 ], [ -103.5297101, 20.3374524 ], [ -103.5309642, 20.3382263 ], [ -103.5309543, 20.3382397 ], [ -103.5397751, 20.3492888 ], [ -103.539901, 20.3494465 ], [ -103.5402861, 20.3510643 ], [ -103.5404385, 20.3517045 ], [ -103.5404408, 20.3517142 ], [ -103.5409151, 20.3537068 ], [ -103.5442888, 20.3631137 ], [ -103.5456999, 20.3653581 ], [ -103.5468693, 20.3686067 ], [ -103.5474723, 20.3702023 ], [ -103.5477874, 20.3715243 ], [ -103.5477799, 20.3715801 ], [ -103.5476988, 20.3721833 ], [ -103.5474478, 20.3726852 ], [ -103.5470308, 20.3732251 ], [ -103.546241, 20.3737954 ], [ -103.5456692, 20.3744225 ], [ -103.5454516, 20.3749863 ], [ -103.5453411, 20.3755837 ], [ -103.5455495, 20.3759847 ], [ -103.5456137, 20.3765508 ], [ -103.5457152, 20.3770174 ], [ -103.545891, 20.3772514 ], [ -103.5458455, 20.3783152 ], [ -103.546089, 20.3785837 ], [ -103.5465793, 20.3789868 ], [ -103.5467535, 20.3792543 ], [ -103.54668, 20.3795531 ], [ -103.5464326, 20.3797836 ], [ -103.5460349, 20.3805789 ], [ -103.5455188, 20.3812909 ], [ -103.5445626, 20.3819474 ], [ -103.5433643, 20.3824577 ], [ -103.5421118, 20.3831209 ], [ -103.5414953, 20.3841222 ], [ -103.5410624, 20.3848599 ], [ -103.5408258, 20.3852186 ], [ -103.5405898, 20.385992 ], [ -103.5406324, 20.3861208 ], [ -103.5403204, 20.3864277 ], [ -103.5404975, 20.3866348 ], [ -103.5403112, 20.3864599 ], [ -103.5386364, 20.3878192 ], [ -103.5364771, 20.387598 ], [ -103.5359496, 20.3847705 ], [ -103.5348813, 20.3857596 ], [ -103.5346419, 20.3858505 ], [ -103.5341944, 20.3849861 ], [ -103.5329832, 20.3844021 ], [ -103.5327038, 20.3818209 ], [ -103.5327163, 20.3803868 ], [ -103.5284689, 20.3792038 ], [ -103.5266826, 20.3751738 ], [ -103.5270481, 20.3743364 ], [ -103.5279268, 20.3723159 ], [ -103.528674, 20.3703728 ], [ -103.5297973, 20.3674555 ], [ -103.5286209, 20.3631456 ], [ -103.5259195, 20.3593941 ], [ -103.5238393, 20.3542137 ], [ -103.5220589, 20.3496124 ], [ -103.5227098, 20.3453153 ], [ -103.5214695, 20.3438252 ], [ -103.5203024, 20.3424268 ], [ -103.5215915, 20.3403689 ], [ -103.5228739, 20.3398442 ], [ -103.5235065, 20.3394547 ], [ -103.5243534, 20.3384747 ], [ -103.5239486, 20.3368901 ], [ -103.5216564, 20.3356855 ], [ -103.519413, 20.3349594 ], [ -103.51915, 20.3348736 ], [ -103.5180941, 20.3356556 ], [ -103.5170461, 20.3356469 ], [ -103.5162203, 20.3344542 ], [ -103.5156064, 20.3328677 ], [ -103.5127247, 20.3320147 ], [ -103.5104906, 20.3295387 ], [ -103.5046351, 20.3260157 ], [ -103.5044148, 20.3241549 ], [ -103.503455, 20.3206307 ], [ -103.5009831, 20.3192027 ], [ -103.4967821, 20.3165873 ], [ -103.4958788, 20.3159655 ], [ -103.4864108, 20.3094635 ], [ -103.4826425, 20.3085575 ], [ -103.4749447, 20.3067042 ], [ -103.4735489, 20.3058569 ], [ -103.4709098, 20.3033747 ], [ -103.4694672, 20.3002115 ], [ -103.466472, 20.2998762 ], [ -103.4664344, 20.2992906 ], [ -103.4663478, 20.2979533 ], [ -103.4655717, 20.2972892 ], [ -103.4625664, 20.2997809 ], [ -103.4595166, 20.3006147 ], [ -103.4533909, 20.3054373 ], [ -103.4474158, 20.3073225 ], [ -103.4445467, 20.3082274 ], [ -103.4363339, 20.3087285 ], [ -103.4272042, 20.3097944 ], [ -103.4244951, 20.3106192 ], [ -103.4217057, 20.30975 ], [ -103.420854, 20.3101128 ], [ -103.4178101, 20.3092629 ], [ -103.4145991, 20.3089813 ], [ -103.4141205, 20.3089388 ], [ -103.4122546, 20.3106633 ], [ -103.4116394, 20.3106577 ], [ -103.4114118, 20.3111818 ], [ -103.4110486, 20.3111535 ], [ -103.4102726, 20.3116323 ], [ -103.4089732, 20.3128352 ], [ -103.4076829, 20.3133091 ], [ -103.4056234, 20.3135324 ], [ -103.4012562, 20.3127653 ], [ -103.4004649, 20.3129319 ], [ -103.3968731, 20.3136946 ], [ -103.3948227, 20.3129484 ], [ -103.3891769, 20.3116845 ], [ -103.3852133, 20.3120479 ], [ -103.3848867, 20.3118418 ], [ -103.3776965, 20.3129793 ], [ -103.3748242, 20.3145652 ], [ -103.3738654, 20.3145655 ], [ -103.3736251, 20.3145654 ], [ -103.3729049, 20.3129844 ], [ -103.3712279, 20.3120815 ], [ -103.3702704, 20.3145681 ], [ -103.3683524, 20.315248 ], [ -103.3654747, 20.31299 ], [ -103.3604436, 20.3114123 ], [ -103.3591785, 20.3113058 ], [ -103.3551388, 20.3141498 ], [ -103.3503598, 20.3194958 ], [ -103.3399145, 20.3201018 ], [ -103.334679, 20.3223852 ], [ -103.3346359, 20.3224032 ], [ -103.3343655, 20.32252 ], [ -103.3275672, 20.3254841 ], [ -103.3277564, 20.32713 ], [ -103.3275987, 20.328682 ], [ -103.3270812, 20.3288441 ], [ -103.3257299, 20.329272 ], [ -103.3243741, 20.3285114 ], [ -103.3243688, 20.329191 ], [ -103.324921, 20.3310888 ], [ -103.3239038, 20.3324993 ], [ -103.3218247, 20.3324796 ], [ -103.3201843, 20.3318563 ], [ -103.3182476, 20.3319056 ], [ -103.3180209, 20.3330507 ], [ -103.3175818, 20.3338577 ], [ -103.316783, 20.3349993 ], [ -103.3164519, 20.3353054 ], [ -103.3159136, 20.3358015 ], [ -103.3143418, 20.3353147 ], [ -103.3124142, 20.334822 ], [ -103.3122628, 20.3355657 ], [ -103.3127556, 20.3363136 ], [ -103.3117507, 20.3370217 ], [ -103.318514, 20.3394736 ], [ -103.3230709, 20.3426359 ], [ -103.3241301, 20.3435426 ], [ -103.3283456, 20.347155 ], [ -103.3273868, 20.3498675 ], [ -103.3256105, 20.3498684 ], [ -103.3251714, 20.350677 ], [ -103.3216679, 20.3527532 ], [ -103.315431, 20.3548028 ], [ -103.3054753, 20.3558788 ], [ -103.3051328, 20.356754 ], [ -103.3031761, 20.3617194 ], [ -103.2923017, 20.3663245 ], [ -103.2907167, 20.365485 ], [ -103.2897583, 20.3654855 ], [ -103.2894642, 20.3642885 ] ] ], [ [ [ -103.4677066, 20.2395043 ], [ -103.467797, 20.23987 ], [ -103.4681535, 20.2412874 ], [ -103.4688587, 20.2438559 ], [ -103.469614, 20.2466126 ], [ -103.4678299, 20.2489053 ], [ -103.467691, 20.2491568 ], [ -103.4677239, 20.2494402 ], [ -103.4676938, 20.2498821 ], [ -103.4675847, 20.2502069 ], [ -103.4675589, 20.2504488 ], [ -103.4674193, 20.2507052 ], [ -103.4673213, 20.2508538 ], [ -103.4673098, 20.2511089 ], [ -103.4672121, 20.2512844 ], [ -103.4671997, 20.251459 ], [ -103.467145, 20.2516609 ], [ -103.467034, 20.2519304 ], [ -103.4670218, 20.2521184 ], [ -103.4667976, 20.2524428 ], [ -103.466691, 20.2527191 ], [ -103.4664284, 20.2530929 ], [ -103.4662219, 20.2531825 ], [ -103.4660267, 20.2535279 ], [ -103.4655302, 20.2536763 ], [ -103.4653858, 20.2538347 ], [ -103.4651874, 20.2539664 ], [ -103.4650167, 20.2541777 ], [ -103.4648447, 20.2544429 ], [ -103.464672, 20.2547342 ], [ -103.4645942, 20.2548222 ], [ -103.4644138, 20.2550252 ], [ -103.4641295, 20.2552517 ], [ -103.4640778, 20.2552964 ], [ -103.4640116, 20.2553509 ], [ -103.4638398, 20.2554549 ], [ -103.4633508, 20.2554925 ], [ -103.4631501, 20.2555109 ], [ -103.4631527, 20.2555935 ], [ -103.4626012, 20.2560275 ], [ -103.4624985, 20.2563794 ], [ -103.4619171, 20.2569921 ], [ -103.4618577, 20.2570742 ], [ -103.4616561, 20.2578876 ], [ -103.461624, 20.2580088 ], [ -103.4615364, 20.2582153 ], [ -103.4614125, 20.2585645 ], [ -103.4613306, 20.2589537 ], [ -103.4613857, 20.2593381 ], [ -103.4613683, 20.2594321 ], [ -103.4613435, 20.2595664 ], [ -103.4612427, 20.2598622 ], [ -103.4609885, 20.2606135 ], [ -103.4608556, 20.2610095 ], [ -103.4607391, 20.2613799 ], [ -103.4606913, 20.2615414 ], [ -103.4605429, 20.2620063 ], [ -103.4606124, 20.2620408 ], [ -103.4607517, 20.2622984 ], [ -103.4609023, 20.2624071 ], [ -103.461013, 20.2626218 ], [ -103.4610931, 20.2627857 ], [ -103.4611501, 20.2630464 ], [ -103.4611342, 20.2632453 ], [ -103.4611113, 20.2636401 ], [ -103.4612027, 20.2642091 ], [ -103.4612133, 20.2644713 ], [ -103.4617412, 20.2645218 ], [ -103.4617907, 20.264525 ], [ -103.462058, 20.2645555 ], [ -103.4621546, 20.2646256 ], [ -103.4621724, 20.2647589 ], [ -103.462157, 20.2651112 ], [ -103.4621376, 20.2652402 ], [ -103.4622727, 20.265457 ], [ -103.461942, 20.2661859 ], [ -103.4620069, 20.2662629 ], [ -103.4618129, 20.2664838 ], [ -103.4614283, 20.2672039 ], [ -103.4613233, 20.2673653 ], [ -103.461262, 20.2677383 ], [ -103.4610617, 20.2680559 ], [ -103.460746, 20.2684529 ], [ -103.4605723, 20.2687452 ], [ -103.4576851, 20.2683486 ], [ -103.4552845, 20.2640572 ], [ -103.4478543, 20.2611284 ], [ -103.4397012, 20.2545818 ], [ -103.4389755, 20.2489316 ], [ -103.4363381, 20.2457689 ], [ -103.4363357, 20.2448655 ], [ -103.4389704, 20.2437302 ], [ -103.4399263, 20.2423723 ], [ -103.4399251, 20.240909 ], [ -103.446332, 20.2405882 ], [ -103.4505667, 20.2406252 ], [ -103.4571723, 20.2384629 ], [ -103.4675104, 20.2394407 ], [ -103.4676479, 20.2392626 ], [ -103.4677066, 20.2395043 ] ] ], [ [ [ -103.5461735, 20.3941063 ], [ -103.5464026, 20.3943107 ], [ -103.5464383, 20.394439 ], [ -103.5464101, 20.3945729 ], [ -103.5463799, 20.3947164 ], [ -103.5460749, 20.3949319 ], [ -103.5457221, 20.3951543 ], [ -103.5457017, 20.3951523 ], [ -103.5456423, 20.3941013 ], [ -103.5461735, 20.3941063 ] ] ] ] } },
{ "type": "Feature", "properties": { "AREA": 47863846.207950003, "PERIMETER": 56464.68591, "FC": "7130", "CLAVE_WRB": "VReusow+PHha/3", "GRUPO1": "VR", "CALIFS_G1": "eu", "CALIFP_G1": "sow", "GRUPO2": "PH", "CALIFS_G2": "NO", "CALIFP_G2": "ha", "GRUPO3": "NO", "CALIFS_G3": "NO", "CALIFP_G3": "NO", "CLASE_TEXT": "3", "FRUDICA": "NO", "HECTARES": 4786.385 }, "geometry": { "type": "Polygon", "coordinates": [ [ [ -103.4235861, 20.3280682 ], [ -103.4219411, 20.3281937 ], [ -103.4195253, 20.3258705 ], [ -103.4189604, 20.3217509 ], [ -103.4167548, 20.3208818 ], [ -103.4152526, 20.3208687 ], [ -103.4115818, 20.3209915 ], [ -103.4108352, 20.3201443 ], [ -103.4097674, 20.318929 ], [ -103.4109588, 20.3165794 ], [ -103.4108249, 20.31343 ], [ -103.4115739, 20.3133533 ], [ -103.4110081, 20.3121038 ], [ -103.4114118, 20.3111818 ], [ -103.4116394, 20.3106577 ], [ -103.4122546, 20.3106633 ], [ -103.4141205, 20.3089388 ], [ -103.4145991, 20.3089813 ], [ -103.4178101, 20.3092629 ], [ -103.420854, 20.3101128 ], [ -103.4217057, 20.30975 ], [ -103.4244951, 20.3106192 ], [ -103.4272042, 20.3097944 ], [ -103.4363339, 20.3087285 ], [ -103.4445467, 20.3082274 ], [ -103.4474158, 20.3073225 ], [ -103.4533909, 20.3054373 ], [ -103.4595166, 20.3006147 ], [ -103.4625664, 20.2997809 ], [ -103.4655717, 20.2972892 ], [ -103.4663478, 20.2979533 ], [ -103.4664344, 20.2992906 ], [ -103.466472, 20.2998762 ], [ -103.4694672, 20.3002115 ], [ -103.4709098, 20.3033747 ], [ -103.4735489, 20.3058569 ], [ -103.4749447, 20.3067042 ], [ -103.4826425, 20.3085575 ], [ -103.4864108, 20.3094635 ], [ -103.4958788, 20.3159655 ], [ -103.4967821, 20.3165873 ], [ -103.5009831, 20.3192027 ], [ -103.503455, 20.3206307 ], [ -103.5044148, 20.3241549 ], [ -103.5046351, 20.3260157 ], [ -103.5104906, 20.3295387 ], [ -103.5127247, 20.3320147 ], [ -103.5156064, 20.3328677 ], [ -103.5162203, 20.3344542 ], [ -103.5170461, 20.3356469 ], [ -103.5180941, 20.3356556 ], [ -103.51915, 20.3348736 ], [ -103.519413, 20.3349594 ], [ -103.5216564, 20.3356855 ], [ -103.5239486, 20.3368901 ], [ -103.5243534, 20.3384747 ], [ -103.5235065, 20.3394547 ], [ -103.5228739, 20.3398442 ], [ -103.5215915, 20.3403689 ], [ -103.5203024, 20.3424268 ], [ -103.5214695, 20.3438252 ], [ -103.5227098, 20.3453153 ], [ -103.5220589, 20.3496124 ], [ -103.5238393, 20.3542137 ], [ -103.5259195, 20.3593941 ], [ -103.5286209, 20.3631456 ], [ -103.5297973, 20.3674555 ], [ -103.528674, 20.3703728 ], [ -103.5279268, 20.3723159 ], [ -103.5270481, 20.3743364 ], [ -103.5260963, 20.372874 ], [ -103.525806, 20.3714373 ], [ -103.5240142, 20.3679804 ], [ -103.5206992, 20.3648001 ], [ -103.5180859, 20.3605233 ], [ -103.5163898, 20.3604026 ], [ -103.5127952, 20.3609867 ], [ -103.5090883, 20.3626964 ], [ -103.5082082, 20.3631025 ], [ -103.5042725, 20.3652235 ], [ -103.5016822, 20.3666289 ], [ -103.4997062, 20.3711692 ], [ -103.4979355, 20.3732165 ], [ -103.4971061, 20.3751626 ], [ -103.4966843, 20.3768054 ], [ -103.4960661, 20.3776424 ], [ -103.4945914, 20.3788563 ], [ -103.4930441, 20.3793806 ], [ -103.4932419, 20.3798791 ], [ -103.49466, 20.3802749 ], [ -103.4957992, 20.380016 ], [ -103.496447, 20.3803286 ], [ -103.4966006, 20.3811728 ], [ -103.4970014, 20.3817498 ], [ -103.4971932, 20.3827857 ], [ -103.4975664, 20.3830529 ], [ -103.4975647, 20.3831119 ], [ -103.4983534, 20.3846339 ], [ -103.5003451, 20.3844973 ], [ -103.5017191, 20.3856745 ], [ -103.5018356, 20.3857748 ], [ -103.5029667, 20.3865118 ], [ -103.5042991, 20.3874037 ], [ -103.5048294, 20.3877424 ], [ -103.5093476, 20.3862656 ], [ -103.5146842, 20.3859515 ], [ -103.5226805, 20.3867372 ], [ -103.5264831, 20.3874873 ], [ -103.5291467, 20.3878684 ], [ -103.5346419, 20.3858505 ], [ -103.5348813, 20.3857596 ], [ -103.5359496, 20.3847705 ], [ -103.5364771, 20.387598 ], [ -103.5338438, 20.3900898 ], [ -103.53025, 20.3912247 ], [ -103.528095, 20.393716 ], [ -103.5252198, 20.3944009 ], [ -103.5165841, 20.3926049 ], [ -103.5117823, 20.3883186 ], [ -103.5069893, 20.390814 ], [ -103.5002761, 20.3908246 ], [ -103.494038, 20.3885716 ], [ -103.4904375, 20.3858644 ], [ -103.486596, 20.3815765 ], [ -103.4858566, 20.3784086 ], [ -103.4837001, 20.377112 ], [ -103.4770487, 20.373039 ], [ -103.4743962, 20.3644134 ], [ -103.4735269, 20.3601035 ], [ -103.4717441, 20.3557861 ], [ -103.4711891, 20.3518513 ], [ -103.4703219, 20.3457351 ], [ -103.4679394, 20.3408381 ], [ -103.4621472, 20.3366638 ], [ -103.4622412, 20.3358043 ], [ -103.4631912, 20.3347533 ], [ -103.463206, 20.3332427 ], [ -103.464193, 20.3307331 ], [ -103.4645275, 20.3292251 ], [ -103.4638912, 20.3286146 ], [ -103.4632573, 20.3280058 ], [ -103.4597389, 20.3275712 ], [ -103.4569267, 20.3275462 ], [ -103.4550025, 20.3269606 ], [ -103.4524706, 20.3295173 ], [ -103.4520079, 20.329626 ], [ -103.4514481, 20.3283091 ], [ -103.4514024, 20.3283039 ], [ -103.4500148, 20.3279936 ], [ -103.4490559, 20.32778 ], [ -103.4483219, 20.32701 ], [ -103.4479316, 20.3271441 ], [ -103.4464917, 20.3246585 ], [ -103.4448118, 20.324436 ], [ -103.4444211, 20.3247486 ], [ -103.4423027, 20.3264487 ], [ -103.4409566, 20.3261975 ], [ -103.4393559, 20.3261833 ], [ -103.4381887, 20.3253663 ], [ -103.4357284, 20.3256476 ], [ -103.4355366, 20.3259232 ], [ -103.4347531, 20.3270478 ], [ -103.4327315, 20.3263256 ], [ -103.4301637, 20.3269077 ], [ -103.4288374, 20.3273929 ], [ -103.4268305, 20.327375 ], [ -103.4252983, 20.327937 ], [ -103.4235861, 20.3280682 ] ], [ [ -103.4814644, 20.3292634 ], [ -103.4830217, 20.3285997 ], [ -103.4828054, 20.3272881 ], [ -103.483867, 20.3274505 ], [ -103.4836056, 20.3246566 ], [ -103.4807916, 20.3246871 ], [ -103.4781317, 20.321448 ], [ -103.4763799, 20.3223363 ], [ -103.4770851, 20.3235258 ], [ -103.4749482, 20.325684 ], [ -103.4730442, 20.3276097 ], [ -103.4742889, 20.3284699 ], [ -103.4771036, 20.3287201 ], [ -103.4779399, 20.3282755 ], [ -103.4805211, 20.3278461 ], [ -103.4814644, 20.3292634 ] ], [ [ -103.4848201, 20.3535208 ], [ -103.4854029, 20.3547093 ], [ -103.483539, 20.3561565 ], [ -103.4862172, 20.3577064 ], [ -103.4871781, 20.3572089 ], [ -103.4885994, 20.3548723 ], [ -103.4903135, 20.3520685 ], [ -103.488078, 20.3503239 ], [ -103.4848201, 20.3535208 ] ] ] } },
{ "type": "Feature", "properties": { "AREA": 7872852.0321500003, "PERIMETER": 12072.65891, "FC": "7130", "CLAVE_WRB": "VReusow+PHsklen/3", "GRUPO1": "VR", "CALIFS_G1": "eu", "CALIFP_G1": "sow", "GRUPO2": "PH", "CALIFS_G2": "sk", "CALIFP_G2": "len", "GRUPO3": "NO", "CALIFS_G3": "NO", "CALIFP_G3": "NO", "CLASE_TEXT": "3", "FRUDICA": "NO", "HECTARES": 787.285 }, "geometry": { "type": "Polygon", "coordinates": [ [ [ -103.5270481, 20.3743364 ], [ -103.5266826, 20.3751738 ], [ -103.5284689, 20.3792038 ], [ -103.5327163, 20.3803868 ], [ -103.5327038, 20.3818209 ], [ -103.5329832, 20.3844021 ], [ -103.5341944, 20.3849861 ], [ -103.5346419, 20.3858505 ], [ -103.5291467, 20.3878684 ], [ -103.5264831, 20.3874873 ], [ -103.5226805, 20.3867372 ], [ -103.5146842, 20.3859515 ], [ -103.5093476, 20.3862656 ], [ -103.5048294, 20.3877424 ], [ -103.5042991, 20.3874037 ], [ -103.5029667, 20.3865118 ], [ -103.5018356, 20.3857748 ], [ -103.5017191, 20.3856745 ], [ -103.5003451, 20.3844973 ], [ -103.4983534, 20.3846339 ], [ -103.4975647, 20.3831119 ], [ -103.4975664, 20.3830529 ], [ -103.4971932, 20.3827857 ], [ -103.4970014, 20.3817498 ], [ -103.4966006, 20.3811728 ], [ -103.496447, 20.3803286 ], [ -103.4957992, 20.380016 ], [ -103.49466, 20.3802749 ], [ -103.4932419, 20.3798791 ], [ -103.4930441, 20.3793806 ], [ -103.4945914, 20.3788563 ], [ -103.4960661, 20.3776424 ], [ -103.4966843, 20.3768054 ], [ -103.4971061, 20.3751626 ], [ -103.4979355, 20.3732165 ], [ -103.4997062, 20.3711692 ], [ -103.5016822, 20.3666289 ], [ -103.5042725, 20.3652235 ], [ -103.5082082, 20.3631025 ], [ -103.5090883, 20.3626964 ], [ -103.5127952, 20.3609867 ], [ -103.5163898, 20.3604026 ], [ -103.5180859, 20.3605233 ], [ -103.5206992, 20.3648001 ], [ -103.5240142, 20.3679804 ], [ -103.525806, 20.3714373 ], [ -103.5260963, 20.372874 ], [ -103.5270481, 20.3743364 ] ] ] } },
{ "type": "Feature", "properties": { "AREA": 12402393.799550001, "PERIMETER": 32722.94032, "FC": "7122", "CLAVE_WRB": "PHlep+LPhk/2", "GRUPO1": "PH", "CALIFS_G1": "NO", "CALIFP_G1": "lep", "GRUPO2": "LP", "CALIFS_G2": "NO", "CALIFP_G2": "hk", "GRUPO3": "NO", "CALIFS_G3": "NO", "CALIFP_G3": "NO", "CLASE_TEXT": "2", "FRUDICA": "NO", "HECTARES": 1240.239 }, "geometry": { "type": "Polygon", "coordinates": [ [ [ -103.2968881, 20.3761216 ], [ -103.2968393, 20.3761127 ], [ -103.2968162, 20.3757896 ], [ -103.2943219, 20.3754085 ], [ -103.2943054, 20.3694153 ], [ -103.2933846, 20.3693936 ], [ -103.2923606, 20.369342 ], [ -103.2921477, 20.3693278 ], [ -103.2949361, 20.3687844 ], [ -103.2960967, 20.368974 ], [ -103.2974286, 20.3702293 ], [ -103.2974277, 20.3711344 ], [ -103.3007866, 20.3731658 ], [ -103.3008804, 20.3731758 ], [ -103.3128466, 20.3715385 ], [ -103.32018, 20.3684541 ], [ -103.3360514, 20.3628717 ], [ -103.3400543, 20.3583207 ], [ -103.3401867, 20.3583377 ], [ -103.3405646, 20.3583887 ], [ -103.343364, 20.3587629 ], [ -103.3458072, 20.3590886 ], [ -103.3498382, 20.3585844 ], [ -103.3522151, 20.3570958 ], [ -103.3541457, 20.3561722 ], [ -103.3543323, 20.3560815 ], [ -103.356286, 20.3548284 ], [ -103.3573839, 20.3547596 ], [ -103.358117, 20.3542786 ], [ -103.3575916, 20.3541428 ], [ -103.3574884, 20.3541596 ], [ -103.3604902, 20.3522027 ], [ -103.3666132, 20.3482446 ], [ -103.368755, 20.3468303 ], [ -103.3736204, 20.3468751 ], [ -103.375445, 20.346892 ], [ -103.3787888, 20.3469227 ], [ -103.3788343, 20.3469098 ], [ -103.3811782, 20.346236 ], [ -103.3813531, 20.3461857 ], [ -103.3822493, 20.3466184 ], [ -103.3848037, 20.3470144 ], [ -103.3859573, 20.3498094 ], [ -103.3875164, 20.3511225 ], [ -103.3920431, 20.3511636 ], [ -103.3958096, 20.3485987 ], [ -103.4009573, 20.345491 ], [ -103.4058718, 20.3460932 ], [ -103.4060531, 20.3475787 ], [ -103.4050604, 20.3484976 ], [ -103.4040294, 20.3531293 ], [ -103.3986758, 20.3567933 ], [ -103.3886122, 20.359486 ], [ -103.3795384, 20.3614441 ], [ -103.3669431, 20.3613274 ], [ -103.3609385, 20.361364 ], [ -103.3571995, 20.3615144 ], [ -103.355405, 20.3635392 ], [ -103.3510477, 20.366283 ], [ -103.3466978, 20.3680981 ], [ -103.3407929, 20.3680424 ], [ -103.3352653, 20.3696614 ], [ -103.3275641, 20.3720004 ], [ -103.3232244, 20.3727016 ], [ -103.3196828, 20.372668 ], [ -103.3105831, 20.3768508 ], [ -103.3046641, 20.3780923 ], [ -103.3036668, 20.3793813 ], [ -103.300898, 20.3804702 ], [ -103.2969885, 20.3782032 ], [ -103.2968467, 20.3762171 ], [ -103.2968881, 20.3761216 ] ] ] } },
{ "type": "Feature", "properties": { "AREA": 7544833.6243500002, "PERIMETER": 13735.60335, "FC": "7130", "CLAVE_WRB": "VRmz+VRlep+LPha/3", "GRUPO1": "VR", "CALIFS_G1": "NO", "CALIFP_G1": "mz", "GRUPO2": "VR", "CALIFS_G2": "NO", "CALIFP_G2": "lep", "GRUPO3": "LP", "CALIFS_G3": "NO", "CALIFP_G3": "ha", "CLASE_TEXT": "3", "FRUDICA": "NO", "HECTARES": 754.483 }, "geometry": { "type": "Polygon", "coordinates": [ [ [ -103.2960967, 20.368974 ], [ -103.2945513, 20.3675187 ], [ -103.2923017, 20.3663245 ], [ -103.3031761, 20.3617194 ], [ -103.3051328, 20.356754 ], [ -103.3054753, 20.3558788 ], [ -103.315431, 20.3548028 ], [ -103.3216679, 20.3527532 ], [ -103.3251714, 20.350677 ], [ -103.3256105, 20.3498684 ], [ -103.3273868, 20.3498675 ], [ -103.3283456, 20.347155 ], [ -103.3241301, 20.3435426 ], [ -103.3298728, 20.3435969 ], [ -103.3337847, 20.3473626 ], [ -103.3392781, 20.3518159 ], [ -103.3396425, 20.3517226 ], [ -103.3401099, 20.352551 ], [ -103.3406307, 20.3551326 ], [ -103.3401867, 20.3583377 ], [ -103.3400543, 20.3583207 ], [ -103.3360514, 20.3628717 ], [ -103.32018, 20.3684541 ], [ -103.3128466, 20.3715385 ], [ -103.3008804, 20.3731758 ], [ -103.3007866, 20.3731658 ], [ -103.2974277, 20.3711344 ], [ -103.2974286, 20.3702293 ], [ -103.2960967, 20.368974 ] ] ] } },
{ "type": "Feature", "properties": { "AREA": 21828089.384100001, "PERIMETER": 27696.5672, "FC": "7130", "CLAVE_WRB": "VReumz+VReulen/3", "GRUPO1": "VR", "CALIFS_G1": "eu", "CALIFP_G1": "mz", "GRUPO2": "VR", "CALIFS_G2": "eu", "CALIFP_G2": "len", "GRUPO3": "NO", "CALIFS_G3": "NO", "CALIFP_G3": "NO", "CLASE_TEXT": "3", "FRUDICA": "NO", "HECTARES": 2182.809 }, "geometry": { "type": "Polygon", "coordinates": [ [ [ -103.3401867, 20.3583377 ], [ -103.3406307, 20.3551326 ], [ -103.3401099, 20.352551 ], [ -103.3396425, 20.3517226 ], [ -103.3392781, 20.3518159 ], [ -103.3337847, 20.3473626 ], [ -103.3298728, 20.3435969 ], [ -103.3241301, 20.3435426 ], [ -103.3230709, 20.3426359 ], [ -103.318514, 20.3394736 ], [ -103.3117507, 20.3370217 ], [ -103.3127556, 20.3363136 ], [ -103.3122628, 20.3355657 ], [ -103.3124142, 20.334822 ], [ -103.3143418, 20.3353147 ], [ -103.3159136, 20.3358015 ], [ -103.3164519, 20.3353054 ], [ -103.316783, 20.3349993 ], [ -103.3175818, 20.3338577 ], [ -103.3180209, 20.3330507 ], [ -103.3182476, 20.3319056 ], [ -103.3201843, 20.3318563 ], [ -103.3218247, 20.3324796 ], [ -103.3239038, 20.3324993 ], [ -103.324921, 20.3310888 ], [ -103.3243688, 20.329191 ], [ -103.3243741, 20.3285114 ], [ -103.3257299, 20.329272 ], [ -103.3270812, 20.3288441 ], [ -103.3275987, 20.328682 ], [ -103.3277564, 20.32713 ], [ -103.3275672, 20.3254841 ], [ -103.3343655, 20.32252 ], [ -103.3344595, 20.3225481 ], [ -103.3348324, 20.3228361 ], [ -103.3350068, 20.3229689 ], [ -103.3352448, 20.3229804 ], [ -103.3356824, 20.3230003 ], [ -103.3366369, 20.3230452 ], [ -103.3423329, 20.3264547 ], [ -103.3449473, 20.3276245 ], [ -103.349908, 20.3269324 ], [ -103.3511739, 20.3237512 ], [ -103.3512006, 20.3211387 ], [ -103.3545765, 20.3220396 ], [ -103.3567262, 20.3226398 ], [ -103.3572025, 20.3226894 ], [ -103.3628753, 20.3232798 ], [ -103.3631811, 20.3235718 ], [ -103.3643994, 20.3247465 ], [ -103.3653516, 20.3264557 ], [ -103.3654548, 20.3257339 ], [ -103.3679716, 20.3227084 ], [ -103.3714494, 20.3229755 ], [ -103.3734008, 20.3265097 ], [ -103.3805897, 20.3284527 ], [ -103.3870768, 20.3259335 ], [ -103.3880913, 20.3220016 ], [ -103.393033, 20.3216041 ], [ -103.396364, 20.3239362 ], [ -103.3981346, 20.3250318 ], [ -103.3990731, 20.3256137 ], [ -103.4006066, 20.3265624 ], [ -103.4051787, 20.3268934 ], [ -103.4067266, 20.3246057 ], [ -103.4103913, 20.3243499 ], [ -103.4084963, 20.3306633 ], [ -103.406486, 20.3335515 ], [ -103.4057093, 20.3346668 ], [ -103.4014283, 20.3357772 ], [ -103.3974864, 20.3334401 ], [ -103.3965627, 20.3342949 ], [ -103.3962918, 20.3357489 ], [ -103.3946166, 20.3359843 ], [ -103.3934169, 20.3375789 ], [ -103.3919904, 20.339081 ], [ -103.3912485, 20.3398626 ], [ -103.3893957, 20.3401256 ], [ -103.3887981, 20.3406781 ], [ -103.386256, 20.343096 ], [ -103.3836625, 20.3435625 ], [ -103.3808491, 20.3436766 ], [ -103.3806872, 20.3450004 ], [ -103.38212, 20.3459644 ], [ -103.3813531, 20.3461857 ], [ -103.3811782, 20.346236 ], [ -103.3788343, 20.3469098 ], [ -103.3787888, 20.3469227 ], [ -103.375445, 20.346892 ], [ -103.3736204, 20.3468751 ], [ -103.368755, 20.3468303 ], [ -103.3666132, 20.3482446 ], [ -103.3604902, 20.3522027 ], [ -103.3574884, 20.3541596 ], [ -103.3575916, 20.3541428 ], [ -103.358117, 20.3542786 ], [ -103.3573839, 20.3547596 ], [ -103.356286, 20.3548284 ], [ -103.3543323, 20.3560815 ], [ -103.3541457, 20.3561722 ], [ -103.3522151, 20.3570958 ], [ -103.3498382, 20.3585844 ], [ -103.3458072, 20.3590886 ], [ -103.343364, 20.3587629 ], [ -103.3405646, 20.3583887 ], [ -103.3401867, 20.3583377 ] ] ] } },
{ "type": "Feature", "properties": { "AREA": 270648.06724, "PERIMETER": 2280.97562, "FC": "6525", "CLAVE_WRB": "ZU", "GRUPO1": "NA", "CALIFS_G1": "NA", "CALIFP_G1": "NA", "GRUPO2": "NA", "CALIFS_G2": "NA", "CALIFP_G2": "NA", "GRUPO3": "NA", "CALIFS_G3": "NA", "CALIFP_G3": "NA", "CLASE_TEXT": "NA", "FRUDICA": "NA", "HECTARES": 27.065 }, "geometry": { "type": "Polygon", "coordinates": [ [ [ -103.4848201, 20.3535208 ], [ -103.488078, 20.3503239 ], [ -103.4903135, 20.3520685 ], [ -103.4885994, 20.3548723 ], [ -103.4871781, 20.3572089 ], [ -103.4862172, 20.3577064 ], [ -103.483539, 20.3561565 ], [ -103.4854029, 20.3547093 ], [ -103.4848201, 20.3535208 ] ] ] } },
{ "type": "Feature", "properties": { "AREA": 10253265.849710001, "PERIMETER": 25192.13022, "FC": "7130", "CLAVE_WRB": "VRmz+VRlep+LPha/3", "GRUPO1": "VR", "CALIFS_G1": "NO", "CALIFP_G1": "mz", "GRUPO2": "VR", "CALIFS_G2": "NO", "CALIFP_G2": "lep", "GRUPO3": "LP", "CALIFS_G3": "NO", "CALIFP_G3": "ha", "CLASE_TEXT": "3", "FRUDICA": "NO", "HECTARES": 1025.327 }, "geometry": { "type": "Polygon", "coordinates": [ [ [ -103.3343655, 20.32252 ], [ -103.3346359, 20.3224032 ], [ -103.334679, 20.3223852 ], [ -103.3399145, 20.3201018 ], [ -103.3503598, 20.3194958 ], [ -103.3551388, 20.3141498 ], [ -103.3591785, 20.3113058 ], [ -103.3604436, 20.3114123 ], [ -103.3654747, 20.31299 ], [ -103.3683524, 20.315248 ], [ -103.3702704, 20.3145681 ], [ -103.3712279, 20.3120815 ], [ -103.3729049, 20.3129844 ], [ -103.3736251, 20.3145654 ], [ -103.3738654, 20.3145655 ], [ -103.3748242, 20.3145652 ], [ -103.3776965, 20.3129793 ], [ -103.3848867, 20.3118418 ], [ -103.3852133, 20.3120479 ], [ -103.3891769, 20.3116845 ], [ -103.3948227, 20.3129484 ], [ -103.3968731, 20.3136946 ], [ -103.4004649, 20.3129319 ], [ -103.4012562, 20.3127653 ], [ -103.4056234, 20.3135324 ], [ -103.4076829, 20.3133091 ], [ -103.4089732, 20.3128352 ], [ -103.4102726, 20.3116323 ], [ -103.4110486, 20.3111535 ], [ -103.4114118, 20.3111818 ], [ -103.4110081, 20.3121038 ], [ -103.4115739, 20.3133533 ], [ -103.4108249, 20.31343 ], [ -103.4109588, 20.3165794 ], [ -103.4097674, 20.318929 ], [ -103.4108352, 20.3201443 ], [ -103.4115818, 20.3209915 ], [ -103.4152526, 20.3208687 ], [ -103.4167548, 20.3208818 ], [ -103.4189604, 20.3217509 ], [ -103.4195253, 20.3258705 ], [ -103.4219411, 20.3281937 ], [ -103.4235861, 20.3280682 ], [ -103.4203688, 20.3301916 ], [ -103.4163508, 20.3316077 ], [ -103.4101773, 20.3332955 ], [ -103.406486, 20.3335515 ], [ -103.4084963, 20.3306633 ], [ -103.4103913, 20.3243499 ], [ -103.4067266, 20.3246057 ], [ -103.4051787, 20.3268934 ], [ -103.4006066, 20.3265624 ], [ -103.3990731, 20.3256137 ], [ -103.3981346, 20.3250318 ], [ -103.396364, 20.3239362 ], [ -103.393033, 20.3216041 ], [ -103.3880913, 20.3220016 ], [ -103.3870768, 20.3259335 ], [ -103.3805897, 20.3284527 ], [ -103.3734008, 20.3265097 ], [ -103.3714494, 20.3229755 ], [ -103.3679716, 20.3227084 ], [ -103.3654548, 20.3257339 ], [ -103.3653516, 20.3264557 ], [ -103.3643994, 20.3247465 ], [ -103.3631811, 20.3235718 ], [ -103.3628753, 20.3232798 ], [ -103.3572025, 20.3226894 ], [ -103.3567262, 20.3226398 ], [ -103.3545765, 20.3220396 ], [ -103.3512006, 20.3211387 ], [ -103.3511739, 20.3237512 ], [ -103.349908, 20.3269324 ], [ -103.3449473, 20.3276245 ], [ -103.3423329, 20.3264547 ], [ -103.3366369, 20.3230452 ], [ -103.3356824, 20.3230003 ], [ -103.3352448, 20.3229804 ], [ -103.3350068, 20.3229689 ], [ -103.3348324, 20.3228361 ], [ -103.3344595, 20.3225481 ], [ -103.3343655, 20.32252 ] ] ] } },
{ "type": "Feature", "properties": { "AREA": 1090001230.3411801, "PERIMETER": 220747.19792000001, "FC": "6292", "CLAVE_WRB": "H2O", "GRUPO1": "NA", "CALIFS_G1": "NA", "CALIFP_G1": "NA", "GRUPO2": "NA", "CALIFS_G2": "NA", "CALIFP_G2": "NA", "GRUPO3": "NA", "CALIFS_G3": "NA", "CALIFP_G3": "NA", "CLASE_TEXT": "NA", "FRUDICA": "NO", "HECTARES": 109000.123 }, "geometry": { "type": "MultiPolygon", "coordinates": [ [ [ [ -103.2995915, 20.2884419 ], [ -103.2991399, 20.2878449 ], [ -103.2992076, 20.2873904 ], [ -103.299116, 20.2870556 ], [ -103.2994387, 20.2869373 ], [ -103.2997621, 20.2867889 ], [ -103.3000208, 20.2867 ], [ -103.30028, 20.2866722 ], [ -103.3006025, 20.2865233 ], [ -103.3009264, 20.2864354 ], [ -103.3012148, 20.2864381 ], [ -103.3018929, 20.2862928 ], [ -103.3021835, 20.2862354 ], [ -103.3025055, 20.2862383 ], [ -103.3028278, 20.2862718 ], [ -103.3031162, 20.2862745 ], [ -103.3034065, 20.2862776 ], [ -103.303664, 20.2862799 ], [ -103.3040171, 20.2863137 ], [ -103.3043391, 20.2863167 ], [ -103.3046614, 20.2863502 ], [ -103.3049854, 20.2862623 ], [ -103.305242, 20.2862647 ], [ -103.3055971, 20.2862078 ], [ -103.3057919, 20.286179 ], [ -103.3060175, 20.2861509 ], [ -103.3064353, 20.2861247 ], [ -103.3069514, 20.2861293 ], [ -103.3072731, 20.2861021 ], [ -103.307531, 20.2861351 ], [ -103.3078199, 20.2861989 ], [ -103.3079791, 20.286261 ], [ -103.3083661, 20.2863251 ], [ -103.3084945, 20.2863875 ], [ -103.3088796, 20.2864516 ], [ -103.3091359, 20.2864239 ], [ -103.3095243, 20.2863367 ], [ -103.3097502, 20.2863387 ], [ -103.3099414, 20.2864317 ], [ -103.3101348, 20.2865547 ], [ -103.3105199, 20.2866194 ], [ -103.310616, 20.2866203 ], [ -103.3108085, 20.2866527 ], [ -103.3110657, 20.2867156 ], [ -103.3113877, 20.286719 ], [ -103.3117111, 20.2865701 ], [ -103.3119706, 20.2865729 ], [ -103.3124367, 20.2865683 ], [ -103.3127923, 20.2865714 ], [ -103.3129826, 20.2866645 ], [ -103.3130813, 20.2866347 ], [ -103.3132412, 20.2865755 ], [ -103.3133693, 20.2866073 ], [ -103.3135305, 20.2866693 ], [ -103.3137883, 20.2867023 ], [ -103.3139475, 20.2867649 ], [ -103.314075, 20.2868268 ], [ -103.3143665, 20.28686 ], [ -103.3146235, 20.2868929 ], [ -103.314816, 20.2869252 ], [ -103.3149444, 20.286987 ], [ -103.3151703, 20.2869891 ], [ -103.3152978, 20.2870508 ], [ -103.3155551, 20.2870231 ], [ -103.3157156, 20.2870245 ], [ -103.3158773, 20.2870566 ], [ -103.3160379, 20.287058 ], [ -103.3162961, 20.2871215 ], [ -103.3165193, 20.2871536 ], [ -103.3166814, 20.2872163 ], [ -103.3172601, 20.2872214 ], [ -103.3174215, 20.2872235 ], [ -103.3176785, 20.2872563 ], [ -103.3181617, 20.2872307 ], [ -103.3183558, 20.2872323 ], [ -103.3203484, 20.2875728 ], [ -103.3199148, 20.2879148 ], [ -103.3174075, 20.2877734 ], [ -103.3163198, 20.2883321 ], [ -103.3139252, 20.2884176 ], [ -103.312119, 20.2882196 ], [ -103.3105797, 20.2880511 ], [ -103.3080724, 20.2879096 ], [ -103.3061697, 20.2881783 ], [ -103.3057906, 20.2882309 ], [ -103.3054926, 20.2882148 ], [ -103.3011294, 20.28796 ], [ -103.2995791, 20.2884783 ], [ -103.2995915, 20.2884419 ] ] ], [ [ [ -103.3216366, 20.2867535 ], [ -103.3219932, 20.2866767 ], [ -103.3213185, 20.2869883 ], [ -103.3212649, 20.2870131 ], [ -103.3216366, 20.2867535 ] ] ], [ [ [ -103.3238215, 20.2856518 ], [ -103.3238576, 20.2861936 ], [ -103.3230652, 20.2862373 ], [ -103.3238215, 20.2856518 ] ] ], [ [ [ -103.3324863, 20.2839289 ], [ -103.3331061, 20.283721 ], [ -103.3340555, 20.2835299 ], [ -103.3342986, 20.2833638 ], [ -103.3345974, 20.2831555 ], [ -103.3350887, 20.2829041 ], [ -103.3354539, 20.2830601 ], [ -103.3350455, 20.2829723 ], [ -103.3338399, 20.283756 ], [ -103.3322863, 20.2840757 ], [ -103.3321362, 20.2840362 ], [ -103.3324863, 20.2839289 ] ] ], [ [ [ -103.337444, 20.2830604 ], [ -103.3380688, 20.2830665 ], [ -103.3390846, 20.2832672 ], [ -103.3395255, 20.2834106 ], [ -103.3397708, 20.2834533 ], [ -103.3400939, 20.2835199 ], [ -103.3403347, 20.2835984 ], [ -103.3405856, 20.2837136 ], [ -103.3407733, 20.2839098 ], [ -103.3409026, 20.2842045 ], [ -103.3415497, 20.2846869 ], [ -103.342117, 20.2851734 ], [ -103.3428353, 20.285724 ], [ -103.3410066, 20.2849529 ], [ -103.3390732, 20.2840582 ], [ -103.3387498, 20.2839109 ], [ -103.3371497, 20.283455 ], [ -103.337444, 20.2830604 ] ] ], [ [ [ -103.3437301, 20.2862345 ], [ -103.3443176, 20.2863499 ], [ -103.3447184, 20.2867371 ], [ -103.3452497, 20.2872414 ], [ -103.3454177, 20.2875022 ], [ -103.34505, 20.2873573 ], [ -103.343437, 20.2861494 ], [ -103.3437301, 20.2862345 ] ] ], [ [ [ -103.3521692, 20.2889938 ], [ -103.3524726, 20.2891299 ], [ -103.3520271, 20.2890203 ], [ -103.3521692, 20.2889938 ] ] ], [ [ [ -103.358267, 20.2890328 ], [ -103.35861, 20.2890607 ], [ -103.3613226, 20.2892812 ], [ -103.3622507, 20.2893548 ], [ -103.3633843, 20.2895275 ], [ -103.3642763, 20.2897628 ], [ -103.3650318, 20.2898996 ], [ -103.36682, 20.2899812 ], [ -103.367983, 20.289919 ], [ -103.3681537, 20.2899769 ], [ -103.3683168, 20.2899465 ], [ -103.36835, 20.2898986 ], [ -103.3684631, 20.2898755 ], [ -103.3685903, 20.2899004 ], [ -103.3688112, 20.2898865 ], [ -103.3688635, 20.2898305 ], [ -103.3689735, 20.2897836 ], [ -103.3691875, 20.2897454 ], [ -103.3692557, 20.2896484 ], [ -103.3693738, 20.2896337 ], [ -103.3696385, 20.2896835 ], [ -103.3697895, 20.289685 ], [ -103.3700898, 20.2896403 ], [ -103.3702911, 20.2895791 ], [ -103.3703582, 20.2895643 ], [ -103.3704928, 20.2895653 ], [ -103.370557, 20.28955 ], [ -103.3707089, 20.2895514 ], [ -103.3708433, 20.2895372 ], [ -103.3709745, 20.289489 ], [ -103.3711407, 20.2894802 ], [ -103.3711858, 20.2894752 ], [ -103.3713039, 20.2894707 ], [ -103.3713587, 20.2894714 ], [ -103.3713971, 20.2894665 ], [ -103.3714867, 20.2894832 ], [ -103.3716261, 20.2894842 ], [ -103.37182, 20.2894706 ], [ -103.3719282, 20.2894293 ], [ -103.3719828, 20.2894091 ], [ -103.3720722, 20.2894099 ], [ -103.3722838, 20.2894222 ], [ -103.3725249, 20.2893118 ], [ -103.3725905, 20.2893429 ], [ -103.372677, 20.2893439 ], [ -103.372708, 20.2893645 ], [ -103.3727948, 20.2893966 ], [ -103.3728938, 20.2893974 ], [ -103.3730354, 20.2894296 ], [ -103.3731107, 20.2894607 ], [ -103.3731655, 20.2894612 ], [ -103.3733173, 20.2894525 ], [ -103.3734057, 20.2894535 ], [ -103.3734611, 20.2894229 ], [ -103.3735475, 20.2894136 ], [ -103.3736552, 20.2894144 ], [ -103.3736988, 20.2894457 ], [ -103.3738288, 20.2894779 ], [ -103.373906, 20.2894993 ], [ -103.3741221, 20.2894906 ], [ -103.3742753, 20.2894308 ], [ -103.374321, 20.2893902 ], [ -103.3744191, 20.2894012 ], [ -103.3745153, 20.2894021 ], [ -103.3745943, 20.2893311 ], [ -103.3746471, 20.2893209 ], [ -103.3748327, 20.2894258 ], [ -103.3749288, 20.2894266 ], [ -103.3749646, 20.2893549 ], [ -103.3750508, 20.2893247 ], [ -103.3751486, 20.289305 ], [ -103.3753006, 20.2893167 ], [ -103.3754213, 20.2893695 ], [ -103.3755508, 20.2893502 ], [ -103.375759, 20.2893109 ], [ -103.3759013, 20.2893226 ], [ -103.3760961, 20.289386 ], [ -103.3759195, 20.2918683 ], [ -103.3758827, 20.2923561 ], [ -103.37504, 20.2923788 ], [ -103.3734466, 20.2913953 ], [ -103.3733765, 20.2913517 ], [ -103.3701435, 20.2909787 ], [ -103.3697492, 20.2909522 ], [ -103.3682297, 20.2908527 ], [ -103.367033, 20.2908414 ], [ -103.3650087, 20.2904794 ], [ -103.3634482, 20.2903564 ], [ -103.3623752, 20.290455 ], [ -103.3608005, 20.2898804 ], [ -103.3604677, 20.2897598 ], [ -103.3585564, 20.2894075 ], [ -103.3574833, 20.2893223 ], [ -103.358267, 20.2890328 ] ] ], [ [ [ -103.3810736, 20.2915537 ], [ -103.3810738, 20.2915536 ], [ -103.3810742, 20.2915534 ], [ -103.3810742, 20.2915534 ], [ -103.381179, 20.291358 ], [ -103.381179, 20.2913579 ], [ -103.3811927, 20.2913324 ], [ -103.3814941, 20.2913847 ], [ -103.3814643, 20.2913969 ], [ -103.3810432, 20.2915688 ], [ -103.3810736, 20.2915537 ] ] ], [ [ [ -103.3819313, 20.2911118 ], [ -103.3819565, 20.2911957 ], [ -103.3816005, 20.2913412 ], [ -103.3819313, 20.2911118 ] ] ], [ [ [ -103.3866322, 20.2902201 ], [ -103.3866322, 20.2902199 ], [ -103.3867272, 20.2900971 ], [ -103.3867277, 20.2900965 ], [ -103.3867281, 20.2900959 ], [ -103.3867282, 20.2900959 ], [ -103.3867282, 20.2900958 ], [ -103.3868619, 20.2899232 ], [ -103.3870234, 20.289611 ], [ -103.3870237, 20.2896105 ], [ -103.3872795, 20.2894575 ], [ -103.3875324, 20.2896399 ], [ -103.3879064, 20.2896942 ], [ -103.3882548, 20.2896391 ], [ -103.3886071, 20.2894425 ], [ -103.3887559, 20.2894578 ], [ -103.3888447, 20.2895155 ], [ -103.3889058, 20.2897304 ], [ -103.3891418, 20.2898638 ], [ -103.3893475, 20.289884 ], [ -103.3887086, 20.2900201 ], [ -103.3883246, 20.2900639 ], [ -103.3869063, 20.2902294 ], [ -103.3865784, 20.2903711 ], [ -103.3866322, 20.2902201 ] ] ], [ [ [ -103.390327, 20.2896422 ], [ -103.3904037, 20.2896591 ], [ -103.3902352, 20.2896949 ], [ -103.390327, 20.2896422 ] ] ], [ [ [ -103.3931731, 20.2874319 ], [ -103.3935114, 20.2872534 ], [ -103.3936156, 20.2872421 ], [ -103.3941285, 20.2871157 ], [ -103.3944925, 20.287169 ], [ -103.3948276, 20.2871078 ], [ -103.3948276, 20.2871078 ], [ -103.3948276, 20.2871077 ], [ -103.3948409, 20.2870998 ], [ -103.3950876, 20.2869524 ], [ -103.3957934, 20.2868678 ], [ -103.3960253, 20.2867652 ], [ -103.3963101, 20.2868184 ], [ -103.3962891, 20.2869951 ], [ -103.3964444, 20.2870585 ], [ -103.3968645, 20.2870662 ], [ -103.3975492, 20.2871984 ], [ -103.397548, 20.2872952 ], [ -103.3977255, 20.2873031 ], [ -103.3978333, 20.2873535 ], [ -103.3982533, 20.287337 ], [ -103.3985265, 20.2873549 ], [ -103.3986739, 20.2873818 ], [ -103.3990278, 20.2873452 ], [ -103.3991779, 20.2873087 ], [ -103.3991785, 20.2873086 ], [ -103.3992431, 20.2871236 ], [ -103.3992433, 20.2871232 ], [ -103.3992434, 20.2871229 ], [ -103.3994128, 20.2870692 ], [ -103.3995978, 20.2870708 ], [ -103.3998448, 20.2871359 ], [ -103.3998533, 20.2871382 ], [ -103.3998794, 20.2871451 ], [ -103.3999739, 20.2871679 ], [ -103.4000655, 20.28719 ], [ -103.4001769, 20.2871582 ], [ -103.4001769, 20.2871582 ], [ -103.400213, 20.2871334 ], [ -103.4002564, 20.2871035 ], [ -103.40028, 20.2870872 ], [ -103.4003317, 20.2870515 ], [ -103.4003507, 20.2870643 ], [ -103.4003591, 20.2870699 ], [ -103.4003827, 20.2870858 ], [ -103.4004846, 20.2871541 ], [ -103.4005629, 20.2870489 ], [ -103.4005633, 20.2870484 ], [ -103.4007091, 20.2869193 ], [ -103.400756, 20.2869273 ], [ -103.4007804, 20.2869314 ], [ -103.4008982, 20.2869514 ], [ -103.401055, 20.2869779 ], [ -103.4012328, 20.2870792 ], [ -103.4013759, 20.2872991 ], [ -103.4015963, 20.2873221 ], [ -103.4019435, 20.2871535 ], [ -103.401946, 20.2871523 ], [ -103.4024289, 20.2869039 ], [ -103.4026767, 20.286926 ], [ -103.4028101, 20.2870546 ], [ -103.4036494, 20.2871828 ], [ -103.4043702, 20.2870693 ], [ -103.4053469, 20.2877433 ], [ -103.4056795, 20.2879567 ], [ -103.4059766, 20.2880279 ], [ -103.4064419, 20.2879801 ], [ -103.4068302, 20.2881488 ], [ -103.4074121, 20.2882198 ], [ -103.4078932, 20.2878146 ], [ -103.4081527, 20.2876547 ], [ -103.4085455, 20.2877545 ], [ -103.4088238, 20.2879328 ], [ -103.4090896, 20.2880462 ], [ -103.4091455, 20.2880787 ], [ -103.4089144, 20.2881349 ], [ -103.4078719, 20.2883877 ], [ -103.4059581, 20.2882622 ], [ -103.4052221, 20.2881852 ], [ -103.4035673, 20.2880147 ], [ -103.3996171, 20.2877527 ], [ -103.3972289, 20.2875232 ], [ -103.3956753, 20.2873737 ], [ -103.3943548, 20.2874653 ], [ -103.3930684, 20.287554 ], [ -103.3931731, 20.2874319 ] ] ], [ [ [ -103.4178085, 20.2698952 ], [ -103.4179547, 20.2695009 ], [ -103.4178803, 20.2699034 ], [ -103.4178085, 20.2698952 ] ] ], [ [ [ -103.4194866, 20.2597282 ], [ -103.4186643, 20.2590386 ], [ -103.4191831, 20.2586643 ], [ -103.4191794, 20.2590221 ], [ -103.4195288, 20.259585 ], [ -103.4194474, 20.2600534 ], [ -103.4194866, 20.2597282 ] ] ], [ [ [ -103.4161272, 20.2322224 ], [ -103.4156489, 20.2320751 ], [ -103.4152422, 20.231613 ], [ -103.414597, 20.2310581 ], [ -103.4145378, 20.2310071 ], [ -103.4144961, 20.230965 ], [ -103.4142531, 20.2307191 ], [ -103.416455, 20.2320052 ], [ -103.4167656, 20.232419 ], [ -103.4161272, 20.2322224 ] ] ], [ [ [ -103.3777989, 20.2261623 ], [ -103.377797, 20.2261637 ], [ -103.3777678, 20.2261849 ], [ -103.3776294, 20.2262561 ], [ -103.3776266, 20.2262575 ], [ -103.3770327, 20.2265631 ], [ -103.3765367, 20.2267998 ], [ -103.3765345, 20.2267999 ], [ -103.3765343, 20.2267999 ], [ -103.3754713, 20.2268489 ], [ -103.3753419, 20.2268698 ], [ -103.3753371, 20.2268706 ], [ -103.3745131, 20.2270039 ], [ -103.3743329, 20.227052 ], [ -103.3743316, 20.2270524 ], [ -103.3742431, 20.227076 ], [ -103.3742412, 20.2270784 ], [ -103.3742412, 20.2270784 ], [ -103.374094, 20.2272641 ], [ -103.3740916, 20.2272671 ], [ -103.374067, 20.2272981 ], [ -103.3732543, 20.2274281 ], [ -103.3730327, 20.2274811 ], [ -103.3728118, 20.2274247 ], [ -103.3728094, 20.2274241 ], [ -103.3728094, 20.227424 ], [ -103.3728093, 20.227424 ], [ -103.3726436, 20.2273817 ], [ -103.3719233, 20.2274154 ], [ -103.3702409, 20.2273808 ], [ -103.3702399, 20.2273807 ], [ -103.3702294, 20.2273791 ], [ -103.3701645, 20.2273695 ], [ -103.3698083, 20.2273169 ], [ -103.3696523, 20.2273279 ], [ -103.3694689, 20.2273408 ], [ -103.3694039, 20.227305 ], [ -103.3692836, 20.2272389 ], [ -103.3692316, 20.2272563 ], [ -103.3692265, 20.227255 ], [ -103.3692251, 20.2272546 ], [ -103.3690254, 20.2272045 ], [ -103.3684341, 20.2270561 ], [ -103.3678234, 20.2266769 ], [ -103.3678178, 20.2266739 ], [ -103.3680664, 20.2267142 ], [ -103.3708078, 20.2270736 ], [ -103.3717181, 20.2270823 ], [ -103.3733249, 20.2270971 ], [ -103.3744599, 20.2267751 ], [ -103.3751927, 20.2265701 ], [ -103.3752453, 20.2265543 ], [ -103.3764464, 20.2263535 ], [ -103.3778608, 20.2261173 ], [ -103.3777989, 20.2261623 ] ] ], [ [ [ -103.3667297, 20.2266173 ], [ -103.3659689, 20.2268195 ], [ -103.3653947, 20.2269722 ], [ -103.3647604, 20.2264182 ], [ -103.3646096, 20.2262793 ], [ -103.3644483, 20.2261351 ], [ -103.3644094, 20.2261012 ], [ -103.3656248, 20.2263056 ], [ -103.3670212, 20.2265398 ], [ -103.3667297, 20.2266173 ] ] ], [ [ [ -103.3632437, 20.2259729 ], [ -103.3629453, 20.2260403 ], [ -103.36194, 20.2271385 ], [ -103.3608012, 20.2266153 ], [ -103.3614401, 20.2259528 ], [ -103.3617154, 20.2254435 ], [ -103.362858, 20.2258098 ], [ -103.3630508, 20.2258727 ], [ -103.3634157, 20.2259341 ], [ -103.3632437, 20.2259729 ] ] ] ] } },
{ "type": "Feature", "properties": { "AREA": 499744.94981000002, "PERIMETER": 3474.7664, "FC": "6525", "CLAVE_WRB": "ZU", "GRUPO1": "NA", "CALIFS_G1": "NA", "CALIFP_G1": "NA", "GRUPO2": "NA", "CALIFS_G2": "NA", "CALIFP_G2": "NA", "GRUPO3": "NA", "CALIFS_G3": "NA", "CALIFP_G3": "NA", "CLASE_TEXT": "NA", "FRUDICA": "NA", "HECTARES": 49.974 }, "geometry": { "type": "Polygon", "coordinates": [ [ [ -103.4814644, 20.3292634 ], [ -103.4805211, 20.3278461 ], [ -103.4779399, 20.3282755 ], [ -103.4771036, 20.3287201 ], [ -103.4742889, 20.3284699 ], [ -103.4730442, 20.3276097 ], [ -103.4749482, 20.325684 ], [ -103.4770851, 20.3235258 ], [ -103.4763799, 20.3223363 ], [ -103.4781317, 20.321448 ], [ -103.4807916, 20.3246871 ], [ -103.4836056, 20.3246566 ], [ -103.483867, 20.3274505 ], [ -103.4828054, 20.3272881 ], [ -103.4830217, 20.3285997 ], [ -103.4814644, 20.3292634 ] ] ] } },
{ "type": "Feature", "properties": { "AREA": 14828976.54841, "PERIMETER": 40446.97623, "FC": "7122", "CLAVE_WRB": "PHskn+VRpe/2r", "GRUPO1": "PH", "CALIFS_G1": "NO", "CALIFP_G1": "skn", "GRUPO2": "VR", "CALIFS_G2": "NO", "CALIFP_G2": "pe", "GRUPO3": "NO", "CALIFS_G3": "NO", "CALIFP_G3": "NO", "CLASE_TEXT": "2", "FRUDICA": "r", "HECTARES": 1482.898 }, "geometry": { "type": "Polygon", "coordinates": [ [ [ -103.3019366, 20.2970327 ], [ -103.3018734, 20.296597 ], [ -103.3019061, 20.2962786 ], [ -103.3021039, 20.2961083 ], [ -103.3022861, 20.2958887 ], [ -103.3023301, 20.2957015 ], [ -103.3022902, 20.2953196 ], [ -103.3022413, 20.2950293 ], [ -103.3021703, 20.2946428 ], [ -103.3020208, 20.2942905 ], [ -103.3019908, 20.2942197 ], [ -103.3019441, 20.2941097 ], [ -103.3019219, 20.2940834 ], [ -103.3018991, 20.2940564 ], [ -103.3017185, 20.2938419 ], [ -103.3016132, 20.293661 ], [ -103.3016132, 20.293661 ], [ -103.3015915, 20.2936237 ], [ -103.3015861, 20.2936115 ], [ -103.3015001, 20.2934147 ], [ -103.3015962, 20.2929703 ], [ -103.3016344, 20.2926069 ], [ -103.3015697, 20.2923354 ], [ -103.3014211, 20.2920788 ], [ -103.3006903, 20.2916601 ], [ -103.3005531, 20.2913875 ], [ -103.3004262, 20.2912081 ], [ -103.3002356, 20.2909535 ], [ -103.3001561, 20.2907185 ], [ -103.3001078, 20.2905149 ], [ -103.2999396, 20.2900598 ], [ -103.2998407, 20.2897694 ], [ -103.2997668, 20.2895756 ], [ -103.2995405, 20.2892357 ], [ -103.2994943, 20.2887283 ], [ -103.2995791, 20.2884783 ], [ -103.3011294, 20.28796 ], [ -103.3054926, 20.2882148 ], [ -103.3057906, 20.2882309 ], [ -103.3061697, 20.2881783 ], [ -103.3080724, 20.2879096 ], [ -103.3105797, 20.2880511 ], [ -103.312119, 20.2882196 ], [ -103.3139252, 20.2884176 ], [ -103.3163198, 20.2883321 ], [ -103.3174075, 20.2877734 ], [ -103.3199148, 20.2879148 ], [ -103.3203484, 20.2875728 ], [ -103.3204409, 20.2875886 ], [ -103.3212649, 20.2870131 ], [ -103.3213185, 20.2869883 ], [ -103.3219932, 20.2866767 ], [ -103.3226923, 20.286526 ], [ -103.3230652, 20.2862373 ], [ -103.3238576, 20.2861936 ], [ -103.323863, 20.2862745 ], [ -103.3245033, 20.2863391 ], [ -103.3250543, 20.2863378 ], [ -103.3251451, 20.2862991 ], [ -103.3260077, 20.2860943 ], [ -103.3265635, 20.2857739 ], [ -103.3268878, 20.2855727 ], [ -103.3273625, 20.2854078 ], [ -103.3278026, 20.2853197 ], [ -103.3281398, 20.2851043 ], [ -103.3285221, 20.284783 ], [ -103.3288986, 20.2843481 ], [ -103.329026, 20.284347 ], [ -103.3294023, 20.2843345 ], [ -103.3297257, 20.2842778 ], [ -103.3299961, 20.2841541 ], [ -103.3304755, 20.2839179 ], [ -103.3307348, 20.2838679 ], [ -103.3309001, 20.2838744 ], [ -103.3311271, 20.2839844 ], [ -103.3313945, 20.2840641 ], [ -103.3316929, 20.2840477 ], [ -103.3320652, 20.284058 ], [ -103.3321362, 20.2840362 ], [ -103.3322863, 20.2840757 ], [ -103.3338399, 20.283756 ], [ -103.3350455, 20.2829723 ], [ -103.3354539, 20.2830601 ], [ -103.3356444, 20.2831414 ], [ -103.3371172, 20.2834985 ], [ -103.3371497, 20.283455 ], [ -103.3387498, 20.2839109 ], [ -103.3390732, 20.2840582 ], [ -103.3375772, 20.2843786 ], [ -103.3361987, 20.2844288 ], [ -103.3351085, 20.2859358 ], [ -103.3374222, 20.2871502 ], [ -103.3389161, 20.2880676 ], [ -103.3393172, 20.2890286 ], [ -103.3395383, 20.2890312 ], [ -103.3412323, 20.2890468 ], [ -103.3411644, 20.2899496 ], [ -103.3427288, 20.2897385 ], [ -103.3429807, 20.2884945 ], [ -103.3458403, 20.288783 ], [ -103.3461755, 20.2880471 ], [ -103.3465087, 20.2881949 ], [ -103.3475336, 20.2883908 ], [ -103.3486501, 20.2885003 ], [ -103.3494258, 20.2887243 ], [ -103.35016, 20.2889957 ], [ -103.3509246, 20.2891347 ], [ -103.35165, 20.2890907 ], [ -103.3520271, 20.2890203 ], [ -103.3524726, 20.2891299 ], [ -103.3530966, 20.2894098 ], [ -103.353578, 20.2894435 ], [ -103.3542498, 20.2896399 ], [ -103.3551271, 20.2897003 ], [ -103.355994, 20.289676 ], [ -103.3563262, 20.2895983 ], [ -103.3569231, 20.2895731 ], [ -103.3572438, 20.2894108 ], [ -103.3574833, 20.2893223 ], [ -103.3585564, 20.2894075 ], [ -103.3604677, 20.2897598 ], [ -103.3608005, 20.2898804 ], [ -103.3623752, 20.290455 ], [ -103.3634482, 20.2903564 ], [ -103.3650087, 20.2904794 ], [ -103.367033, 20.2908414 ], [ -103.3682297, 20.2908527 ], [ -103.3697492, 20.2909522 ], [ -103.3701435, 20.2909787 ], [ -103.3733765, 20.2913517 ], [ -103.3734466, 20.2913953 ], [ -103.37504, 20.2923788 ], [ -103.3758827, 20.2923561 ], [ -103.3758186, 20.2932045 ], [ -103.375963, 20.2932247 ], [ -103.3759637, 20.2932248 ], [ -103.3759862, 20.2926977 ], [ -103.3768048, 20.2926338 ], [ -103.3781095, 20.2925318 ], [ -103.3786169, 20.2926271 ], [ -103.3787922, 20.2925373 ], [ -103.3788849, 20.2924897 ], [ -103.3789443, 20.2924508 ], [ -103.3794525, 20.2921184 ], [ -103.3794527, 20.2921183 ], [ -103.3794527, 20.2921183 ], [ -103.3794529, 20.2921183 ], [ -103.379453, 20.2921184 ], [ -103.3796758, 20.2921629 ], [ -103.3801876, 20.2919932 ], [ -103.3810432, 20.2915688 ], [ -103.3814643, 20.2913969 ], [ -103.3814941, 20.2913847 ], [ -103.3815291, 20.2913907 ], [ -103.3816005, 20.2913412 ], [ -103.3819565, 20.2911957 ], [ -103.3820181, 20.2914001 ], [ -103.3822146, 20.2917767 ], [ -103.3840198, 20.2918492 ], [ -103.3849919, 20.2918882 ], [ -103.3858367, 20.2919221 ], [ -103.3861074, 20.291933 ], [ -103.386375, 20.2919437 ], [ -103.3863783, 20.2919439 ], [ -103.386337, 20.2918672 ], [ -103.3859588, 20.2911654 ], [ -103.3859501, 20.2911493 ], [ -103.3864776, 20.2906541 ], [ -103.3865784, 20.2903711 ], [ -103.3869063, 20.2902294 ], [ -103.3877265, 20.2933446 ], [ -103.3904963, 20.293063 ], [ -103.3913172, 20.29298 ], [ -103.3936118, 20.292748 ], [ -103.3946747, 20.2926129 ], [ -103.3942186, 20.2893929 ], [ -103.3943548, 20.2874653 ], [ -103.3956753, 20.2873737 ], [ -103.3972289, 20.2875232 ], [ -103.3996171, 20.2877527 ], [ -103.4035673, 20.2880147 ], [ -103.4052221, 20.2881852 ], [ -103.4059581, 20.2882622 ], [ -103.4078719, 20.2883877 ], [ -103.4089144, 20.2881349 ], [ -103.4092347, 20.2881305 ], [ -103.4094305, 20.2882443 ], [ -103.4104392, 20.2887063 ], [ -103.4104139, 20.2881145 ], [ -103.4117034, 20.2880969 ], [ -103.4107081, 20.2891808 ], [ -103.41271, 20.2899215 ], [ -103.4136747, 20.2902712 ], [ -103.4142011, 20.2914349 ], [ -103.4144423, 20.291979 ], [ -103.4144562, 20.2921642 ], [ -103.4147133, 20.2953691 ], [ -103.4169383, 20.2944539 ], [ -103.4167429, 20.2957575 ], [ -103.415068, 20.2973414 ], [ -103.4045286, 20.302102 ], [ -103.4034182, 20.3023061 ], [ -103.4027906, 20.3015689 ], [ -103.4000863, 20.3016955 ], [ -103.3973894, 20.3009214 ], [ -103.3934354, 20.298934 ], [ -103.3902525, 20.30017 ], [ -103.3892832, 20.3005473 ], [ -103.3852253, 20.3024657 ], [ -103.378406, 20.2994155 ], [ -103.3763275, 20.2991681 ], [ -103.374521, 20.2975591 ], [ -103.3681872, 20.2949512 ], [ -103.3619261, 20.2954709 ], [ -103.3603514, 20.2949053 ], [ -103.3584747, 20.2948882 ], [ -103.355247, 20.2959963 ], [ -103.3538389, 20.2959828 ], [ -103.352164, 20.2959673 ], [ -103.3489534, 20.2954315 ], [ -103.3461475, 20.2945197 ], [ -103.342938, 20.2938574 ], [ -103.3413224, 20.2944743 ], [ -103.3395837, 20.2940788 ], [ -103.3385097, 20.2943213 ], [ -103.337032, 20.2945605 ], [ -103.3356935, 20.294548 ], [ -103.3289778, 20.2957487 ], [ -103.3279045, 20.2970418 ], [ -103.327529, 20.2972214 ], [ -103.3271297, 20.2974159 ], [ -103.3227921, 20.3012773 ], [ -103.3202454, 20.3015535 ], [ -103.3196959, 20.3006424 ], [ -103.3192749, 20.3005889 ], [ -103.3186044, 20.3005823 ], [ -103.3172729, 20.2998106 ], [ -103.3162963, 20.2992122 ], [ -103.315808, 20.2989115 ], [ -103.314748, 20.2978898 ], [ -103.3141122, 20.2974839 ], [ -103.3133758, 20.2976212 ], [ -103.3083888, 20.29749 ], [ -103.3075765, 20.2974687 ], [ -103.3028138, 20.2976737 ], [ -103.3020834, 20.2972541 ], [ -103.3019366, 20.2970327 ] ] ] } },
{ "type": "Feature", "properties": { "AREA": 26324096.586279999, "PERIMETER": 49192.32521, "FC": "7130", "CLAVE_WRB": "VReupe+PHskn/3", "GRUPO1": "VR", "CALIFS_G1": "eu", "CALIFP_G1": "pe", "GRUPO2": "PH", "CALIFS_G2": "NO", "CALIFP_G2": "skn", "GRUPO3": "NO", "CALIFS_G3": "NO", "CALIFP_G3": "NO", "CLASE_TEXT": "3", "FRUDICA": "NO", "HECTARES": 2632.41 }, "geometry": { "type": "MultiPolygon", "coordinates": [ [ [ [ -103.4092347, 20.2881305 ], [ -103.4089144, 20.2881349 ], [ -103.4091455, 20.2880787 ], [ -103.4092347, 20.2881305 ] ] ], [ [ [ -103.4104129, 20.2880895 ], [ -103.4111245, 20.2879569 ], [ -103.4122007, 20.2875373 ], [ -103.4122709, 20.2874785 ], [ -103.4117034, 20.2880969 ], [ -103.4104139, 20.2881145 ], [ -103.4104129, 20.2880895 ] ] ], [ [ [ -103.4128438, 20.2864554 ], [ -103.413404, 20.285664 ], [ -103.4135376, 20.2854885 ], [ -103.4136857, 20.2852815 ], [ -103.4138415, 20.2850488 ], [ -103.4140018, 20.284746 ], [ -103.4143207, 20.2838706 ], [ -103.4145989, 20.2834098 ], [ -103.4150155, 20.2828884 ], [ -103.4152017, 20.2824547 ], [ -103.4158149, 20.2811547 ], [ -103.4162845, 20.2801509 ], [ -103.416842, 20.2802457 ], [ -103.4168727, 20.2800019 ], [ -103.417074, 20.2795272 ], [ -103.4173159, 20.2790678 ], [ -103.4175932, 20.2784959 ], [ -103.4178329, 20.2778296 ], [ -103.4179121, 20.2771039 ], [ -103.4181563, 20.2748424 ], [ -103.4182949, 20.2738071 ], [ -103.418347, 20.2733799 ], [ -103.4183724, 20.2726583 ], [ -103.418374, 20.2716432 ], [ -103.4183832, 20.2705992 ], [ -103.4185779, 20.2701075 ], [ -103.4187256, 20.2700986 ], [ -103.4190934, 20.2701593 ], [ -103.4188988, 20.2700207 ], [ -103.4178803, 20.2699034 ], [ -103.4179547, 20.2695009 ], [ -103.4192045, 20.2661279 ], [ -103.4195991, 20.2624281 ], [ -103.4192231, 20.2619108 ], [ -103.4194474, 20.2600534 ], [ -103.4195288, 20.259585 ], [ -103.4191794, 20.2590221 ], [ -103.4191831, 20.2586643 ], [ -103.4214503, 20.2570286 ], [ -103.4220109, 20.2513763 ], [ -103.4219938, 20.2462918 ], [ -103.4219691, 20.2459704 ], [ -103.4218367, 20.2442514 ], [ -103.4213652, 20.2410252 ], [ -103.4207609, 20.2364833 ], [ -103.4202839, 20.2354369 ], [ -103.4202341, 20.2353243 ], [ -103.4198901, 20.2345471 ], [ -103.4198804, 20.234525 ], [ -103.4198072, 20.2343598 ], [ -103.4195886, 20.2334689 ], [ -103.4193989, 20.2329461 ], [ -103.4193099, 20.2328114 ], [ -103.4207257, 20.2318358 ], [ -103.4207062, 20.2318082 ], [ -103.4198481, 20.2305995 ], [ -103.4180205, 20.228776 ], [ -103.4156484, 20.2265507 ], [ -103.4121988, 20.2241529 ], [ -103.4117997, 20.2238875 ], [ -103.4103562, 20.2229444 ], [ -103.4079225, 20.2221544 ], [ -103.4072479, 20.2244791 ], [ -103.4085371, 20.224993 ], [ -103.4077932, 20.2249511 ], [ -103.4070101, 20.2247325 ], [ -103.4063406, 20.2243737 ], [ -103.4057442, 20.224192 ], [ -103.4049978, 20.2240441 ], [ -103.4039548, 20.2236468 ], [ -103.4034338, 20.2233952 ], [ -103.4026126, 20.2232467 ], [ -103.4018651, 20.2232046 ], [ -103.4010059, 20.2231262 ], [ -103.3999215, 20.2231164 ], [ -103.3990362, 20.2230242 ], [ -103.3972152, 20.223103 ], [ -103.3937861, 20.2239503 ], [ -103.3931178, 20.224129 ], [ -103.3920148, 20.2246365 ], [ -103.3902866, 20.2249534 ], [ -103.3884431, 20.2266045 ], [ -103.3857125, 20.2265795 ], [ -103.3846548, 20.2264646 ], [ -103.3836522, 20.2264028 ], [ -103.3821514, 20.2260211 ], [ -103.3816486, 20.2260332 ], [ -103.3812444, 20.226043 ], [ -103.3812443, 20.226043 ], [ -103.3812434, 20.226043 ], [ -103.3809867, 20.2260549 ], [ -103.3809866, 20.2260549 ], [ -103.3809297, 20.2260575 ], [ -103.380925, 20.2260563 ], [ -103.3807946, 20.2260241 ], [ -103.3807945, 20.226024 ], [ -103.380794, 20.2260239 ], [ -103.3804781, 20.2256914 ], [ -103.3804768, 20.2256901 ], [ -103.3804567, 20.2256901 ], [ -103.3798933, 20.2240767 ], [ -103.3776257, 20.2240107 ], [ -103.3774895, 20.2233727 ], [ -103.3773509, 20.2227347 ], [ -103.3772084, 20.2217125 ], [ -103.3744629, 20.2211771 ], [ -103.3725475, 20.2208023 ], [ -103.3704864, 20.2202595 ], [ -103.3680885, 20.2208429 ], [ -103.3667077, 20.2229709 ], [ -103.3665019, 20.2244661 ], [ -103.3664482, 20.2248565 ], [ -103.3672712, 20.2264917 ], [ -103.367153, 20.2265133 ], [ -103.3670519, 20.2265318 ], [ -103.3670508, 20.226532 ], [ -103.3670212, 20.2265398 ], [ -103.3656248, 20.2263056 ], [ -103.3644094, 20.2261012 ], [ -103.3642707, 20.2259807 ], [ -103.364155, 20.2258922 ], [ -103.3640269, 20.2257908 ], [ -103.3640124, 20.2257998 ], [ -103.363968, 20.2258272 ], [ -103.3637279, 20.2258773 ], [ -103.3636698, 20.2258767 ], [ -103.3634157, 20.2259341 ], [ -103.3630508, 20.2258727 ], [ -103.362858, 20.2258098 ], [ -103.3617154, 20.2254435 ], [ -103.3619098, 20.2250838 ], [ -103.3619917, 20.2249198 ], [ -103.3623901, 20.2241279 ], [ -103.3628099, 20.2238442 ], [ -103.3633346, 20.223763 ], [ -103.363751, 20.2231421 ], [ -103.3641919, 20.2225651 ], [ -103.364948, 20.222292 ], [ -103.3657086, 20.2215025 ], [ -103.3660476, 20.2213045 ], [ -103.3665604, 20.2209077 ], [ -103.3665207, 20.2203045 ], [ -103.3667343, 20.2195743 ], [ -103.3668217, 20.2195188 ], [ -103.3668399, 20.2195073 ], [ -103.3671017, 20.2193409 ], [ -103.3670777, 20.2191833 ], [ -103.3670163, 20.21878 ], [ -103.3670482, 20.2183167 ], [ -103.3673486, 20.2179105 ], [ -103.3679429, 20.2177868 ], [ -103.3682665, 20.2174886 ], [ -103.3684535, 20.2171673 ], [ -103.3688218, 20.2168262 ], [ -103.3693274, 20.2166771 ], [ -103.3700191, 20.2166839 ], [ -103.3702284, 20.2160071 ], [ -103.3702357, 20.2153008 ], [ -103.3704691, 20.214923 ], [ -103.3706299, 20.2147247 ], [ -103.3708183, 20.214492 ], [ -103.3709159, 20.21429 ], [ -103.3764276, 20.2148624 ], [ -103.3809783, 20.2141816 ], [ -103.3862451, 20.2119152 ], [ -103.3876831, 20.2130439 ], [ -103.3876846, 20.21553 ], [ -103.3886425, 20.2162075 ], [ -103.4015761, 20.2155161 ], [ -103.4054084, 20.2166416 ], [ -103.4200268, 20.224989 ], [ -103.4286574, 20.2326654 ], [ -103.4303385, 20.2365083 ], [ -103.4327378, 20.238991 ], [ -103.4348921, 20.2398932 ], [ -103.4384875, 20.2396629 ], [ -103.4399238, 20.2407917 ], [ -103.4399251, 20.240909 ], [ -103.4399263, 20.2423723 ], [ -103.4389704, 20.2437302 ], [ -103.4363357, 20.2448655 ], [ -103.4363381, 20.2457689 ], [ -103.4389755, 20.2489316 ], [ -103.4397012, 20.2545818 ], [ -103.4478543, 20.2611284 ], [ -103.4552845, 20.2640572 ], [ -103.4576851, 20.2683486 ], [ -103.4605723, 20.2687452 ], [ -103.4604087, 20.2690204 ], [ -103.4604975, 20.2692912 ], [ -103.4611175, 20.2696045 ], [ -103.4614805, 20.2697283 ], [ -103.4616522, 20.2699805 ], [ -103.4620266, 20.2700246 ], [ -103.4626076, 20.2699788 ], [ -103.4630125, 20.2698344 ], [ -103.4633265, 20.269816 ], [ -103.4635722, 20.2700505 ], [ -103.4637509, 20.2701367 ], [ -103.4641978, 20.2701409 ], [ -103.4645339, 20.2701223 ], [ -103.4648917, 20.2701466 ], [ -103.4652509, 20.2702134 ], [ -103.4652959, 20.2702314 ], [ -103.4634419, 20.2728637 ], [ -103.457456, 20.2764882 ], [ -103.4560197, 20.2785242 ], [ -103.4555472, 20.283048 ], [ -103.4538705, 20.2844067 ], [ -103.4550722, 20.2871184 ], [ -103.4601087, 20.2907281 ], [ -103.4598713, 20.2929889 ], [ -103.458197, 20.2950273 ], [ -103.4572409, 20.2957053 ], [ -103.4469356, 20.2954933 ], [ -103.4366327, 20.2964117 ], [ -103.4313463, 20.2943412 ], [ -103.4317823, 20.2937692 ], [ -103.433346, 20.2925998 ], [ -103.433364, 20.2906755 ], [ -103.4386943, 20.2910119 ], [ -103.4393963, 20.2858779 ], [ -103.4380898, 20.2854692 ], [ -103.4376082, 20.2808667 ], [ -103.4365717, 20.2812189 ], [ -103.4362822, 20.2813339 ], [ -103.4345975, 20.2803791 ], [ -103.4322351, 20.2782717 ], [ -103.4290045, 20.278559 ], [ -103.4285009, 20.281147 ], [ -103.423722, 20.280427 ], [ -103.4188776, 20.2794259 ], [ -103.4185724, 20.2803265 ], [ -103.4164754, 20.280362 ], [ -103.4151367, 20.2830598 ], [ -103.4134874, 20.2861527 ], [ -103.4130191, 20.286663 ], [ -103.4128438, 20.2864554 ] ] ] ] } },
{ "type": "Feature", "properties": { "AREA": 3426514.8454499999, "PERIMETER": 9737.8541, "FC": "6525", "CLAVE_WRB": "ZU", "GRUPO1": "NA", "CALIFS_G1": "NA", "CALIFP_G1": "NA", "GRUPO2": "NA", "CALIFS_G2": "NA", "CALIFP_G2": "NA", "GRUPO3": "NA", "CALIFS_G3": "NA", "CALIFP_G3": "NA", "CLASE_TEXT": "NA", "FRUDICA": "NA", "HECTARES": 342.651 }, "geometry": { "type": "Polygon", "coordinates": [ [ [ -103.413112, 20.286773 ], [ -103.4130191, 20.286663 ], [ -103.4134874, 20.2861527 ], [ -103.4151367, 20.2830598 ], [ -103.4164754, 20.280362 ], [ -103.4185724, 20.2803265 ], [ -103.4188776, 20.2794259 ], [ -103.423722, 20.280427 ], [ -103.4285009, 20.281147 ], [ -103.4290045, 20.278559 ], [ -103.4322351, 20.2782717 ], [ -103.4345975, 20.2803791 ], [ -103.4362822, 20.2813339 ], [ -103.4365717, 20.2812189 ], [ -103.4376082, 20.2808667 ], [ -103.4380898, 20.2854692 ], [ -103.4393963, 20.2858779 ], [ -103.4386943, 20.2910119 ], [ -103.433364, 20.2906755 ], [ -103.433346, 20.2925998 ], [ -103.4317823, 20.2937692 ], [ -103.4313463, 20.2943412 ], [ -103.4309292, 20.2948909 ], [ -103.4283505, 20.294161 ], [ -103.4272347, 20.2938462 ], [ -103.4275052, 20.290569 ], [ -103.4260755, 20.2901047 ], [ -103.4255151, 20.2898244 ], [ -103.4233315, 20.2887251 ], [ -103.4220409, 20.292327 ], [ -103.417676, 20.2921794 ], [ -103.4175336, 20.2941723 ], [ -103.4175316, 20.2942108 ], [ -103.4169383, 20.2944539 ], [ -103.4147133, 20.2953691 ], [ -103.4144562, 20.2921642 ], [ -103.4144423, 20.291979 ], [ -103.4142011, 20.2914349 ], [ -103.4136747, 20.2902712 ], [ -103.41271, 20.2899215 ], [ -103.4107081, 20.2891808 ], [ -103.4117034, 20.2880969 ], [ -103.4122709, 20.2874785 ], [ -103.413112, 20.286773 ] ] ] } },
{ "type": "Feature", "properties": { "AREA": 330742.27360999997, "PERIMETER": 2532.58867, "FC": "6525", "CLAVE_WRB": "ZU", "GRUPO1": "NA", "CALIFS_G1": "NA", "CALIFP_G1": "NA", "GRUPO2": "NA", "CALIFS_G2": "NA", "CALIFP_G2": "NA", "GRUPO3": "NA", "CALIFS_G3": "NA", "CALIFP_G3": "NA", "CLASE_TEXT": "NA", "FRUDICA": "NA", "HECTARES": 33.074 }, "geometry": { "type": "Polygon", "coordinates": [ [ [ -103.3898245, 20.2899308 ], [ -103.3902352, 20.2896949 ], [ -103.3904037, 20.2896591 ], [ -103.3908485, 20.2897569 ], [ -103.390967, 20.2896743 ], [ -103.3909808, 20.2896647 ], [ -103.3912733, 20.2891317 ], [ -103.3915007, 20.2887368 ], [ -103.3920388, 20.2883362 ], [ -103.3923666, 20.2881857 ], [ -103.3926968, 20.2879697 ], [ -103.3929272, 20.287869 ], [ -103.3929298, 20.2878678 ], [ -103.392908, 20.2877139 ], [ -103.3930168, 20.2876141 ], [ -103.3930684, 20.287554 ], [ -103.3943548, 20.2874653 ], [ -103.3942186, 20.2893929 ], [ -103.3946747, 20.2926129 ], [ -103.3936118, 20.292748 ], [ -103.3913172, 20.29298 ], [ -103.3904963, 20.293063 ], [ -103.3877265, 20.2933446 ], [ -103.3869063, 20.2902294 ], [ -103.3883246, 20.2900639 ], [ -103.3887086, 20.2900201 ], [ -103.3893475, 20.289884 ], [ -103.3898245, 20.2899308 ] ] ] } },
{ "type": "Feature", "properties": { "AREA": 371068.10505999997, "PERIMETER": 2957.97664, "FC": "6525", "CLAVE_WRB": "ZU", "GRUPO1": "NA", "CALIFS_G1": "NA", "CALIFP_G1": "NA", "GRUPO2": "NA", "CALIFS_G2": "NA", "CALIFP_G2": "NA", "GRUPO3": "NA", "CALIFS_G3": "NA", "CALIFP_G3": "NA", "CLASE_TEXT": "NA", "FRUDICA": "NA", "HECTARES": 37.107 }, "geometry": { "type": "Polygon", "coordinates": [ [ [ -103.3428535, 20.2857379 ], [ -103.3431773, 20.286074 ], [ -103.343437, 20.2861494 ], [ -103.34505, 20.2873573 ], [ -103.3454177, 20.2875022 ], [ -103.3455169, 20.2876562 ], [ -103.3457582, 20.287862 ], [ -103.3461755, 20.2880471 ], [ -103.3458403, 20.288783 ], [ -103.3429807, 20.2884945 ], [ -103.3427288, 20.2897385 ], [ -103.3411644, 20.2899496 ], [ -103.3412323, 20.2890468 ], [ -103.3395383, 20.2890312 ], [ -103.3393172, 20.2890286 ], [ -103.3389161, 20.2880676 ], [ -103.3374222, 20.2871502 ], [ -103.3351085, 20.2859358 ], [ -103.3361987, 20.2844288 ], [ -103.3375772, 20.2843786 ], [ -103.3390732, 20.2840582 ], [ -103.3410066, 20.2849529 ], [ -103.3428353, 20.285724 ], [ -103.3428535, 20.2857379 ] ] ] } },
{ "type": "Feature", "properties": { "AREA": 231889471.24302, "PERIMETER": 199982.72367000001, "FC": "7122", "CLAVE_WRB": "PHvrlep+VReulep/3r", "GRUPO1": "PH", "CALIFS_G1": "vr", "CALIFP_G1": "lep", "GRUPO2": "VR", "CALIFS_G2": "eu", "CALIFP_G2": "lep", "GRUPO3": "NO", "CALIFS_G3": "NO", "CALIFP_G3": "NO", "CLASE_TEXT": "3", "FRUDICA": "r", "HECTARES": 23188.947 }, "geometry": { "type": "Polygon", "coordinates": [ [ [ -103.3710535, 20.2140053 ], [ -103.3713756, 20.2138765 ], [ -103.3717184, 20.2137403 ], [ -103.3717241, 20.2131701 ], [ -103.3721057, 20.2124407 ], [ -103.372313, 20.2120353 ], [ -103.3723983, 20.2119275 ], [ -103.372916, 20.2120135 ], [ -103.37309, 20.2119336 ], [ -103.3730978, 20.2112824 ], [ -103.3735025, 20.2109331 ], [ -103.3735092, 20.2103629 ], [ -103.3735985, 20.2101739 ], [ -103.3738875, 20.2100676 ], [ -103.3738392, 20.2097495 ], [ -103.3745349, 20.2092128 ], [ -103.3749132, 20.2089175 ], [ -103.3749799, 20.2079138 ], [ -103.3749895, 20.2071537 ], [ -103.3750791, 20.2068015 ], [ -103.3751431, 20.206015 ], [ -103.3750359, 20.2053891 ], [ -103.3747902, 20.2048315 ], [ -103.37481, 20.2029349 ], [ -103.373475, 20.1993604 ], [ -103.3734992, 20.1993441 ], [ -103.3736684, 20.1990267 ], [ -103.373661, 20.1986124 ], [ -103.3731281, 20.1979422 ], [ -103.3731742, 20.1972185 ], [ -103.3728574, 20.1970279 ], [ -103.372549, 20.1968465 ], [ -103.3725223, 20.1968096 ], [ -103.3723047, 20.196227 ], [ -103.3713132, 20.1938718 ], [ -103.3697103, 20.1925489 ], [ -103.3675709, 20.1918135 ], [ -103.3658419, 20.1882227 ], [ -103.3664154, 20.1815543 ], [ -103.366435, 20.1797005 ], [ -103.3664548, 20.1778602 ], [ -103.3686357, 20.174425 ], [ -103.3727354, 20.169657 ], [ -103.3729325, 20.169019 ], [ -103.3748173, 20.1697377 ], [ -103.3749233, 20.1723686 ], [ -103.375393, 20.1727919 ], [ -103.3770488, 20.1725327 ], [ -103.3778169, 20.174714 ], [ -103.3779337, 20.1747425 ], [ -103.3787122, 20.1741451 ], [ -103.3793969, 20.1755031 ], [ -103.3796551, 20.1754963 ], [ -103.3796899, 20.1757978 ], [ -103.3790358, 20.1769038 ], [ -103.3795213, 20.177559 ], [ -103.3801249, 20.178369 ], [ -103.3809971, 20.1793347 ], [ -103.3814834, 20.1794566 ], [ -103.3825946, 20.1801261 ], [ -103.3839573, 20.1807801 ], [ -103.3846582, 20.1814283 ], [ -103.3852564, 20.181758 ], [ -103.3859967, 20.1831276 ], [ -103.3861026, 20.1831015 ], [ -103.3905543, 20.1846211 ], [ -103.3918322, 20.1835458 ], [ -103.3920994, 20.1836225 ], [ -103.3921804, 20.1835362 ], [ -103.392015, 20.1830611 ], [ -103.3930505, 20.1806492 ], [ -103.3945066, 20.1811329 ], [ -103.3967499, 20.1816363 ], [ -103.3981855, 20.1813468 ], [ -103.3993878, 20.1816479 ], [ -103.3988914, 20.1832551 ], [ -103.4004382, 20.1835434 ], [ -103.4019737, 20.1838104 ], [ -103.4020146, 20.1838381 ], [ -103.4036046, 20.1835001 ], [ -103.4042723, 20.1834941 ], [ -103.4045646, 20.1835939 ], [ -103.4054931, 20.1835757 ], [ -103.4063285, 20.1835905 ], [ -103.4077158, 20.1833647 ], [ -103.4083453, 20.1829036 ], [ -103.4096399, 20.1830544 ], [ -103.40994, 20.1824335 ], [ -103.4110277, 20.1824709 ], [ -103.4117185, 20.1821381 ], [ -103.4122324, 20.1816912 ], [ -103.410699, 20.1818052 ], [ -103.4104774, 20.180998 ], [ -103.4111708, 20.1807246 ], [ -103.4122844, 20.1805018 ], [ -103.41278, 20.1810605 ], [ -103.4125421, 20.1821893 ], [ -103.4126303, 20.1823411 ], [ -103.4121247, 20.1832164 ], [ -103.4127653, 20.1838301 ], [ -103.4138407, 20.1849714 ], [ -103.4154638, 20.1858271 ], [ -103.4156112, 20.1860334 ], [ -103.4156293, 20.1861007 ], [ -103.4154993, 20.1862993 ], [ -103.4156565, 20.1863993 ], [ -103.415604, 20.1867341 ], [ -103.4154646, 20.1867177 ], [ -103.4149822, 20.187155 ], [ -103.4153858, 20.1884471 ], [ -103.4155878, 20.1888589 ], [ -103.4172344, 20.1892178 ], [ -103.4172146, 20.1893252 ], [ -103.417198, 20.1893835 ], [ -103.417542, 20.1895781 ], [ -103.4166954, 20.1892786 ], [ -103.4161375, 20.1905652 ], [ -103.4167378, 20.1907964 ], [ -103.4168699, 20.1910326 ], [ -103.4187587, 20.1914201 ], [ -103.4197163, 20.1913833 ], [ -103.4197762, 20.1913197 ], [ -103.42041, 20.1919479 ], [ -103.4207824, 20.1925754 ], [ -103.4210811, 20.1926214 ], [ -103.4220599, 20.1934152 ], [ -103.4220889, 20.1934997 ], [ -103.4222775, 20.1935686 ], [ -103.4229462, 20.1941577 ], [ -103.4233318, 20.1944149 ], [ -103.4234725, 20.1948585 ], [ -103.423675, 20.1951241 ], [ -103.4241527, 20.1963251 ], [ -103.424165, 20.1964352 ], [ -103.4244864, 20.1966442 ], [ -103.4249363, 20.1968722 ], [ -103.4259151, 20.1974291 ], [ -103.4259798, 20.1978435 ], [ -103.4259105, 20.1985726 ], [ -103.4244591, 20.2001012 ], [ -103.4242132, 20.2002548 ], [ -103.4242178, 20.2004886 ], [ -103.4241874, 20.2005756 ], [ -103.4236204, 20.2014202 ], [ -103.4233658, 20.2016991 ], [ -103.4232715, 20.2018799 ], [ -103.4230226, 20.2023157 ], [ -103.4229242, 20.2025486 ], [ -103.4226878, 20.2027052 ], [ -103.422178, 20.2029637 ], [ -103.4215565, 20.2030619 ], [ -103.4207551, 20.2028951 ], [ -103.4201984, 20.2036503 ], [ -103.4200777, 20.2037432 ], [ -103.4198447, 20.2040503 ], [ -103.4196477, 20.2043159 ], [ -103.4177841, 20.2069263 ], [ -103.4187387, 20.207555 ], [ -103.4193775, 20.2065689 ], [ -103.4206579, 20.2073083 ], [ -103.4207358, 20.2072749 ], [ -103.4228744, 20.207179 ], [ -103.4238606, 20.2075044 ], [ -103.4252406, 20.2077925 ], [ -103.4257361, 20.2078735 ], [ -103.4258674, 20.2077225 ], [ -103.4262366, 20.2074081 ], [ -103.4266194, 20.2072722 ], [ -103.4306004, 20.2073504 ], [ -103.4307702, 20.2070545 ], [ -103.4323325, 20.2076666 ], [ -103.4360163, 20.2075788 ], [ -103.4361861, 20.2082423 ], [ -103.4365583, 20.2081339 ], [ -103.4371095, 20.2077073 ], [ -103.4372782, 20.2075293 ], [ -103.4381221, 20.2067913 ], [ -103.4391683, 20.2074782 ], [ -103.4406726, 20.2063849 ], [ -103.4417027, 20.2071638 ], [ -103.4414675, 20.2074865 ], [ -103.4432334, 20.2074513 ], [ -103.4437427, 20.2108072 ], [ -103.4447982, 20.2143831 ], [ -103.4460539, 20.2152277 ], [ -103.4478453, 20.21656 ], [ -103.4490499, 20.2171935 ], [ -103.4496542, 20.2175606 ], [ -103.4511288, 20.2184573 ], [ -103.452878, 20.2196143 ], [ -103.4541924, 20.2203527 ], [ -103.455844, 20.2220474 ], [ -103.4571961, 20.223477 ], [ -103.4587779, 20.2242327 ], [ -103.4590721, 20.225054 ], [ -103.4592731, 20.225612 ], [ -103.4595607, 20.226002 ], [ -103.459957, 20.2276312 ], [ -103.4600524, 20.2276298 ], [ -103.4600142, 20.2278662 ], [ -103.4621043, 20.2280829 ], [ -103.4620085, 20.2284058 ], [ -103.4618269, 20.2293909 ], [ -103.4625119, 20.2302359 ], [ -103.4629399, 20.2299597 ], [ -103.4629065, 20.2305791 ], [ -103.4628472, 20.2306206 ], [ -103.4627557, 20.2311944 ], [ -103.4639344, 20.2325622 ], [ -103.4641031, 20.2327468 ], [ -103.4636694, 20.2345625 ], [ -103.46585, 20.235165 ], [ -103.4661399, 20.2367797 ], [ -103.4669711, 20.2381251 ], [ -103.4673182, 20.2386874 ], [ -103.4674299, 20.2387934 ], [ -103.4675172, 20.2388787 ], [ -103.4675658, 20.2389247 ], [ -103.4676479, 20.2392626 ], [ -103.4675104, 20.2394407 ], [ -103.4571723, 20.2384629 ], [ -103.4505667, 20.2406252 ], [ -103.446332, 20.2405882 ], [ -103.4399251, 20.240909 ], [ -103.4399238, 20.2407917 ], [ -103.4384875, 20.2396629 ], [ -103.4348921, 20.2398932 ], [ -103.4327378, 20.238991 ], [ -103.4303385, 20.2365083 ], [ -103.4286574, 20.2326654 ], [ -103.4200268, 20.224989 ], [ -103.4054084, 20.2166416 ], [ -103.4015761, 20.2155161 ], [ -103.3886425, 20.2162075 ], [ -103.3876846, 20.21553 ], [ -103.3876831, 20.2130439 ], [ -103.3862451, 20.2119152 ], [ -103.3809783, 20.2141816 ], [ -103.3764276, 20.2148624 ], [ -103.3709159, 20.21429 ], [ -103.3710535, 20.2140053 ] ] ] } },
{ "type": "Feature", "properties": { "AREA": 609046.6878, "PERIMETER": 4027.73928, "FC": "6525", "CLAVE_WRB": "ZU", "GRUPO1": "NA", "CALIFS_G1": "NA", "CALIFP_G1": "NA", "GRUPO2": "NA", "CALIFS_G2": "NA", "CALIFP_G2": "NA", "GRUPO3": "NA", "CALIFS_G3": "NA", "CALIFP_G3": "NA", "CLASE_TEXT": "NA", "FRUDICA": "NA", "HECTARES": 60.905 }, "geometry": { "type": "Polygon", "coordinates": [ [ [ -103.4192354, 20.2326986 ], [ -103.4191748, 20.2326069 ], [ -103.4190879, 20.2326022 ], [ -103.4185952, 20.2325758 ], [ -103.4184838, 20.2325624 ], [ -103.4178658, 20.2324882 ], [ -103.4174082, 20.2324841 ], [ -103.4169638, 20.2324801 ], [ -103.4167656, 20.232419 ], [ -103.416455, 20.2320052 ], [ -103.4142531, 20.2307191 ], [ -103.4138345, 20.2302955 ], [ -103.413227, 20.2298036 ], [ -103.4131297, 20.2297249 ], [ -103.4129025, 20.2295894 ], [ -103.4127482, 20.2294974 ], [ -103.4123491, 20.2292594 ], [ -103.4118882, 20.2288409 ], [ -103.411774, 20.2287373 ], [ -103.4116821, 20.2286539 ], [ -103.4114748, 20.2283819 ], [ -103.4112762, 20.2281212 ], [ -103.4112458, 20.2280582 ], [ -103.4110373, 20.2276262 ], [ -103.4110198, 20.2275899 ], [ -103.4109955, 20.2272782 ], [ -103.4109935, 20.2272527 ], [ -103.4109904, 20.2272132 ], [ -103.4109867, 20.2271665 ], [ -103.410982, 20.227144 ], [ -103.4109803, 20.227136 ], [ -103.4108422, 20.2264795 ], [ -103.4108389, 20.2264637 ], [ -103.4108316, 20.2264291 ], [ -103.4108269, 20.2264065 ], [ -103.4108083, 20.2263185 ], [ -103.4107592, 20.2262279 ], [ -103.4106634, 20.2260513 ], [ -103.4105009, 20.2257518 ], [ -103.4104046, 20.2255743 ], [ -103.4097351, 20.2252156 ], [ -103.4090638, 20.2250332 ], [ -103.4085407, 20.2249932 ], [ -103.4085371, 20.224993 ], [ -103.4072479, 20.2244791 ], [ -103.4079225, 20.2221544 ], [ -103.4103562, 20.2229444 ], [ -103.4117997, 20.2238875 ], [ -103.4121988, 20.2241529 ], [ -103.4156484, 20.2265507 ], [ -103.4180205, 20.228776 ], [ -103.4198481, 20.2305995 ], [ -103.4207062, 20.2318082 ], [ -103.4207257, 20.2318358 ], [ -103.4193099, 20.2328114 ], [ -103.4192354, 20.2326986 ] ] ] } },
{ "type": "Feature", "properties": { "AREA": 773364.82716999995, "PERIMETER": 3853.51842, "FC": "6525", "CLAVE_WRB": "ZU", "GRUPO1": "NA", "CALIFS_G1": "NA", "CALIFP_G1": "NA", "GRUPO2": "NA", "CALIFS_G2": "NA", "CALIFP_G2": "NA", "GRUPO3": "NA", "CALIFS_G3": "NA", "CALIFP_G3": "NA", "CLASE_TEXT": "NA", "FRUDICA": "NA", "HECTARES": 77.336 }, "geometry": { "type": "Polygon", "coordinates": [ [ [ -103.3800092, 20.2256886 ], [ -103.3798447, 20.2256385 ], [ -103.3798436, 20.2256382 ], [ -103.3796574, 20.2255815 ], [ -103.3791715, 20.2255894 ], [ -103.3780716, 20.2257235 ], [ -103.3780715, 20.2257235 ], [ -103.3780707, 20.2257236 ], [ -103.378073, 20.2257485 ], [ -103.3780733, 20.2257517 ], [ -103.3780915, 20.2259498 ], [ -103.3778608, 20.2261173 ], [ -103.3764464, 20.2263535 ], [ -103.3752453, 20.2265543 ], [ -103.3751927, 20.2265701 ], [ -103.3744599, 20.2267751 ], [ -103.3733249, 20.2270971 ], [ -103.3717181, 20.2270823 ], [ -103.3708078, 20.2270736 ], [ -103.3680664, 20.2267142 ], [ -103.3678178, 20.2266739 ], [ -103.3677575, 20.2266421 ], [ -103.3676488, 20.2265847 ], [ -103.3674822, 20.2265236 ], [ -103.3673541, 20.2264766 ], [ -103.3672712, 20.2264917 ], [ -103.3664482, 20.2248565 ], [ -103.3665019, 20.2244661 ], [ -103.3667077, 20.2229709 ], [ -103.3680885, 20.2208429 ], [ -103.3704864, 20.2202595 ], [ -103.3725475, 20.2208023 ], [ -103.3744629, 20.2211771 ], [ -103.3772084, 20.2217125 ], [ -103.3773509, 20.2227347 ], [ -103.3774895, 20.2233727 ], [ -103.3776257, 20.2240107 ], [ -103.3798933, 20.2240767 ], [ -103.3804567, 20.2256901 ], [ -103.3800092, 20.2256886 ] ] ] } },
{ "type": "Feature", "properties": { "AREA": 23526978.18273, "PERIMETER": 21398.67169, "FC": "7122", "CLAVE_WRB": "PHsklen+LVvrlen+VReulen/3r", "GRUPO1": "PH", "CALIFS_G1": "sk", "CALIFP_G1": "len", "GRUPO2": "LV", "CALIFS_G2": "vr", "CALIFP_G2": "len", "GRUPO3": "VR", "CALIFS_G3": "eu", "CALIFP_G3": "len", "CLASE_TEXT": "3", "FRUDICA": "r", "HECTARES": 2352.698 }, "geometry": { "type": "MultiPolygon", "coordinates": [ [ [ [ -103.3746997, 20.2046259 ], [ -103.3741041, 20.2036702 ], [ -103.3737398, 20.202608 ], [ -103.3737465, 20.2020379 ], [ -103.374037, 20.2017961 ], [ -103.3742701, 20.2015809 ], [ -103.3742756, 20.2015381 ], [ -103.3742579, 20.2015352 ], [ -103.3733106, 20.1994711 ], [ -103.373475, 20.1993604 ], [ -103.37481, 20.2029349 ], [ -103.3747902, 20.2048315 ], [ -103.3746997, 20.2046259 ] ] ], [ [ [ -103.3722322, 20.1964095 ], [ -103.3706995, 20.1940402 ], [ -103.3705885, 20.1933578 ], [ -103.369511, 20.1930803 ], [ -103.3680291, 20.1936265 ], [ -103.3681605, 20.1924468 ], [ -103.3680064, 20.1924158 ], [ -103.3677304, 20.1924744 ], [ -103.3671218, 20.192604 ], [ -103.366394, 20.192526 ], [ -103.3658475, 20.1921422 ], [ -103.365273, 20.191647 ], [ -103.3648867, 20.1909568 ], [ -103.3641838, 20.1904989 ], [ -103.3637784, 20.1901081 ], [ -103.3637299, 20.190061 ], [ -103.3636885, 20.1900353 ], [ -103.3621035, 20.1900128 ], [ -103.362163, 20.1896851 ], [ -103.3618779, 20.1893036 ], [ -103.3616295, 20.188904 ], [ -103.3617278, 20.1882506 ], [ -103.3591721, 20.1859998 ], [ -103.3585874, 20.1857967 ], [ -103.3577318, 20.1857131 ], [ -103.3565039, 20.1853727 ], [ -103.3557563, 20.185041 ], [ -103.3550057, 20.1848817 ], [ -103.3547912, 20.1847527 ], [ -103.35434, 20.1842909 ], [ -103.3536694, 20.1839801 ], [ -103.353213, 20.1839507 ], [ -103.3522757, 20.1833832 ], [ -103.3516638, 20.1826917 ], [ -103.3512383, 20.1822053 ], [ -103.3511602, 20.1820778 ], [ -103.3507563, 20.1820231 ], [ -103.3504083, 20.1817916 ], [ -103.349834, 20.1814992 ], [ -103.3489252, 20.1810845 ], [ -103.3479861, 20.1806185 ], [ -103.346565, 20.1801482 ], [ -103.345758, 20.1801151 ], [ -103.3456178, 20.1800263 ], [ -103.3448576, 20.1793864 ], [ -103.3443313, 20.1790895 ], [ -103.3441748, 20.1790008 ], [ -103.3435239, 20.1790128 ], [ -103.343422, 20.1789094 ], [ -103.3425926, 20.1780695 ], [ -103.3432709, 20.1777116 ], [ -103.3435666, 20.1770324 ], [ -103.3434268, 20.1764856 ], [ -103.3433373, 20.1758936 ], [ -103.3429574, 20.1753445 ], [ -103.3422873, 20.1748835 ], [ -103.3419724, 20.1745983 ], [ -103.3420505, 20.1739527 ], [ -103.3424233, 20.1735799 ], [ -103.3430462, 20.1726847 ], [ -103.3435977, 20.1724214 ], [ -103.3446694, 20.1715499 ], [ -103.3456321, 20.1708303 ], [ -103.3465243, 20.1702595 ], [ -103.3467654, 20.1700744 ], [ -103.3472275, 20.1697155 ], [ -103.3479006, 20.1691321 ], [ -103.3480101, 20.1690359 ], [ -103.3480667, 20.1689874 ], [ -103.3496268, 20.1682261 ], [ -103.3499745, 20.1681367 ], [ -103.3506517, 20.1681675 ], [ -103.3515122, 20.1682743 ], [ -103.3525835, 20.1683333 ], [ -103.3534206, 20.1682182 ], [ -103.3538365, 20.1683205 ], [ -103.3542542, 20.1683241 ], [ -103.3546458, 20.1683036 ], [ -103.3551175, 20.1682337 ], [ -103.3557442, 20.1681907 ], [ -103.3562659, 20.1683186 ], [ -103.3567, 20.1682275 ], [ -103.3574053, 20.1681849 ], [ -103.3582937, 20.1681934 ], [ -103.3588691, 20.1679276 ], [ -103.3593391, 20.1678826 ], [ -103.3602828, 20.1676696 ], [ -103.3611228, 20.1673571 ], [ -103.362061, 20.1673663 ], [ -103.3630795, 20.1674246 ], [ -103.3646965, 20.1675138 ], [ -103.3658154, 20.1680172 ], [ -103.3665101, 20.1686432 ], [ -103.3669449, 20.167956 ], [ -103.3684451, 20.1689175 ], [ -103.3704337, 20.1699479 ], [ -103.3716064, 20.1685134 ], [ -103.3729325, 20.169019 ], [ -103.3727354, 20.169657 ], [ -103.3686357, 20.174425 ], [ -103.3664548, 20.1778602 ], [ -103.366435, 20.1797005 ], [ -103.3664154, 20.1815543 ], [ -103.3658419, 20.1882227 ], [ -103.3675709, 20.1918135 ], [ -103.3697103, 20.1925489 ], [ -103.3713132, 20.1938718 ], [ -103.3723047, 20.196227 ], [ -103.3725223, 20.1968096 ], [ -103.3722322, 20.1964095 ] ] ] ] } },
{ "type": "Feature", "properties": { "AREA": 55180.70136, "PERIMETER": 1024.11226, "FC": "6292", "CLAVE_WRB": "H2O", "GRUPO1": "NA", "CALIFS_G1": "NA", "CALIFP_G1": "NA", "GRUPO2": "NA", "CALIFS_G2": "NA", "CALIFP_G2": "NA", "GRUPO3": "NA", "CALIFS_G3": "NA", "CALIFP_G3": "NA", "CLASE_TEXT": "NA", "FRUDICA": "NO", "HECTARES": 5.518 }, "geometry": { "type": "Polygon", "coordinates": [ [ [ -103.4175969, 20.1896091 ], [ -103.4187229, 20.1902568 ], [ -103.4188492, 20.1904028 ], [ -103.4188126, 20.1906399 ], [ -103.4192348, 20.1910035 ], [ -103.4196398, 20.1911845 ], [ -103.4197762, 20.1913197 ], [ -103.4197163, 20.1913833 ], [ -103.4187587, 20.1914201 ], [ -103.4168699, 20.1910326 ], [ -103.4167378, 20.1907964 ], [ -103.4161375, 20.1905652 ], [ -103.4166954, 20.1892786 ], [ -103.417542, 20.1895781 ], [ -103.4175969, 20.1896091 ] ] ] } }
]
}
