{
"type": "FeatureCollection",
"name": "LOC_RUR_JOCO",
"crs": { "type": "name", "properties": { "name": "urn:ogc:def:crs:OGC:1.3:CRS84" } },
"features": [
{ "type": "Feature", "properties": { "CVEGEO": "140500003", "NOM_ENT": "Jalisco", "NOM_MUN": "Jocotepec", "NOMGEO": "Huejotitán", "CVE_AGEB": "0019", "POB1": 1134.0, "POB2": 62.0, "POB2_R": 5.5, "POB4": 56.0, "POB4_R": 4.9, "POB5": 118.0, "POB5_R": 10.4, "POB6": 136.0, "POB6_R": 12.0, "POB7": 57.0, "POB7_R": 5.0, "POB8": 293.0, "POB8_R": 25.8, "POB9": 59.0, "POB9_R": 5.2, "POB10": 165.0, "POB10_R": 14.6, "POB11": 255.0, "POB11_R": 22.5, "POB12": 677.0, "POB12_R": 59.7, "POB13": 106.0, "POB13_R": 9.3, "POB14": 246.0, "POB14_R": 21.7, "POB15": 120.0, "POB15_R": 10.6, "POB17": 1072.0, "POB17_R": 94.5, "POB18": 1040.0, "POB18_R": 91.7, "POB19": 898.0, "POB19_R": 79.2, "POB20": 841.0, "POB20_R": 74.2, "POB21": 782.0, "POB21_R": 69.0, "POB22": 676.0, "POB22_R": 59.6, "POB23": 220.0, "POB23_R": 19.4, "POB24": 164.0, "POB24_R": 14.5, "POB25": 104.0, "POB25_R": 9.2, "POB42": 572.0, "POB42_R": 50.4, "POB43": 29.0, "POB43_R": 2.6, "POB45": 22.0, "POB45_R": 1.9, "POB46": 65.0, "POB46_R": 5.7, "POB47": 71.0, "POB47_R": 6.3, "POB48": 26.0, "POB48_R": 2.3, "POB49": 142.0, "POB49_R": 12.5, "POB50": 28.0, "POB50_R": 2.5, "POB51": 79.0, "POB51_R": 7.0, "POB52": 128.0, "POB52_R": 11.3, "POB53": 256.0, "POB53_R": 22.6, "POB54": 345.0, "POB54_R": 30.4, "POB55": 51.0, "POB55_R": 4.5, "POB56": 128.0, "POB56_R": 11.3, "POB57": 60.0, "POB57_R": 5.3, "POB59": 543.0, "POB59_R": 47.9, "POB60": 529.0, "POB60_R": 46.6, "POB61": 456.0, "POB61_R": 40.2, "POB62": 430.0, "POB62_R": 37.9, "POB63": 402.0, "POB63_R": 35.4, "POB64": 351.0, "POB64_R": 31.0, "POB65": 114.0, "POB65_R": 10.1, "POB66": 85.0, "POB66_R": 7.5, "POB67": 49.0, "POB67_R": 4.3, "POB84": 562.0, "POB84_R": 49.6, "POB85": 33.0, "POB85_R": 2.9, "POB87": 34.0, "POB87_R": 3.0, "POB88": 53.0, "POB88_R": 4.7, "POB89": 65.0, "POB89_R": 5.7, "POB90": 31.0, "POB90_R": 2.7, "POB91": 151.0, "POB91_R": 13.3, "POB92": 31.0, "POB92_R": 2.7, "POB93": 86.0, "POB93_R": 7.6, "POB94": 127.0, "POB94_R": 11.2, "POB95": 332.0, "POB95_R": 29.3, "POB96": 55.0, "POB96_R": 4.9, "POB97": 118.0, "POB97_R": 10.4, "POB98": 60.0, "POB98_R": 5.3, "POB100": 529.0, "POB100_R": 46.6, "POB101": 511.0, "POB101_R": 45.1, "POB102": 442.0, "POB102_R": 39.0, "POB103": 411.0, "POB103_R": 36.2, "POB104": 380.0, "POB104_R": 33.5, "POB105": 325.0, "POB105_R": 28.7, "POB106": 106.0, "POB106_R": 9.3, "POB107": 79.0, "POB107_R": 7.0, "POB108": 55.0, "POB108_R": 4.9, "POB125_R": 98.3, "POB126_R": 67.5, "POB127_R": 43.3, "POB128_R": 24.2, "POB129_R": 30.0, "POB130_R": 31.0, "POB131_R": 30.0, "POB132_R": 75.1, "POB133_R": 80.3, "POB134_R": 70.2, "POB3": 94.0, "POB3_R": 8.3, "POB16": 56.0, "POB16_R": 4.9, "POB26": 105.0, "POB26_R": 9.3, "POB27": 94.0, "POB27_R": 8.3, "POB28": 93.0, "POB28_R": 8.2, "POB29": 72.0, "POB29_R": 6.3, "POB30": 90.0, "POB30_R": 7.9, "POB31": 83.0, "POB31_R": 7.3, "POB32": 59.0, "POB32_R": 5.2, "POB33": 53.0, "POB33_R": 4.7, "POB34": 51.0, "POB34_R": 4.5, "POB35": 65.0, "POB35_R": 5.7, "POB36": 55.0, "POB36_R": 4.9, "POB37": 60.0, "POB37_R": 5.3, "POB38": 33.0, "POB38_R": 2.9, "POB39": 31.0, "POB39_R": 2.7, "POB40": 18.0, "POB40_R": 1.6, "POB41": 22.0, "POB41_R": 1.9, "POB44": 43.0, "POB44_R": 3.8, "POB58": 29.0, "POB58_R": 2.6, "POB68": 53.0, "POB68_R": 4.7, "POB69": 46.0, "POB69_R": 4.1, "POB70": 42.0, "POB70_R": 3.7, "POB71": 37.0, "POB71_R": 3.3, "POB72": 49.0, "POB72_R": 4.3, "POB73": 42.0, "POB73_R": 3.7, "POB74": 27.0, "POB74_R": 2.4, "POB75": 32.0, "POB75_R": 2.8, "POB76": 27.0, "POB76_R": 2.4, "POB77": 34.0, "POB77_R": 3.0, "POB78": 26.0, "POB78_R": 2.3, "POB79": 36.0, "POB79_R": 3.2, "POB80": 17.0, "POB80_R": 1.5, "POB81": 15.0, "POB81_R": 1.3, "POB82": 6.0, "POB82_R": 0.5, "POB83": 11.0, "POB83_R": 1.0, "POB86": 51.0, "POB86_R": 4.5, "POB99": 27.0, "POB99_R": 2.4, "POB109": 52.0, "POB109_R": 4.6, "POB110": 48.0, "POB110_R": 4.2, "POB111": 51.0, "POB111_R": 4.5, "POB112": 35.0, "POB112_R": 3.1, "POB113": 41.0, "POB113_R": 3.6, "POB114": 41.0, "POB114_R": 3.6, "POB115": 32.0, "POB115_R": 2.8, "POB116": 21.0, "POB116_R": 1.9, "POB117": 24.0, "POB117_R": 2.1, "POB118": 31.0, "POB118_R": 2.7, "POB119": 29.0, "POB119_R": 2.6, "POB120": 24.0, "POB120_R": 2.1, "POB121": 16.0, "POB121_R": 1.4, "POB122": 16.0, "POB122_R": 1.4, "POB123": 12.0, "POB123_R": 1.1, "POB124": 11.0, "POB124_R": 1.0, "OID": 3733 }, "geometry": { "type": "Point", "coordinates": [ -103.4875619, 20.354305 ] } },
{ "type": "Feature", "properties": { "CVEGEO": "140500004", "NOM_ENT": "Jalisco", "NOM_MUN": "Jocotepec", "NOMGEO": "El Molino", "CVE_AGEB": "0019", "POB1": 2134.0, "POB2": 163.0, "POB2_R": 7.6, "POB4": 133.0, "POB4_R": 6.2, "POB5": 262.0, "POB5_R": 12.3, "POB6": 300.0, "POB6_R": 14.1, "POB7": 130.0, "POB7_R": 6.1, "POB8": 688.0, "POB8_R": 32.2, "POB9": 112.0, "POB9_R": 5.2, "POB10": 358.0, "POB10_R": 16.8, "POB11": 542.0, "POB11_R": 25.4, "POB12": 1308.0, "POB12_R": 61.3, "POB13": 246.0, "POB13_R": 11.5, "POB14": 523.0, "POB14_R": 24.5, "POB15": 172.0, "POB15_R": 8.1, "POB17": 1971.0, "POB17_R": 92.4, "POB18": 1881.0, "POB18_R": 88.1, "POB19": 1576.0, "POB19_R": 73.9, "POB20": 1446.0, "POB20_R": 67.8, "POB21": 1334.0, "POB21_R": 62.5, "POB22": 1088.0, "POB22_R": 51.0, "POB23": 209.0, "POB23_R": 9.8, "POB24": 138.0, "POB24_R": 6.5, "POB25": 83.0, "POB25_R": 3.9, "POB42": 1054.0, "POB42_R": 49.4, "POB43": 82.0, "POB43_R": 3.8, "POB45": 64.0, "POB45_R": 3.0, "POB46": 126.0, "POB46_R": 5.9, "POB47": 139.0, "POB47_R": 6.5, "POB48": 52.0, "POB48_R": 2.4, "POB49": 324.0, "POB49_R": 15.2, "POB50": 57.0, "POB50_R": 2.7, "POB51": 182.0, "POB51_R": 8.5, "POB52": 276.0, "POB52_R": 12.9, "POB53": 546.0, "POB53_R": 25.6, "POB54": 673.0, "POB54_R": 31.5, "POB55": 125.0, "POB55_R": 5.9, "POB56": 270.0, "POB56_R": 12.7, "POB57": 91.0, "POB57_R": 4.3, "POB59": 972.0, "POB59_R": 45.5, "POB60": 930.0, "POB60_R": 43.6, "POB61": 782.0, "POB61_R": 36.6, "POB62": 730.0, "POB62_R": 34.2, "POB63": 673.0, "POB63_R": 31.5, "POB64": 548.0, "POB64_R": 25.7, "POB65": 93.0, "POB65_R": 4.4, "POB66": 57.0, "POB66_R": 2.7, "POB67": 35.0, "POB67_R": 1.6, "POB84": 1080.0, "POB84_R": 50.6, "POB85": 81.0, "POB85_R": 3.8, "POB87": 69.0, "POB87_R": 3.2, "POB88": 136.0, "POB88_R": 6.4, "POB89": 161.0, "POB89_R": 7.5, "POB90": 78.0, "POB90_R": 3.7, "POB91": 364.0, "POB91_R": 17.1, "POB92": 55.0, "POB92_R": 2.6, "POB93": 176.0, "POB93_R": 8.2, "POB94": 266.0, "POB94_R": 12.5, "POB95": 635.0, "POB95_R": 29.8, "POB96": 121.0, "POB96_R": 5.7, "POB97": 253.0, "POB97_R": 11.9, "POB98": 81.0, "POB98_R": 3.8, "POB100": 999.0, "POB100_R": 46.8, "POB101": 951.0, "POB101_R": 44.6, "POB102": 794.0, "POB102_R": 37.2, "POB103": 716.0, "POB103_R": 33.6, "POB104": 661.0, "POB104_R": 31.0, "POB105": 540.0, "POB105_R": 25.3, "POB106": 116.0, "POB106_R": 5.4, "POB107": 81.0, "POB107_R": 3.8, "POB108": 48.0, "POB108_R": 2.2, "POB125_R": 102.5, "POB126_R": 63.1, "POB127_R": 52.6, "POB128_R": 10.6, "POB129_R": 25.0, "POB130_R": 26.0, "POB131_R": 24.5, "POB132_R": 30.4, "POB133_R": 28.7, "POB134_R": 31.9, "POB3": 253.0, "POB3_R": 11.9, "POB16": 71.0, "POB16_R": 3.3, "POB26": 237.0, "POB26_R": 11.1, "POB27": 198.0, "POB27_R": 9.3, "POB28": 179.0, "POB28_R": 8.4, "POB29": 179.0, "POB29_R": 8.4, "POB30": 184.0, "POB30_R": 8.6, "POB31": 168.0, "POB31_R": 7.9, "POB32": 144.0, "POB32_R": 6.7, "POB33": 109.0, "POB33_R": 5.1, "POB34": 102.0, "POB34_R": 4.8, "POB35": 86.0, "POB35_R": 4.0, "POB36": 86.0, "POB36_R": 4.0, "POB37": 55.0, "POB37_R": 2.6, "POB38": 30.0, "POB38_R": 1.4, "POB39": 25.0, "POB39_R": 1.2, "POB40": 11.0, "POB40_R": 0.5, "POB41": 17.0, "POB41_R": 0.8, "POB44": 124.0, "POB44_R": 5.8, "POB58": 36.0, "POB58_R": 1.7, "POB68": 114.0, "POB68_R": 5.3, "POB69": 86.0, "POB69_R": 4.0, "POB70": 91.0, "POB70_R": 4.3, "POB71": 91.0, "POB71_R": 4.3, "POB72": 94.0, "POB72_R": 4.4, "POB73": 78.0, "POB73_R": 3.7, "POB74": 71.0, "POB74_R": 3.3, "POB75": 62.0, "POB75_R": 2.9, "POB76": 59.0, "POB76_R": 2.8, "POB77": 38.0, "POB77_R": 1.8, "POB78": 53.0, "POB78_R": 2.5, "POB79": 22.0, "POB79_R": 1.0, "POB80": 18.0, "POB80_R": 0.8, "POB81": 7.0, "POB81_R": 0.3, "POB82": 1.0, "POB82_R": 0.0, "POB83": 9.0, "POB83_R": 0.4, "POB86": 129.0, "POB86_R": 6.0, "POB99": 35.0, "POB99_R": 1.6, "POB109": 123.0, "POB109_R": 5.8, "POB110": 112.0, "POB110_R": 5.2, "POB111": 88.0, "POB111_R": 4.1, "POB112": 88.0, "POB112_R": 4.1, "POB113": 90.0, "POB113_R": 4.2, "POB114": 90.0, "POB114_R": 4.2, "POB115": 73.0, "POB115_R": 3.4, "POB116": 47.0, "POB116_R": 2.2, "POB117": 43.0, "POB117_R": 2.0, "POB118": 48.0, "POB118_R": 2.2, "POB119": 33.0, "POB119_R": 1.5, "POB120": 33.0, "POB120_R": 1.5, "POB121": 12.0, "POB121_R": 0.6, "POB122": 18.0, "POB122_R": 0.8, "POB123": 10.0, "POB123_R": 0.5, "POB124": 8.0, "POB124_R": 0.4, "OID": 3734 }, "geometry": { "type": "Point", "coordinates": [ -103.5350306, 20.3878419 ] } },
{ "type": "Feature", "properties": { "CVEGEO": "140500005", "NOM_ENT": "Jalisco", "NOM_MUN": "Jocotepec", "NOMGEO": "El Molino Rojo [Granja Colorada]", "CVE_AGEB": "0057", "POB1": 6.0, "POB2": -6.0, "POB2_R": -6.0, "POB4": -6.0, "POB4_R": -6.0, "POB5": -6.0, "POB5_R": -6.0, "POB6": -6.0, "POB6_R": -6.0, "POB7": -6.0, "POB7_R": -6.0, "POB8": -6.0, "POB8_R": -6.0, "POB9": -6.0, "POB9_R": -6.0, "POB10": -6.0, "POB10_R": -6.0, "POB11": -6.0, "POB11_R": -6.0, "POB12": -6.0, "POB12_R": -6.0, "POB13": -6.0, "POB13_R": -6.0, "POB14": -6.0, "POB14_R": -6.0, "POB15": -6.0, "POB15_R": -6.0, "POB17": -6.0, "POB17_R": -6.0, "POB18": -6.0, "POB18_R": -6.0, "POB19": -6.0, "POB19_R": -6.0, "POB20": -6.0, "POB20_R": -6.0, "POB21": -6.0, "POB21_R": -6.0, "POB22": -6.0, "POB22_R": -6.0, "POB23": -6.0, "POB23_R": -6.0, "POB24": -6.0, "POB24_R": -6.0, "POB25": -6.0, "POB25_R": -6.0, "POB42": -6.0, "POB42_R": -6.0, "POB43": -6.0, "POB43_R": -6.0, "POB45": -6.0, "POB45_R": -6.0, "POB46": -6.0, "POB46_R": -6.0, "POB47": -6.0, "POB47_R": -6.0, "POB48": -6.0, "POB48_R": -6.0, "POB49": -6.0, "POB49_R": -6.0, "POB50": -6.0, "POB50_R": -6.0, "POB51": -6.0, "POB51_R": -6.0, "POB52": -6.0, "POB52_R": -6.0, "POB53": -6.0, "POB53_R": -6.0, "POB54": -6.0, "POB54_R": -6.0, "POB55": -6.0, "POB55_R": -6.0, "POB56": -6.0, "POB56_R": -6.0, "POB57": -6.0, "POB57_R": -6.0, "POB59": -6.0, "POB59_R": -6.0, "POB60": -6.0, "POB60_R": -6.0, "POB61": -6.0, "POB61_R": -6.0, "POB62": -6.0, "POB62_R": -6.0, "POB63": -6.0, "POB63_R": -6.0, "POB64": -6.0, "POB64_R": -6.0, "POB65": -6.0, "POB65_R": -6.0, "POB66": -6.0, "POB66_R": -6.0, "POB67": -6.0, "POB67_R": -6.0, "POB84": -6.0, "POB84_R": -6.0, "POB85": -6.0, "POB85_R": -6.0, "POB87": -6.0, "POB87_R": -6.0, "POB88": -6.0, "POB88_R": -6.0, "POB89": -6.0, "POB89_R": -6.0, "POB90": -6.0, "POB90_R": -6.0, "POB91": -6.0, "POB91_R": -6.0, "POB92": -6.0, "POB92_R": -6.0, "POB93": -6.0, "POB93_R": -6.0, "POB94": -6.0, "POB94_R": -6.0, "POB95": -6.0, "POB95_R": -6.0, "POB96": -6.0, "POB96_R": -6.0, "POB97": -6.0, "POB97_R": -6.0, "POB98": -6.0, "POB98_R": -6.0, "POB100": -6.0, "POB100_R": -6.0, "POB101": -6.0, "POB101_R": -6.0, "POB102": -6.0, "POB102_R": -6.0, "POB103": -6.0, "POB103_R": -6.0, "POB104": -6.0, "POB104_R": -6.0, "POB105": -6.0, "POB105_R": -6.0, "POB106": -6.0, "POB106_R": -6.0, "POB107": -6.0, "POB107_R": -6.0, "POB108": -6.0, "POB108_R": -6.0, "POB125_R": -6.0, "POB126_R": -6.0, "POB127_R": -6.0, "POB128_R": -6.0, "POB129_R": -6.0, "POB130_R": -6.0, "POB131_R": -6.0, "POB132_R": -6.0, "POB133_R": -6.0, "POB134_R": -6.0, "POB3": -6.0, "POB3_R": -6.0, "POB16": -6.0, "POB16_R": -6.0, "POB26": -6.0, "POB26_R": -6.0, "POB27": -6.0, "POB27_R": -6.0, "POB28": -6.0, "POB28_R": -6.0, "POB29": -6.0, "POB29_R": -6.0, "POB30": -6.0, "POB30_R": -6.0, "POB31": -6.0, "POB31_R": -6.0, "POB32": -6.0, "POB32_R": -6.0, "POB33": -6.0, "POB33_R": -6.0, "POB34": -6.0, "POB34_R": -6.0, "POB35": -6.0, "POB35_R": -6.0, "POB36": -6.0, "POB36_R": -6.0, "POB37": -6.0, "POB37_R": -6.0, "POB38": -6.0, "POB38_R": -6.0, "POB39": -6.0, "POB39_R": -6.0, "POB40": -6.0, "POB40_R": -6.0, "POB41": -6.0, "POB41_R": -6.0, "POB44": -6.0, "POB44_R": -6.0, "POB58": -6.0, "POB58_R": -6.0, "POB68": -6.0, "POB68_R": -6.0, "POB69": -6.0, "POB69_R": -6.0, "POB70": -6.0, "POB70_R": -6.0, "POB71": -6.0, "POB71_R": -6.0, "POB72": -6.0, "POB72_R": -6.0, "POB73": -6.0, "POB73_R": -6.0, "POB74": -6.0, "POB74_R": -6.0, "POB75": -6.0, "POB75_R": -6.0, "POB76": -6.0, "POB76_R": -6.0, "POB77": -6.0, "POB77_R": -6.0, "POB78": -6.0, "POB78_R": -6.0, "POB79": -6.0, "POB79_R": -6.0, "POB80": -6.0, "POB80_R": -6.0, "POB81": -6.0, "POB81_R": -6.0, "POB82": -6.0, "POB82_R": -6.0, "POB83": -6.0, "POB83_R": -6.0, "POB86": -6.0, "POB86_R": -6.0, "POB99": -6.0, "POB99_R": -6.0, "POB109": -6.0, "POB109_R": -6.0, "POB110": -6.0, "POB110_R": -6.0, "POB111": -6.0, "POB111_R": -6.0, "POB112": -6.0, "POB112_R": -6.0, "POB113": -6.0, "POB113_R": -6.0, "POB114": -6.0, "POB114_R": -6.0, "POB115": -6.0, "POB115_R": -6.0, "POB116": -6.0, "POB116_R": -6.0, "POB117": -6.0, "POB117_R": -6.0, "POB118": -6.0, "POB118_R": -6.0, "POB119": -6.0, "POB119_R": -6.0, "POB120": -6.0, "POB120_R": -6.0, "POB121": -6.0, "POB121_R": -6.0, "POB122": -6.0, "POB122_R": -6.0, "POB123": -6.0, "POB123_R": -6.0, "POB124": -6.0, "POB124_R": -6.0, "OID": 3735 }, "geometry": { "type": "Point", "coordinates": [ -103.4426961, 20.2680011 ] } },
{ "type": "Feature", "properties": { "CVEGEO": "140500007", "NOM_ENT": "Jalisco", "NOM_MUN": "Jocotepec", "NOMGEO": "Potrerillos", "CVE_AGEB": "0023", "POB1": 1448.0, "POB2": 87.0, "POB2_R": 6.0, "POB4": 82.0, "POB4_R": 5.7, "POB5": 178.0, "POB5_R": 12.3, "POB6": 213.0, "POB6_R": 14.7, "POB7": 94.0, "POB7_R": 6.5, "POB8": 441.0, "POB8_R": 30.5, "POB9": 70.0, "POB9_R": 4.8, "POB10": 218.0, "POB10_R": 15.1, "POB11": 303.0, "POB11_R": 20.9, "POB12": 839.0, "POB12_R": 57.9, "POB13": 148.0, "POB13_R": 10.2, "POB14": 367.0, "POB14_R": 25.3, "POB15": 112.0, "POB15_R": 7.7, "POB17": 1361.0, "POB17_R": 94.0, "POB18": 1306.0, "POB18_R": 90.2, "POB19": 1101.0, "POB19_R": 76.0, "POB20": 1007.0, "POB20_R": 69.5, "POB21": 937.0, "POB21_R": 64.7, "POB22": 789.0, "POB22_R": 54.5, "POB23": 225.0, "POB23_R": 15.5, "POB24": 168.0, "POB24_R": 11.6, "POB25": 110.0, "POB25_R": 7.6, "POB42": 707.0, "POB42_R": 48.8, "POB43": 46.0, "POB43_R": 3.2, "POB45": 40.0, "POB45_R": 2.8, "POB46": 70.0, "POB46_R": 4.8, "POB47": 81.0, "POB47_R": 5.6, "POB48": 33.0, "POB48_R": 2.3, "POB49": 189.0, "POB49_R": 13.1, "POB50": 34.0, "POB50_R": 2.3, "POB51": 103.0, "POB51_R": 7.1, "POB52": 149.0, "POB52_R": 10.3, "POB53": 342.0, "POB53_R": 23.6, "POB54": 434.0, "POB54_R": 30.0, "POB55": 69.0, "POB55_R": 4.8, "POB56": 193.0, "POB56_R": 13.3, "POB57": 60.0, "POB57_R": 4.1, "POB59": 661.0, "POB59_R": 45.6, "POB60": 633.0, "POB60_R": 43.7, "POB61": 551.0, "POB61_R": 38.1, "POB62": 518.0, "POB62_R": 35.8, "POB63": 484.0, "POB63_R": 33.4, "POB64": 415.0, "POB64_R": 28.7, "POB65": 116.0, "POB65_R": 8.0, "POB66": 84.0, "POB66_R": 5.8, "POB67": 56.0, "POB67_R": 3.9, "POB84": 741.0, "POB84_R": 51.2, "POB85": 41.0, "POB85_R": 2.8, "POB87": 42.0, "POB87_R": 2.9, "POB88": 108.0, "POB88_R": 7.5, "POB89": 132.0, "POB89_R": 9.1, "POB90": 61.0, "POB90_R": 4.2, "POB91": 252.0, "POB91_R": 17.4, "POB92": 36.0, "POB92_R": 2.5, "POB93": 115.0, "POB93_R": 7.9, "POB94": 154.0, "POB94_R": 10.6, "POB95": 405.0, "POB95_R": 28.0, "POB96": 79.0, "POB96_R": 5.5, "POB97": 174.0, "POB97_R": 12.0, "POB98": 52.0, "POB98_R": 3.6, "POB100": 700.0, "POB100_R": 48.3, "POB101": 673.0, "POB101_R": 46.5, "POB102": 550.0, "POB102_R": 38.0, "POB103": 489.0, "POB103_R": 33.8, "POB104": 453.0, "POB104_R": 31.3, "POB105": 374.0, "POB105_R": 25.8, "POB106": 109.0, "POB106_R": 7.5, "POB107": 84.0, "POB107_R": 5.8, "POB108": 54.0, "POB108_R": 3.7, "POB125_R": 104.8, "POB126_R": 72.6, "POB127_R": 52.6, "POB128_R": 20.0, "POB129_R": 28.0, "POB130_R": 31.0, "POB131_R": 25.0, "POB132_R": 51.0, "POB133_R": 61.4, "POB134_R": 43.3, "POB3": 142.0, "POB3_R": 9.8, "POB16": 57.0, "POB16_R": 3.9, "POB26": 145.0, "POB26_R": 10.0, "POB27": 154.0, "POB27_R": 10.6, "POB28": 124.0, "POB28_R": 8.6, "POB29": 94.0, "POB29_R": 6.5, "POB30": 85.0, "POB30_R": 5.9, "POB31": 92.0, "POB31_R": 6.4, "POB32": 102.0, "POB32_R": 7.0, "POB33": 89.0, "POB33_R": 6.1, "POB34": 84.0, "POB34_R": 5.8, "POB35": 59.0, "POB35_R": 4.1, "POB36": 53.0, "POB36_R": 3.7, "POB37": 58.0, "POB37_R": 4.0, "POB38": 33.0, "POB38_R": 2.3, "POB39": 31.0, "POB39_R": 2.1, "POB40": 24.0, "POB40_R": 1.7, "POB41": 22.0, "POB41_R": 1.5, "POB44": 74.0, "POB44_R": 5.1, "POB58": 32.0, "POB58_R": 2.2, "POB68": 55.0, "POB68_R": 3.8, "POB69": 60.0, "POB69_R": 4.1, "POB70": 57.0, "POB70_R": 3.9, "POB71": 46.0, "POB71_R": 3.2, "POB72": 46.0, "POB72_R": 3.2, "POB73": 46.0, "POB73_R": 3.2, "POB74": 52.0, "POB74_R": 3.6, "POB75": 50.0, "POB75_R": 3.5, "POB76": 45.0, "POB76_R": 3.1, "POB77": 29.0, "POB77_R": 2.0, "POB78": 31.0, "POB78_R": 2.1, "POB79": 28.0, "POB79_R": 1.9, "POB80": 14.0, "POB80_R": 1.0, "POB81": 15.0, "POB81_R": 1.0, "POB82": 16.0, "POB82_R": 1.1, "POB83": 11.0, "POB83_R": 0.8, "POB86": 68.0, "POB86_R": 4.7, "POB99": 25.0, "POB99_R": 1.7, "POB109": 90.0, "POB109_R": 6.2, "POB110": 94.0, "POB110_R": 6.5, "POB111": 67.0, "POB111_R": 4.6, "POB112": 48.0, "POB112_R": 3.3, "POB113": 39.0, "POB113_R": 2.7, "POB114": 46.0, "POB114_R": 3.2, "POB115": 50.0, "POB115_R": 3.5, "POB116": 39.0, "POB116_R": 2.7, "POB117": 39.0, "POB117_R": 2.7, "POB118": 30.0, "POB118_R": 2.1, "POB119": 22.0, "POB119_R": 1.5, "POB120": 30.0, "POB120_R": 2.1, "POB121": 19.0, "POB121_R": 1.3, "POB122": 16.0, "POB122_R": 1.1, "POB123": 8.0, "POB123_R": 0.6, "POB124": 11.0, "POB124_R": 0.8, "OID": 3736 }, "geometry": { "type": "Point", "coordinates": [ -103.3781817, 20.3383797 ] } },
{ "type": "Feature", "properties": { "CVEGEO": "140500010", "NOM_ENT": "Jalisco", "NOM_MUN": "Jocotepec", "NOMGEO": "San Germán", "CVE_AGEB": "0057", "POB1": 6.0, "POB2": -6.0, "POB2_R": -6.0, "POB4": -6.0, "POB4_R": -6.0, "POB5": -6.0, "POB5_R": -6.0, "POB6": -6.0, "POB6_R": -6.0, "POB7": -6.0, "POB7_R": -6.0, "POB8": -6.0, "POB8_R": -6.0, "POB9": -6.0, "POB9_R": -6.0, "POB10": -6.0, "POB10_R": -6.0, "POB11": -6.0, "POB11_R": -6.0, "POB12": -6.0, "POB12_R": -6.0, "POB13": -6.0, "POB13_R": -6.0, "POB14": -6.0, "POB14_R": -6.0, "POB15": -6.0, "POB15_R": -6.0, "POB17": -6.0, "POB17_R": -6.0, "POB18": -6.0, "POB18_R": -6.0, "POB19": -6.0, "POB19_R": -6.0, "POB20": -6.0, "POB20_R": -6.0, "POB21": -6.0, "POB21_R": -6.0, "POB22": -6.0, "POB22_R": -6.0, "POB23": -6.0, "POB23_R": -6.0, "POB24": -6.0, "POB24_R": -6.0, "POB25": -6.0, "POB25_R": -6.0, "POB42": -6.0, "POB42_R": -6.0, "POB43": -6.0, "POB43_R": -6.0, "POB45": -6.0, "POB45_R": -6.0, "POB46": -6.0, "POB46_R": -6.0, "POB47": -6.0, "POB47_R": -6.0, "POB48": -6.0, "POB48_R": -6.0, "POB49": -6.0, "POB49_R": -6.0, "POB50": -6.0, "POB50_R": -6.0, "POB51": -6.0, "POB51_R": -6.0, "POB52": -6.0, "POB52_R": -6.0, "POB53": -6.0, "POB53_R": -6.0, "POB54": -6.0, "POB54_R": -6.0, "POB55": -6.0, "POB55_R": -6.0, "POB56": -6.0, "POB56_R": -6.0, "POB57": -6.0, "POB57_R": -6.0, "POB59": -6.0, "POB59_R": -6.0, "POB60": -6.0, "POB60_R": -6.0, "POB61": -6.0, "POB61_R": -6.0, "POB62": -6.0, "POB62_R": -6.0, "POB63": -6.0, "POB63_R": -6.0, "POB64": -6.0, "POB64_R": -6.0, "POB65": -6.0, "POB65_R": -6.0, "POB66": -6.0, "POB66_R": -6.0, "POB67": -6.0, "POB67_R": -6.0, "POB84": -6.0, "POB84_R": -6.0, "POB85": -6.0, "POB85_R": -6.0, "POB87": -6.0, "POB87_R": -6.0, "POB88": -6.0, "POB88_R": -6.0, "POB89": -6.0, "POB89_R": -6.0, "POB90": -6.0, "POB90_R": -6.0, "POB91": -6.0, "POB91_R": -6.0, "POB92": -6.0, "POB92_R": -6.0, "POB93": -6.0, "POB93_R": -6.0, "POB94": -6.0, "POB94_R": -6.0, "POB95": -6.0, "POB95_R": -6.0, "POB96": -6.0, "POB96_R": -6.0, "POB97": -6.0, "POB97_R": -6.0, "POB98": -6.0, "POB98_R": -6.0, "POB100": -6.0, "POB100_R": -6.0, "POB101": -6.0, "POB101_R": -6.0, "POB102": -6.0, "POB102_R": -6.0, "POB103": -6.0, "POB103_R": -6.0, "POB104": -6.0, "POB104_R": -6.0, "POB105": -6.0, "POB105_R": -6.0, "POB106": -6.0, "POB106_R": -6.0, "POB107": -6.0, "POB107_R": -6.0, "POB108": -6.0, "POB108_R": -6.0, "POB125_R": -6.0, "POB126_R": -6.0, "POB127_R": -6.0, "POB128_R": -6.0, "POB129_R": -6.0, "POB130_R": -6.0, "POB131_R": -6.0, "POB132_R": -6.0, "POB133_R": -6.0, "POB134_R": -6.0, "POB3": -6.0, "POB3_R": -6.0, "POB16": -6.0, "POB16_R": -6.0, "POB26": -6.0, "POB26_R": -6.0, "POB27": -6.0, "POB27_R": -6.0, "POB28": -6.0, "POB28_R": -6.0, "POB29": -6.0, "POB29_R": -6.0, "POB30": -6.0, "POB30_R": -6.0, "POB31": -6.0, "POB31_R": -6.0, "POB32": -6.0, "POB32_R": -6.0, "POB33": -6.0, "POB33_R": -6.0, "POB34": -6.0, "POB34_R": -6.0, "POB35": -6.0, "POB35_R": -6.0, "POB36": -6.0, "POB36_R": -6.0, "POB37": -6.0, "POB37_R": -6.0, "POB38": -6.0, "POB38_R": -6.0, "POB39": -6.0, "POB39_R": -6.0, "POB40": -6.0, "POB40_R": -6.0, "POB41": -6.0, "POB41_R": -6.0, "POB44": -6.0, "POB44_R": -6.0, "POB58": -6.0, "POB58_R": -6.0, "POB68": -6.0, "POB68_R": -6.0, "POB69": -6.0, "POB69_R": -6.0, "POB70": -6.0, "POB70_R": -6.0, "POB71": -6.0, "POB71_R": -6.0, "POB72": -6.0, "POB72_R": -6.0, "POB73": -6.0, "POB73_R": -6.0, "POB74": -6.0, "POB74_R": -6.0, "POB75": -6.0, "POB75_R": -6.0, "POB76": -6.0, "POB76_R": -6.0, "POB77": -6.0, "POB77_R": -6.0, "POB78": -6.0, "POB78_R": -6.0, "POB79": -6.0, "POB79_R": -6.0, "POB80": -6.0, "POB80_R": -6.0, "POB81": -6.0, "POB81_R": -6.0, "POB82": -6.0, "POB82_R": -6.0, "POB83": -6.0, "POB83_R": -6.0, "POB86": -6.0, "POB86_R": -6.0, "POB99": -6.0, "POB99_R": -6.0, "POB109": -6.0, "POB109_R": -6.0, "POB110": -6.0, "POB110_R": -6.0, "POB111": -6.0, "POB111_R": -6.0, "POB112": -6.0, "POB112_R": -6.0, "POB113": -6.0, "POB113_R": -6.0, "POB114": -6.0, "POB114_R": -6.0, "POB115": -6.0, "POB115_R": -6.0, "POB116": -6.0, "POB116_R": -6.0, "POB117": -6.0, "POB117_R": -6.0, "POB118": -6.0, "POB118_R": -6.0, "POB119": -6.0, "POB119_R": -6.0, "POB120": -6.0, "POB120_R": -6.0, "POB121": -6.0, "POB121_R": -6.0, "POB122": -6.0, "POB122_R": -6.0, "POB123": -6.0, "POB123_R": -6.0, "POB124": -6.0, "POB124_R": -6.0, "OID": 3737 }, "geometry": { "type": "Point", "coordinates": [ -103.42343, 20.2715428 ] } },
{ "type": "Feature", "properties": { "CVEGEO": "140500012", "NOM_ENT": "Jalisco", "NOM_MUN": "Jocotepec", "NOMGEO": "San Luciano", "CVE_AGEB": "0057", "POB1": 255.0, "POB2": 11.0, "POB2_R": 4.3, "POB4": 17.0, "POB4_R": 6.7, "POB5": 44.0, "POB5_R": 17.3, "POB6": 52.0, "POB6_R": 20.4, "POB7": 17.0, "POB7_R": 6.7, "POB8": 89.0, "POB8_R": 34.9, "POB9": 15.0, "POB9_R": 5.9, "POB10": 41.0, "POB10_R": 16.1, "POB11": 61.0, "POB11_R": 23.9, "POB12": 137.0, "POB12_R": 53.7, "POB13": 26.0, "POB13_R": 10.2, "POB14": 58.0, "POB14_R": 22.7, "POB15": 14.0, "POB15_R": 5.5, "POB17": 244.0, "POB17_R": 95.7, "POB18": 232.0, "POB18_R": 91.0, "POB19": 183.0, "POB19_R": 71.8, "POB20": 166.0, "POB20_R": 65.1, "POB21": 151.0, "POB21_R": 59.2, "POB22": 125.0, "POB22_R": 49.0, "POB23": 33.0, "POB23_R": 12.9, "POB24": 29.0, "POB24_R": 11.4, "POB25": 15.0, "POB25_R": 5.9, "POB42": 125.0, "POB42_R": 49.0, "POB43": 6.0, "POB43_R": 2.4, "POB45": 12.0, "POB45_R": 4.7, "POB46": 20.0, "POB46_R": 7.8, "POB47": 23.0, "POB47_R": 9.0, "POB48": 8.0, "POB48_R": 3.1, "POB49": 46.0, "POB49_R": 18.0, "POB50": 4.0, "POB50_R": 1.6, "POB51": 15.0, "POB51_R": 5.9, "POB52": 23.0, "POB52_R": 9.0, "POB53": 56.0, "POB53_R": 22.0, "POB54": 64.0, "POB54_R": 25.1, "POB55": 11.0, "POB55_R": 4.3, "POB56": 33.0, "POB56_R": 12.9, "POB57": 5.0, "POB57_R": 2.0, "POB59": 119.0, "POB59_R": 46.7, "POB60": 111.0, "POB60_R": 43.5, "POB61": 87.0, "POB61_R": 34.1, "POB62": 79.0, "POB62_R": 31.0, "POB63": 75.0, "POB63_R": 29.4, "POB64": 64.0, "POB64_R": 25.1, "POB65": 18.0, "POB65_R": 7.1, "POB66": 15.0, "POB66_R": 5.9, "POB67": 7.0, "POB67_R": 2.7, "POB84": 130.0, "POB84_R": 51.0, "POB85": 5.0, "POB85_R": 2.0, "POB87": 5.0, "POB87_R": 2.0, "POB88": 24.0, "POB88_R": 9.4, "POB89": 29.0, "POB89_R": 11.4, "POB90": 9.0, "POB90_R": 3.5, "POB91": 43.0, "POB91_R": 16.9, "POB92": 11.0, "POB92_R": 4.3, "POB93": 26.0, "POB93_R": 10.2, "POB94": 38.0, "POB94_R": 14.9, "POB95": 73.0, "POB95_R": 28.6, "POB96": 15.0, "POB96_R": 5.9, "POB97": 25.0, "POB97_R": 9.8, "POB98": 9.0, "POB98_R": 3.5, "POB100": 125.0, "POB100_R": 49.0, "POB101": 121.0, "POB101_R": 47.5, "POB102": 96.0, "POB102_R": 37.6, "POB103": 87.0, "POB103_R": 34.1, "POB104": 76.0, "POB104_R": 29.8, "POB105": 61.0, "POB105_R": 23.9, "POB106": 15.0, "POB106_R": 5.9, "POB107": 14.0, "POB107_R": 5.5, "POB108": 8.0, "POB108_R": 3.1, "POB125_R": 104.0, "POB126_R": 86.1, "POB127_R": 65.0, "POB128_R": 21.2, "POB129_R": 23.0, "POB130_R": 25.0, "POB131_R": 22.0, "POB132_R": 37.1, "POB133_R": 39.1, "POB134_R": 34.9, "POB3": 23.0, "POB3_R": 9.0, "POB16": 4.0, "POB16_R": 1.6, "POB26": 28.0, "POB26_R": 11.0, "POB27": 38.0, "POB27_R": 14.9, "POB28": 20.0, "POB28_R": 7.8, "POB29": 21.0, "POB29_R": 8.2, "POB30": 20.0, "POB30_R": 7.8, "POB31": 19.0, "POB31_R": 7.5, "POB32": 12.0, "POB32_R": 4.7, "POB33": 17.0, "POB33_R": 6.7, "POB34": 10.0, "POB34_R": 3.9, "POB35": 9.0, "POB35_R": 3.5, "POB36": 5.0, "POB36_R": 2.0, "POB37": 14.0, "POB37_R": 5.5, "POB38": 5.0, "POB38_R": 2.0, "POB39": 5.0, "POB39_R": 2.0, "POB40": 4.0, "POB40_R": 1.6, "POB41": 1.0, "POB41_R": 0.4, "POB44": 14.0, "POB44_R": 5.5, "POB58": 3.0, "POB58_R": 1.2, "POB68": 15.0, "POB68_R": 5.9, "POB69": 17.0, "POB69_R": 6.7, "POB70": 5.0, "POB70_R": 2.0, "POB71": 10.0, "POB71_R": 3.9, "POB72": 8.0, "POB72_R": 3.1, "POB73": 11.0, "POB73_R": 4.3, "POB74": 8.0, "POB74_R": 3.1, "POB75": 10.0, "POB75_R": 3.9, "POB76": 4.0, "POB76_R": 1.6, "POB77": 4.0, "POB77_R": 1.6, "POB78": 1.0, "POB78_R": 0.4, "POB79": 8.0, "POB79_R": 3.1, "POB80": 2.0, "POB80_R": 0.8, "POB81": 3.0, "POB81_R": 1.2, "POB82": 2.0, "POB82_R": 0.8, "POB83": 0.0, "POB83_R": 0.0, "POB86": 9.0, "POB86_R": 3.5, "POB99": 1.0, "POB99_R": 0.4, "POB109": 13.0, "POB109_R": 5.1, "POB110": 21.0, "POB110_R": 8.2, "POB111": 15.0, "POB111_R": 5.9, "POB112": 11.0, "POB112_R": 4.3, "POB113": 12.0, "POB113_R": 4.7, "POB114": 8.0, "POB114_R": 3.1, "POB115": 4.0, "POB115_R": 1.6, "POB116": 7.0, "POB116_R": 2.7, "POB117": 6.0, "POB117_R": 2.4, "POB118": 5.0, "POB118_R": 2.0, "POB119": 4.0, "POB119_R": 1.6, "POB120": 6.0, "POB120_R": 2.4, "POB121": 3.0, "POB121_R": 1.2, "POB122": 2.0, "POB122_R": 0.8, "POB123": 2.0, "POB123_R": 0.8, "POB124": 1.0, "POB124_R": 0.4, "OID": 3738 }, "geometry": { "type": "Point", "coordinates": [ -103.4174214, 20.3160286 ] } },
{ "type": "Feature", "properties": { "CVEGEO": "140500013", "NOM_ENT": "Jalisco", "NOM_MUN": "Jocotepec", "NOMGEO": "San Martín", "CVE_AGEB": "0057", "POB1": 32.0, "POB2": 1.0, "POB2_R": 3.1, "POB4": 4.0, "POB4_R": 12.5, "POB5": 3.0, "POB5_R": 9.4, "POB6": 5.0, "POB6_R": 15.6, "POB7": 4.0, "POB7_R": 12.5, "POB8": 12.0, "POB8_R": 37.5, "POB9": 1.0, "POB9_R": 3.1, "POB10": 1.0, "POB10_R": 3.1, "POB11": 4.0, "POB11_R": 12.5, "POB12": 19.0, "POB12_R": 59.4, "POB13": 0.0, "POB13_R": 0.0, "POB14": 12.0, "POB14_R": 37.5, "POB15": 1.0, "POB15_R": 3.1, "POB17": 31.0, "POB17_R": 96.9, "POB18": 29.0, "POB18_R": 90.6, "POB19": 24.0, "POB19_R": 75.0, "POB20": 20.0, "POB20_R": 62.5, "POB21": 19.0, "POB21_R": 59.4, "POB22": 19.0, "POB22_R": 59.4, "POB23": 3.0, "POB23_R": 9.4, "POB24": 1.0, "POB24_R": 3.1, "POB25": 0.0, "POB25_R": 0.0, "POB42": 22.0, "POB42_R": 68.8, "POB43": 1.0, "POB43_R": 3.1, "POB45": 4.0, "POB45_R": 12.5, "POB46": 2.0, "POB46_R": 6.3, "POB47": 4.0, "POB47_R": 12.5, "POB48": 4.0, "POB48_R": 12.5, "POB49": 11.0, "POB49_R": 34.4, "POB50": 1.0, "POB50_R": 3.1, "POB51": 1.0, "POB51_R": 3.1, "POB52": 3.0, "POB52_R": 9.4, "POB53": 9.0, "POB53_R": 28.1, "POB54": 10.0, "POB54_R": 31.3, "POB55": 0.0, "POB55_R": 0.0, "POB56": 6.0, "POB56_R": 18.8, "POB57": 1.0, "POB57_R": 3.1, "POB59": 21.0, "POB59_R": 65.6, "POB60": 19.0, "POB60_R": 59.4, "POB61": 15.0, "POB61_R": 46.9, "POB62": 11.0, "POB62_R": 34.4, "POB63": 10.0, "POB63_R": 31.3, "POB64": 10.0, "POB64_R": 31.3, "POB65": 1.0, "POB65_R": 3.1, "POB66": 1.0, "POB66_R": 3.1, "POB67": 0.0, "POB67_R": 0.0, "POB84": 10.0, "POB84_R": 31.3, "POB85": 0.0, "POB85_R": 0.0, "POB87": 0.0, "POB87_R": 0.0, "POB88": 1.0, "POB88_R": 3.1, "POB89": 1.0, "POB89_R": 3.1, "POB90": 0.0, "POB90_R": 0.0, "POB91": 1.0, "POB91_R": 3.1, "POB92": 0.0, "POB92_R": 0.0, "POB93": 0.0, "POB93_R": 0.0, "POB94": 1.0, "POB94_R": 3.1, "POB95": 9.0, "POB95_R": 28.1, "POB96": 0.0, "POB96_R": 0.0, "POB97": 6.0, "POB97_R": 18.8, "POB98": 0.0, "POB98_R": 0.0, "POB100": 10.0, "POB100_R": 31.3, "POB101": 10.0, "POB101_R": 31.3, "POB102": 9.0, "POB102_R": 28.1, "POB103": 9.0, "POB103_R": 28.1, "POB104": 9.0, "POB104_R": 28.1, "POB105": 9.0, "POB105_R": 28.1, "POB106": 2.0, "POB106_R": 6.3, "POB107": 0.0, "POB107_R": 0.0, "POB108": 0.0, "POB108_R": 0.0, "POB125_R": 45.5, "POB126_R": 68.4, "POB127_R": 63.2, "POB128_R": 5.3, "POB129_R": 29.5, "POB130_R": 15.5, "POB131_R": 38.5, "POB132_R": 25.0, "POB133_R": 9.1, "POB134_R": 200.0, "POB3": 3.0, "POB3_R": 9.4, "POB16": 2.0, "POB16_R": 6.3, "POB26": 5.0, "POB26_R": 15.6, "POB27": 4.0, "POB27_R": 12.5, "POB28": 1.0, "POB28_R": 3.1, "POB29": 0.0, "POB29_R": 0.0, "POB30": 3.0, "POB30_R": 9.4, "POB31": 4.0, "POB31_R": 12.5, "POB32": 4.0, "POB32_R": 12.5, "POB33": 4.0, "POB33_R": 12.5, "POB34": 0.0, "POB34_R": 0.0, "POB35": 0.0, "POB35_R": 0.0, "POB36": 1.0, "POB36_R": 3.1, "POB37": 1.0, "POB37_R": 3.1, "POB38": 0.0, "POB38_R": 0.0, "POB39": 0.0, "POB39_R": 0.0, "POB40": 0.0, "POB40_R": 0.0, "POB41": 0.0, "POB41_R": 0.0, "POB44": 3.0, "POB44_R": 9.4, "POB58": 0.0, "POB58_R": 0.0, "POB68": 4.0, "POB68_R": 12.5, "POB69": 4.0, "POB69_R": 12.5, "POB70": 1.0, "POB70_R": 3.1, "POB71": 0.0, "POB71_R": 0.0, "POB72": 2.0, "POB72_R": 6.3, "POB73": 2.0, "POB73_R": 6.3, "POB74": 3.0, "POB74_R": 9.4, "POB75": 1.0, "POB75_R": 3.1, "POB76": 0.0, "POB76_R": 0.0, "POB77": 0.0, "POB77_R": 0.0, "POB78": 1.0, "POB78_R": 3.1, "POB79": 1.0, "POB79_R": 3.1, "POB80": 0.0, "POB80_R": 0.0, "POB81": 0.0, "POB81_R": 0.0, "POB82": 0.0, "POB82_R": 0.0, "POB83": 0.0, "POB83_R": 0.0, "POB86": 0.0, "POB86_R": 0.0, "POB99": 2.0, "POB99_R": 6.3, "POB109": 1.0, "POB109_R": 3.1, "POB110": 0.0, "POB110_R": 0.0, "POB111": 0.0, "POB111_R": 0.0, "POB112": 0.0, "POB112_R": 0.0, "POB113": 1.0, "POB113_R": 3.1, "POB114": 2.0, "POB114_R": 6.3, "POB115": 1.0, "POB115_R": 3.1, "POB116": 3.0, "POB116_R": 9.4, "POB117": 0.0, "POB117_R": 0.0, "POB118": 0.0, "POB118_R": 0.0, "POB119": 0.0, "POB119_R": 0.0, "POB120": 0.0, "POB120_R": 0.0, "POB121": 0.0, "POB121_R": 0.0, "POB122": 0.0, "POB122_R": 0.0, "POB123": 0.0, "POB123_R": 0.0, "POB124": 0.0, "POB124_R": 0.0, "OID": 3739 }, "geometry": { "type": "Point", "coordinates": [ -103.4346997, 20.2490219 ] } },
{ "type": "Feature", "properties": { "CVEGEO": "140500014", "NOM_ENT": "Jalisco", "NOM_MUN": "Jocotepec", "NOMGEO": "San Pedro Tesistán", "CVE_AGEB": "0061", "POB1": 1217.0, "POB2": 69.0, "POB2_R": 5.7, "POB4": 76.0, "POB4_R": 6.2, "POB5": 143.0, "POB5_R": 11.8, "POB6": 158.0, "POB6_R": 13.0, "POB7": 66.0, "POB7_R": 5.4, "POB8": 354.0, "POB8_R": 29.1, "POB9": 69.0, "POB9_R": 5.7, "POB10": 210.0, "POB10_R": 17.3, "POB11": 300.0, "POB11_R": 24.7, "POB12": 723.0, "POB12_R": 59.4, "POB13": 141.0, "POB13_R": 11.6, "POB14": 289.0, "POB14_R": 23.7, "POB15": 102.0, "POB15_R": 8.4, "POB17": 1148.0, "POB17_R": 94.3, "POB18": 1093.0, "POB18_R": 89.8, "POB19": 929.0, "POB19_R": 76.3, "POB20": 863.0, "POB20_R": 70.9, "POB21": 794.0, "POB21_R": 65.2, "POB22": 653.0, "POB22_R": 53.7, "POB23": 172.0, "POB23_R": 14.1, "POB24": 140.0, "POB24_R": 11.5, "POB25": 112.0, "POB25_R": 9.2, "POB42": 609.0, "POB42_R": 50.0, "POB43": 34.0, "POB43_R": 2.8, "POB45": 36.0, "POB45_R": 3.0, "POB46": 62.0, "POB46_R": 5.1, "POB47": 76.0, "POB47_R": 6.2, "POB48": 35.0, "POB48_R": 2.9, "POB49": 167.0, "POB49_R": 13.7, "POB50": 32.0, "POB50_R": 2.6, "POB51": 103.0, "POB51_R": 8.5, "POB52": 151.0, "POB52_R": 12.4, "POB53": 297.0, "POB53_R": 24.4, "POB54": 368.0, "POB54_R": 30.2, "POB55": 71.0, "POB55_R": 5.8, "POB56": 146.0, "POB56_R": 12.0, "POB57": 53.0, "POB57_R": 4.4, "POB59": 575.0, "POB59_R": 47.2, "POB60": 548.0, "POB60_R": 45.0, "POB61": 477.0, "POB61_R": 39.2, "POB62": 442.0, "POB62_R": 36.3, "POB63": 410.0, "POB63_R": 33.7, "POB64": 339.0, "POB64_R": 27.9, "POB65": 92.0, "POB65_R": 7.6, "POB66": 74.0, "POB66_R": 6.1, "POB67": 60.0, "POB67_R": 4.9, "POB84": 608.0, "POB84_R": 50.0, "POB85": 35.0, "POB85_R": 2.9, "POB87": 40.0, "POB87_R": 3.3, "POB88": 81.0, "POB88_R": 6.7, "POB89": 82.0, "POB89_R": 6.7, "POB90": 31.0, "POB90_R": 2.5, "POB91": 187.0, "POB91_R": 15.4, "POB92": 37.0, "POB92_R": 3.0, "POB93": 107.0, "POB93_R": 8.8, "POB94": 149.0, "POB94_R": 12.2, "POB95": 355.0, "POB95_R": 29.2, "POB96": 70.0, "POB96_R": 5.8, "POB97": 143.0, "POB97_R": 11.8, "POB98": 49.0, "POB98_R": 4.0, "POB100": 573.0, "POB100_R": 47.1, "POB101": 545.0, "POB101_R": 44.8, "POB102": 452.0, "POB102_R": 37.1, "POB103": 421.0, "POB103_R": 34.6, "POB104": 384.0, "POB104_R": 31.6, "POB105": 314.0, "POB105_R": 25.8, "POB106": 80.0, "POB106_R": 6.6, "POB107": 66.0, "POB107_R": 5.4, "POB108": 52.0, "POB108_R": 4.3, "POB125_R": 99.8, "POB126_R": 68.3, "POB127_R": 49.0, "POB128_R": 19.4, "POB129_R": 27.0, "POB130_R": 27.0, "POB131_R": 25.5, "POB132_R": 48.6, "POB133_R": 55.1, "POB134_R": 42.8, "POB3": 124.0, "POB3_R": 10.2, "POB16": 32.0, "POB16_R": 2.6, "POB26": 117.0, "POB26_R": 9.6, "POB27": 113.0, "POB27_R": 9.3, "POB28": 103.0, "POB28_R": 8.5, "POB29": 107.0, "POB29_R": 8.8, "POB30": 90.0, "POB30_R": 7.4, "POB31": 72.0, "POB31_R": 5.9, "POB32": 68.0, "POB32_R": 5.6, "POB33": 84.0, "POB33_R": 6.9, "POB34": 65.0, "POB34_R": 5.3, "POB35": 56.0, "POB35_R": 4.6, "POB36": 46.0, "POB36_R": 3.8, "POB37": 28.0, "POB37_R": 2.3, "POB38": 35.0, "POB38_R": 2.9, "POB39": 32.0, "POB39_R": 2.6, "POB40": 20.0, "POB40_R": 1.6, "POB41": 25.0, "POB41_R": 2.1, "POB44": 61.0, "POB44_R": 5.0, "POB58": 18.0, "POB58_R": 1.5, "POB68": 46.0, "POB68_R": 3.8, "POB69": 60.0, "POB69_R": 4.9, "POB70": 51.0, "POB70_R": 4.2, "POB71": 52.0, "POB71_R": 4.3, "POB72": 48.0, "POB72_R": 3.9, "POB73": 27.0, "POB73_R": 2.2, "POB74": 42.0, "POB74_R": 3.5, "POB75": 43.0, "POB75_R": 3.5, "POB76": 34.0, "POB76_R": 2.8, "POB77": 27.0, "POB77_R": 2.2, "POB78": 26.0, "POB78_R": 2.1, "POB79": 14.0, "POB79_R": 1.2, "POB80": 19.0, "POB80_R": 1.6, "POB81": 17.0, "POB81_R": 1.4, "POB82": 10.0, "POB82_R": 0.8, "POB83": 14.0, "POB83_R": 1.2, "POB86": 63.0, "POB86_R": 5.2, "POB99": 14.0, "POB99_R": 1.2, "POB109": 71.0, "POB109_R": 5.8, "POB110": 53.0, "POB110_R": 4.4, "POB111": 52.0, "POB111_R": 4.3, "POB112": 55.0, "POB112_R": 4.5, "POB113": 42.0, "POB113_R": 3.5, "POB114": 45.0, "POB114_R": 3.7, "POB115": 26.0, "POB115_R": 2.1, "POB116": 41.0, "POB116_R": 3.4, "POB117": 31.0, "POB117_R": 2.5, "POB118": 29.0, "POB118_R": 2.4, "POB119": 20.0, "POB119_R": 1.6, "POB120": 14.0, "POB120_R": 1.2, "POB121": 16.0, "POB121_R": 1.3, "POB122": 15.0, "POB122_R": 1.2, "POB123": 10.0, "POB123_R": 0.8, "POB124": 11.0, "POB124_R": 0.9, "OID": 3740 }, "geometry": { "type": "Point", "coordinates": [ -103.4156767, 20.2283814 ] } },
{ "type": "Feature", "properties": { "CVEGEO": "140500015", "NOM_ENT": "Jalisco", "NOM_MUN": "Jocotepec", "NOMGEO": "El Sauz", "CVE_AGEB": "0061", "POB1": 263.0, "POB2": 17.0, "POB2_R": 6.5, "POB4": 20.0, "POB4_R": 7.6, "POB5": 32.0, "POB5_R": 12.2, "POB6": 33.0, "POB6_R": 12.5, "POB7": 11.0, "POB7_R": 4.2, "POB8": 80.0, "POB8_R": 30.4, "POB9": 13.0, "POB9_R": 4.9, "POB10": 41.0, "POB10_R": 15.6, "POB11": 60.0, "POB11_R": 22.8, "POB12": 157.0, "POB12_R": 59.7, "POB13": 28.0, "POB13_R": 10.6, "POB14": 62.0, "POB14_R": 23.6, "POB15": 26.0, "POB15_R": 9.9, "POB17": 246.0, "POB17_R": 93.5, "POB18": 234.0, "POB18_R": 89.0, "POB19": 194.0, "POB19_R": 73.8, "POB20": 183.0, "POB20_R": 69.6, "POB21": 170.0, "POB21_R": 64.6, "POB22": 142.0, "POB22_R": 54.0, "POB23": 35.0, "POB23_R": 13.3, "POB24": 26.0, "POB24_R": 9.9, "POB25": 15.0, "POB25_R": 5.7, "POB42": 128.0, "POB42_R": 48.7, "POB43": 7.0, "POB43_R": 2.7, "POB45": 11.0, "POB45_R": 4.2, "POB46": 18.0, "POB46_R": 6.8, "POB47": 18.0, "POB47_R": 6.8, "POB48": 6.0, "POB48_R": 2.3, "POB49": 42.0, "POB49_R": 16.0, "POB50": 5.0, "POB50_R": 1.9, "POB51": 16.0, "POB51_R": 6.1, "POB52": 26.0, "POB52_R": 9.9, "POB53": 60.0, "POB53_R": 22.8, "POB54": 75.0, "POB54_R": 28.5, "POB55": 11.0, "POB55_R": 4.2, "POB56": 34.0, "POB56_R": 12.9, "POB57": 12.0, "POB57_R": 4.6, "POB59": 121.0, "POB59_R": 46.0, "POB60": 116.0, "POB60_R": 44.1, "POB61": 92.0, "POB61_R": 35.0, "POB62": 86.0, "POB62_R": 32.7, "POB63": 81.0, "POB63_R": 30.8, "POB64": 70.0, "POB64_R": 26.6, "POB65": 14.0, "POB65_R": 5.3, "POB66": 11.0, "POB66_R": 4.2, "POB67": 6.0, "POB67_R": 2.3, "POB84": 135.0, "POB84_R": 51.3, "POB85": 10.0, "POB85_R": 3.8, "POB87": 9.0, "POB87_R": 3.4, "POB88": 14.0, "POB88_R": 5.3, "POB89": 15.0, "POB89_R": 5.7, "POB90": 5.0, "POB90_R": 1.9, "POB91": 38.0, "POB91_R": 14.4, "POB92": 8.0, "POB92_R": 3.0, "POB93": 25.0, "POB93_R": 9.5, "POB94": 34.0, "POB94_R": 12.9, "POB95": 82.0, "POB95_R": 31.2, "POB96": 17.0, "POB96_R": 6.5, "POB97": 28.0, "POB97_R": 10.6, "POB98": 14.0, "POB98_R": 5.3, "POB100": 125.0, "POB100_R": 47.5, "POB101": 118.0, "POB101_R": 44.9, "POB102": 102.0, "POB102_R": 38.8, "POB103": 97.0, "POB103_R": 36.9, "POB104": 89.0, "POB104_R": 33.8, "POB105": 72.0, "POB105_R": 27.4, "POB106": 21.0, "POB106_R": 8.0, "POB107": 15.0, "POB107_R": 5.7, "POB108": 9.0, "POB108_R": 3.4, "POB125_R": 105.5, "POB126_R": 67.5, "POB127_R": 51.0, "POB128_R": 16.6, "POB129_R": 27.0, "POB130_R": 27.0, "POB131_R": 27.0, "POB132_R": 43.8, "POB133_R": 33.3, "POB134_R": 55.3, "POB3": 29.0, "POB3_R": 11.0, "POB16": 9.0, "POB16_R": 3.4, "POB26": 26.0, "POB26_R": 9.9, "POB27": 25.0, "POB27_R": 9.5, "POB28": 22.0, "POB28_R": 8.4, "POB29": 19.0, "POB29_R": 7.2, "POB30": 19.0, "POB30_R": 7.2, "POB31": 19.0, "POB31_R": 7.2, "POB32": 18.0, "POB32_R": 6.8, "POB33": 15.0, "POB33_R": 5.7, "POB34": 10.0, "POB34_R": 3.8, "POB35": 14.0, "POB35_R": 5.3, "POB36": 12.0, "POB36_R": 4.6, "POB37": 11.0, "POB37_R": 4.2, "POB38": 2.0, "POB38_R": 0.8, "POB39": 6.0, "POB39_R": 2.3, "POB40": 5.0, "POB40_R": 1.9, "POB41": 2.0, "POB41_R": 0.8, "POB44": 12.0, "POB44_R": 4.6, "POB58": 3.0, "POB58_R": 1.1, "POB68": 17.0, "POB68_R": 6.5, "POB69": 13.0, "POB69_R": 4.9, "POB70": 7.0, "POB70_R": 2.7, "POB71": 9.0, "POB71_R": 3.4, "POB72": 10.0, "POB72_R": 3.8, "POB73": 10.0, "POB73_R": 3.8, "POB74": 10.0, "POB74_R": 3.8, "POB75": 8.0, "POB75_R": 3.0, "POB76": 6.0, "POB76_R": 2.3, "POB77": 7.0, "POB77_R": 2.7, "POB78": 5.0, "POB78_R": 1.9, "POB79": 5.0, "POB79_R": 1.9, "POB80": 0.0, "POB80_R": 0.0, "POB81": 3.0, "POB81_R": 1.1, "POB82": 2.0, "POB82_R": 0.8, "POB83": 1.0, "POB83_R": 0.4, "POB86": 17.0, "POB86_R": 6.5, "POB99": 6.0, "POB99_R": 2.3, "POB109": 9.0, "POB109_R": 3.4, "POB110": 12.0, "POB110_R": 4.6, "POB111": 15.0, "POB111_R": 5.7, "POB112": 10.0, "POB112_R": 3.8, "POB113": 9.0, "POB113_R": 3.4, "POB114": 9.0, "POB114_R": 3.4, "POB115": 8.0, "POB115_R": 3.0, "POB116": 7.0, "POB116_R": 2.7, "POB117": 4.0, "POB117_R": 1.5, "POB118": 7.0, "POB118_R": 2.7, "POB119": 7.0, "POB119_R": 2.7, "POB120": 6.0, "POB120_R": 2.3, "POB121": 2.0, "POB121_R": 0.8, "POB122": 3.0, "POB122_R": 1.1, "POB123": 3.0, "POB123_R": 1.1, "POB124": 1.0, "POB124_R": 0.4, "OID": 3741 }, "geometry": { "type": "Point", "coordinates": [ -103.3780328, 20.1856975 ] } },
{ "type": "Feature", "properties": { "CVEGEO": "140500016", "NOM_ENT": "Jalisco", "NOM_MUN": "Jocotepec", "NOMGEO": "Las Trojes", "CVE_AGEB": "0023", "POB1": 705.0, "POB2": 44.0, "POB2_R": 6.2, "POB4": 51.0, "POB4_R": 7.2, "POB5": 85.0, "POB5_R": 12.1, "POB6": 103.0, "POB6_R": 14.6, "POB7": 40.0, "POB7_R": 5.7, "POB8": 220.0, "POB8_R": 31.2, "POB9": 42.0, "POB9_R": 6.0, "POB10": 103.0, "POB10_R": 14.6, "POB11": 151.0, "POB11_R": 21.4, "POB12": 396.0, "POB12_R": 56.2, "POB13": 61.0, "POB13_R": 8.7, "POB14": 173.0, "POB14_R": 24.5, "POB15": 51.0, "POB15_R": 7.2, "POB17": 661.0, "POB17_R": 93.8, "POB18": 625.0, "POB18_R": 88.7, "POB19": 525.0, "POB19_R": 74.5, "POB20": 485.0, "POB20_R": 68.8, "POB21": 443.0, "POB21_R": 62.8, "POB22": 382.0, "POB22_R": 54.2, "POB23": 110.0, "POB23_R": 15.6, "POB24": 89.0, "POB24_R": 12.6, "POB25": 63.0, "POB25_R": 8.9, "POB42": 352.0, "POB42_R": 49.9, "POB43": 17.0, "POB43_R": 2.4, "POB45": 32.0, "POB45_R": 4.5, "POB46": 43.0, "POB46_R": 6.1, "POB47": 55.0, "POB47_R": 7.8, "POB48": 23.0, "POB48_R": 3.3, "POB49": 115.0, "POB49_R": 16.3, "POB50": 20.0, "POB50_R": 2.8, "POB51": 50.0, "POB51_R": 7.1, "POB52": 75.0, "POB52_R": 10.6, "POB53": 158.0, "POB53_R": 22.4, "POB54": 196.0, "POB54_R": 27.8, "POB55": 30.0, "POB55_R": 4.3, "POB56": 83.0, "POB56_R": 11.8, "POB57": 27.0, "POB57_R": 3.8, "POB59": 335.0, "POB59_R": 47.5, "POB60": 315.0, "POB60_R": 44.7, "POB61": 260.0, "POB61_R": 36.9, "POB62": 237.0, "POB62_R": 33.6, "POB63": 217.0, "POB63_R": 30.8, "POB64": 187.0, "POB64_R": 26.5, "POB65": 52.0, "POB65_R": 7.4, "POB66": 41.0, "POB66_R": 5.8, "POB67": 28.0, "POB67_R": 4.0, "POB84": 353.0, "POB84_R": 50.1, "POB85": 27.0, "POB85_R": 3.8, "POB87": 19.0, "POB87_R": 2.7, "POB88": 42.0, "POB88_R": 6.0, "POB89": 48.0, "POB89_R": 6.8, "POB90": 17.0, "POB90_R": 2.4, "POB91": 105.0, "POB91_R": 14.9, "POB92": 22.0, "POB92_R": 3.1, "POB93": 53.0, "POB93_R": 7.5, "POB94": 76.0, "POB94_R": 10.8, "POB95": 200.0, "POB95_R": 28.4, "POB96": 31.0, "POB96_R": 4.4, "POB97": 90.0, "POB97_R": 12.8, "POB98": 24.0, "POB98_R": 3.4, "POB100": 326.0, "POB100_R": 46.2, "POB101": 310.0, "POB101_R": 44.0, "POB102": 265.0, "POB102_R": 37.6, "POB103": 248.0, "POB103_R": 35.2, "POB104": 226.0, "POB104_R": 32.1, "POB105": 195.0, "POB105_R": 27.7, "POB106": 58.0, "POB106_R": 8.2, "POB107": 48.0, "POB107_R": 6.8, "POB108": 35.0, "POB108_R": 5.0, "POB125_R": 100.3, "POB126_R": 78.0, "POB127_R": 55.6, "POB128_R": 22.5, "POB129_R": 27.0, "POB130_R": 27.0, "POB131_R": 28.0, "POB132_R": 50.0, "POB133_R": 45.2, "POB134_R": 55.2, "POB3": 80.0, "POB3_R": 11.3, "POB16": 21.0, "POB16_R": 3.0, "POB26": 74.0, "POB26_R": 10.5, "POB27": 66.0, "POB27_R": 9.4, "POB28": 66.0, "POB28_R": 9.4, "POB29": 37.0, "POB29_R": 5.2, "POB30": 48.0, "POB30_R": 6.8, "POB31": 55.0, "POB31_R": 7.8, "POB32": 41.0, "POB32_R": 5.8, "POB33": 45.0, "POB33_R": 6.4, "POB34": 32.0, "POB34_R": 4.5, "POB35": 22.0, "POB35_R": 3.1, "POB36": 29.0, "POB36_R": 4.1, "POB37": 26.0, "POB37_R": 3.7, "POB38": 28.0, "POB38_R": 4.0, "POB39": 16.0, "POB39_R": 2.3, "POB40": 11.0, "POB40_R": 1.6, "POB41": 8.0, "POB41_R": 1.1, "POB44": 37.0, "POB44_R": 5.2, "POB58": 11.0, "POB58_R": 1.6, "POB68": 42.0, "POB68_R": 6.0, "POB69": 36.0, "POB69_R": 5.1, "POB70": 32.0, "POB70_R": 4.5, "POB71": 18.0, "POB71_R": 2.6, "POB72": 25.0, "POB72_R": 3.5, "POB73": 30.0, "POB73_R": 4.3, "POB74": 18.0, "POB74_R": 2.6, "POB75": 20.0, "POB75_R": 2.8, "POB76": 15.0, "POB76_R": 2.1, "POB77": 11.0, "POB77_R": 1.6, "POB78": 16.0, "POB78_R": 2.3, "POB79": 13.0, "POB79_R": 1.8, "POB80": 17.0, "POB80_R": 2.4, "POB81": 1.0, "POB81_R": 0.1, "POB82": 7.0, "POB82_R": 1.0, "POB83": 3.0, "POB83_R": 0.4, "POB86": 43.0, "POB86_R": 6.1, "POB99": 10.0, "POB99_R": 1.4, "POB109": 32.0, "POB109_R": 4.5, "POB110": 30.0, "POB110_R": 4.3, "POB111": 34.0, "POB111_R": 4.8, "POB112": 19.0, "POB112_R": 2.7, "POB113": 23.0, "POB113_R": 3.3, "POB114": 25.0, "POB114_R": 3.5, "POB115": 23.0, "POB115_R": 3.3, "POB116": 25.0, "POB116_R": 3.5, "POB117": 17.0, "POB117_R": 2.4, "POB118": 11.0, "POB118_R": 1.6, "POB119": 13.0, "POB119_R": 1.8, "POB120": 13.0, "POB120_R": 1.8, "POB121": 11.0, "POB121_R": 1.6, "POB122": 15.0, "POB122_R": 2.1, "POB123": 4.0, "POB123_R": 0.6, "POB124": 5.0, "POB124_R": 0.7, "OID": 3742 }, "geometry": { "type": "Point", "coordinates": [ -103.3294711, 20.3336847 ] } },
{ "type": "Feature", "properties": { "CVEGEO": "140500019", "NOM_ENT": "Jalisco", "NOM_MUN": "Jocotepec", "NOMGEO": "Jaltepec", "CVE_AGEB": "0023", "POB1": 24.0, "POB2": 2.0, "POB2_R": 8.3, "POB4": 1.0, "POB4_R": 4.2, "POB5": 1.0, "POB5_R": 4.2, "POB6": 3.0, "POB6_R": 12.5, "POB7": 3.0, "POB7_R": 12.5, "POB8": 7.0, "POB8_R": 29.2, "POB9": 2.0, "POB9_R": 8.3, "POB10": 5.0, "POB10_R": 20.8, "POB11": 6.0, "POB11_R": 25.0, "POB12": 15.0, "POB12_R": 62.5, "POB13": 3.0, "POB13_R": 12.5, "POB14": 7.0, "POB14_R": 29.2, "POB15": 0.0, "POB15_R": 0.0, "POB17": 22.0, "POB17_R": 91.7, "POB18": 22.0, "POB18_R": 91.7, "POB19": 20.0, "POB19_R": 83.3, "POB20": 17.0, "POB20_R": 70.8, "POB21": 15.0, "POB21_R": 62.5, "POB22": 12.0, "POB22_R": 50.0, "POB23": 4.0, "POB23_R": 16.7, "POB24": 2.0, "POB24_R": 8.3, "POB25": 2.0, "POB25_R": 8.3, "POB42": 13.0, "POB42_R": 54.2, "POB43": 2.0, "POB43_R": 8.3, "POB45": 0.0, "POB45_R": 0.0, "POB46": 0.0, "POB46_R": 0.0, "POB47": 3.0, "POB47_R": 12.5, "POB48": 3.0, "POB48_R": 12.5, "POB49": 5.0, "POB49_R": 20.8, "POB50": 1.0, "POB50_R": 4.2, "POB51": 1.0, "POB51_R": 4.2, "POB52": 2.0, "POB52_R": 8.3, "POB53": 6.0, "POB53_R": 25.0, "POB54": 7.0, "POB54_R": 29.2, "POB55": 0.0, "POB55_R": 0.0, "POB56": 4.0, "POB56_R": 16.7, "POB57": 0.0, "POB57_R": 0.0, "POB59": 11.0, "POB59_R": 45.8, "POB60": 11.0, "POB60_R": 45.8, "POB61": 11.0, "POB61_R": 45.8, "POB62": 8.0, "POB62_R": 33.3, "POB63": 7.0, "POB63_R": 29.2, "POB64": 7.0, "POB64_R": 29.2, "POB65": 2.0, "POB65_R": 8.3, "POB66": 1.0, "POB66_R": 4.2, "POB67": 1.0, "POB67_R": 4.2, "POB84": 11.0, "POB84_R": 45.8, "POB85": 0.0, "POB85_R": 0.0, "POB87": 1.0, "POB87_R": 4.2, "POB88": 1.0, "POB88_R": 4.2, "POB89": 0.0, "POB89_R": 0.0, "POB90": 0.0, "POB90_R": 0.0, "POB91": 2.0, "POB91_R": 8.3, "POB92": 1.0, "POB92_R": 4.2, "POB93": 4.0, "POB93_R": 16.7, "POB94": 4.0, "POB94_R": 16.7, "POB95": 8.0, "POB95_R": 33.3, "POB96": 3.0, "POB96_R": 12.5, "POB97": 3.0, "POB97_R": 12.5, "POB98": 0.0, "POB98_R": 0.0, "POB100": 11.0, "POB100_R": 45.8, "POB101": 11.0, "POB101_R": 45.8, "POB102": 9.0, "POB102_R": 37.5, "POB103": 9.0, "POB103_R": 37.5, "POB104": 8.0, "POB104_R": 33.3, "POB105": 5.0, "POB105_R": 20.8, "POB106": 2.0, "POB106_R": 8.3, "POB107": 1.0, "POB107_R": 4.2, "POB108": 1.0, "POB108_R": 4.2, "POB125_R": 84.6, "POB126_R": 60.0, "POB127_R": 46.7, "POB128_R": 13.3, "POB129_R": 24.5, "POB130_R": 25.0, "POB131_R": 24.0, "POB132_R": 57.1, "POB133_R": 40.0, "POB134_R": 100.0, "POB3": 2.0, "POB3_R": 8.3, "POB16": 2.0, "POB16_R": 8.3, "POB26": 2.0, "POB26_R": 8.3, "POB27": 3.0, "POB27_R": 12.5, "POB28": 3.0, "POB28_R": 12.5, "POB29": 2.0, "POB29_R": 8.3, "POB30": 1.0, "POB30_R": 4.2, "POB31": 0.0, "POB31_R": 0.0, "POB32": 3.0, "POB32_R": 12.5, "POB33": 2.0, "POB33_R": 8.3, "POB34": 2.0, "POB34_R": 8.3, "POB35": 0.0, "POB35_R": 0.0, "POB36": 0.0, "POB36_R": 0.0, "POB37": 0.0, "POB37_R": 0.0, "POB38": 2.0, "POB38_R": 8.3, "POB39": 0.0, "POB39_R": 0.0, "POB40": 0.0, "POB40_R": 0.0, "POB41": 0.0, "POB41_R": 0.0, "POB44": 2.0, "POB44_R": 8.3, "POB58": 1.0, "POB58_R": 4.2, "POB68": 0.0, "POB68_R": 0.0, "POB69": 3.0, "POB69_R": 12.5, "POB70": 1.0, "POB70_R": 4.2, "POB71": 0.0, "POB71_R": 0.0, "POB72": 1.0, "POB72_R": 4.2, "POB73": 0.0, "POB73_R": 0.0, "POB74": 2.0, "POB74_R": 8.3, "POB75": 2.0, "POB75_R": 8.3, "POB76": 0.0, "POB76_R": 0.0, "POB77": 0.0, "POB77_R": 0.0, "POB78": 0.0, "POB78_R": 0.0, "POB79": 0.0, "POB79_R": 0.0, "POB80": 1.0, "POB80_R": 4.2, "POB81": 0.0, "POB81_R": 0.0, "POB82": 0.0, "POB82_R": 0.0, "POB83": 0.0, "POB83_R": 0.0, "POB86": 0.0, "POB86_R": 0.0, "POB99": 1.0, "POB99_R": 4.2, "POB109": 2.0, "POB109_R": 8.3, "POB110": 0.0, "POB110_R": 0.0, "POB111": 2.0, "POB111_R": 8.3, "POB112": 2.0, "POB112_R": 8.3, "POB113": 0.0, "POB113_R": 0.0, "POB114": 0.0, "POB114_R": 0.0, "POB115": 1.0, "POB115_R": 4.2, "POB116": 0.0, "POB116_R": 0.0, "POB117": 2.0, "POB117_R": 8.3, "POB118": 0.0, "POB118_R": 0.0, "POB119": 0.0, "POB119_R": 0.0, "POB120": 0.0, "POB120_R": 0.0, "POB121": 1.0, "POB121_R": 4.2, "POB122": 0.0, "POB122_R": 0.0, "POB123": 0.0, "POB123_R": 0.0, "POB124": 0.0, "POB124_R": 0.0, "OID": 3743 }, "geometry": { "type": "Point", "coordinates": [ -103.3775089, 20.2957425 ] } },
{ "type": "Feature", "properties": { "CVEGEO": "140500020", "NOM_ENT": "Jalisco", "NOM_MUN": "Jocotepec", "NOMGEO": "Los Sabinos", "CVE_AGEB": "0023", "POB1": 7.0, "POB2": -6.0, "POB2_R": -6.0, "POB4": -6.0, "POB4_R": -6.0, "POB5": -6.0, "POB5_R": -6.0, "POB6": -6.0, "POB6_R": -6.0, "POB7": -6.0, "POB7_R": -6.0, "POB8": -6.0, "POB8_R": -6.0, "POB9": -6.0, "POB9_R": -6.0, "POB10": -6.0, "POB10_R": -6.0, "POB11": -6.0, "POB11_R": -6.0, "POB12": -6.0, "POB12_R": -6.0, "POB13": -6.0, "POB13_R": -6.0, "POB14": -6.0, "POB14_R": -6.0, "POB15": -6.0, "POB15_R": -6.0, "POB17": -6.0, "POB17_R": -6.0, "POB18": -6.0, "POB18_R": -6.0, "POB19": -6.0, "POB19_R": -6.0, "POB20": -6.0, "POB20_R": -6.0, "POB21": -6.0, "POB21_R": -6.0, "POB22": -6.0, "POB22_R": -6.0, "POB23": -6.0, "POB23_R": -6.0, "POB24": -6.0, "POB24_R": -6.0, "POB25": -6.0, "POB25_R": -6.0, "POB42": -6.0, "POB42_R": -6.0, "POB43": -6.0, "POB43_R": -6.0, "POB45": -6.0, "POB45_R": -6.0, "POB46": -6.0, "POB46_R": -6.0, "POB47": -6.0, "POB47_R": -6.0, "POB48": -6.0, "POB48_R": -6.0, "POB49": -6.0, "POB49_R": -6.0, "POB50": -6.0, "POB50_R": -6.0, "POB51": -6.0, "POB51_R": -6.0, "POB52": -6.0, "POB52_R": -6.0, "POB53": -6.0, "POB53_R": -6.0, "POB54": -6.0, "POB54_R": -6.0, "POB55": -6.0, "POB55_R": -6.0, "POB56": -6.0, "POB56_R": -6.0, "POB57": -6.0, "POB57_R": -6.0, "POB59": -6.0, "POB59_R": -6.0, "POB60": -6.0, "POB60_R": -6.0, "POB61": -6.0, "POB61_R": -6.0, "POB62": -6.0, "POB62_R": -6.0, "POB63": -6.0, "POB63_R": -6.0, "POB64": -6.0, "POB64_R": -6.0, "POB65": -6.0, "POB65_R": -6.0, "POB66": -6.0, "POB66_R": -6.0, "POB67": -6.0, "POB67_R": -6.0, "POB84": -6.0, "POB84_R": -6.0, "POB85": -6.0, "POB85_R": -6.0, "POB87": -6.0, "POB87_R": -6.0, "POB88": -6.0, "POB88_R": -6.0, "POB89": -6.0, "POB89_R": -6.0, "POB90": -6.0, "POB90_R": -6.0, "POB91": -6.0, "POB91_R": -6.0, "POB92": -6.0, "POB92_R": -6.0, "POB93": -6.0, "POB93_R": -6.0, "POB94": -6.0, "POB94_R": -6.0, "POB95": -6.0, "POB95_R": -6.0, "POB96": -6.0, "POB96_R": -6.0, "POB97": -6.0, "POB97_R": -6.0, "POB98": -6.0, "POB98_R": -6.0, "POB100": -6.0, "POB100_R": -6.0, "POB101": -6.0, "POB101_R": -6.0, "POB102": -6.0, "POB102_R": -6.0, "POB103": -6.0, "POB103_R": -6.0, "POB104": -6.0, "POB104_R": -6.0, "POB105": -6.0, "POB105_R": -6.0, "POB106": -6.0, "POB106_R": -6.0, "POB107": -6.0, "POB107_R": -6.0, "POB108": -6.0, "POB108_R": -6.0, "POB125_R": -6.0, "POB126_R": -6.0, "POB127_R": -6.0, "POB128_R": -6.0, "POB129_R": -6.0, "POB130_R": -6.0, "POB131_R": -6.0, "POB132_R": -6.0, "POB133_R": -6.0, "POB134_R": -6.0, "POB3": -6.0, "POB3_R": -6.0, "POB16": -6.0, "POB16_R": -6.0, "POB26": -6.0, "POB26_R": -6.0, "POB27": -6.0, "POB27_R": -6.0, "POB28": -6.0, "POB28_R": -6.0, "POB29": -6.0, "POB29_R": -6.0, "POB30": -6.0, "POB30_R": -6.0, "POB31": -6.0, "POB31_R": -6.0, "POB32": -6.0, "POB32_R": -6.0, "POB33": -6.0, "POB33_R": -6.0, "POB34": -6.0, "POB34_R": -6.0, "POB35": -6.0, "POB35_R": -6.0, "POB36": -6.0, "POB36_R": -6.0, "POB37": -6.0, "POB37_R": -6.0, "POB38": -6.0, "POB38_R": -6.0, "POB39": -6.0, "POB39_R": -6.0, "POB40": -6.0, "POB40_R": -6.0, "POB41": -6.0, "POB41_R": -6.0, "POB44": -6.0, "POB44_R": -6.0, "POB58": -6.0, "POB58_R": -6.0, "POB68": -6.0, "POB68_R": -6.0, "POB69": -6.0, "POB69_R": -6.0, "POB70": -6.0, "POB70_R": -6.0, "POB71": -6.0, "POB71_R": -6.0, "POB72": -6.0, "POB72_R": -6.0, "POB73": -6.0, "POB73_R": -6.0, "POB74": -6.0, "POB74_R": -6.0, "POB75": -6.0, "POB75_R": -6.0, "POB76": -6.0, "POB76_R": -6.0, "POB77": -6.0, "POB77_R": -6.0, "POB78": -6.0, "POB78_R": -6.0, "POB79": -6.0, "POB79_R": -6.0, "POB80": -6.0, "POB80_R": -6.0, "POB81": -6.0, "POB81_R": -6.0, "POB82": -6.0, "POB82_R": -6.0, "POB83": -6.0, "POB83_R": -6.0, "POB86": -6.0, "POB86_R": -6.0, "POB99": -6.0, "POB99_R": -6.0, "POB109": -6.0, "POB109_R": -6.0, "POB110": -6.0, "POB110_R": -6.0, "POB111": -6.0, "POB111_R": -6.0, "POB112": -6.0, "POB112_R": -6.0, "POB113": -6.0, "POB113_R": -6.0, "POB114": -6.0, "POB114_R": -6.0, "POB115": -6.0, "POB115_R": -6.0, "POB116": -6.0, "POB116_R": -6.0, "POB117": -6.0, "POB117_R": -6.0, "POB118": -6.0, "POB118_R": -6.0, "POB119": -6.0, "POB119_R": -6.0, "POB120": -6.0, "POB120_R": -6.0, "POB121": -6.0, "POB121_R": -6.0, "POB122": -6.0, "POB122_R": -6.0, "POB123": -6.0, "POB123_R": -6.0, "POB124": -6.0, "POB124_R": -6.0, "OID": 3744 }, "geometry": { "type": "Point", "coordinates": [ -103.3103122, 20.3687306 ] } },
{ "type": "Feature", "properties": { "CVEGEO": "140500021", "NOM_ENT": "Jalisco", "NOM_MUN": "Jocotepec", "NOMGEO": "San Pablo", "CVE_AGEB": "0023", "POB1": 127.0, "POB2": 4.0, "POB2_R": 3.1, "POB4": 1.0, "POB4_R": 0.8, "POB5": 9.0, "POB5_R": 7.1, "POB6": 6.0, "POB6_R": 4.7, "POB7": 0.0, "POB7_R": 0.0, "POB8": 14.0, "POB8_R": 11.0, "POB9": 3.0, "POB9_R": 2.4, "POB10": 13.0, "POB10_R": 10.2, "POB11": 18.0, "POB11_R": 14.2, "POB12": 57.0, "POB12_R": 44.9, "POB13": 10.0, "POB13_R": 7.9, "POB14": 16.0, "POB14_R": 12.6, "POB15": 15.0, "POB15_R": 11.8, "POB17": 123.0, "POB17_R": 96.9, "POB18": 123.0, "POB18_R": 96.9, "POB19": 113.0, "POB19_R": 89.0, "POB20": 113.0, "POB20_R": 89.0, "POB21": 110.0, "POB21_R": 86.6, "POB22": 100.0, "POB22_R": 78.7, "POB23": 64.0, "POB23_R": 50.4, "POB24": 56.0, "POB24_R": 44.1, "POB25": 32.0, "POB25_R": 25.2, "POB42": 64.0, "POB42_R": 50.4, "POB43": 1.0, "POB43_R": 0.8, "POB45": 1.0, "POB45_R": 0.8, "POB46": 5.0, "POB46_R": 3.9, "POB47": 4.0, "POB47_R": 3.1, "POB48": 0.0, "POB48_R": 0.0, "POB49": 7.0, "POB49_R": 5.5, "POB50": 2.0, "POB50_R": 1.6, "POB51": 8.0, "POB51_R": 6.3, "POB52": 11.0, "POB52_R": 8.7, "POB53": 18.0, "POB53_R": 14.2, "POB54": 31.0, "POB54_R": 24.4, "POB55": 6.0, "POB55_R": 4.7, "POB56": 7.0, "POB56_R": 5.5, "POB57": 9.0, "POB57_R": 7.1, "POB59": 63.0, "POB59_R": 49.6, "POB60": 63.0, "POB60_R": 49.6, "POB61": 57.0, "POB61_R": 44.9, "POB62": 57.0, "POB62_R": 44.9, "POB63": 55.0, "POB63_R": 43.3, "POB64": 49.0, "POB64_R": 38.6, "POB65": 30.0, "POB65_R": 23.6, "POB66": 26.0, "POB66_R": 20.5, "POB67": 14.0, "POB67_R": 11.0, "POB84": 63.0, "POB84_R": 49.6, "POB85": 3.0, "POB85_R": 2.4, "POB87": 0.0, "POB87_R": 0.0, "POB88": 4.0, "POB88_R": 3.1, "POB89": 2.0, "POB89_R": 1.6, "POB90": 0.0, "POB90_R": 0.0, "POB91": 7.0, "POB91_R": 5.5, "POB92": 1.0, "POB92_R": 0.8, "POB93": 5.0, "POB93_R": 3.9, "POB94": 7.0, "POB94_R": 5.5, "POB95": 26.0, "POB95_R": 20.5, "POB96": 4.0, "POB96_R": 3.1, "POB97": 9.0, "POB97_R": 7.1, "POB98": 6.0, "POB98_R": 4.7, "POB100": 60.0, "POB100_R": 47.2, "POB101": 60.0, "POB101_R": 47.2, "POB102": 56.0, "POB102_R": 44.1, "POB103": 56.0, "POB103_R": 44.1, "POB104": 55.0, "POB104_R": 43.3, "POB105": 51.0, "POB105_R": 40.2, "POB106": 34.0, "POB106_R": 26.8, "POB107": 30.0, "POB107_R": 23.6, "POB108": 18.0, "POB108_R": 14.2, "POB125_R": 98.4, "POB126_R": 122.8, "POB127_R": 24.6, "POB128_R": 98.2, "POB129_R": 60.0, "POB130_R": 56.0, "POB131_R": 63.0, "POB132_R": 457.1, "POB133_R": 428.6, "POB134_R": 485.7, "POB3": 4.0, "POB3_R": 3.1, "POB16": 8.0, "POB16_R": 6.3, "POB26": 6.0, "POB26_R": 4.7, "POB27": 4.0, "POB27_R": 3.1, "POB28": 7.0, "POB28_R": 5.5, "POB29": 6.0, "POB29_R": 4.7, "POB30": 5.0, "POB30_R": 3.9, "POB31": 3.0, "POB31_R": 2.4, "POB32": 3.0, "POB32_R": 2.4, "POB33": 3.0, "POB33_R": 2.4, "POB34": 7.0, "POB34_R": 5.5, "POB35": 9.0, "POB35_R": 7.1, "POB36": 6.0, "POB36_R": 4.7, "POB37": 24.0, "POB37_R": 18.9, "POB38": 22.0, "POB38_R": 17.3, "POB39": 7.0, "POB39_R": 5.5, "POB40": 3.0, "POB40_R": 2.4, "POB41": 0.0, "POB41_R": 0.0, "POB44": 1.0, "POB44_R": 0.8, "POB58": 4.0, "POB58_R": 3.1, "POB68": 3.0, "POB68_R": 2.4, "POB69": 3.0, "POB69_R": 2.4, "POB70": 5.0, "POB70_R": 3.9, "POB71": 3.0, "POB71_R": 2.4, "POB72": 3.0, "POB72_R": 2.4, "POB73": 0.0, "POB73_R": 0.0, "POB74": 3.0, "POB74_R": 2.4, "POB75": 1.0, "POB75_R": 0.8, "POB76": 3.0, "POB76_R": 2.4, "POB77": 6.0, "POB77_R": 4.7, "POB78": 3.0, "POB78_R": 2.4, "POB79": 12.0, "POB79_R": 9.4, "POB80": 11.0, "POB80_R": 8.7, "POB81": 3.0, "POB81_R": 2.4, "POB82": 0.0, "POB82_R": 0.0, "POB83": 0.0, "POB83_R": 0.0, "POB86": 3.0, "POB86_R": 2.4, "POB99": 4.0, "POB99_R": 3.1, "POB109": 3.0, "POB109_R": 2.4, "POB110": 1.0, "POB110_R": 0.8, "POB111": 2.0, "POB111_R": 1.6, "POB112": 3.0, "POB112_R": 2.4, "POB113": 2.0, "POB113_R": 1.6, "POB114": 3.0, "POB114_R": 2.4, "POB115": 0.0, "POB115_R": 0.0, "POB116": 2.0, "POB116_R": 1.6, "POB117": 4.0, "POB117_R": 3.1, "POB118": 3.0, "POB118_R": 2.4, "POB119": 3.0, "POB119_R": 2.4, "POB120": 12.0, "POB120_R": 9.4, "POB121": 11.0, "POB121_R": 8.7, "POB122": 4.0, "POB122_R": 3.1, "POB123": 3.0, "POB123_R": 2.4, "POB124": 0.0, "POB124_R": 0.0, "OID": 3745 }, "geometry": { "type": "Point", "coordinates": [ -103.3131686, 20.2928681 ] } },
{ "type": "Feature", "properties": { "CVEGEO": "140500022", "NOM_ENT": "Jalisco", "NOM_MUN": "Jocotepec", "NOMGEO": "Chantecler", "CVE_AGEB": "0023", "POB1": 3.0, "POB2": -6.0, "POB2_R": -6.0, "POB4": -6.0, "POB4_R": -6.0, "POB5": -6.0, "POB5_R": -6.0, "POB6": -6.0, "POB6_R": -6.0, "POB7": -6.0, "POB7_R": -6.0, "POB8": -6.0, "POB8_R": -6.0, "POB9": -6.0, "POB9_R": -6.0, "POB10": -6.0, "POB10_R": -6.0, "POB11": -6.0, "POB11_R": -6.0, "POB12": -6.0, "POB12_R": -6.0, "POB13": -6.0, "POB13_R": -6.0, "POB14": -6.0, "POB14_R": -6.0, "POB15": -6.0, "POB15_R": -6.0, "POB17": -6.0, "POB17_R": -6.0, "POB18": -6.0, "POB18_R": -6.0, "POB19": -6.0, "POB19_R": -6.0, "POB20": -6.0, "POB20_R": -6.0, "POB21": -6.0, "POB21_R": -6.0, "POB22": -6.0, "POB22_R": -6.0, "POB23": -6.0, "POB23_R": -6.0, "POB24": -6.0, "POB24_R": -6.0, "POB25": -6.0, "POB25_R": -6.0, "POB42": -6.0, "POB42_R": -6.0, "POB43": -6.0, "POB43_R": -6.0, "POB45": -6.0, "POB45_R": -6.0, "POB46": -6.0, "POB46_R": -6.0, "POB47": -6.0, "POB47_R": -6.0, "POB48": -6.0, "POB48_R": -6.0, "POB49": -6.0, "POB49_R": -6.0, "POB50": -6.0, "POB50_R": -6.0, "POB51": -6.0, "POB51_R": -6.0, "POB52": -6.0, "POB52_R": -6.0, "POB53": -6.0, "POB53_R": -6.0, "POB54": -6.0, "POB54_R": -6.0, "POB55": -6.0, "POB55_R": -6.0, "POB56": -6.0, "POB56_R": -6.0, "POB57": -6.0, "POB57_R": -6.0, "POB59": -6.0, "POB59_R": -6.0, "POB60": -6.0, "POB60_R": -6.0, "POB61": -6.0, "POB61_R": -6.0, "POB62": -6.0, "POB62_R": -6.0, "POB63": -6.0, "POB63_R": -6.0, "POB64": -6.0, "POB64_R": -6.0, "POB65": -6.0, "POB65_R": -6.0, "POB66": -6.0, "POB66_R": -6.0, "POB67": -6.0, "POB67_R": -6.0, "POB84": -6.0, "POB84_R": -6.0, "POB85": -6.0, "POB85_R": -6.0, "POB87": -6.0, "POB87_R": -6.0, "POB88": -6.0, "POB88_R": -6.0, "POB89": -6.0, "POB89_R": -6.0, "POB90": -6.0, "POB90_R": -6.0, "POB91": -6.0, "POB91_R": -6.0, "POB92": -6.0, "POB92_R": -6.0, "POB93": -6.0, "POB93_R": -6.0, "POB94": -6.0, "POB94_R": -6.0, "POB95": -6.0, "POB95_R": -6.0, "POB96": -6.0, "POB96_R": -6.0, "POB97": -6.0, "POB97_R": -6.0, "POB98": -6.0, "POB98_R": -6.0, "POB100": -6.0, "POB100_R": -6.0, "POB101": -6.0, "POB101_R": -6.0, "POB102": -6.0, "POB102_R": -6.0, "POB103": -6.0, "POB103_R": -6.0, "POB104": -6.0, "POB104_R": -6.0, "POB105": -6.0, "POB105_R": -6.0, "POB106": -6.0, "POB106_R": -6.0, "POB107": -6.0, "POB107_R": -6.0, "POB108": -6.0, "POB108_R": -6.0, "POB125_R": -6.0, "POB126_R": -6.0, "POB127_R": -6.0, "POB128_R": -6.0, "POB129_R": -6.0, "POB130_R": -6.0, "POB131_R": -6.0, "POB132_R": -6.0, "POB133_R": -6.0, "POB134_R": -6.0, "POB3": -6.0, "POB3_R": -6.0, "POB16": -6.0, "POB16_R": -6.0, "POB26": -6.0, "POB26_R": -6.0, "POB27": -6.0, "POB27_R": -6.0, "POB28": -6.0, "POB28_R": -6.0, "POB29": -6.0, "POB29_R": -6.0, "POB30": -6.0, "POB30_R": -6.0, "POB31": -6.0, "POB31_R": -6.0, "POB32": -6.0, "POB32_R": -6.0, "POB33": -6.0, "POB33_R": -6.0, "POB34": -6.0, "POB34_R": -6.0, "POB35": -6.0, "POB35_R": -6.0, "POB36": -6.0, "POB36_R": -6.0, "POB37": -6.0, "POB37_R": -6.0, "POB38": -6.0, "POB38_R": -6.0, "POB39": -6.0, "POB39_R": -6.0, "POB40": -6.0, "POB40_R": -6.0, "POB41": -6.0, "POB41_R": -6.0, "POB44": -6.0, "POB44_R": -6.0, "POB58": -6.0, "POB58_R": -6.0, "POB68": -6.0, "POB68_R": -6.0, "POB69": -6.0, "POB69_R": -6.0, "POB70": -6.0, "POB70_R": -6.0, "POB71": -6.0, "POB71_R": -6.0, "POB72": -6.0, "POB72_R": -6.0, "POB73": -6.0, "POB73_R": -6.0, "POB74": -6.0, "POB74_R": -6.0, "POB75": -6.0, "POB75_R": -6.0, "POB76": -6.0, "POB76_R": -6.0, "POB77": -6.0, "POB77_R": -6.0, "POB78": -6.0, "POB78_R": -6.0, "POB79": -6.0, "POB79_R": -6.0, "POB80": -6.0, "POB80_R": -6.0, "POB81": -6.0, "POB81_R": -6.0, "POB82": -6.0, "POB82_R": -6.0, "POB83": -6.0, "POB83_R": -6.0, "POB86": -6.0, "POB86_R": -6.0, "POB99": -6.0, "POB99_R": -6.0, "POB109": -6.0, "POB109_R": -6.0, "POB110": -6.0, "POB110_R": -6.0, "POB111": -6.0, "POB111_R": -6.0, "POB112": -6.0, "POB112_R": -6.0, "POB113": -6.0, "POB113_R": -6.0, "POB114": -6.0, "POB114_R": -6.0, "POB115": -6.0, "POB115_R": -6.0, "POB116": -6.0, "POB116_R": -6.0, "POB117": -6.0, "POB117_R": -6.0, "POB118": -6.0, "POB118_R": -6.0, "POB119": -6.0, "POB119_R": -6.0, "POB120": -6.0, "POB120_R": -6.0, "POB121": -6.0, "POB121_R": -6.0, "POB122": -6.0, "POB122_R": -6.0, "POB123": -6.0, "POB123_R": -6.0, "POB124": -6.0, "POB124_R": -6.0, "OID": 3746 }, "geometry": { "type": "Point", "coordinates": [ -103.3796656, 20.2998692 ] } },
{ "type": "Feature", "properties": { "CVEGEO": "140500024", "NOM_ENT": "Jalisco", "NOM_MUN": "Jocotepec", "NOMGEO": "El Huazoyo", "CVE_AGEB": "0057", "POB1": 11.0, "POB2": -6.0, "POB2_R": -6.0, "POB4": -6.0, "POB4_R": -6.0, "POB5": -6.0, "POB5_R": -6.0, "POB6": -6.0, "POB6_R": -6.0, "POB7": -6.0, "POB7_R": -6.0, "POB8": -6.0, "POB8_R": -6.0, "POB9": -6.0, "POB9_R": -6.0, "POB10": -6.0, "POB10_R": -6.0, "POB11": -6.0, "POB11_R": -6.0, "POB12": -6.0, "POB12_R": -6.0, "POB13": -6.0, "POB13_R": -6.0, "POB14": -6.0, "POB14_R": -6.0, "POB15": -6.0, "POB15_R": -6.0, "POB17": -6.0, "POB17_R": -6.0, "POB18": -6.0, "POB18_R": -6.0, "POB19": -6.0, "POB19_R": -6.0, "POB20": -6.0, "POB20_R": -6.0, "POB21": -6.0, "POB21_R": -6.0, "POB22": -6.0, "POB22_R": -6.0, "POB23": -6.0, "POB23_R": -6.0, "POB24": -6.0, "POB24_R": -6.0, "POB25": -6.0, "POB25_R": -6.0, "POB42": -6.0, "POB42_R": -6.0, "POB43": -6.0, "POB43_R": -6.0, "POB45": -6.0, "POB45_R": -6.0, "POB46": -6.0, "POB46_R": -6.0, "POB47": -6.0, "POB47_R": -6.0, "POB48": -6.0, "POB48_R": -6.0, "POB49": -6.0, "POB49_R": -6.0, "POB50": -6.0, "POB50_R": -6.0, "POB51": -6.0, "POB51_R": -6.0, "POB52": -6.0, "POB52_R": -6.0, "POB53": -6.0, "POB53_R": -6.0, "POB54": -6.0, "POB54_R": -6.0, "POB55": -6.0, "POB55_R": -6.0, "POB56": -6.0, "POB56_R": -6.0, "POB57": -6.0, "POB57_R": -6.0, "POB59": -6.0, "POB59_R": -6.0, "POB60": -6.0, "POB60_R": -6.0, "POB61": -6.0, "POB61_R": -6.0, "POB62": -6.0, "POB62_R": -6.0, "POB63": -6.0, "POB63_R": -6.0, "POB64": -6.0, "POB64_R": -6.0, "POB65": -6.0, "POB65_R": -6.0, "POB66": -6.0, "POB66_R": -6.0, "POB67": -6.0, "POB67_R": -6.0, "POB84": -6.0, "POB84_R": -6.0, "POB85": -6.0, "POB85_R": -6.0, "POB87": -6.0, "POB87_R": -6.0, "POB88": -6.0, "POB88_R": -6.0, "POB89": -6.0, "POB89_R": -6.0, "POB90": -6.0, "POB90_R": -6.0, "POB91": -6.0, "POB91_R": -6.0, "POB92": -6.0, "POB92_R": -6.0, "POB93": -6.0, "POB93_R": -6.0, "POB94": -6.0, "POB94_R": -6.0, "POB95": -6.0, "POB95_R": -6.0, "POB96": -6.0, "POB96_R": -6.0, "POB97": -6.0, "POB97_R": -6.0, "POB98": -6.0, "POB98_R": -6.0, "POB100": -6.0, "POB100_R": -6.0, "POB101": -6.0, "POB101_R": -6.0, "POB102": -6.0, "POB102_R": -6.0, "POB103": -6.0, "POB103_R": -6.0, "POB104": -6.0, "POB104_R": -6.0, "POB105": -6.0, "POB105_R": -6.0, "POB106": -6.0, "POB106_R": -6.0, "POB107": -6.0, "POB107_R": -6.0, "POB108": -6.0, "POB108_R": -6.0, "POB125_R": -6.0, "POB126_R": -6.0, "POB127_R": -6.0, "POB128_R": -6.0, "POB129_R": -6.0, "POB130_R": -6.0, "POB131_R": -6.0, "POB132_R": -6.0, "POB133_R": -6.0, "POB134_R": -6.0, "POB3": -6.0, "POB3_R": -6.0, "POB16": -6.0, "POB16_R": -6.0, "POB26": -6.0, "POB26_R": -6.0, "POB27": -6.0, "POB27_R": -6.0, "POB28": -6.0, "POB28_R": -6.0, "POB29": -6.0, "POB29_R": -6.0, "POB30": -6.0, "POB30_R": -6.0, "POB31": -6.0, "POB31_R": -6.0, "POB32": -6.0, "POB32_R": -6.0, "POB33": -6.0, "POB33_R": -6.0, "POB34": -6.0, "POB34_R": -6.0, "POB35": -6.0, "POB35_R": -6.0, "POB36": -6.0, "POB36_R": -6.0, "POB37": -6.0, "POB37_R": -6.0, "POB38": -6.0, "POB38_R": -6.0, "POB39": -6.0, "POB39_R": -6.0, "POB40": -6.0, "POB40_R": -6.0, "POB41": -6.0, "POB41_R": -6.0, "POB44": -6.0, "POB44_R": -6.0, "POB58": -6.0, "POB58_R": -6.0, "POB68": -6.0, "POB68_R": -6.0, "POB69": -6.0, "POB69_R": -6.0, "POB70": -6.0, "POB70_R": -6.0, "POB71": -6.0, "POB71_R": -6.0, "POB72": -6.0, "POB72_R": -6.0, "POB73": -6.0, "POB73_R": -6.0, "POB74": -6.0, "POB74_R": -6.0, "POB75": -6.0, "POB75_R": -6.0, "POB76": -6.0, "POB76_R": -6.0, "POB77": -6.0, "POB77_R": -6.0, "POB78": -6.0, "POB78_R": -6.0, "POB79": -6.0, "POB79_R": -6.0, "POB80": -6.0, "POB80_R": -6.0, "POB81": -6.0, "POB81_R": -6.0, "POB82": -6.0, "POB82_R": -6.0, "POB83": -6.0, "POB83_R": -6.0, "POB86": -6.0, "POB86_R": -6.0, "POB99": -6.0, "POB99_R": -6.0, "POB109": -6.0, "POB109_R": -6.0, "POB110": -6.0, "POB110_R": -6.0, "POB111": -6.0, "POB111_R": -6.0, "POB112": -6.0, "POB112_R": -6.0, "POB113": -6.0, "POB113_R": -6.0, "POB114": -6.0, "POB114_R": -6.0, "POB115": -6.0, "POB115_R": -6.0, "POB116": -6.0, "POB116_R": -6.0, "POB117": -6.0, "POB117_R": -6.0, "POB118": -6.0, "POB118_R": -6.0, "POB119": -6.0, "POB119_R": -6.0, "POB120": -6.0, "POB120_R": -6.0, "POB121": -6.0, "POB121_R": -6.0, "POB122": -6.0, "POB122_R": -6.0, "POB123": -6.0, "POB123_R": -6.0, "POB124": -6.0, "POB124_R": -6.0, "OID": 3747 }, "geometry": { "type": "Point", "coordinates": [ -103.3953242, 20.2984858 ] } },
{ "type": "Feature", "properties": { "CVEGEO": "140500025", "NOM_ENT": "Jalisco", "NOM_MUN": "Jocotepec", "NOMGEO": "Roca Azul", "CVE_AGEB": "0057", "POB1": 169.0, "POB2": 4.0, "POB2_R": 2.4, "POB4": 5.0, "POB4_R": 3.0, "POB5": 7.0, "POB5_R": 4.1, "POB6": 10.0, "POB6_R": 5.9, "POB7": 4.0, "POB7_R": 2.4, "POB8": 20.0, "POB8_R": 11.8, "POB9": 4.0, "POB9_R": 2.4, "POB10": 17.0, "POB10_R": 10.1, "POB11": 21.0, "POB11_R": 12.4, "POB12": 94.0, "POB12_R": 55.6, "POB13": 13.0, "POB13_R": 7.7, "POB14": 36.0, "POB14_R": 21.3, "POB15": 18.0, "POB15_R": 10.7, "POB17": 165.0, "POB17_R": 97.6, "POB18": 161.0, "POB18_R": 95.3, "POB19": 153.0, "POB19_R": 90.5, "POB20": 149.0, "POB20_R": 88.2, "POB21": 145.0, "POB21_R": 85.8, "POB22": 132.0, "POB22_R": 78.1, "POB23": 74.0, "POB23_R": 43.8, "POB24": 55.0, "POB24_R": 32.5, "POB25": 34.0, "POB25_R": 20.1, "POB42": 80.0, "POB42_R": 47.3, "POB43": 1.0, "POB43_R": 0.6, "POB45": 2.0, "POB45_R": 1.2, "POB46": 2.0, "POB46_R": 1.2, "POB47": 4.0, "POB47_R": 2.4, "POB48": 2.0, "POB48_R": 1.2, "POB49": 7.0, "POB49_R": 4.1, "POB50": 3.0, "POB50_R": 1.8, "POB51": 7.0, "POB51_R": 4.1, "POB52": 9.0, "POB52_R": 5.3, "POB53": 27.0, "POB53_R": 16.0, "POB54": 50.0, "POB54_R": 29.6, "POB55": 4.0, "POB55_R": 2.4, "POB56": 18.0, "POB56_R": 10.7, "POB57": 12.0, "POB57_R": 7.1, "POB59": 79.0, "POB59_R": 46.7, "POB60": 78.0, "POB60_R": 46.2, "POB61": 75.0, "POB61_R": 44.4, "POB62": 73.0, "POB62_R": 43.2, "POB63": 70.0, "POB63_R": 41.4, "POB64": 66.0, "POB64_R": 39.1, "POB65": 34.0, "POB65_R": 20.1, "POB66": 23.0, "POB66_R": 13.6, "POB67": 13.0, "POB67_R": 7.7, "POB84": 89.0, "POB84_R": 52.7, "POB85": 3.0, "POB85_R": 1.8, "POB87": 3.0, "POB87_R": 1.8, "POB88": 5.0, "POB88_R": 3.0, "POB89": 6.0, "POB89_R": 3.6, "POB90": 2.0, "POB90_R": 1.2, "POB91": 13.0, "POB91_R": 7.7, "POB92": 1.0, "POB92_R": 0.6, "POB93": 10.0, "POB93_R": 5.9, "POB94": 12.0, "POB94_R": 7.1, "POB95": 44.0, "POB95_R": 26.0, "POB96": 9.0, "POB96_R": 5.3, "POB97": 18.0, "POB97_R": 10.7, "POB98": 6.0, "POB98_R": 3.6, "POB100": 86.0, "POB100_R": 50.9, "POB101": 83.0, "POB101_R": 49.1, "POB102": 78.0, "POB102_R": 46.2, "POB103": 76.0, "POB103_R": 45.0, "POB104": 75.0, "POB104_R": 44.4, "POB105": 66.0, "POB105_R": 39.1, "POB106": 40.0, "POB106_R": 23.7, "POB107": 32.0, "POB107_R": 18.9, "POB108": 21.0, "POB108_R": 12.4, "POB125_R": 111.3, "POB126_R": 79.8, "POB127_R": 21.3, "POB128_R": 58.5, "POB129_R": 52.0, "POB130_R": 53.5, "POB131_R": 52.0, "POB132_R": 370.0, "POB133_R": 485.7, "POB134_R": 307.7, "POB3": 8.0, "POB3_R": 4.7, "POB16": 19.0, "POB16_R": 11.2, "POB26": 3.0, "POB26_R": 1.8, "POB27": 9.0, "POB27_R": 5.3, "POB28": 10.0, "POB28_R": 5.9, "POB29": 7.0, "POB29_R": 4.1, "POB30": 4.0, "POB30_R": 2.4, "POB31": 9.0, "POB31_R": 5.3, "POB32": 9.0, "POB32_R": 5.3, "POB33": 10.0, "POB33_R": 5.9, "POB34": 8.0, "POB34_R": 4.7, "POB35": 9.0, "POB35_R": 5.3, "POB36": 9.0, "POB36_R": 5.3, "POB37": 21.0, "POB37_R": 12.4, "POB38": 18.0, "POB38_R": 10.7, "POB39": 11.0, "POB39_R": 6.5, "POB40": 4.0, "POB40_R": 2.4, "POB41": 1.0, "POB41_R": 0.6, "POB44": 2.0, "POB44_R": 1.2, "POB58": 11.0, "POB58_R": 6.5, "POB68": 1.0, "POB68_R": 0.6, "POB69": 4.0, "POB69_R": 2.4, "POB70": 5.0, "POB70_R": 3.0, "POB71": 2.0, "POB71_R": 1.2, "POB72": 2.0, "POB72_R": 1.2, "POB73": 5.0, "POB73_R": 3.0, "POB74": 4.0, "POB74_R": 2.4, "POB75": 6.0, "POB75_R": 3.6, "POB76": 3.0, "POB76_R": 1.8, "POB77": 6.0, "POB77_R": 3.6, "POB78": 6.0, "POB78_R": 3.6, "POB79": 10.0, "POB79_R": 5.9, "POB80": 6.0, "POB80_R": 3.6, "POB81": 5.0, "POB81_R": 3.0, "POB82": 2.0, "POB82_R": 1.2, "POB83": 0.0, "POB83_R": 0.0, "POB86": 6.0, "POB86_R": 3.6, "POB99": 8.0, "POB99_R": 4.7, "POB109": 2.0, "POB109_R": 1.2, "POB110": 5.0, "POB110_R": 3.0, "POB111": 5.0, "POB111_R": 3.0, "POB112": 5.0, "POB112_R": 3.0, "POB113": 2.0, "POB113_R": 1.2, "POB114": 4.0, "POB114_R": 2.4, "POB115": 5.0, "POB115_R": 3.0, "POB116": 4.0, "POB116_R": 2.4, "POB117": 5.0, "POB117_R": 3.0, "POB118": 3.0, "POB118_R": 1.8, "POB119": 3.0, "POB119_R": 1.8, "POB120": 11.0, "POB120_R": 6.5, "POB121": 12.0, "POB121_R": 7.1, "POB122": 6.0, "POB122_R": 3.6, "POB123": 2.0, "POB123_R": 1.2, "POB124": 1.0, "POB124_R": 0.6, "OID": 3748 }, "geometry": { "type": "Point", "coordinates": [ -103.42907, 20.2668281 ] } },
{ "type": "Feature", "properties": { "CVEGEO": "140500027", "NOM_ENT": "Jalisco", "NOM_MUN": "Jocotepec", "NOMGEO": "Los Mangos", "CVE_AGEB": "0061", "POB1": 4.0, "POB2": -6.0, "POB2_R": -6.0, "POB4": -6.0, "POB4_R": -6.0, "POB5": -6.0, "POB5_R": -6.0, "POB6": -6.0, "POB6_R": -6.0, "POB7": -6.0, "POB7_R": -6.0, "POB8": -6.0, "POB8_R": -6.0, "POB9": -6.0, "POB9_R": -6.0, "POB10": -6.0, "POB10_R": -6.0, "POB11": -6.0, "POB11_R": -6.0, "POB12": -6.0, "POB12_R": -6.0, "POB13": -6.0, "POB13_R": -6.0, "POB14": -6.0, "POB14_R": -6.0, "POB15": -6.0, "POB15_R": -6.0, "POB17": -6.0, "POB17_R": -6.0, "POB18": -6.0, "POB18_R": -6.0, "POB19": -6.0, "POB19_R": -6.0, "POB20": -6.0, "POB20_R": -6.0, "POB21": -6.0, "POB21_R": -6.0, "POB22": -6.0, "POB22_R": -6.0, "POB23": -6.0, "POB23_R": -6.0, "POB24": -6.0, "POB24_R": -6.0, "POB25": -6.0, "POB25_R": -6.0, "POB42": -6.0, "POB42_R": -6.0, "POB43": -6.0, "POB43_R": -6.0, "POB45": -6.0, "POB45_R": -6.0, "POB46": -6.0, "POB46_R": -6.0, "POB47": -6.0, "POB47_R": -6.0, "POB48": -6.0, "POB48_R": -6.0, "POB49": -6.0, "POB49_R": -6.0, "POB50": -6.0, "POB50_R": -6.0, "POB51": -6.0, "POB51_R": -6.0, "POB52": -6.0, "POB52_R": -6.0, "POB53": -6.0, "POB53_R": -6.0, "POB54": -6.0, "POB54_R": -6.0, "POB55": -6.0, "POB55_R": -6.0, "POB56": -6.0, "POB56_R": -6.0, "POB57": -6.0, "POB57_R": -6.0, "POB59": -6.0, "POB59_R": -6.0, "POB60": -6.0, "POB60_R": -6.0, "POB61": -6.0, "POB61_R": -6.0, "POB62": -6.0, "POB62_R": -6.0, "POB63": -6.0, "POB63_R": -6.0, "POB64": -6.0, "POB64_R": -6.0, "POB65": -6.0, "POB65_R": -6.0, "POB66": -6.0, "POB66_R": -6.0, "POB67": -6.0, "POB67_R": -6.0, "POB84": -6.0, "POB84_R": -6.0, "POB85": -6.0, "POB85_R": -6.0, "POB87": -6.0, "POB87_R": -6.0, "POB88": -6.0, "POB88_R": -6.0, "POB89": -6.0, "POB89_R": -6.0, "POB90": -6.0, "POB90_R": -6.0, "POB91": -6.0, "POB91_R": -6.0, "POB92": -6.0, "POB92_R": -6.0, "POB93": -6.0, "POB93_R": -6.0, "POB94": -6.0, "POB94_R": -6.0, "POB95": -6.0, "POB95_R": -6.0, "POB96": -6.0, "POB96_R": -6.0, "POB97": -6.0, "POB97_R": -6.0, "POB98": -6.0, "POB98_R": -6.0, "POB100": -6.0, "POB100_R": -6.0, "POB101": -6.0, "POB101_R": -6.0, "POB102": -6.0, "POB102_R": -6.0, "POB103": -6.0, "POB103_R": -6.0, "POB104": -6.0, "POB104_R": -6.0, "POB105": -6.0, "POB105_R": -6.0, "POB106": -6.0, "POB106_R": -6.0, "POB107": -6.0, "POB107_R": -6.0, "POB108": -6.0, "POB108_R": -6.0, "POB125_R": -6.0, "POB126_R": -6.0, "POB127_R": -6.0, "POB128_R": -6.0, "POB129_R": -6.0, "POB130_R": -6.0, "POB131_R": -6.0, "POB132_R": -6.0, "POB133_R": -6.0, "POB134_R": -6.0, "POB3": -6.0, "POB3_R": -6.0, "POB16": -6.0, "POB16_R": -6.0, "POB26": -6.0, "POB26_R": -6.0, "POB27": -6.0, "POB27_R": -6.0, "POB28": -6.0, "POB28_R": -6.0, "POB29": -6.0, "POB29_R": -6.0, "POB30": -6.0, "POB30_R": -6.0, "POB31": -6.0, "POB31_R": -6.0, "POB32": -6.0, "POB32_R": -6.0, "POB33": -6.0, "POB33_R": -6.0, "POB34": -6.0, "POB34_R": -6.0, "POB35": -6.0, "POB35_R": -6.0, "POB36": -6.0, "POB36_R": -6.0, "POB37": -6.0, "POB37_R": -6.0, "POB38": -6.0, "POB38_R": -6.0, "POB39": -6.0, "POB39_R": -6.0, "POB40": -6.0, "POB40_R": -6.0, "POB41": -6.0, "POB41_R": -6.0, "POB44": -6.0, "POB44_R": -6.0, "POB58": -6.0, "POB58_R": -6.0, "POB68": -6.0, "POB68_R": -6.0, "POB69": -6.0, "POB69_R": -6.0, "POB70": -6.0, "POB70_R": -6.0, "POB71": -6.0, "POB71_R": -6.0, "POB72": -6.0, "POB72_R": -6.0, "POB73": -6.0, "POB73_R": -6.0, "POB74": -6.0, "POB74_R": -6.0, "POB75": -6.0, "POB75_R": -6.0, "POB76": -6.0, "POB76_R": -6.0, "POB77": -6.0, "POB77_R": -6.0, "POB78": -6.0, "POB78_R": -6.0, "POB79": -6.0, "POB79_R": -6.0, "POB80": -6.0, "POB80_R": -6.0, "POB81": -6.0, "POB81_R": -6.0, "POB82": -6.0, "POB82_R": -6.0, "POB83": -6.0, "POB83_R": -6.0, "POB86": -6.0, "POB86_R": -6.0, "POB99": -6.0, "POB99_R": -6.0, "POB109": -6.0, "POB109_R": -6.0, "POB110": -6.0, "POB110_R": -6.0, "POB111": -6.0, "POB111_R": -6.0, "POB112": -6.0, "POB112_R": -6.0, "POB113": -6.0, "POB113_R": -6.0, "POB114": -6.0, "POB114_R": -6.0, "POB115": -6.0, "POB115_R": -6.0, "POB116": -6.0, "POB116_R": -6.0, "POB117": -6.0, "POB117_R": -6.0, "POB118": -6.0, "POB118_R": -6.0, "POB119": -6.0, "POB119_R": -6.0, "POB120": -6.0, "POB120_R": -6.0, "POB121": -6.0, "POB121_R": -6.0, "POB122": -6.0, "POB122_R": -6.0, "POB123": -6.0, "POB123_R": -6.0, "POB124": -6.0, "POB124_R": -6.0, "OID": 3749 }, "geometry": { "type": "Point", "coordinates": [ -103.4011511, 20.2197406 ] } },
{ "type": "Feature", "properties": { "CVEGEO": "140500029", "NOM_ENT": "Jalisco", "NOM_MUN": "Jocotepec", "NOMGEO": "El Salitre", "CVE_AGEB": "0061", "POB1": 51.0, "POB2": 1.0, "POB2_R": 2.0, "POB4": 7.0, "POB4_R": 13.7, "POB5": 4.0, "POB5_R": 7.8, "POB6": 9.0, "POB6_R": 17.6, "POB7": 6.0, "POB7_R": 11.8, "POB8": 18.0, "POB8_R": 35.3, "POB9": 1.0, "POB9_R": 2.0, "POB10": 5.0, "POB10_R": 9.8, "POB11": 11.0, "POB11_R": 21.6, "POB12": 28.0, "POB12_R": 54.9, "POB13": 4.0, "POB13_R": 7.8, "POB14": 13.0, "POB14_R": 25.5, "POB15": 4.0, "POB15_R": 7.8, "POB17": 50.0, "POB17_R": 98.0, "POB18": 45.0, "POB18_R": 88.2, "POB19": 39.0, "POB19_R": 76.5, "POB20": 33.0, "POB20_R": 64.7, "POB21": 32.0, "POB21_R": 62.7, "POB22": 28.0, "POB22_R": 54.9, "POB23": 5.0, "POB23_R": 9.8, "POB24": 5.0, "POB24_R": 9.8, "POB25": 2.0, "POB25_R": 3.9, "POB42": 21.0, "POB42_R": 41.2, "POB43": 0.0, "POB43_R": 0.0, "POB45": 3.0, "POB45_R": 5.9, "POB46": 1.0, "POB46_R": 2.0, "POB47": 3.0, "POB47_R": 5.9, "POB48": 2.0, "POB48_R": 3.9, "POB49": 6.0, "POB49_R": 11.8, "POB50": 1.0, "POB50_R": 2.0, "POB51": 3.0, "POB51_R": 5.9, "POB52": 6.0, "POB52_R": 11.8, "POB53": 10.0, "POB53_R": 19.6, "POB54": 13.0, "POB54_R": 25.5, "POB55": 2.0, "POB55_R": 3.9, "POB56": 4.0, "POB56_R": 7.8, "POB57": 3.0, "POB57_R": 5.9, "POB59": 21.0, "POB59_R": 41.2, "POB60": 18.0, "POB60_R": 35.3, "POB61": 17.0, "POB61_R": 33.3, "POB62": 15.0, "POB62_R": 29.4, "POB63": 14.0, "POB63_R": 27.5, "POB64": 12.0, "POB64_R": 23.5, "POB65": 2.0, "POB65_R": 3.9, "POB66": 2.0, "POB66_R": 3.9, "POB67": 1.0, "POB67_R": 2.0, "POB84": 30.0, "POB84_R": 58.8, "POB85": 1.0, "POB85_R": 2.0, "POB87": 4.0, "POB87_R": 7.8, "POB88": 3.0, "POB88_R": 5.9, "POB89": 6.0, "POB89_R": 11.8, "POB90": 4.0, "POB90_R": 7.8, "POB91": 12.0, "POB91_R": 23.5, "POB92": 0.0, "POB92_R": 0.0, "POB93": 2.0, "POB93_R": 3.9, "POB94": 5.0, "POB94_R": 9.8, "POB95": 15.0, "POB95_R": 29.4, "POB96": 2.0, "POB96_R": 3.9, "POB97": 9.0, "POB97_R": 17.6, "POB98": 1.0, "POB98_R": 2.0, "POB100": 29.0, "POB100_R": 56.9, "POB101": 27.0, "POB101_R": 52.9, "POB102": 22.0, "POB102_R": 43.1, "POB103": 18.0, "POB103_R": 35.3, "POB104": 18.0, "POB104_R": 35.3, "POB105": 16.0, "POB105_R": 31.4, "POB106": 3.0, "POB106_R": 5.9, "POB107": 3.0, "POB107_R": 5.9, "POB108": 1.0, "POB108_R": 2.0, "POB125_R": 142.9, "POB126_R": 82.1, "POB127_R": 64.3, "POB128_R": 17.9, "POB129_R": 27.0, "POB130_R": 28.0, "POB131_R": 25.0, "POB132_R": 27.8, "POB133_R": 33.3, "POB134_R": 25.0, "POB3": 6.0, "POB3_R": 11.8, "POB16": 0.0, "POB16_R": 0.0, "POB26": 4.0, "POB26_R": 7.8, "POB27": 8.0, "POB27_R": 15.7, "POB28": 3.0, "POB28_R": 5.9, "POB29": 2.0, "POB29_R": 3.9, "POB30": 6.0, "POB30_R": 11.8, "POB31": 6.0, "POB31_R": 11.8, "POB32": 2.0, "POB32_R": 3.9, "POB33": 3.0, "POB33_R": 5.9, "POB34": 2.0, "POB34_R": 3.9, "POB35": 2.0, "POB35_R": 3.9, "POB36": 2.0, "POB36_R": 3.9, "POB37": 3.0, "POB37_R": 5.9, "POB38": 2.0, "POB38_R": 3.9, "POB39": 0.0, "POB39_R": 0.0, "POB40": 0.0, "POB40_R": 0.0, "POB41": 0.0, "POB41_R": 0.0, "POB44": 3.0, "POB44_R": 5.9, "POB58": 0.0, "POB58_R": 0.0, "POB68": 0.0, "POB68_R": 0.0, "POB69": 3.0, "POB69_R": 5.9, "POB70": 1.0, "POB70_R": 2.0, "POB71": 2.0, "POB71_R": 3.9, "POB72": 3.0, "POB72_R": 5.9, "POB73": 1.0, "POB73_R": 2.0, "POB74": 1.0, "POB74_R": 2.0, "POB75": 1.0, "POB75_R": 2.0, "POB76": 1.0, "POB76_R": 2.0, "POB77": 1.0, "POB77_R": 2.0, "POB78": 2.0, "POB78_R": 3.9, "POB79": 1.0, "POB79_R": 2.0, "POB80": 1.0, "POB80_R": 2.0, "POB81": 0.0, "POB81_R": 0.0, "POB82": 0.0, "POB82_R": 0.0, "POB83": 0.0, "POB83_R": 0.0, "POB86": 3.0, "POB86_R": 5.9, "POB99": 0.0, "POB99_R": 0.0, "POB109": 4.0, "POB109_R": 7.8, "POB110": 5.0, "POB110_R": 9.8, "POB111": 2.0, "POB111_R": 3.9, "POB112": 0.0, "POB112_R": 0.0, "POB113": 3.0, "POB113_R": 5.9, "POB114": 5.0, "POB114_R": 9.8, "POB115": 1.0, "POB115_R": 2.0, "POB116": 2.0, "POB116_R": 3.9, "POB117": 1.0, "POB117_R": 2.0, "POB118": 1.0, "POB118_R": 2.0, "POB119": 0.0, "POB119_R": 0.0, "POB120": 2.0, "POB120_R": 3.9, "POB121": 1.0, "POB121_R": 2.0, "POB122": 0.0, "POB122_R": 0.0, "POB123": 0.0, "POB123_R": 0.0, "POB124": 0.0, "POB124_R": 0.0, "OID": 3750 }, "geometry": { "type": "Point", "coordinates": [ -103.3957647, 20.2185417 ] } },
{ "type": "Feature", "properties": { "CVEGEO": "140500031", "NOM_ENT": "Jalisco", "NOM_MUN": "Jocotepec", "NOMGEO": "Romero Montero [Granja]", "CVE_AGEB": "0061", "POB1": 6.0, "POB2": -6.0, "POB2_R": -6.0, "POB4": -6.0, "POB4_R": -6.0, "POB5": -6.0, "POB5_R": -6.0, "POB6": -6.0, "POB6_R": -6.0, "POB7": -6.0, "POB7_R": -6.0, "POB8": -6.0, "POB8_R": -6.0, "POB9": -6.0, "POB9_R": -6.0, "POB10": -6.0, "POB10_R": -6.0, "POB11": -6.0, "POB11_R": -6.0, "POB12": -6.0, "POB12_R": -6.0, "POB13": -6.0, "POB13_R": -6.0, "POB14": -6.0, "POB14_R": -6.0, "POB15": -6.0, "POB15_R": -6.0, "POB17": -6.0, "POB17_R": -6.0, "POB18": -6.0, "POB18_R": -6.0, "POB19": -6.0, "POB19_R": -6.0, "POB20": -6.0, "POB20_R": -6.0, "POB21": -6.0, "POB21_R": -6.0, "POB22": -6.0, "POB22_R": -6.0, "POB23": -6.0, "POB23_R": -6.0, "POB24": -6.0, "POB24_R": -6.0, "POB25": -6.0, "POB25_R": -6.0, "POB42": -6.0, "POB42_R": -6.0, "POB43": -6.0, "POB43_R": -6.0, "POB45": -6.0, "POB45_R": -6.0, "POB46": -6.0, "POB46_R": -6.0, "POB47": -6.0, "POB47_R": -6.0, "POB48": -6.0, "POB48_R": -6.0, "POB49": -6.0, "POB49_R": -6.0, "POB50": -6.0, "POB50_R": -6.0, "POB51": -6.0, "POB51_R": -6.0, "POB52": -6.0, "POB52_R": -6.0, "POB53": -6.0, "POB53_R": -6.0, "POB54": -6.0, "POB54_R": -6.0, "POB55": -6.0, "POB55_R": -6.0, "POB56": -6.0, "POB56_R": -6.0, "POB57": -6.0, "POB57_R": -6.0, "POB59": -6.0, "POB59_R": -6.0, "POB60": -6.0, "POB60_R": -6.0, "POB61": -6.0, "POB61_R": -6.0, "POB62": -6.0, "POB62_R": -6.0, "POB63": -6.0, "POB63_R": -6.0, "POB64": -6.0, "POB64_R": -6.0, "POB65": -6.0, "POB65_R": -6.0, "POB66": -6.0, "POB66_R": -6.0, "POB67": -6.0, "POB67_R": -6.0, "POB84": -6.0, "POB84_R": -6.0, "POB85": -6.0, "POB85_R": -6.0, "POB87": -6.0, "POB87_R": -6.0, "POB88": -6.0, "POB88_R": -6.0, "POB89": -6.0, "POB89_R": -6.0, "POB90": -6.0, "POB90_R": -6.0, "POB91": -6.0, "POB91_R": -6.0, "POB92": -6.0, "POB92_R": -6.0, "POB93": -6.0, "POB93_R": -6.0, "POB94": -6.0, "POB94_R": -6.0, "POB95": -6.0, "POB95_R": -6.0, "POB96": -6.0, "POB96_R": -6.0, "POB97": -6.0, "POB97_R": -6.0, "POB98": -6.0, "POB98_R": -6.0, "POB100": -6.0, "POB100_R": -6.0, "POB101": -6.0, "POB101_R": -6.0, "POB102": -6.0, "POB102_R": -6.0, "POB103": -6.0, "POB103_R": -6.0, "POB104": -6.0, "POB104_R": -6.0, "POB105": -6.0, "POB105_R": -6.0, "POB106": -6.0, "POB106_R": -6.0, "POB107": -6.0, "POB107_R": -6.0, "POB108": -6.0, "POB108_R": -6.0, "POB125_R": -6.0, "POB126_R": -6.0, "POB127_R": -6.0, "POB128_R": -6.0, "POB129_R": -6.0, "POB130_R": -6.0, "POB131_R": -6.0, "POB132_R": -6.0, "POB133_R": -6.0, "POB134_R": -6.0, "POB3": -6.0, "POB3_R": -6.0, "POB16": -6.0, "POB16_R": -6.0, "POB26": -6.0, "POB26_R": -6.0, "POB27": -6.0, "POB27_R": -6.0, "POB28": -6.0, "POB28_R": -6.0, "POB29": -6.0, "POB29_R": -6.0, "POB30": -6.0, "POB30_R": -6.0, "POB31": -6.0, "POB31_R": -6.0, "POB32": -6.0, "POB32_R": -6.0, "POB33": -6.0, "POB33_R": -6.0, "POB34": -6.0, "POB34_R": -6.0, "POB35": -6.0, "POB35_R": -6.0, "POB36": -6.0, "POB36_R": -6.0, "POB37": -6.0, "POB37_R": -6.0, "POB38": -6.0, "POB38_R": -6.0, "POB39": -6.0, "POB39_R": -6.0, "POB40": -6.0, "POB40_R": -6.0, "POB41": -6.0, "POB41_R": -6.0, "POB44": -6.0, "POB44_R": -6.0, "POB58": -6.0, "POB58_R": -6.0, "POB68": -6.0, "POB68_R": -6.0, "POB69": -6.0, "POB69_R": -6.0, "POB70": -6.0, "POB70_R": -6.0, "POB71": -6.0, "POB71_R": -6.0, "POB72": -6.0, "POB72_R": -6.0, "POB73": -6.0, "POB73_R": -6.0, "POB74": -6.0, "POB74_R": -6.0, "POB75": -6.0, "POB75_R": -6.0, "POB76": -6.0, "POB76_R": -6.0, "POB77": -6.0, "POB77_R": -6.0, "POB78": -6.0, "POB78_R": -6.0, "POB79": -6.0, "POB79_R": -6.0, "POB80": -6.0, "POB80_R": -6.0, "POB81": -6.0, "POB81_R": -6.0, "POB82": -6.0, "POB82_R": -6.0, "POB83": -6.0, "POB83_R": -6.0, "POB86": -6.0, "POB86_R": -6.0, "POB99": -6.0, "POB99_R": -6.0, "POB109": -6.0, "POB109_R": -6.0, "POB110": -6.0, "POB110_R": -6.0, "POB111": -6.0, "POB111_R": -6.0, "POB112": -6.0, "POB112_R": -6.0, "POB113": -6.0, "POB113_R": -6.0, "POB114": -6.0, "POB114_R": -6.0, "POB115": -6.0, "POB115_R": -6.0, "POB116": -6.0, "POB116_R": -6.0, "POB117": -6.0, "POB117_R": -6.0, "POB118": -6.0, "POB118_R": -6.0, "POB119": -6.0, "POB119_R": -6.0, "POB120": -6.0, "POB120_R": -6.0, "POB121": -6.0, "POB121_R": -6.0, "POB122": -6.0, "POB122_R": -6.0, "POB123": -6.0, "POB123_R": -6.0, "POB124": -6.0, "POB124_R": -6.0, "OID": 3751 }, "geometry": { "type": "Point", "coordinates": [ -103.3994992, 20.2180964 ] } },
{ "type": "Feature", "properties": { "CVEGEO": "140500039", "NOM_ENT": "Jalisco", "NOM_MUN": "Jocotepec", "NOMGEO": "Puerta Chica (Crucero Potrerillos)", "CVE_AGEB": "0057", "POB1": 78.0, "POB2": 9.0, "POB2_R": 11.5, "POB4": 4.0, "POB4_R": 5.1, "POB5": 10.0, "POB5_R": 12.8, "POB6": 10.0, "POB6_R": 12.8, "POB7": 4.0, "POB7_R": 5.1, "POB8": 27.0, "POB8_R": 34.6, "POB9": 7.0, "POB9_R": 9.0, "POB10": 15.0, "POB10_R": 19.2, "POB11": 21.0, "POB11_R": 26.9, "POB12": 47.0, "POB12_R": 60.3, "POB13": 8.0, "POB13_R": 10.3, "POB14": 17.0, "POB14_R": 21.8, "POB15": 5.0, "POB15_R": 6.4, "POB17": 69.0, "POB17_R": 88.5, "POB18": 66.0, "POB18_R": 84.6, "POB19": 55.0, "POB19_R": 70.5, "POB20": 51.0, "POB20_R": 65.4, "POB21": 44.0, "POB21_R": 56.4, "POB22": 36.0, "POB22_R": 46.2, "POB23": 8.0, "POB23_R": 10.3, "POB24": 4.0, "POB24_R": 5.1, "POB25": 1.0, "POB25_R": 1.3, "POB42": 41.0, "POB42_R": 52.6, "POB43": 5.0, "POB43_R": 6.4, "POB45": 3.0, "POB45_R": 3.8, "POB46": 4.0, "POB46_R": 5.1, "POB47": 4.0, "POB47_R": 5.1, "POB48": 3.0, "POB48_R": 3.8, "POB49": 15.0, "POB49_R": 19.2, "POB50": 4.0, "POB50_R": 5.1, "POB51": 6.0, "POB51_R": 7.7, "POB52": 10.0, "POB52_R": 12.8, "POB53": 21.0, "POB53_R": 26.9, "POB54": 25.0, "POB54_R": 32.1, "POB55": 2.0, "POB55_R": 2.6, "POB56": 11.0, "POB56_R": 14.1, "POB57": 2.0, "POB57_R": 2.6, "POB59": 36.0, "POB59_R": 46.2, "POB60": 34.0, "POB60_R": 43.6, "POB61": 29.0, "POB61_R": 37.2, "POB62": 26.0, "POB62_R": 33.3, "POB63": 22.0, "POB63_R": 28.2, "POB64": 20.0, "POB64_R": 25.6, "POB65": 3.0, "POB65_R": 3.8, "POB66": 1.0, "POB66_R": 1.3, "POB67": 0.0, "POB67_R": 0.0, "POB84": 37.0, "POB84_R": 47.4, "POB85": 4.0, "POB85_R": 5.1, "POB87": 1.0, "POB87_R": 1.3, "POB88": 6.0, "POB88_R": 7.7, "POB89": 6.0, "POB89_R": 7.7, "POB90": 1.0, "POB90_R": 1.3, "POB91": 12.0, "POB91_R": 15.4, "POB92": 3.0, "POB92_R": 3.8, "POB93": 9.0, "POB93_R": 11.5, "POB94": 11.0, "POB94_R": 14.1, "POB95": 22.0, "POB95_R": 28.2, "POB96": 6.0, "POB96_R": 7.7, "POB97": 6.0, "POB97_R": 7.7, "POB98": 3.0, "POB98_R": 3.8, "POB100": 33.0, "POB100_R": 42.3, "POB101": 32.0, "POB101_R": 41.0, "POB102": 26.0, "POB102_R": 33.3, "POB103": 25.0, "POB103_R": 32.1, "POB104": 22.0, "POB104_R": 28.2, "POB105": 16.0, "POB105_R": 20.5, "POB106": 5.0, "POB106_R": 6.4, "POB107": 3.0, "POB107_R": 3.8, "POB108": 1.0, "POB108_R": 1.3, "POB125_R": 90.2, "POB126_R": 66.0, "POB127_R": 57.4, "POB128_R": 8.5, "POB129_R": 21.0, "POB130_R": 22.0, "POB131_R": 20.0, "POB132_R": 29.6, "POB133_R": 20.0, "POB134_R": 41.7, "POB3": 12.0, "POB3_R": 15.4, "POB16": 4.0, "POB16_R": 5.1, "POB26": 7.0, "POB26_R": 9.0, "POB27": 8.0, "POB27_R": 10.3, "POB28": 10.0, "POB28_R": 12.8, "POB29": 5.0, "POB29_R": 6.4, "POB30": 6.0, "POB30_R": 7.7, "POB31": 8.0, "POB31_R": 10.3, "POB32": 2.0, "POB32_R": 2.6, "POB33": 5.0, "POB33_R": 6.4, "POB34": 2.0, "POB34_R": 2.6, "POB35": 2.0, "POB35_R": 2.6, "POB36": 3.0, "POB36_R": 3.8, "POB37": 3.0, "POB37_R": 3.8, "POB38": 1.0, "POB38_R": 1.3, "POB39": 0.0, "POB39_R": 0.0, "POB40": 0.0, "POB40_R": 0.0, "POB41": 0.0, "POB41_R": 0.0, "POB44": 7.0, "POB44_R": 9.0, "POB58": 2.0, "POB58_R": 2.6, "POB68": 5.0, "POB68_R": 6.4, "POB69": 3.0, "POB69_R": 3.8, "POB70": 5.0, "POB70_R": 6.4, "POB71": 1.0, "POB71_R": 1.3, "POB72": 4.0, "POB72_R": 5.1, "POB73": 4.0, "POB73_R": 5.1, "POB74": 2.0, "POB74_R": 2.6, "POB75": 3.0, "POB75_R": 3.8, "POB76": 2.0, "POB76_R": 2.6, "POB77": 1.0, "POB77_R": 1.3, "POB78": 1.0, "POB78_R": 1.3, "POB79": 1.0, "POB79_R": 1.3, "POB80": 0.0, "POB80_R": 0.0, "POB81": 0.0, "POB81_R": 0.0, "POB82": 0.0, "POB82_R": 0.0, "POB83": 0.0, "POB83_R": 0.0, "POB86": 5.0, "POB86_R": 6.4, "POB99": 2.0, "POB99_R": 2.6, "POB109": 2.0, "POB109_R": 2.6, "POB110": 5.0, "POB110_R": 6.4, "POB111": 5.0, "POB111_R": 6.4, "POB112": 4.0, "POB112_R": 5.1, "POB113": 2.0, "POB113_R": 2.6, "POB114": 4.0, "POB114_R": 5.1, "POB115": 0.0, "POB115_R": 0.0, "POB116": 2.0, "POB116_R": 2.6, "POB117": 0.0, "POB117_R": 0.0, "POB118": 1.0, "POB118_R": 1.3, "POB119": 2.0, "POB119_R": 2.6, "POB120": 2.0, "POB120_R": 2.6, "POB121": 1.0, "POB121_R": 1.3, "POB122": 0.0, "POB122_R": 0.0, "POB123": 0.0, "POB123_R": 0.0, "POB124": 0.0, "POB124_R": 0.0, "OID": 3752 }, "geometry": { "type": "Point", "coordinates": [ -103.4680997, 20.3009419 ] } },
{ "type": "Feature", "properties": { "CVEGEO": "140500045", "NOM_ENT": "Jalisco", "NOM_MUN": "Jocotepec", "NOMGEO": "Rancho Mi Lala", "CVE_AGEB": "0061", "POB1": 4.0, "POB2": -6.0, "POB2_R": -6.0, "POB4": -6.0, "POB4_R": -6.0, "POB5": -6.0, "POB5_R": -6.0, "POB6": -6.0, "POB6_R": -6.0, "POB7": -6.0, "POB7_R": -6.0, "POB8": -6.0, "POB8_R": -6.0, "POB9": -6.0, "POB9_R": -6.0, "POB10": -6.0, "POB10_R": -6.0, "POB11": -6.0, "POB11_R": -6.0, "POB12": -6.0, "POB12_R": -6.0, "POB13": -6.0, "POB13_R": -6.0, "POB14": -6.0, "POB14_R": -6.0, "POB15": -6.0, "POB15_R": -6.0, "POB17": -6.0, "POB17_R": -6.0, "POB18": -6.0, "POB18_R": -6.0, "POB19": -6.0, "POB19_R": -6.0, "POB20": -6.0, "POB20_R": -6.0, "POB21": -6.0, "POB21_R": -6.0, "POB22": -6.0, "POB22_R": -6.0, "POB23": -6.0, "POB23_R": -6.0, "POB24": -6.0, "POB24_R": -6.0, "POB25": -6.0, "POB25_R": -6.0, "POB42": -6.0, "POB42_R": -6.0, "POB43": -6.0, "POB43_R": -6.0, "POB45": -6.0, "POB45_R": -6.0, "POB46": -6.0, "POB46_R": -6.0, "POB47": -6.0, "POB47_R": -6.0, "POB48": -6.0, "POB48_R": -6.0, "POB49": -6.0, "POB49_R": -6.0, "POB50": -6.0, "POB50_R": -6.0, "POB51": -6.0, "POB51_R": -6.0, "POB52": -6.0, "POB52_R": -6.0, "POB53": -6.0, "POB53_R": -6.0, "POB54": -6.0, "POB54_R": -6.0, "POB55": -6.0, "POB55_R": -6.0, "POB56": -6.0, "POB56_R": -6.0, "POB57": -6.0, "POB57_R": -6.0, "POB59": -6.0, "POB59_R": -6.0, "POB60": -6.0, "POB60_R": -6.0, "POB61": -6.0, "POB61_R": -6.0, "POB62": -6.0, "POB62_R": -6.0, "POB63": -6.0, "POB63_R": -6.0, "POB64": -6.0, "POB64_R": -6.0, "POB65": -6.0, "POB65_R": -6.0, "POB66": -6.0, "POB66_R": -6.0, "POB67": -6.0, "POB67_R": -6.0, "POB84": -6.0, "POB84_R": -6.0, "POB85": -6.0, "POB85_R": -6.0, "POB87": -6.0, "POB87_R": -6.0, "POB88": -6.0, "POB88_R": -6.0, "POB89": -6.0, "POB89_R": -6.0, "POB90": -6.0, "POB90_R": -6.0, "POB91": -6.0, "POB91_R": -6.0, "POB92": -6.0, "POB92_R": -6.0, "POB93": -6.0, "POB93_R": -6.0, "POB94": -6.0, "POB94_R": -6.0, "POB95": -6.0, "POB95_R": -6.0, "POB96": -6.0, "POB96_R": -6.0, "POB97": -6.0, "POB97_R": -6.0, "POB98": -6.0, "POB98_R": -6.0, "POB100": -6.0, "POB100_R": -6.0, "POB101": -6.0, "POB101_R": -6.0, "POB102": -6.0, "POB102_R": -6.0, "POB103": -6.0, "POB103_R": -6.0, "POB104": -6.0, "POB104_R": -6.0, "POB105": -6.0, "POB105_R": -6.0, "POB106": -6.0, "POB106_R": -6.0, "POB107": -6.0, "POB107_R": -6.0, "POB108": -6.0, "POB108_R": -6.0, "POB125_R": -6.0, "POB126_R": -6.0, "POB127_R": -6.0, "POB128_R": -6.0, "POB129_R": -6.0, "POB130_R": -6.0, "POB131_R": -6.0, "POB132_R": -6.0, "POB133_R": -6.0, "POB134_R": -6.0, "POB3": -6.0, "POB3_R": -6.0, "POB16": -6.0, "POB16_R": -6.0, "POB26": -6.0, "POB26_R": -6.0, "POB27": -6.0, "POB27_R": -6.0, "POB28": -6.0, "POB28_R": -6.0, "POB29": -6.0, "POB29_R": -6.0, "POB30": -6.0, "POB30_R": -6.0, "POB31": -6.0, "POB31_R": -6.0, "POB32": -6.0, "POB32_R": -6.0, "POB33": -6.0, "POB33_R": -6.0, "POB34": -6.0, "POB34_R": -6.0, "POB35": -6.0, "POB35_R": -6.0, "POB36": -6.0, "POB36_R": -6.0, "POB37": -6.0, "POB37_R": -6.0, "POB38": -6.0, "POB38_R": -6.0, "POB39": -6.0, "POB39_R": -6.0, "POB40": -6.0, "POB40_R": -6.0, "POB41": -6.0, "POB41_R": -6.0, "POB44": -6.0, "POB44_R": -6.0, "POB58": -6.0, "POB58_R": -6.0, "POB68": -6.0, "POB68_R": -6.0, "POB69": -6.0, "POB69_R": -6.0, "POB70": -6.0, "POB70_R": -6.0, "POB71": -6.0, "POB71_R": -6.0, "POB72": -6.0, "POB72_R": -6.0, "POB73": -6.0, "POB73_R": -6.0, "POB74": -6.0, "POB74_R": -6.0, "POB75": -6.0, "POB75_R": -6.0, "POB76": -6.0, "POB76_R": -6.0, "POB77": -6.0, "POB77_R": -6.0, "POB78": -6.0, "POB78_R": -6.0, "POB79": -6.0, "POB79_R": -6.0, "POB80": -6.0, "POB80_R": -6.0, "POB81": -6.0, "POB81_R": -6.0, "POB82": -6.0, "POB82_R": -6.0, "POB83": -6.0, "POB83_R": -6.0, "POB86": -6.0, "POB86_R": -6.0, "POB99": -6.0, "POB99_R": -6.0, "POB109": -6.0, "POB109_R": -6.0, "POB110": -6.0, "POB110_R": -6.0, "POB111": -6.0, "POB111_R": -6.0, "POB112": -6.0, "POB112_R": -6.0, "POB113": -6.0, "POB113_R": -6.0, "POB114": -6.0, "POB114_R": -6.0, "POB115": -6.0, "POB115_R": -6.0, "POB116": -6.0, "POB116_R": -6.0, "POB117": -6.0, "POB117_R": -6.0, "POB118": -6.0, "POB118_R": -6.0, "POB119": -6.0, "POB119_R": -6.0, "POB120": -6.0, "POB120_R": -6.0, "POB121": -6.0, "POB121_R": -6.0, "POB122": -6.0, "POB122_R": -6.0, "POB123": -6.0, "POB123_R": -6.0, "POB124": -6.0, "POB124_R": -6.0, "OID": 3753 }, "geometry": { "type": "Point", "coordinates": [ -103.4108717, 20.2227356 ] } },
{ "type": "Feature", "properties": { "CVEGEO": "140500046", "NOM_ENT": "Jalisco", "NOM_MUN": "Jocotepec", "NOMGEO": "Los Tres Potrillos", "CVE_AGEB": "0061", "POB1": 2.0, "POB2": -6.0, "POB2_R": -6.0, "POB4": -6.0, "POB4_R": -6.0, "POB5": -6.0, "POB5_R": -6.0, "POB6": -6.0, "POB6_R": -6.0, "POB7": -6.0, "POB7_R": -6.0, "POB8": -6.0, "POB8_R": -6.0, "POB9": -6.0, "POB9_R": -6.0, "POB10": -6.0, "POB10_R": -6.0, "POB11": -6.0, "POB11_R": -6.0, "POB12": -6.0, "POB12_R": -6.0, "POB13": -6.0, "POB13_R": -6.0, "POB14": -6.0, "POB14_R": -6.0, "POB15": -6.0, "POB15_R": -6.0, "POB17": -6.0, "POB17_R": -6.0, "POB18": -6.0, "POB18_R": -6.0, "POB19": -6.0, "POB19_R": -6.0, "POB20": -6.0, "POB20_R": -6.0, "POB21": -6.0, "POB21_R": -6.0, "POB22": -6.0, "POB22_R": -6.0, "POB23": -6.0, "POB23_R": -6.0, "POB24": -6.0, "POB24_R": -6.0, "POB25": -6.0, "POB25_R": -6.0, "POB42": -6.0, "POB42_R": -6.0, "POB43": -6.0, "POB43_R": -6.0, "POB45": -6.0, "POB45_R": -6.0, "POB46": -6.0, "POB46_R": -6.0, "POB47": -6.0, "POB47_R": -6.0, "POB48": -6.0, "POB48_R": -6.0, "POB49": -6.0, "POB49_R": -6.0, "POB50": -6.0, "POB50_R": -6.0, "POB51": -6.0, "POB51_R": -6.0, "POB52": -6.0, "POB52_R": -6.0, "POB53": -6.0, "POB53_R": -6.0, "POB54": -6.0, "POB54_R": -6.0, "POB55": -6.0, "POB55_R": -6.0, "POB56": -6.0, "POB56_R": -6.0, "POB57": -6.0, "POB57_R": -6.0, "POB59": -6.0, "POB59_R": -6.0, "POB60": -6.0, "POB60_R": -6.0, "POB61": -6.0, "POB61_R": -6.0, "POB62": -6.0, "POB62_R": -6.0, "POB63": -6.0, "POB63_R": -6.0, "POB64": -6.0, "POB64_R": -6.0, "POB65": -6.0, "POB65_R": -6.0, "POB66": -6.0, "POB66_R": -6.0, "POB67": -6.0, "POB67_R": -6.0, "POB84": -6.0, "POB84_R": -6.0, "POB85": -6.0, "POB85_R": -6.0, "POB87": -6.0, "POB87_R": -6.0, "POB88": -6.0, "POB88_R": -6.0, "POB89": -6.0, "POB89_R": -6.0, "POB90": -6.0, "POB90_R": -6.0, "POB91": -6.0, "POB91_R": -6.0, "POB92": -6.0, "POB92_R": -6.0, "POB93": -6.0, "POB93_R": -6.0, "POB94": -6.0, "POB94_R": -6.0, "POB95": -6.0, "POB95_R": -6.0, "POB96": -6.0, "POB96_R": -6.0, "POB97": -6.0, "POB97_R": -6.0, "POB98": -6.0, "POB98_R": -6.0, "POB100": -6.0, "POB100_R": -6.0, "POB101": -6.0, "POB101_R": -6.0, "POB102": -6.0, "POB102_R": -6.0, "POB103": -6.0, "POB103_R": -6.0, "POB104": -6.0, "POB104_R": -6.0, "POB105": -6.0, "POB105_R": -6.0, "POB106": -6.0, "POB106_R": -6.0, "POB107": -6.0, "POB107_R": -6.0, "POB108": -6.0, "POB108_R": -6.0, "POB125_R": -6.0, "POB126_R": -6.0, "POB127_R": -6.0, "POB128_R": -6.0, "POB129_R": -6.0, "POB130_R": -6.0, "POB131_R": -6.0, "POB132_R": -6.0, "POB133_R": -6.0, "POB134_R": -6.0, "POB3": -6.0, "POB3_R": -6.0, "POB16": -6.0, "POB16_R": -6.0, "POB26": -6.0, "POB26_R": -6.0, "POB27": -6.0, "POB27_R": -6.0, "POB28": -6.0, "POB28_R": -6.0, "POB29": -6.0, "POB29_R": -6.0, "POB30": -6.0, "POB30_R": -6.0, "POB31": -6.0, "POB31_R": -6.0, "POB32": -6.0, "POB32_R": -6.0, "POB33": -6.0, "POB33_R": -6.0, "POB34": -6.0, "POB34_R": -6.0, "POB35": -6.0, "POB35_R": -6.0, "POB36": -6.0, "POB36_R": -6.0, "POB37": -6.0, "POB37_R": -6.0, "POB38": -6.0, "POB38_R": -6.0, "POB39": -6.0, "POB39_R": -6.0, "POB40": -6.0, "POB40_R": -6.0, "POB41": -6.0, "POB41_R": -6.0, "POB44": -6.0, "POB44_R": -6.0, "POB58": -6.0, "POB58_R": -6.0, "POB68": -6.0, "POB68_R": -6.0, "POB69": -6.0, "POB69_R": -6.0, "POB70": -6.0, "POB70_R": -6.0, "POB71": -6.0, "POB71_R": -6.0, "POB72": -6.0, "POB72_R": -6.0, "POB73": -6.0, "POB73_R": -6.0, "POB74": -6.0, "POB74_R": -6.0, "POB75": -6.0, "POB75_R": -6.0, "POB76": -6.0, "POB76_R": -6.0, "POB77": -6.0, "POB77_R": -6.0, "POB78": -6.0, "POB78_R": -6.0, "POB79": -6.0, "POB79_R": -6.0, "POB80": -6.0, "POB80_R": -6.0, "POB81": -6.0, "POB81_R": -6.0, "POB82": -6.0, "POB82_R": -6.0, "POB83": -6.0, "POB83_R": -6.0, "POB86": -6.0, "POB86_R": -6.0, "POB99": -6.0, "POB99_R": -6.0, "POB109": -6.0, "POB109_R": -6.0, "POB110": -6.0, "POB110_R": -6.0, "POB111": -6.0, "POB111_R": -6.0, "POB112": -6.0, "POB112_R": -6.0, "POB113": -6.0, "POB113_R": -6.0, "POB114": -6.0, "POB114_R": -6.0, "POB115": -6.0, "POB115_R": -6.0, "POB116": -6.0, "POB116_R": -6.0, "POB117": -6.0, "POB117_R": -6.0, "POB118": -6.0, "POB118_R": -6.0, "POB119": -6.0, "POB119_R": -6.0, "POB120": -6.0, "POB120_R": -6.0, "POB121": -6.0, "POB121_R": -6.0, "POB122": -6.0, "POB122_R": -6.0, "POB123": -6.0, "POB123_R": -6.0, "POB124": -6.0, "POB124_R": -6.0, "OID": 3754 }, "geometry": { "type": "Point", "coordinates": [ -103.4095647, 20.2223058 ] } },
{ "type": "Feature", "properties": { "CVEGEO": "140500047", "NOM_ENT": "Jalisco", "NOM_MUN": "Jocotepec", "NOMGEO": "Villa el Basán", "CVE_AGEB": "0061", "POB1": 6.0, "POB2": -6.0, "POB2_R": -6.0, "POB4": -6.0, "POB4_R": -6.0, "POB5": -6.0, "POB5_R": -6.0, "POB6": -6.0, "POB6_R": -6.0, "POB7": -6.0, "POB7_R": -6.0, "POB8": -6.0, "POB8_R": -6.0, "POB9": -6.0, "POB9_R": -6.0, "POB10": -6.0, "POB10_R": -6.0, "POB11": -6.0, "POB11_R": -6.0, "POB12": -6.0, "POB12_R": -6.0, "POB13": -6.0, "POB13_R": -6.0, "POB14": -6.0, "POB14_R": -6.0, "POB15": -6.0, "POB15_R": -6.0, "POB17": -6.0, "POB17_R": -6.0, "POB18": -6.0, "POB18_R": -6.0, "POB19": -6.0, "POB19_R": -6.0, "POB20": -6.0, "POB20_R": -6.0, "POB21": -6.0, "POB21_R": -6.0, "POB22": -6.0, "POB22_R": -6.0, "POB23": -6.0, "POB23_R": -6.0, "POB24": -6.0, "POB24_R": -6.0, "POB25": -6.0, "POB25_R": -6.0, "POB42": -6.0, "POB42_R": -6.0, "POB43": -6.0, "POB43_R": -6.0, "POB45": -6.0, "POB45_R": -6.0, "POB46": -6.0, "POB46_R": -6.0, "POB47": -6.0, "POB47_R": -6.0, "POB48": -6.0, "POB48_R": -6.0, "POB49": -6.0, "POB49_R": -6.0, "POB50": -6.0, "POB50_R": -6.0, "POB51": -6.0, "POB51_R": -6.0, "POB52": -6.0, "POB52_R": -6.0, "POB53": -6.0, "POB53_R": -6.0, "POB54": -6.0, "POB54_R": -6.0, "POB55": -6.0, "POB55_R": -6.0, "POB56": -6.0, "POB56_R": -6.0, "POB57": -6.0, "POB57_R": -6.0, "POB59": -6.0, "POB59_R": -6.0, "POB60": -6.0, "POB60_R": -6.0, "POB61": -6.0, "POB61_R": -6.0, "POB62": -6.0, "POB62_R": -6.0, "POB63": -6.0, "POB63_R": -6.0, "POB64": -6.0, "POB64_R": -6.0, "POB65": -6.0, "POB65_R": -6.0, "POB66": -6.0, "POB66_R": -6.0, "POB67": -6.0, "POB67_R": -6.0, "POB84": -6.0, "POB84_R": -6.0, "POB85": -6.0, "POB85_R": -6.0, "POB87": -6.0, "POB87_R": -6.0, "POB88": -6.0, "POB88_R": -6.0, "POB89": -6.0, "POB89_R": -6.0, "POB90": -6.0, "POB90_R": -6.0, "POB91": -6.0, "POB91_R": -6.0, "POB92": -6.0, "POB92_R": -6.0, "POB93": -6.0, "POB93_R": -6.0, "POB94": -6.0, "POB94_R": -6.0, "POB95": -6.0, "POB95_R": -6.0, "POB96": -6.0, "POB96_R": -6.0, "POB97": -6.0, "POB97_R": -6.0, "POB98": -6.0, "POB98_R": -6.0, "POB100": -6.0, "POB100_R": -6.0, "POB101": -6.0, "POB101_R": -6.0, "POB102": -6.0, "POB102_R": -6.0, "POB103": -6.0, "POB103_R": -6.0, "POB104": -6.0, "POB104_R": -6.0, "POB105": -6.0, "POB105_R": -6.0, "POB106": -6.0, "POB106_R": -6.0, "POB107": -6.0, "POB107_R": -6.0, "POB108": -6.0, "POB108_R": -6.0, "POB125_R": -6.0, "POB126_R": -6.0, "POB127_R": -6.0, "POB128_R": -6.0, "POB129_R": -6.0, "POB130_R": -6.0, "POB131_R": -6.0, "POB132_R": -6.0, "POB133_R": -6.0, "POB134_R": -6.0, "POB3": -6.0, "POB3_R": -6.0, "POB16": -6.0, "POB16_R": -6.0, "POB26": -6.0, "POB26_R": -6.0, "POB27": -6.0, "POB27_R": -6.0, "POB28": -6.0, "POB28_R": -6.0, "POB29": -6.0, "POB29_R": -6.0, "POB30": -6.0, "POB30_R": -6.0, "POB31": -6.0, "POB31_R": -6.0, "POB32": -6.0, "POB32_R": -6.0, "POB33": -6.0, "POB33_R": -6.0, "POB34": -6.0, "POB34_R": -6.0, "POB35": -6.0, "POB35_R": -6.0, "POB36": -6.0, "POB36_R": -6.0, "POB37": -6.0, "POB37_R": -6.0, "POB38": -6.0, "POB38_R": -6.0, "POB39": -6.0, "POB39_R": -6.0, "POB40": -6.0, "POB40_R": -6.0, "POB41": -6.0, "POB41_R": -6.0, "POB44": -6.0, "POB44_R": -6.0, "POB58": -6.0, "POB58_R": -6.0, "POB68": -6.0, "POB68_R": -6.0, "POB69": -6.0, "POB69_R": -6.0, "POB70": -6.0, "POB70_R": -6.0, "POB71": -6.0, "POB71_R": -6.0, "POB72": -6.0, "POB72_R": -6.0, "POB73": -6.0, "POB73_R": -6.0, "POB74": -6.0, "POB74_R": -6.0, "POB75": -6.0, "POB75_R": -6.0, "POB76": -6.0, "POB76_R": -6.0, "POB77": -6.0, "POB77_R": -6.0, "POB78": -6.0, "POB78_R": -6.0, "POB79": -6.0, "POB79_R": -6.0, "POB80": -6.0, "POB80_R": -6.0, "POB81": -6.0, "POB81_R": -6.0, "POB82": -6.0, "POB82_R": -6.0, "POB83": -6.0, "POB83_R": -6.0, "POB86": -6.0, "POB86_R": -6.0, "POB99": -6.0, "POB99_R": -6.0, "POB109": -6.0, "POB109_R": -6.0, "POB110": -6.0, "POB110_R": -6.0, "POB111": -6.0, "POB111_R": -6.0, "POB112": -6.0, "POB112_R": -6.0, "POB113": -6.0, "POB113_R": -6.0, "POB114": -6.0, "POB114_R": -6.0, "POB115": -6.0, "POB115_R": -6.0, "POB116": -6.0, "POB116_R": -6.0, "POB117": -6.0, "POB117_R": -6.0, "POB118": -6.0, "POB118_R": -6.0, "POB119": -6.0, "POB119_R": -6.0, "POB120": -6.0, "POB120_R": -6.0, "POB121": -6.0, "POB121_R": -6.0, "POB122": -6.0, "POB122_R": -6.0, "POB123": -6.0, "POB123_R": -6.0, "POB124": -6.0, "POB124_R": -6.0, "OID": 3755 }, "geometry": { "type": "Point", "coordinates": [ -103.4052778, 20.2208333 ] } },
{ "type": "Feature", "properties": { "CVEGEO": "140500048", "NOM_ENT": "Jalisco", "NOM_MUN": "Jocotepec", "NOMGEO": "Los Faisanes", "CVE_AGEB": "0061", "POB1": 5.0, "POB2": 0.0, "POB2_R": 0.0, "POB4": 0.0, "POB4_R": 0.0, "POB5": 0.0, "POB5_R": 0.0, "POB6": 0.0, "POB6_R": 0.0, "POB7": 0.0, "POB7_R": 0.0, "POB8": 0.0, "POB8_R": 0.0, "POB9": 0.0, "POB9_R": 0.0, "POB10": 0.0, "POB10_R": 0.0, "POB11": 0.0, "POB11_R": 0.0, "POB12": 3.0, "POB12_R": 60.0, "POB13": 0.0, "POB13_R": 0.0, "POB14": 0.0, "POB14_R": 0.0, "POB15": 1.0, "POB15_R": 20.0, "POB17": 5.0, "POB17_R": 100.0, "POB18": 5.0, "POB18_R": 100.0, "POB19": 5.0, "POB19_R": 100.0, "POB20": 5.0, "POB20_R": 100.0, "POB21": 5.0, "POB21_R": 100.0, "POB22": 5.0, "POB22_R": 100.0, "POB23": 4.0, "POB23_R": 80.0, "POB24": 2.0, "POB24_R": 40.0, "POB25": 2.0, "POB25_R": 40.0, "POB42": 2.0, "POB42_R": 40.0, "POB43": 0.0, "POB43_R": 0.0, "POB45": 0.0, "POB45_R": 0.0, "POB46": 0.0, "POB46_R": 0.0, "POB47": 0.0, "POB47_R": 0.0, "POB48": 0.0, "POB48_R": 0.0, "POB49": 0.0, "POB49_R": 0.0, "POB50": 0.0, "POB50_R": 0.0, "POB51": 0.0, "POB51_R": 0.0, "POB52": 0.0, "POB52_R": 0.0, "POB53": 0.0, "POB53_R": 0.0, "POB54": 1.0, "POB54_R": 20.0, "POB55": 0.0, "POB55_R": 0.0, "POB56": 0.0, "POB56_R": 0.0, "POB57": 0.0, "POB57_R": 0.0, "POB59": 2.0, "POB59_R": 40.0, "POB60": 2.0, "POB60_R": 40.0, "POB61": 2.0, "POB61_R": 40.0, "POB62": 2.0, "POB62_R": 40.0, "POB63": 2.0, "POB63_R": 40.0, "POB64": 2.0, "POB64_R": 40.0, "POB65": 2.0, "POB65_R": 40.0, "POB66": 1.0, "POB66_R": 20.0, "POB67": 1.0, "POB67_R": 20.0, "POB84": 3.0, "POB84_R": 60.0, "POB85": 0.0, "POB85_R": 0.0, "POB87": 0.0, "POB87_R": 0.0, "POB88": 0.0, "POB88_R": 0.0, "POB89": 0.0, "POB89_R": 0.0, "POB90": 0.0, "POB90_R": 0.0, "POB91": 0.0, "POB91_R": 0.0, "POB92": 0.0, "POB92_R": 0.0, "POB93": 0.0, "POB93_R": 0.0, "POB94": 0.0, "POB94_R": 0.0, "POB95": 2.0, "POB95_R": 40.0, "POB96": 0.0, "POB96_R": 0.0, "POB97": 0.0, "POB97_R": 0.0, "POB98": 1.0, "POB98_R": 20.0, "POB100": 3.0, "POB100_R": 60.0, "POB101": 3.0, "POB101_R": 60.0, "POB102": 3.0, "POB102_R": 60.0, "POB103": 3.0, "POB103_R": 60.0, "POB104": 3.0, "POB104_R": 60.0, "POB105": 3.0, "POB105_R": 60.0, "POB106": 2.0, "POB106_R": 40.0, "POB107": 1.0, "POB107_R": 20.0, "POB108": 1.0, "POB108_R": 20.0, "POB125_R": 150.0, "POB126_R": 66.7, "POB127_R": 0.0, "POB128_R": 66.7, "POB129_R": 63.0, "POB130_R": 70.0, "POB131_R": 63.0, "POB132_R": -9.0, "POB133_R": -9.0, "POB134_R": -9.0, "POB3": 0.0, "POB3_R": 0.0, "POB16": 2.0, "POB16_R": 40.0, "POB26": 0.0, "POB26_R": 0.0, "POB27": 0.0, "POB27_R": 0.0, "POB28": 0.0, "POB28_R": 0.0, "POB29": 0.0, "POB29_R": 0.0, "POB30": 0.0, "POB30_R": 0.0, "POB31": 0.0, "POB31_R": 0.0, "POB32": 0.0, "POB32_R": 0.0, "POB33": 0.0, "POB33_R": 0.0, "POB34": 0.0, "POB34_R": 0.0, "POB35": 1.0, "POB35_R": 20.0, "POB36": 0.0, "POB36_R": 0.0, "POB37": 0.0, "POB37_R": 0.0, "POB38": 0.0, "POB38_R": 0.0, "POB39": 2.0, "POB39_R": 40.0, "POB40": 0.0, "POB40_R": 0.0, "POB41": 0.0, "POB41_R": 0.0, "POB44": 0.0, "POB44_R": 0.0, "POB58": 1.0, "POB58_R": 20.0, "POB68": 0.0, "POB68_R": 0.0, "POB69": 0.0, "POB69_R": 0.0, "POB70": 0.0, "POB70_R": 0.0, "POB71": 0.0, "POB71_R": 0.0, "POB72": 0.0, "POB72_R": 0.0, "POB73": 0.0, "POB73_R": 0.0, "POB74": 0.0, "POB74_R": 0.0, "POB75": 0.0, "POB75_R": 0.0, "POB76": 0.0, "POB76_R": 0.0, "POB77": 0.0, "POB77_R": 0.0, "POB78": 0.0, "POB78_R": 0.0, "POB79": 0.0, "POB79_R": 0.0, "POB80": 0.0, "POB80_R": 0.0, "POB81": 1.0, "POB81_R": 20.0, "POB82": 0.0, "POB82_R": 0.0, "POB83": 0.0, "POB83_R": 0.0, "POB86": 0.0, "POB86_R": 0.0, "POB99": 1.0, "POB99_R": 20.0, "POB109": 0.0, "POB109_R": 0.0, "POB110": 0.0, "POB110_R": 0.0, "POB111": 0.0, "POB111_R": 0.0, "POB112": 0.0, "POB112_R": 0.0, "POB113": 0.0, "POB113_R": 0.0, "POB114": 0.0, "POB114_R": 0.0, "POB115": 0.0, "POB115_R": 0.0, "POB116": 0.0, "POB116_R": 0.0, "POB117": 0.0, "POB117_R": 0.0, "POB118": 1.0, "POB118_R": 20.0, "POB119": 0.0, "POB119_R": 0.0, "POB120": 0.0, "POB120_R": 0.0, "POB121": 0.0, "POB121_R": 0.0, "POB122": 1.0, "POB122_R": 20.0, "POB123": 0.0, "POB123_R": 0.0, "POB124": 0.0, "POB124_R": 0.0, "OID": 3756 }, "geometry": { "type": "Point", "coordinates": [ -103.39909, 20.2224883 ] } },
{ "type": "Feature", "properties": { "CVEGEO": "140500050", "NOM_ENT": "Jalisco", "NOM_MUN": "Jocotepec", "NOMGEO": "Los Caporales", "CVE_AGEB": "0061", "POB1": 5.0, "POB2": -6.0, "POB2_R": -6.0, "POB4": -6.0, "POB4_R": -6.0, "POB5": -6.0, "POB5_R": -6.0, "POB6": -6.0, "POB6_R": -6.0, "POB7": -6.0, "POB7_R": -6.0, "POB8": -6.0, "POB8_R": -6.0, "POB9": -6.0, "POB9_R": -6.0, "POB10": -6.0, "POB10_R": -6.0, "POB11": -6.0, "POB11_R": -6.0, "POB12": -6.0, "POB12_R": -6.0, "POB13": -6.0, "POB13_R": -6.0, "POB14": -6.0, "POB14_R": -6.0, "POB15": -6.0, "POB15_R": -6.0, "POB17": -6.0, "POB17_R": -6.0, "POB18": -6.0, "POB18_R": -6.0, "POB19": -6.0, "POB19_R": -6.0, "POB20": -6.0, "POB20_R": -6.0, "POB21": -6.0, "POB21_R": -6.0, "POB22": -6.0, "POB22_R": -6.0, "POB23": -6.0, "POB23_R": -6.0, "POB24": -6.0, "POB24_R": -6.0, "POB25": -6.0, "POB25_R": -6.0, "POB42": -6.0, "POB42_R": -6.0, "POB43": -6.0, "POB43_R": -6.0, "POB45": -6.0, "POB45_R": -6.0, "POB46": -6.0, "POB46_R": -6.0, "POB47": -6.0, "POB47_R": -6.0, "POB48": -6.0, "POB48_R": -6.0, "POB49": -6.0, "POB49_R": -6.0, "POB50": -6.0, "POB50_R": -6.0, "POB51": -6.0, "POB51_R": -6.0, "POB52": -6.0, "POB52_R": -6.0, "POB53": -6.0, "POB53_R": -6.0, "POB54": -6.0, "POB54_R": -6.0, "POB55": -6.0, "POB55_R": -6.0, "POB56": -6.0, "POB56_R": -6.0, "POB57": -6.0, "POB57_R": -6.0, "POB59": -6.0, "POB59_R": -6.0, "POB60": -6.0, "POB60_R": -6.0, "POB61": -6.0, "POB61_R": -6.0, "POB62": -6.0, "POB62_R": -6.0, "POB63": -6.0, "POB63_R": -6.0, "POB64": -6.0, "POB64_R": -6.0, "POB65": -6.0, "POB65_R": -6.0, "POB66": -6.0, "POB66_R": -6.0, "POB67": -6.0, "POB67_R": -6.0, "POB84": -6.0, "POB84_R": -6.0, "POB85": -6.0, "POB85_R": -6.0, "POB87": -6.0, "POB87_R": -6.0, "POB88": -6.0, "POB88_R": -6.0, "POB89": -6.0, "POB89_R": -6.0, "POB90": -6.0, "POB90_R": -6.0, "POB91": -6.0, "POB91_R": -6.0, "POB92": -6.0, "POB92_R": -6.0, "POB93": -6.0, "POB93_R": -6.0, "POB94": -6.0, "POB94_R": -6.0, "POB95": -6.0, "POB95_R": -6.0, "POB96": -6.0, "POB96_R": -6.0, "POB97": -6.0, "POB97_R": -6.0, "POB98": -6.0, "POB98_R": -6.0, "POB100": -6.0, "POB100_R": -6.0, "POB101": -6.0, "POB101_R": -6.0, "POB102": -6.0, "POB102_R": -6.0, "POB103": -6.0, "POB103_R": -6.0, "POB104": -6.0, "POB104_R": -6.0, "POB105": -6.0, "POB105_R": -6.0, "POB106": -6.0, "POB106_R": -6.0, "POB107": -6.0, "POB107_R": -6.0, "POB108": -6.0, "POB108_R": -6.0, "POB125_R": -6.0, "POB126_R": -6.0, "POB127_R": -6.0, "POB128_R": -6.0, "POB129_R": -6.0, "POB130_R": -6.0, "POB131_R": -6.0, "POB132_R": -6.0, "POB133_R": -6.0, "POB134_R": -6.0, "POB3": -6.0, "POB3_R": -6.0, "POB16": -6.0, "POB16_R": -6.0, "POB26": -6.0, "POB26_R": -6.0, "POB27": -6.0, "POB27_R": -6.0, "POB28": -6.0, "POB28_R": -6.0, "POB29": -6.0, "POB29_R": -6.0, "POB30": -6.0, "POB30_R": -6.0, "POB31": -6.0, "POB31_R": -6.0, "POB32": -6.0, "POB32_R": -6.0, "POB33": -6.0, "POB33_R": -6.0, "POB34": -6.0, "POB34_R": -6.0, "POB35": -6.0, "POB35_R": -6.0, "POB36": -6.0, "POB36_R": -6.0, "POB37": -6.0, "POB37_R": -6.0, "POB38": -6.0, "POB38_R": -6.0, "POB39": -6.0, "POB39_R": -6.0, "POB40": -6.0, "POB40_R": -6.0, "POB41": -6.0, "POB41_R": -6.0, "POB44": -6.0, "POB44_R": -6.0, "POB58": -6.0, "POB58_R": -6.0, "POB68": -6.0, "POB68_R": -6.0, "POB69": -6.0, "POB69_R": -6.0, "POB70": -6.0, "POB70_R": -6.0, "POB71": -6.0, "POB71_R": -6.0, "POB72": -6.0, "POB72_R": -6.0, "POB73": -6.0, "POB73_R": -6.0, "POB74": -6.0, "POB74_R": -6.0, "POB75": -6.0, "POB75_R": -6.0, "POB76": -6.0, "POB76_R": -6.0, "POB77": -6.0, "POB77_R": -6.0, "POB78": -6.0, "POB78_R": -6.0, "POB79": -6.0, "POB79_R": -6.0, "POB80": -6.0, "POB80_R": -6.0, "POB81": -6.0, "POB81_R": -6.0, "POB82": -6.0, "POB82_R": -6.0, "POB83": -6.0, "POB83_R": -6.0, "POB86": -6.0, "POB86_R": -6.0, "POB99": -6.0, "POB99_R": -6.0, "POB109": -6.0, "POB109_R": -6.0, "POB110": -6.0, "POB110_R": -6.0, "POB111": -6.0, "POB111_R": -6.0, "POB112": -6.0, "POB112_R": -6.0, "POB113": -6.0, "POB113_R": -6.0, "POB114": -6.0, "POB114_R": -6.0, "POB115": -6.0, "POB115_R": -6.0, "POB116": -6.0, "POB116_R": -6.0, "POB117": -6.0, "POB117_R": -6.0, "POB118": -6.0, "POB118_R": -6.0, "POB119": -6.0, "POB119_R": -6.0, "POB120": -6.0, "POB120_R": -6.0, "POB121": -6.0, "POB121_R": -6.0, "POB122": -6.0, "POB122_R": -6.0, "POB123": -6.0, "POB123_R": -6.0, "POB124": -6.0, "POB124_R": -6.0, "OID": 3757 }, "geometry": { "type": "Point", "coordinates": [ -103.3932511, 20.2190297 ] } },
{ "type": "Feature", "properties": { "CVEGEO": "140500051", "NOM_ENT": "Jalisco", "NOM_MUN": "Jocotepec", "NOMGEO": "El Salitre (Villa Leal)", "CVE_AGEB": "0061", "POB1": 34.0, "POB2": 2.0, "POB2_R": 5.9, "POB4": 1.0, "POB4_R": 2.9, "POB5": 4.0, "POB5_R": 11.8, "POB6": 8.0, "POB6_R": 23.5, "POB7": 5.0, "POB7_R": 14.7, "POB8": 12.0, "POB8_R": 35.3, "POB9": 3.0, "POB9_R": 8.8, "POB10": 7.0, "POB10_R": 20.6, "POB11": 8.0, "POB11_R": 23.5, "POB12": 22.0, "POB12_R": 64.7, "POB13": 4.0, "POB13_R": 11.8, "POB14": 8.0, "POB14_R": 23.5, "POB15": 6.0, "POB15_R": 17.6, "POB17": 32.0, "POB17_R": 94.1, "POB18": 31.0, "POB18_R": 91.2, "POB19": 27.0, "POB19_R": 79.4, "POB20": 22.0, "POB20_R": 64.7, "POB21": 19.0, "POB21_R": 55.9, "POB22": 15.0, "POB22_R": 44.1, "POB23": 0.0, "POB23_R": 0.0, "POB24": 0.0, "POB24_R": 0.0, "POB25": 0.0, "POB25_R": 0.0, "POB42": 15.0, "POB42_R": 44.1, "POB43": 1.0, "POB43_R": 2.9, "POB45": 0.0, "POB45_R": 0.0, "POB46": 3.0, "POB46_R": 8.8, "POB47": 3.0, "POB47_R": 8.8, "POB48": 1.0, "POB48_R": 2.9, "POB49": 5.0, "POB49_R": 14.7, "POB50": 2.0, "POB50_R": 5.9, "POB51": 2.0, "POB51_R": 5.9, "POB52": 3.0, "POB52_R": 8.8, "POB53": 8.0, "POB53_R": 23.5, "POB54": 10.0, "POB54_R": 29.4, "POB55": 0.0, "POB55_R": 0.0, "POB56": 5.0, "POB56_R": 14.7, "POB57": 2.0, "POB57_R": 5.9, "POB59": 14.0, "POB59_R": 41.2, "POB60": 14.0, "POB60_R": 41.2, "POB61": 11.0, "POB61_R": 32.4, "POB62": 10.0, "POB62_R": 29.4, "POB63": 8.0, "POB63_R": 23.5, "POB64": 8.0, "POB64_R": 23.5, "POB65": 0.0, "POB65_R": 0.0, "POB66": 0.0, "POB66_R": 0.0, "POB67": 0.0, "POB67_R": 0.0, "POB84": 19.0, "POB84_R": 55.9, "POB85": 1.0, "POB85_R": 2.9, "POB87": 1.0, "POB87_R": 2.9, "POB88": 1.0, "POB88_R": 2.9, "POB89": 5.0, "POB89_R": 14.7, "POB90": 4.0, "POB90_R": 11.8, "POB91": 7.0, "POB91_R": 20.6, "POB92": 1.0, "POB92_R": 2.9, "POB93": 5.0, "POB93_R": 14.7, "POB94": 5.0, "POB94_R": 14.7, "POB95": 12.0, "POB95_R": 35.3, "POB96": 4.0, "POB96_R": 11.8, "POB97": 3.0, "POB97_R": 8.8, "POB98": 4.0, "POB98_R": 11.8, "POB100": 18.0, "POB100_R": 52.9, "POB101": 17.0, "POB101_R": 50.0, "POB102": 16.0, "POB102_R": 47.1, "POB103": 12.0, "POB103_R": 35.3, "POB104": 11.0, "POB104_R": 32.4, "POB105": 7.0, "POB105_R": 20.6, "POB106": 0.0, "POB106_R": 0.0, "POB107": 0.0, "POB107_R": 0.0, "POB108": 0.0, "POB108_R": 0.0, "POB125_R": 126.7, "POB126_R": 54.5, "POB127_R": 54.5, "POB128_R": 0.0, "POB129_R": 22.0, "POB130_R": 27.0, "POB131_R": 20.0, "POB132_R": 0.0, "POB133_R": 0.0, "POB134_R": 0.0, "POB3": 3.0, "POB3_R": 8.8, "POB16": 0.0, "POB16_R": 0.0, "POB26": 2.0, "POB26_R": 5.9, "POB27": 7.0, "POB27_R": 20.6, "POB28": 4.0, "POB28_R": 11.8, "POB29": 3.0, "POB29_R": 8.8, "POB30": 1.0, "POB30_R": 2.9, "POB31": 1.0, "POB31_R": 2.9, "POB32": 4.0, "POB32_R": 11.8, "POB33": 2.0, "POB33_R": 5.9, "POB34": 1.0, "POB34_R": 2.9, "POB35": 4.0, "POB35_R": 11.8, "POB36": 2.0, "POB36_R": 5.9, "POB37": 0.0, "POB37_R": 0.0, "POB38": 0.0, "POB38_R": 0.0, "POB39": 0.0, "POB39_R": 0.0, "POB40": 0.0, "POB40_R": 0.0, "POB41": 0.0, "POB41_R": 0.0, "POB44": 1.0, "POB44_R": 2.9, "POB58": 0.0, "POB58_R": 0.0, "POB68": 1.0, "POB68_R": 2.9, "POB69": 3.0, "POB69_R": 8.8, "POB70": 2.0, "POB70_R": 5.9, "POB71": 0.0, "POB71_R": 0.0, "POB72": 1.0, "POB72_R": 2.9, "POB73": 1.0, "POB73_R": 2.9, "POB74": 2.0, "POB74_R": 5.9, "POB75": 1.0, "POB75_R": 2.9, "POB76": 1.0, "POB76_R": 2.9, "POB77": 2.0, "POB77_R": 5.9, "POB78": 0.0, "POB78_R": 0.0, "POB79": 0.0, "POB79_R": 0.0, "POB80": 0.0, "POB80_R": 0.0, "POB81": 0.0, "POB81_R": 0.0, "POB82": 0.0, "POB82_R": 0.0, "POB83": 0.0, "POB83_R": 0.0, "POB86": 2.0, "POB86_R": 5.9, "POB99": 0.0, "POB99_R": 0.0, "POB109": 1.0, "POB109_R": 2.9, "POB110": 4.0, "POB110_R": 11.8, "POB111": 2.0, "POB111_R": 5.9, "POB112": 3.0, "POB112_R": 8.8, "POB113": 0.0, "POB113_R": 0.0, "POB114": 0.0, "POB114_R": 0.0, "POB115": 2.0, "POB115_R": 5.9, "POB116": 1.0, "POB116_R": 2.9, "POB117": 0.0, "POB117_R": 0.0, "POB118": 2.0, "POB118_R": 5.9, "POB119": 2.0, "POB119_R": 5.9, "POB120": 0.0, "POB120_R": 0.0, "POB121": 0.0, "POB121_R": 0.0, "POB122": 0.0, "POB122_R": 0.0, "POB123": 0.0, "POB123_R": 0.0, "POB124": 0.0, "POB124_R": 0.0, "OID": 3758 }, "geometry": { "type": "Point", "coordinates": [ -103.3892269, 20.2255989 ] } },
{ "type": "Feature", "properties": { "CVEGEO": "140500053", "NOM_ENT": "Jalisco", "NOM_MUN": "Jocotepec", "NOMGEO": "Tierra Blanca", "CVE_AGEB": "0061", "POB1": 1.0, "POB2": -6.0, "POB2_R": -6.0, "POB4": -6.0, "POB4_R": -6.0, "POB5": -6.0, "POB5_R": -6.0, "POB6": -6.0, "POB6_R": -6.0, "POB7": -6.0, "POB7_R": -6.0, "POB8": -6.0, "POB8_R": -6.0, "POB9": -6.0, "POB9_R": -6.0, "POB10": -6.0, "POB10_R": -6.0, "POB11": -6.0, "POB11_R": -6.0, "POB12": -6.0, "POB12_R": -6.0, "POB13": -6.0, "POB13_R": -6.0, "POB14": -6.0, "POB14_R": -6.0, "POB15": -6.0, "POB15_R": -6.0, "POB17": -6.0, "POB17_R": -6.0, "POB18": -6.0, "POB18_R": -6.0, "POB19": -6.0, "POB19_R": -6.0, "POB20": -6.0, "POB20_R": -6.0, "POB21": -6.0, "POB21_R": -6.0, "POB22": -6.0, "POB22_R": -6.0, "POB23": -6.0, "POB23_R": -6.0, "POB24": -6.0, "POB24_R": -6.0, "POB25": -6.0, "POB25_R": -6.0, "POB42": -6.0, "POB42_R": -6.0, "POB43": -6.0, "POB43_R": -6.0, "POB45": -6.0, "POB45_R": -6.0, "POB46": -6.0, "POB46_R": -6.0, "POB47": -6.0, "POB47_R": -6.0, "POB48": -6.0, "POB48_R": -6.0, "POB49": -6.0, "POB49_R": -6.0, "POB50": -6.0, "POB50_R": -6.0, "POB51": -6.0, "POB51_R": -6.0, "POB52": -6.0, "POB52_R": -6.0, "POB53": -6.0, "POB53_R": -6.0, "POB54": -6.0, "POB54_R": -6.0, "POB55": -6.0, "POB55_R": -6.0, "POB56": -6.0, "POB56_R": -6.0, "POB57": -6.0, "POB57_R": -6.0, "POB59": -6.0, "POB59_R": -6.0, "POB60": -6.0, "POB60_R": -6.0, "POB61": -6.0, "POB61_R": -6.0, "POB62": -6.0, "POB62_R": -6.0, "POB63": -6.0, "POB63_R": -6.0, "POB64": -6.0, "POB64_R": -6.0, "POB65": -6.0, "POB65_R": -6.0, "POB66": -6.0, "POB66_R": -6.0, "POB67": -6.0, "POB67_R": -6.0, "POB84": -6.0, "POB84_R": -6.0, "POB85": -6.0, "POB85_R": -6.0, "POB87": -6.0, "POB87_R": -6.0, "POB88": -6.0, "POB88_R": -6.0, "POB89": -6.0, "POB89_R": -6.0, "POB90": -6.0, "POB90_R": -6.0, "POB91": -6.0, "POB91_R": -6.0, "POB92": -6.0, "POB92_R": -6.0, "POB93": -6.0, "POB93_R": -6.0, "POB94": -6.0, "POB94_R": -6.0, "POB95": -6.0, "POB95_R": -6.0, "POB96": -6.0, "POB96_R": -6.0, "POB97": -6.0, "POB97_R": -6.0, "POB98": -6.0, "POB98_R": -6.0, "POB100": -6.0, "POB100_R": -6.0, "POB101": -6.0, "POB101_R": -6.0, "POB102": -6.0, "POB102_R": -6.0, "POB103": -6.0, "POB103_R": -6.0, "POB104": -6.0, "POB104_R": -6.0, "POB105": -6.0, "POB105_R": -6.0, "POB106": -6.0, "POB106_R": -6.0, "POB107": -6.0, "POB107_R": -6.0, "POB108": -6.0, "POB108_R": -6.0, "POB125_R": -6.0, "POB126_R": -6.0, "POB127_R": -6.0, "POB128_R": -6.0, "POB129_R": -6.0, "POB130_R": -6.0, "POB131_R": -6.0, "POB132_R": -6.0, "POB133_R": -6.0, "POB134_R": -6.0, "POB3": -6.0, "POB3_R": -6.0, "POB16": -6.0, "POB16_R": -6.0, "POB26": -6.0, "POB26_R": -6.0, "POB27": -6.0, "POB27_R": -6.0, "POB28": -6.0, "POB28_R": -6.0, "POB29": -6.0, "POB29_R": -6.0, "POB30": -6.0, "POB30_R": -6.0, "POB31": -6.0, "POB31_R": -6.0, "POB32": -6.0, "POB32_R": -6.0, "POB33": -6.0, "POB33_R": -6.0, "POB34": -6.0, "POB34_R": -6.0, "POB35": -6.0, "POB35_R": -6.0, "POB36": -6.0, "POB36_R": -6.0, "POB37": -6.0, "POB37_R": -6.0, "POB38": -6.0, "POB38_R": -6.0, "POB39": -6.0, "POB39_R": -6.0, "POB40": -6.0, "POB40_R": -6.0, "POB41": -6.0, "POB41_R": -6.0, "POB44": -6.0, "POB44_R": -6.0, "POB58": -6.0, "POB58_R": -6.0, "POB68": -6.0, "POB68_R": -6.0, "POB69": -6.0, "POB69_R": -6.0, "POB70": -6.0, "POB70_R": -6.0, "POB71": -6.0, "POB71_R": -6.0, "POB72": -6.0, "POB72_R": -6.0, "POB73": -6.0, "POB73_R": -6.0, "POB74": -6.0, "POB74_R": -6.0, "POB75": -6.0, "POB75_R": -6.0, "POB76": -6.0, "POB76_R": -6.0, "POB77": -6.0, "POB77_R": -6.0, "POB78": -6.0, "POB78_R": -6.0, "POB79": -6.0, "POB79_R": -6.0, "POB80": -6.0, "POB80_R": -6.0, "POB81": -6.0, "POB81_R": -6.0, "POB82": -6.0, "POB82_R": -6.0, "POB83": -6.0, "POB83_R": -6.0, "POB86": -6.0, "POB86_R": -6.0, "POB99": -6.0, "POB99_R": -6.0, "POB109": -6.0, "POB109_R": -6.0, "POB110": -6.0, "POB110_R": -6.0, "POB111": -6.0, "POB111_R": -6.0, "POB112": -6.0, "POB112_R": -6.0, "POB113": -6.0, "POB113_R": -6.0, "POB114": -6.0, "POB114_R": -6.0, "POB115": -6.0, "POB115_R": -6.0, "POB116": -6.0, "POB116_R": -6.0, "POB117": -6.0, "POB117_R": -6.0, "POB118": -6.0, "POB118_R": -6.0, "POB119": -6.0, "POB119_R": -6.0, "POB120": -6.0, "POB120_R": -6.0, "POB121": -6.0, "POB121_R": -6.0, "POB122": -6.0, "POB122_R": -6.0, "POB123": -6.0, "POB123_R": -6.0, "POB124": -6.0, "POB124_R": -6.0, "OID": 3759 }, "geometry": { "type": "Point", "coordinates": [ -103.3771492, 20.2153858 ] } },
{ "type": "Feature", "properties": { "CVEGEO": "140500054", "NOM_ENT": "Jalisco", "NOM_MUN": "Jocotepec", "NOMGEO": "Crucero Carretera Guadalajara Morelia", "CVE_AGEB": "0057", "POB1": 6.0, "POB2": -6.0, "POB2_R": -6.0, "POB4": -6.0, "POB4_R": -6.0, "POB5": -6.0, "POB5_R": -6.0, "POB6": -6.0, "POB6_R": -6.0, "POB7": -6.0, "POB7_R": -6.0, "POB8": -6.0, "POB8_R": -6.0, "POB9": -6.0, "POB9_R": -6.0, "POB10": -6.0, "POB10_R": -6.0, "POB11": -6.0, "POB11_R": -6.0, "POB12": -6.0, "POB12_R": -6.0, "POB13": -6.0, "POB13_R": -6.0, "POB14": -6.0, "POB14_R": -6.0, "POB15": -6.0, "POB15_R": -6.0, "POB17": -6.0, "POB17_R": -6.0, "POB18": -6.0, "POB18_R": -6.0, "POB19": -6.0, "POB19_R": -6.0, "POB20": -6.0, "POB20_R": -6.0, "POB21": -6.0, "POB21_R": -6.0, "POB22": -6.0, "POB22_R": -6.0, "POB23": -6.0, "POB23_R": -6.0, "POB24": -6.0, "POB24_R": -6.0, "POB25": -6.0, "POB25_R": -6.0, "POB42": -6.0, "POB42_R": -6.0, "POB43": -6.0, "POB43_R": -6.0, "POB45": -6.0, "POB45_R": -6.0, "POB46": -6.0, "POB46_R": -6.0, "POB47": -6.0, "POB47_R": -6.0, "POB48": -6.0, "POB48_R": -6.0, "POB49": -6.0, "POB49_R": -6.0, "POB50": -6.0, "POB50_R": -6.0, "POB51": -6.0, "POB51_R": -6.0, "POB52": -6.0, "POB52_R": -6.0, "POB53": -6.0, "POB53_R": -6.0, "POB54": -6.0, "POB54_R": -6.0, "POB55": -6.0, "POB55_R": -6.0, "POB56": -6.0, "POB56_R": -6.0, "POB57": -6.0, "POB57_R": -6.0, "POB59": -6.0, "POB59_R": -6.0, "POB60": -6.0, "POB60_R": -6.0, "POB61": -6.0, "POB61_R": -6.0, "POB62": -6.0, "POB62_R": -6.0, "POB63": -6.0, "POB63_R": -6.0, "POB64": -6.0, "POB64_R": -6.0, "POB65": -6.0, "POB65_R": -6.0, "POB66": -6.0, "POB66_R": -6.0, "POB67": -6.0, "POB67_R": -6.0, "POB84": -6.0, "POB84_R": -6.0, "POB85": -6.0, "POB85_R": -6.0, "POB87": -6.0, "POB87_R": -6.0, "POB88": -6.0, "POB88_R": -6.0, "POB89": -6.0, "POB89_R": -6.0, "POB90": -6.0, "POB90_R": -6.0, "POB91": -6.0, "POB91_R": -6.0, "POB92": -6.0, "POB92_R": -6.0, "POB93": -6.0, "POB93_R": -6.0, "POB94": -6.0, "POB94_R": -6.0, "POB95": -6.0, "POB95_R": -6.0, "POB96": -6.0, "POB96_R": -6.0, "POB97": -6.0, "POB97_R": -6.0, "POB98": -6.0, "POB98_R": -6.0, "POB100": -6.0, "POB100_R": -6.0, "POB101": -6.0, "POB101_R": -6.0, "POB102": -6.0, "POB102_R": -6.0, "POB103": -6.0, "POB103_R": -6.0, "POB104": -6.0, "POB104_R": -6.0, "POB105": -6.0, "POB105_R": -6.0, "POB106": -6.0, "POB106_R": -6.0, "POB107": -6.0, "POB107_R": -6.0, "POB108": -6.0, "POB108_R": -6.0, "POB125_R": -6.0, "POB126_R": -6.0, "POB127_R": -6.0, "POB128_R": -6.0, "POB129_R": -6.0, "POB130_R": -6.0, "POB131_R": -6.0, "POB132_R": -6.0, "POB133_R": -6.0, "POB134_R": -6.0, "POB3": -6.0, "POB3_R": -6.0, "POB16": -6.0, "POB16_R": -6.0, "POB26": -6.0, "POB26_R": -6.0, "POB27": -6.0, "POB27_R": -6.0, "POB28": -6.0, "POB28_R": -6.0, "POB29": -6.0, "POB29_R": -6.0, "POB30": -6.0, "POB30_R": -6.0, "POB31": -6.0, "POB31_R": -6.0, "POB32": -6.0, "POB32_R": -6.0, "POB33": -6.0, "POB33_R": -6.0, "POB34": -6.0, "POB34_R": -6.0, "POB35": -6.0, "POB35_R": -6.0, "POB36": -6.0, "POB36_R": -6.0, "POB37": -6.0, "POB37_R": -6.0, "POB38": -6.0, "POB38_R": -6.0, "POB39": -6.0, "POB39_R": -6.0, "POB40": -6.0, "POB40_R": -6.0, "POB41": -6.0, "POB41_R": -6.0, "POB44": -6.0, "POB44_R": -6.0, "POB58": -6.0, "POB58_R": -6.0, "POB68": -6.0, "POB68_R": -6.0, "POB69": -6.0, "POB69_R": -6.0, "POB70": -6.0, "POB70_R": -6.0, "POB71": -6.0, "POB71_R": -6.0, "POB72": -6.0, "POB72_R": -6.0, "POB73": -6.0, "POB73_R": -6.0, "POB74": -6.0, "POB74_R": -6.0, "POB75": -6.0, "POB75_R": -6.0, "POB76": -6.0, "POB76_R": -6.0, "POB77": -6.0, "POB77_R": -6.0, "POB78": -6.0, "POB78_R": -6.0, "POB79": -6.0, "POB79_R": -6.0, "POB80": -6.0, "POB80_R": -6.0, "POB81": -6.0, "POB81_R": -6.0, "POB82": -6.0, "POB82_R": -6.0, "POB83": -6.0, "POB83_R": -6.0, "POB86": -6.0, "POB86_R": -6.0, "POB99": -6.0, "POB99_R": -6.0, "POB109": -6.0, "POB109_R": -6.0, "POB110": -6.0, "POB110_R": -6.0, "POB111": -6.0, "POB111_R": -6.0, "POB112": -6.0, "POB112_R": -6.0, "POB113": -6.0, "POB113_R": -6.0, "POB114": -6.0, "POB114_R": -6.0, "POB115": -6.0, "POB115_R": -6.0, "POB116": -6.0, "POB116_R": -6.0, "POB117": -6.0, "POB117_R": -6.0, "POB118": -6.0, "POB118_R": -6.0, "POB119": -6.0, "POB119_R": -6.0, "POB120": -6.0, "POB120_R": -6.0, "POB121": -6.0, "POB121_R": -6.0, "POB122": -6.0, "POB122_R": -6.0, "POB123": -6.0, "POB123_R": -6.0, "POB124": -6.0, "POB124_R": -6.0, "OID": 3760 }, "geometry": { "type": "Point", "coordinates": [ -103.4492911, 20.2819556 ] } },
{ "type": "Feature", "properties": { "CVEGEO": "140500057", "NOM_ENT": "Jalisco", "NOM_MUN": "Jocotepec", "NOMGEO": "Rancho Víctor Ville", "CVE_AGEB": "0061", "POB1": 2.0, "POB2": -6.0, "POB2_R": -6.0, "POB4": -6.0, "POB4_R": -6.0, "POB5": -6.0, "POB5_R": -6.0, "POB6": -6.0, "POB6_R": -6.0, "POB7": -6.0, "POB7_R": -6.0, "POB8": -6.0, "POB8_R": -6.0, "POB9": -6.0, "POB9_R": -6.0, "POB10": -6.0, "POB10_R": -6.0, "POB11": -6.0, "POB11_R": -6.0, "POB12": -6.0, "POB12_R": -6.0, "POB13": -6.0, "POB13_R": -6.0, "POB14": -6.0, "POB14_R": -6.0, "POB15": -6.0, "POB15_R": -6.0, "POB17": -6.0, "POB17_R": -6.0, "POB18": -6.0, "POB18_R": -6.0, "POB19": -6.0, "POB19_R": -6.0, "POB20": -6.0, "POB20_R": -6.0, "POB21": -6.0, "POB21_R": -6.0, "POB22": -6.0, "POB22_R": -6.0, "POB23": -6.0, "POB23_R": -6.0, "POB24": -6.0, "POB24_R": -6.0, "POB25": -6.0, "POB25_R": -6.0, "POB42": -6.0, "POB42_R": -6.0, "POB43": -6.0, "POB43_R": -6.0, "POB45": -6.0, "POB45_R": -6.0, "POB46": -6.0, "POB46_R": -6.0, "POB47": -6.0, "POB47_R": -6.0, "POB48": -6.0, "POB48_R": -6.0, "POB49": -6.0, "POB49_R": -6.0, "POB50": -6.0, "POB50_R": -6.0, "POB51": -6.0, "POB51_R": -6.0, "POB52": -6.0, "POB52_R": -6.0, "POB53": -6.0, "POB53_R": -6.0, "POB54": -6.0, "POB54_R": -6.0, "POB55": -6.0, "POB55_R": -6.0, "POB56": -6.0, "POB56_R": -6.0, "POB57": -6.0, "POB57_R": -6.0, "POB59": -6.0, "POB59_R": -6.0, "POB60": -6.0, "POB60_R": -6.0, "POB61": -6.0, "POB61_R": -6.0, "POB62": -6.0, "POB62_R": -6.0, "POB63": -6.0, "POB63_R": -6.0, "POB64": -6.0, "POB64_R": -6.0, "POB65": -6.0, "POB65_R": -6.0, "POB66": -6.0, "POB66_R": -6.0, "POB67": -6.0, "POB67_R": -6.0, "POB84": -6.0, "POB84_R": -6.0, "POB85": -6.0, "POB85_R": -6.0, "POB87": -6.0, "POB87_R": -6.0, "POB88": -6.0, "POB88_R": -6.0, "POB89": -6.0, "POB89_R": -6.0, "POB90": -6.0, "POB90_R": -6.0, "POB91": -6.0, "POB91_R": -6.0, "POB92": -6.0, "POB92_R": -6.0, "POB93": -6.0, "POB93_R": -6.0, "POB94": -6.0, "POB94_R": -6.0, "POB95": -6.0, "POB95_R": -6.0, "POB96": -6.0, "POB96_R": -6.0, "POB97": -6.0, "POB97_R": -6.0, "POB98": -6.0, "POB98_R": -6.0, "POB100": -6.0, "POB100_R": -6.0, "POB101": -6.0, "POB101_R": -6.0, "POB102": -6.0, "POB102_R": -6.0, "POB103": -6.0, "POB103_R": -6.0, "POB104": -6.0, "POB104_R": -6.0, "POB105": -6.0, "POB105_R": -6.0, "POB106": -6.0, "POB106_R": -6.0, "POB107": -6.0, "POB107_R": -6.0, "POB108": -6.0, "POB108_R": -6.0, "POB125_R": -6.0, "POB126_R": -6.0, "POB127_R": -6.0, "POB128_R": -6.0, "POB129_R": -6.0, "POB130_R": -6.0, "POB131_R": -6.0, "POB132_R": -6.0, "POB133_R": -6.0, "POB134_R": -6.0, "POB3": -6.0, "POB3_R": -6.0, "POB16": -6.0, "POB16_R": -6.0, "POB26": -6.0, "POB26_R": -6.0, "POB27": -6.0, "POB27_R": -6.0, "POB28": -6.0, "POB28_R": -6.0, "POB29": -6.0, "POB29_R": -6.0, "POB30": -6.0, "POB30_R": -6.0, "POB31": -6.0, "POB31_R": -6.0, "POB32": -6.0, "POB32_R": -6.0, "POB33": -6.0, "POB33_R": -6.0, "POB34": -6.0, "POB34_R": -6.0, "POB35": -6.0, "POB35_R": -6.0, "POB36": -6.0, "POB36_R": -6.0, "POB37": -6.0, "POB37_R": -6.0, "POB38": -6.0, "POB38_R": -6.0, "POB39": -6.0, "POB39_R": -6.0, "POB40": -6.0, "POB40_R": -6.0, "POB41": -6.0, "POB41_R": -6.0, "POB44": -6.0, "POB44_R": -6.0, "POB58": -6.0, "POB58_R": -6.0, "POB68": -6.0, "POB68_R": -6.0, "POB69": -6.0, "POB69_R": -6.0, "POB70": -6.0, "POB70_R": -6.0, "POB71": -6.0, "POB71_R": -6.0, "POB72": -6.0, "POB72_R": -6.0, "POB73": -6.0, "POB73_R": -6.0, "POB74": -6.0, "POB74_R": -6.0, "POB75": -6.0, "POB75_R": -6.0, "POB76": -6.0, "POB76_R": -6.0, "POB77": -6.0, "POB77_R": -6.0, "POB78": -6.0, "POB78_R": -6.0, "POB79": -6.0, "POB79_R": -6.0, "POB80": -6.0, "POB80_R": -6.0, "POB81": -6.0, "POB81_R": -6.0, "POB82": -6.0, "POB82_R": -6.0, "POB83": -6.0, "POB83_R": -6.0, "POB86": -6.0, "POB86_R": -6.0, "POB99": -6.0, "POB99_R": -6.0, "POB109": -6.0, "POB109_R": -6.0, "POB110": -6.0, "POB110_R": -6.0, "POB111": -6.0, "POB111_R": -6.0, "POB112": -6.0, "POB112_R": -6.0, "POB113": -6.0, "POB113_R": -6.0, "POB114": -6.0, "POB114_R": -6.0, "POB115": -6.0, "POB115_R": -6.0, "POB116": -6.0, "POB116_R": -6.0, "POB117": -6.0, "POB117_R": -6.0, "POB118": -6.0, "POB118_R": -6.0, "POB119": -6.0, "POB119_R": -6.0, "POB120": -6.0, "POB120_R": -6.0, "POB121": -6.0, "POB121_R": -6.0, "POB122": -6.0, "POB122_R": -6.0, "POB123": -6.0, "POB123_R": -6.0, "POB124": -6.0, "POB124_R": -6.0, "OID": 3761 }, "geometry": { "type": "Point", "coordinates": [ -103.4057122, 20.2229561 ] } },
{ "type": "Feature", "properties": { "CVEGEO": "140500066", "NOM_ENT": "Jalisco", "NOM_MUN": "Jocotepec", "NOMGEO": "La Arena (Las Fresas)", "CVE_AGEB": "0023", "POB1": 5.0, "POB2": -6.0, "POB2_R": -6.0, "POB4": -6.0, "POB4_R": -6.0, "POB5": -6.0, "POB5_R": -6.0, "POB6": -6.0, "POB6_R": -6.0, "POB7": -6.0, "POB7_R": -6.0, "POB8": -6.0, "POB8_R": -6.0, "POB9": -6.0, "POB9_R": -6.0, "POB10": -6.0, "POB10_R": -6.0, "POB11": -6.0, "POB11_R": -6.0, "POB12": -6.0, "POB12_R": -6.0, "POB13": -6.0, "POB13_R": -6.0, "POB14": -6.0, "POB14_R": -6.0, "POB15": -6.0, "POB15_R": -6.0, "POB17": -6.0, "POB17_R": -6.0, "POB18": -6.0, "POB18_R": -6.0, "POB19": -6.0, "POB19_R": -6.0, "POB20": -6.0, "POB20_R": -6.0, "POB21": -6.0, "POB21_R": -6.0, "POB22": -6.0, "POB22_R": -6.0, "POB23": -6.0, "POB23_R": -6.0, "POB24": -6.0, "POB24_R": -6.0, "POB25": -6.0, "POB25_R": -6.0, "POB42": -6.0, "POB42_R": -6.0, "POB43": -6.0, "POB43_R": -6.0, "POB45": -6.0, "POB45_R": -6.0, "POB46": -6.0, "POB46_R": -6.0, "POB47": -6.0, "POB47_R": -6.0, "POB48": -6.0, "POB48_R": -6.0, "POB49": -6.0, "POB49_R": -6.0, "POB50": -6.0, "POB50_R": -6.0, "POB51": -6.0, "POB51_R": -6.0, "POB52": -6.0, "POB52_R": -6.0, "POB53": -6.0, "POB53_R": -6.0, "POB54": -6.0, "POB54_R": -6.0, "POB55": -6.0, "POB55_R": -6.0, "POB56": -6.0, "POB56_R": -6.0, "POB57": -6.0, "POB57_R": -6.0, "POB59": -6.0, "POB59_R": -6.0, "POB60": -6.0, "POB60_R": -6.0, "POB61": -6.0, "POB61_R": -6.0, "POB62": -6.0, "POB62_R": -6.0, "POB63": -6.0, "POB63_R": -6.0, "POB64": -6.0, "POB64_R": -6.0, "POB65": -6.0, "POB65_R": -6.0, "POB66": -6.0, "POB66_R": -6.0, "POB67": -6.0, "POB67_R": -6.0, "POB84": -6.0, "POB84_R": -6.0, "POB85": -6.0, "POB85_R": -6.0, "POB87": -6.0, "POB87_R": -6.0, "POB88": -6.0, "POB88_R": -6.0, "POB89": -6.0, "POB89_R": -6.0, "POB90": -6.0, "POB90_R": -6.0, "POB91": -6.0, "POB91_R": -6.0, "POB92": -6.0, "POB92_R": -6.0, "POB93": -6.0, "POB93_R": -6.0, "POB94": -6.0, "POB94_R": -6.0, "POB95": -6.0, "POB95_R": -6.0, "POB96": -6.0, "POB96_R": -6.0, "POB97": -6.0, "POB97_R": -6.0, "POB98": -6.0, "POB98_R": -6.0, "POB100": -6.0, "POB100_R": -6.0, "POB101": -6.0, "POB101_R": -6.0, "POB102": -6.0, "POB102_R": -6.0, "POB103": -6.0, "POB103_R": -6.0, "POB104": -6.0, "POB104_R": -6.0, "POB105": -6.0, "POB105_R": -6.0, "POB106": -6.0, "POB106_R": -6.0, "POB107": -6.0, "POB107_R": -6.0, "POB108": -6.0, "POB108_R": -6.0, "POB125_R": -6.0, "POB126_R": -6.0, "POB127_R": -6.0, "POB128_R": -6.0, "POB129_R": -6.0, "POB130_R": -6.0, "POB131_R": -6.0, "POB132_R": -6.0, "POB133_R": -6.0, "POB134_R": -6.0, "POB3": -6.0, "POB3_R": -6.0, "POB16": -6.0, "POB16_R": -6.0, "POB26": -6.0, "POB26_R": -6.0, "POB27": -6.0, "POB27_R": -6.0, "POB28": -6.0, "POB28_R": -6.0, "POB29": -6.0, "POB29_R": -6.0, "POB30": -6.0, "POB30_R": -6.0, "POB31": -6.0, "POB31_R": -6.0, "POB32": -6.0, "POB32_R": -6.0, "POB33": -6.0, "POB33_R": -6.0, "POB34": -6.0, "POB34_R": -6.0, "POB35": -6.0, "POB35_R": -6.0, "POB36": -6.0, "POB36_R": -6.0, "POB37": -6.0, "POB37_R": -6.0, "POB38": -6.0, "POB38_R": -6.0, "POB39": -6.0, "POB39_R": -6.0, "POB40": -6.0, "POB40_R": -6.0, "POB41": -6.0, "POB41_R": -6.0, "POB44": -6.0, "POB44_R": -6.0, "POB58": -6.0, "POB58_R": -6.0, "POB68": -6.0, "POB68_R": -6.0, "POB69": -6.0, "POB69_R": -6.0, "POB70": -6.0, "POB70_R": -6.0, "POB71": -6.0, "POB71_R": -6.0, "POB72": -6.0, "POB72_R": -6.0, "POB73": -6.0, "POB73_R": -6.0, "POB74": -6.0, "POB74_R": -6.0, "POB75": -6.0, "POB75_R": -6.0, "POB76": -6.0, "POB76_R": -6.0, "POB77": -6.0, "POB77_R": -6.0, "POB78": -6.0, "POB78_R": -6.0, "POB79": -6.0, "POB79_R": -6.0, "POB80": -6.0, "POB80_R": -6.0, "POB81": -6.0, "POB81_R": -6.0, "POB82": -6.0, "POB82_R": -6.0, "POB83": -6.0, "POB83_R": -6.0, "POB86": -6.0, "POB86_R": -6.0, "POB99": -6.0, "POB99_R": -6.0, "POB109": -6.0, "POB109_R": -6.0, "POB110": -6.0, "POB110_R": -6.0, "POB111": -6.0, "POB111_R": -6.0, "POB112": -6.0, "POB112_R": -6.0, "POB113": -6.0, "POB113_R": -6.0, "POB114": -6.0, "POB114_R": -6.0, "POB115": -6.0, "POB115_R": -6.0, "POB116": -6.0, "POB116_R": -6.0, "POB117": -6.0, "POB117_R": -6.0, "POB118": -6.0, "POB118_R": -6.0, "POB119": -6.0, "POB119_R": -6.0, "POB120": -6.0, "POB120_R": -6.0, "POB121": -6.0, "POB121_R": -6.0, "POB122": -6.0, "POB122_R": -6.0, "POB123": -6.0, "POB123_R": -6.0, "POB124": -6.0, "POB124_R": -6.0, "OID": 3762 }, "geometry": { "type": "Point", "coordinates": [ -103.3475589, 20.3411178 ] } },
{ "type": "Feature", "properties": { "CVEGEO": "140500070", "NOM_ENT": "Jalisco", "NOM_MUN": "Jocotepec", "NOMGEO": "Cetesis [Escuela de Bomberos]", "CVE_AGEB": "0019", "POB1": 3.0, "POB2": -6.0, "POB2_R": -6.0, "POB4": -6.0, "POB4_R": -6.0, "POB5": -6.0, "POB5_R": -6.0, "POB6": -6.0, "POB6_R": -6.0, "POB7": -6.0, "POB7_R": -6.0, "POB8": -6.0, "POB8_R": -6.0, "POB9": -6.0, "POB9_R": -6.0, "POB10": -6.0, "POB10_R": -6.0, "POB11": -6.0, "POB11_R": -6.0, "POB12": -6.0, "POB12_R": -6.0, "POB13": -6.0, "POB13_R": -6.0, "POB14": -6.0, "POB14_R": -6.0, "POB15": -6.0, "POB15_R": -6.0, "POB17": -6.0, "POB17_R": -6.0, "POB18": -6.0, "POB18_R": -6.0, "POB19": -6.0, "POB19_R": -6.0, "POB20": -6.0, "POB20_R": -6.0, "POB21": -6.0, "POB21_R": -6.0, "POB22": -6.0, "POB22_R": -6.0, "POB23": -6.0, "POB23_R": -6.0, "POB24": -6.0, "POB24_R": -6.0, "POB25": -6.0, "POB25_R": -6.0, "POB42": -6.0, "POB42_R": -6.0, "POB43": -6.0, "POB43_R": -6.0, "POB45": -6.0, "POB45_R": -6.0, "POB46": -6.0, "POB46_R": -6.0, "POB47": -6.0, "POB47_R": -6.0, "POB48": -6.0, "POB48_R": -6.0, "POB49": -6.0, "POB49_R": -6.0, "POB50": -6.0, "POB50_R": -6.0, "POB51": -6.0, "POB51_R": -6.0, "POB52": -6.0, "POB52_R": -6.0, "POB53": -6.0, "POB53_R": -6.0, "POB54": -6.0, "POB54_R": -6.0, "POB55": -6.0, "POB55_R": -6.0, "POB56": -6.0, "POB56_R": -6.0, "POB57": -6.0, "POB57_R": -6.0, "POB59": -6.0, "POB59_R": -6.0, "POB60": -6.0, "POB60_R": -6.0, "POB61": -6.0, "POB61_R": -6.0, "POB62": -6.0, "POB62_R": -6.0, "POB63": -6.0, "POB63_R": -6.0, "POB64": -6.0, "POB64_R": -6.0, "POB65": -6.0, "POB65_R": -6.0, "POB66": -6.0, "POB66_R": -6.0, "POB67": -6.0, "POB67_R": -6.0, "POB84": -6.0, "POB84_R": -6.0, "POB85": -6.0, "POB85_R": -6.0, "POB87": -6.0, "POB87_R": -6.0, "POB88": -6.0, "POB88_R": -6.0, "POB89": -6.0, "POB89_R": -6.0, "POB90": -6.0, "POB90_R": -6.0, "POB91": -6.0, "POB91_R": -6.0, "POB92": -6.0, "POB92_R": -6.0, "POB93": -6.0, "POB93_R": -6.0, "POB94": -6.0, "POB94_R": -6.0, "POB95": -6.0, "POB95_R": -6.0, "POB96": -6.0, "POB96_R": -6.0, "POB97": -6.0, "POB97_R": -6.0, "POB98": -6.0, "POB98_R": -6.0, "POB100": -6.0, "POB100_R": -6.0, "POB101": -6.0, "POB101_R": -6.0, "POB102": -6.0, "POB102_R": -6.0, "POB103": -6.0, "POB103_R": -6.0, "POB104": -6.0, "POB104_R": -6.0, "POB105": -6.0, "POB105_R": -6.0, "POB106": -6.0, "POB106_R": -6.0, "POB107": -6.0, "POB107_R": -6.0, "POB108": -6.0, "POB108_R": -6.0, "POB125_R": -6.0, "POB126_R": -6.0, "POB127_R": -6.0, "POB128_R": -6.0, "POB129_R": -6.0, "POB130_R": -6.0, "POB131_R": -6.0, "POB132_R": -6.0, "POB133_R": -6.0, "POB134_R": -6.0, "POB3": -6.0, "POB3_R": -6.0, "POB16": -6.0, "POB16_R": -6.0, "POB26": -6.0, "POB26_R": -6.0, "POB27": -6.0, "POB27_R": -6.0, "POB28": -6.0, "POB28_R": -6.0, "POB29": -6.0, "POB29_R": -6.0, "POB30": -6.0, "POB30_R": -6.0, "POB31": -6.0, "POB31_R": -6.0, "POB32": -6.0, "POB32_R": -6.0, "POB33": -6.0, "POB33_R": -6.0, "POB34": -6.0, "POB34_R": -6.0, "POB35": -6.0, "POB35_R": -6.0, "POB36": -6.0, "POB36_R": -6.0, "POB37": -6.0, "POB37_R": -6.0, "POB38": -6.0, "POB38_R": -6.0, "POB39": -6.0, "POB39_R": -6.0, "POB40": -6.0, "POB40_R": -6.0, "POB41": -6.0, "POB41_R": -6.0, "POB44": -6.0, "POB44_R": -6.0, "POB58": -6.0, "POB58_R": -6.0, "POB68": -6.0, "POB68_R": -6.0, "POB69": -6.0, "POB69_R": -6.0, "POB70": -6.0, "POB70_R": -6.0, "POB71": -6.0, "POB71_R": -6.0, "POB72": -6.0, "POB72_R": -6.0, "POB73": -6.0, "POB73_R": -6.0, "POB74": -6.0, "POB74_R": -6.0, "POB75": -6.0, "POB75_R": -6.0, "POB76": -6.0, "POB76_R": -6.0, "POB77": -6.0, "POB77_R": -6.0, "POB78": -6.0, "POB78_R": -6.0, "POB79": -6.0, "POB79_R": -6.0, "POB80": -6.0, "POB80_R": -6.0, "POB81": -6.0, "POB81_R": -6.0, "POB82": -6.0, "POB82_R": -6.0, "POB83": -6.0, "POB83_R": -6.0, "POB86": -6.0, "POB86_R": -6.0, "POB99": -6.0, "POB99_R": -6.0, "POB109": -6.0, "POB109_R": -6.0, "POB110": -6.0, "POB110_R": -6.0, "POB111": -6.0, "POB111_R": -6.0, "POB112": -6.0, "POB112_R": -6.0, "POB113": -6.0, "POB113_R": -6.0, "POB114": -6.0, "POB114_R": -6.0, "POB115": -6.0, "POB115_R": -6.0, "POB116": -6.0, "POB116_R": -6.0, "POB117": -6.0, "POB117_R": -6.0, "POB118": -6.0, "POB118_R": -6.0, "POB119": -6.0, "POB119_R": -6.0, "POB120": -6.0, "POB120_R": -6.0, "POB121": -6.0, "POB121_R": -6.0, "POB122": -6.0, "POB122_R": -6.0, "POB123": -6.0, "POB123_R": -6.0, "POB124": -6.0, "POB124_R": -6.0, "OID": 3763 }, "geometry": { "type": "Point", "coordinates": [ -103.5214878, 20.3620428 ] } },
{ "type": "Feature", "properties": { "CVEGEO": "140500071", "NOM_ENT": "Jalisco", "NOM_MUN": "Jocotepec", "NOMGEO": "La Cristina", "CVE_AGEB": "0023", "POB1": 35.0, "POB2": 0.0, "POB2_R": 0.0, "POB4": 3.0, "POB4_R": 8.6, "POB5": 2.0, "POB5_R": 5.7, "POB6": 4.0, "POB6_R": 11.4, "POB7": 2.0, "POB7_R": 5.7, "POB8": 7.0, "POB8_R": 20.0, "POB9": 3.0, "POB9_R": 8.6, "POB10": 4.0, "POB10_R": 11.4, "POB11": 4.0, "POB11_R": 11.4, "POB12": 16.0, "POB12_R": 45.7, "POB13": 1.0, "POB13_R": 2.9, "POB14": 8.0, "POB14_R": 22.9, "POB15": 1.0, "POB15_R": 2.9, "POB17": 35.0, "POB17_R": 100.0, "POB18": 32.0, "POB18_R": 91.4, "POB19": 30.0, "POB19_R": 85.7, "POB20": 28.0, "POB20_R": 80.0, "POB21": 25.0, "POB21_R": 71.4, "POB22": 24.0, "POB22_R": 68.6, "POB23": 15.0, "POB23_R": 42.9, "POB24": 12.0, "POB24_R": 34.3, "POB25": 9.0, "POB25_R": 25.7, "POB42": 19.0, "POB42_R": 54.3, "POB43": 0.0, "POB43_R": 0.0, "POB45": 1.0, "POB45_R": 2.9, "POB46": 2.0, "POB46_R": 5.7, "POB47": 4.0, "POB47_R": 11.4, "POB48": 2.0, "POB48_R": 5.7, "POB49": 5.0, "POB49_R": 14.3, "POB50": 2.0, "POB50_R": 5.7, "POB51": 2.0, "POB51_R": 5.7, "POB52": 2.0, "POB52_R": 5.7, "POB53": 5.0, "POB53_R": 14.3, "POB54": 7.0, "POB54_R": 20.0, "POB55": 0.0, "POB55_R": 0.0, "POB56": 3.0, "POB56_R": 8.6, "POB57": 0.0, "POB57_R": 0.0, "POB59": 19.0, "POB59_R": 54.3, "POB60": 18.0, "POB60_R": 51.4, "POB61": 16.0, "POB61_R": 45.7, "POB62": 14.0, "POB62_R": 40.0, "POB63": 12.0, "POB63_R": 34.3, "POB64": 12.0, "POB64_R": 34.3, "POB65": 9.0, "POB65_R": 25.7, "POB66": 7.0, "POB66_R": 20.0, "POB67": 5.0, "POB67_R": 14.3, "POB84": 16.0, "POB84_R": 45.7, "POB85": 0.0, "POB85_R": 0.0, "POB87": 2.0, "POB87_R": 5.7, "POB88": 0.0, "POB88_R": 0.0, "POB89": 0.0, "POB89_R": 0.0, "POB90": 0.0, "POB90_R": 0.0, "POB91": 2.0, "POB91_R": 5.7, "POB92": 1.0, "POB92_R": 2.9, "POB93": 2.0, "POB93_R": 5.7, "POB94": 2.0, "POB94_R": 5.7, "POB95": 9.0, "POB95_R": 25.7, "POB96": 1.0, "POB96_R": 2.9, "POB97": 5.0, "POB97_R": 14.3, "POB98": 1.0, "POB98_R": 2.9, "POB100": 16.0, "POB100_R": 45.7, "POB101": 14.0, "POB101_R": 40.0, "POB102": 14.0, "POB102_R": 40.0, "POB103": 14.0, "POB103_R": 40.0, "POB104": 13.0, "POB104_R": 37.1, "POB105": 12.0, "POB105_R": 34.3, "POB106": 6.0, "POB106_R": 17.1, "POB107": 5.0, "POB107_R": 14.3, "POB108": 4.0, "POB108_R": 11.4, "POB125_R": 84.2, "POB126_R": 118.8, "POB127_R": 43.8, "POB128_R": 75.0, "POB129_R": 44.0, "POB130_R": 46.0, "POB131_R": 44.0, "POB132_R": 214.3, "POB133_R": 180.0, "POB134_R": 300.0, "POB3": 3.0, "POB3_R": 8.6, "POB16": 3.0, "POB16_R": 8.6, "POB26": 1.0, "POB26_R": 2.9, "POB27": 3.0, "POB27_R": 8.6, "POB28": 3.0, "POB28_R": 8.6, "POB29": 1.0, "POB29_R": 2.9, "POB30": 0.0, "POB30_R": 0.0, "POB31": 3.0, "POB31_R": 8.6, "POB32": 1.0, "POB32_R": 2.9, "POB33": 3.0, "POB33_R": 8.6, "POB34": 1.0, "POB34_R": 2.9, "POB35": 0.0, "POB35_R": 0.0, "POB36": 1.0, "POB36_R": 2.9, "POB37": 3.0, "POB37_R": 8.6, "POB38": 4.0, "POB38_R": 11.4, "POB39": 2.0, "POB39_R": 5.7, "POB40": 3.0, "POB40_R": 8.6, "POB41": 0.0, "POB41_R": 0.0, "POB44": 1.0, "POB44_R": 2.9, "POB58": 2.0, "POB58_R": 5.7, "POB68": 1.0, "POB68_R": 2.9, "POB69": 3.0, "POB69_R": 8.6, "POB70": 2.0, "POB70_R": 5.7, "POB71": 0.0, "POB71_R": 0.0, "POB72": 0.0, "POB72_R": 0.0, "POB73": 1.0, "POB73_R": 2.9, "POB74": 0.0, "POB74_R": 0.0, "POB75": 1.0, "POB75_R": 2.9, "POB76": 1.0, "POB76_R": 2.9, "POB77": 0.0, "POB77_R": 0.0, "POB78": 0.0, "POB78_R": 0.0, "POB79": 2.0, "POB79_R": 5.7, "POB80": 2.0, "POB80_R": 5.7, "POB81": 1.0, "POB81_R": 2.9, "POB82": 2.0, "POB82_R": 5.7, "POB83": 0.0, "POB83_R": 0.0, "POB86": 2.0, "POB86_R": 5.7, "POB99": 1.0, "POB99_R": 2.9, "POB109": 0.0, "POB109_R": 0.0, "POB110": 0.0, "POB110_R": 0.0, "POB111": 1.0, "POB111_R": 2.9, "POB112": 1.0, "POB112_R": 2.9, "POB113": 0.0, "POB113_R": 0.0, "POB114": 2.0, "POB114_R": 5.7, "POB115": 1.0, "POB115_R": 2.9, "POB116": 2.0, "POB116_R": 5.7, "POB117": 0.0, "POB117_R": 0.0, "POB118": 0.0, "POB118_R": 0.0, "POB119": 1.0, "POB119_R": 2.9, "POB120": 1.0, "POB120_R": 2.9, "POB121": 2.0, "POB121_R": 5.7, "POB122": 1.0, "POB122_R": 2.9, "POB123": 1.0, "POB123_R": 2.9, "POB124": 0.0, "POB124_R": 0.0, "OID": 3764 }, "geometry": { "type": "Point", "coordinates": [ -103.301875, 20.2920528 ] } },
{ "type": "Feature", "properties": { "CVEGEO": "140500076", "NOM_ENT": "Jalisco", "NOM_MUN": "Jocotepec", "NOMGEO": "Extramuros", "CVE_AGEB": "0057", "POB1": 4.0, "POB2": -6.0, "POB2_R": -6.0, "POB4": -6.0, "POB4_R": -6.0, "POB5": -6.0, "POB5_R": -6.0, "POB6": -6.0, "POB6_R": -6.0, "POB7": -6.0, "POB7_R": -6.0, "POB8": -6.0, "POB8_R": -6.0, "POB9": -6.0, "POB9_R": -6.0, "POB10": -6.0, "POB10_R": -6.0, "POB11": -6.0, "POB11_R": -6.0, "POB12": -6.0, "POB12_R": -6.0, "POB13": -6.0, "POB13_R": -6.0, "POB14": -6.0, "POB14_R": -6.0, "POB15": -6.0, "POB15_R": -6.0, "POB17": -6.0, "POB17_R": -6.0, "POB18": -6.0, "POB18_R": -6.0, "POB19": -6.0, "POB19_R": -6.0, "POB20": -6.0, "POB20_R": -6.0, "POB21": -6.0, "POB21_R": -6.0, "POB22": -6.0, "POB22_R": -6.0, "POB23": -6.0, "POB23_R": -6.0, "POB24": -6.0, "POB24_R": -6.0, "POB25": -6.0, "POB25_R": -6.0, "POB42": -6.0, "POB42_R": -6.0, "POB43": -6.0, "POB43_R": -6.0, "POB45": -6.0, "POB45_R": -6.0, "POB46": -6.0, "POB46_R": -6.0, "POB47": -6.0, "POB47_R": -6.0, "POB48": -6.0, "POB48_R": -6.0, "POB49": -6.0, "POB49_R": -6.0, "POB50": -6.0, "POB50_R": -6.0, "POB51": -6.0, "POB51_R": -6.0, "POB52": -6.0, "POB52_R": -6.0, "POB53": -6.0, "POB53_R": -6.0, "POB54": -6.0, "POB54_R": -6.0, "POB55": -6.0, "POB55_R": -6.0, "POB56": -6.0, "POB56_R": -6.0, "POB57": -6.0, "POB57_R": -6.0, "POB59": -6.0, "POB59_R": -6.0, "POB60": -6.0, "POB60_R": -6.0, "POB61": -6.0, "POB61_R": -6.0, "POB62": -6.0, "POB62_R": -6.0, "POB63": -6.0, "POB63_R": -6.0, "POB64": -6.0, "POB64_R": -6.0, "POB65": -6.0, "POB65_R": -6.0, "POB66": -6.0, "POB66_R": -6.0, "POB67": -6.0, "POB67_R": -6.0, "POB84": -6.0, "POB84_R": -6.0, "POB85": -6.0, "POB85_R": -6.0, "POB87": -6.0, "POB87_R": -6.0, "POB88": -6.0, "POB88_R": -6.0, "POB89": -6.0, "POB89_R": -6.0, "POB90": -6.0, "POB90_R": -6.0, "POB91": -6.0, "POB91_R": -6.0, "POB92": -6.0, "POB92_R": -6.0, "POB93": -6.0, "POB93_R": -6.0, "POB94": -6.0, "POB94_R": -6.0, "POB95": -6.0, "POB95_R": -6.0, "POB96": -6.0, "POB96_R": -6.0, "POB97": -6.0, "POB97_R": -6.0, "POB98": -6.0, "POB98_R": -6.0, "POB100": -6.0, "POB100_R": -6.0, "POB101": -6.0, "POB101_R": -6.0, "POB102": -6.0, "POB102_R": -6.0, "POB103": -6.0, "POB103_R": -6.0, "POB104": -6.0, "POB104_R": -6.0, "POB105": -6.0, "POB105_R": -6.0, "POB106": -6.0, "POB106_R": -6.0, "POB107": -6.0, "POB107_R": -6.0, "POB108": -6.0, "POB108_R": -6.0, "POB125_R": -6.0, "POB126_R": -6.0, "POB127_R": -6.0, "POB128_R": -6.0, "POB129_R": -6.0, "POB130_R": -6.0, "POB131_R": -6.0, "POB132_R": -6.0, "POB133_R": -6.0, "POB134_R": -6.0, "POB3": -6.0, "POB3_R": -6.0, "POB16": -6.0, "POB16_R": -6.0, "POB26": -6.0, "POB26_R": -6.0, "POB27": -6.0, "POB27_R": -6.0, "POB28": -6.0, "POB28_R": -6.0, "POB29": -6.0, "POB29_R": -6.0, "POB30": -6.0, "POB30_R": -6.0, "POB31": -6.0, "POB31_R": -6.0, "POB32": -6.0, "POB32_R": -6.0, "POB33": -6.0, "POB33_R": -6.0, "POB34": -6.0, "POB34_R": -6.0, "POB35": -6.0, "POB35_R": -6.0, "POB36": -6.0, "POB36_R": -6.0, "POB37": -6.0, "POB37_R": -6.0, "POB38": -6.0, "POB38_R": -6.0, "POB39": -6.0, "POB39_R": -6.0, "POB40": -6.0, "POB40_R": -6.0, "POB41": -6.0, "POB41_R": -6.0, "POB44": -6.0, "POB44_R": -6.0, "POB58": -6.0, "POB58_R": -6.0, "POB68": -6.0, "POB68_R": -6.0, "POB69": -6.0, "POB69_R": -6.0, "POB70": -6.0, "POB70_R": -6.0, "POB71": -6.0, "POB71_R": -6.0, "POB72": -6.0, "POB72_R": -6.0, "POB73": -6.0, "POB73_R": -6.0, "POB74": -6.0, "POB74_R": -6.0, "POB75": -6.0, "POB75_R": -6.0, "POB76": -6.0, "POB76_R": -6.0, "POB77": -6.0, "POB77_R": -6.0, "POB78": -6.0, "POB78_R": -6.0, "POB79": -6.0, "POB79_R": -6.0, "POB80": -6.0, "POB80_R": -6.0, "POB81": -6.0, "POB81_R": -6.0, "POB82": -6.0, "POB82_R": -6.0, "POB83": -6.0, "POB83_R": -6.0, "POB86": -6.0, "POB86_R": -6.0, "POB99": -6.0, "POB99_R": -6.0, "POB109": -6.0, "POB109_R": -6.0, "POB110": -6.0, "POB110_R": -6.0, "POB111": -6.0, "POB111_R": -6.0, "POB112": -6.0, "POB112_R": -6.0, "POB113": -6.0, "POB113_R": -6.0, "POB114": -6.0, "POB114_R": -6.0, "POB115": -6.0, "POB115_R": -6.0, "POB116": -6.0, "POB116_R": -6.0, "POB117": -6.0, "POB117_R": -6.0, "POB118": -6.0, "POB118_R": -6.0, "POB119": -6.0, "POB119_R": -6.0, "POB120": -6.0, "POB120_R": -6.0, "POB121": -6.0, "POB121_R": -6.0, "POB122": -6.0, "POB122_R": -6.0, "POB123": -6.0, "POB123_R": -6.0, "POB124": -6.0, "POB124_R": -6.0, "OID": 3765 }, "geometry": { "type": "Point", "coordinates": [ -103.4441517, 20.2915339 ] } },
{ "type": "Feature", "properties": { "CVEGEO": "140500077", "NOM_ENT": "Jalisco", "NOM_MUN": "Jocotepec", "NOMGEO": "La Guásima", "CVE_AGEB": "0057", "POB1": 9.0, "POB2": -6.0, "POB2_R": -6.0, "POB4": -6.0, "POB4_R": -6.0, "POB5": -6.0, "POB5_R": -6.0, "POB6": -6.0, "POB6_R": -6.0, "POB7": -6.0, "POB7_R": -6.0, "POB8": -6.0, "POB8_R": -6.0, "POB9": -6.0, "POB9_R": -6.0, "POB10": -6.0, "POB10_R": -6.0, "POB11": -6.0, "POB11_R": -6.0, "POB12": -6.0, "POB12_R": -6.0, "POB13": -6.0, "POB13_R": -6.0, "POB14": -6.0, "POB14_R": -6.0, "POB15": -6.0, "POB15_R": -6.0, "POB17": -6.0, "POB17_R": -6.0, "POB18": -6.0, "POB18_R": -6.0, "POB19": -6.0, "POB19_R": -6.0, "POB20": -6.0, "POB20_R": -6.0, "POB21": -6.0, "POB21_R": -6.0, "POB22": -6.0, "POB22_R": -6.0, "POB23": -6.0, "POB23_R": -6.0, "POB24": -6.0, "POB24_R": -6.0, "POB25": -6.0, "POB25_R": -6.0, "POB42": -6.0, "POB42_R": -6.0, "POB43": -6.0, "POB43_R": -6.0, "POB45": -6.0, "POB45_R": -6.0, "POB46": -6.0, "POB46_R": -6.0, "POB47": -6.0, "POB47_R": -6.0, "POB48": -6.0, "POB48_R": -6.0, "POB49": -6.0, "POB49_R": -6.0, "POB50": -6.0, "POB50_R": -6.0, "POB51": -6.0, "POB51_R": -6.0, "POB52": -6.0, "POB52_R": -6.0, "POB53": -6.0, "POB53_R": -6.0, "POB54": -6.0, "POB54_R": -6.0, "POB55": -6.0, "POB55_R": -6.0, "POB56": -6.0, "POB56_R": -6.0, "POB57": -6.0, "POB57_R": -6.0, "POB59": -6.0, "POB59_R": -6.0, "POB60": -6.0, "POB60_R": -6.0, "POB61": -6.0, "POB61_R": -6.0, "POB62": -6.0, "POB62_R": -6.0, "POB63": -6.0, "POB63_R": -6.0, "POB64": -6.0, "POB64_R": -6.0, "POB65": -6.0, "POB65_R": -6.0, "POB66": -6.0, "POB66_R": -6.0, "POB67": -6.0, "POB67_R": -6.0, "POB84": -6.0, "POB84_R": -6.0, "POB85": -6.0, "POB85_R": -6.0, "POB87": -6.0, "POB87_R": -6.0, "POB88": -6.0, "POB88_R": -6.0, "POB89": -6.0, "POB89_R": -6.0, "POB90": -6.0, "POB90_R": -6.0, "POB91": -6.0, "POB91_R": -6.0, "POB92": -6.0, "POB92_R": -6.0, "POB93": -6.0, "POB93_R": -6.0, "POB94": -6.0, "POB94_R": -6.0, "POB95": -6.0, "POB95_R": -6.0, "POB96": -6.0, "POB96_R": -6.0, "POB97": -6.0, "POB97_R": -6.0, "POB98": -6.0, "POB98_R": -6.0, "POB100": -6.0, "POB100_R": -6.0, "POB101": -6.0, "POB101_R": -6.0, "POB102": -6.0, "POB102_R": -6.0, "POB103": -6.0, "POB103_R": -6.0, "POB104": -6.0, "POB104_R": -6.0, "POB105": -6.0, "POB105_R": -6.0, "POB106": -6.0, "POB106_R": -6.0, "POB107": -6.0, "POB107_R": -6.0, "POB108": -6.0, "POB108_R": -6.0, "POB125_R": -6.0, "POB126_R": -6.0, "POB127_R": -6.0, "POB128_R": -6.0, "POB129_R": -6.0, "POB130_R": -6.0, "POB131_R": -6.0, "POB132_R": -6.0, "POB133_R": -6.0, "POB134_R": -6.0, "POB3": -6.0, "POB3_R": -6.0, "POB16": -6.0, "POB16_R": -6.0, "POB26": -6.0, "POB26_R": -6.0, "POB27": -6.0, "POB27_R": -6.0, "POB28": -6.0, "POB28_R": -6.0, "POB29": -6.0, "POB29_R": -6.0, "POB30": -6.0, "POB30_R": -6.0, "POB31": -6.0, "POB31_R": -6.0, "POB32": -6.0, "POB32_R": -6.0, "POB33": -6.0, "POB33_R": -6.0, "POB34": -6.0, "POB34_R": -6.0, "POB35": -6.0, "POB35_R": -6.0, "POB36": -6.0, "POB36_R": -6.0, "POB37": -6.0, "POB37_R": -6.0, "POB38": -6.0, "POB38_R": -6.0, "POB39": -6.0, "POB39_R": -6.0, "POB40": -6.0, "POB40_R": -6.0, "POB41": -6.0, "POB41_R": -6.0, "POB44": -6.0, "POB44_R": -6.0, "POB58": -6.0, "POB58_R": -6.0, "POB68": -6.0, "POB68_R": -6.0, "POB69": -6.0, "POB69_R": -6.0, "POB70": -6.0, "POB70_R": -6.0, "POB71": -6.0, "POB71_R": -6.0, "POB72": -6.0, "POB72_R": -6.0, "POB73": -6.0, "POB73_R": -6.0, "POB74": -6.0, "POB74_R": -6.0, "POB75": -6.0, "POB75_R": -6.0, "POB76": -6.0, "POB76_R": -6.0, "POB77": -6.0, "POB77_R": -6.0, "POB78": -6.0, "POB78_R": -6.0, "POB79": -6.0, "POB79_R": -6.0, "POB80": -6.0, "POB80_R": -6.0, "POB81": -6.0, "POB81_R": -6.0, "POB82": -6.0, "POB82_R": -6.0, "POB83": -6.0, "POB83_R": -6.0, "POB86": -6.0, "POB86_R": -6.0, "POB99": -6.0, "POB99_R": -6.0, "POB109": -6.0, "POB109_R": -6.0, "POB110": -6.0, "POB110_R": -6.0, "POB111": -6.0, "POB111_R": -6.0, "POB112": -6.0, "POB112_R": -6.0, "POB113": -6.0, "POB113_R": -6.0, "POB114": -6.0, "POB114_R": -6.0, "POB115": -6.0, "POB115_R": -6.0, "POB116": -6.0, "POB116_R": -6.0, "POB117": -6.0, "POB117_R": -6.0, "POB118": -6.0, "POB118_R": -6.0, "POB119": -6.0, "POB119_R": -6.0, "POB120": -6.0, "POB120_R": -6.0, "POB121": -6.0, "POB121_R": -6.0, "POB122": -6.0, "POB122_R": -6.0, "POB123": -6.0, "POB123_R": -6.0, "POB124": -6.0, "POB124_R": -6.0, "OID": 3766 }, "geometry": { "type": "Point", "coordinates": [ -103.4544206, 20.273275 ] } },
{ "type": "Feature", "properties": { "CVEGEO": "140500078", "NOM_ENT": "Jalisco", "NOM_MUN": "Jocotepec", "NOMGEO": "Iglesia Vieja", "CVE_AGEB": "0057", "POB1": 1.0, "POB2": -6.0, "POB2_R": -6.0, "POB4": -6.0, "POB4_R": -6.0, "POB5": -6.0, "POB5_R": -6.0, "POB6": -6.0, "POB6_R": -6.0, "POB7": -6.0, "POB7_R": -6.0, "POB8": -6.0, "POB8_R": -6.0, "POB9": -6.0, "POB9_R": -6.0, "POB10": -6.0, "POB10_R": -6.0, "POB11": -6.0, "POB11_R": -6.0, "POB12": -6.0, "POB12_R": -6.0, "POB13": -6.0, "POB13_R": -6.0, "POB14": -6.0, "POB14_R": -6.0, "POB15": -6.0, "POB15_R": -6.0, "POB17": -6.0, "POB17_R": -6.0, "POB18": -6.0, "POB18_R": -6.0, "POB19": -6.0, "POB19_R": -6.0, "POB20": -6.0, "POB20_R": -6.0, "POB21": -6.0, "POB21_R": -6.0, "POB22": -6.0, "POB22_R": -6.0, "POB23": -6.0, "POB23_R": -6.0, "POB24": -6.0, "POB24_R": -6.0, "POB25": -6.0, "POB25_R": -6.0, "POB42": -6.0, "POB42_R": -6.0, "POB43": -6.0, "POB43_R": -6.0, "POB45": -6.0, "POB45_R": -6.0, "POB46": -6.0, "POB46_R": -6.0, "POB47": -6.0, "POB47_R": -6.0, "POB48": -6.0, "POB48_R": -6.0, "POB49": -6.0, "POB49_R": -6.0, "POB50": -6.0, "POB50_R": -6.0, "POB51": -6.0, "POB51_R": -6.0, "POB52": -6.0, "POB52_R": -6.0, "POB53": -6.0, "POB53_R": -6.0, "POB54": -6.0, "POB54_R": -6.0, "POB55": -6.0, "POB55_R": -6.0, "POB56": -6.0, "POB56_R": -6.0, "POB57": -6.0, "POB57_R": -6.0, "POB59": -6.0, "POB59_R": -6.0, "POB60": -6.0, "POB60_R": -6.0, "POB61": -6.0, "POB61_R": -6.0, "POB62": -6.0, "POB62_R": -6.0, "POB63": -6.0, "POB63_R": -6.0, "POB64": -6.0, "POB64_R": -6.0, "POB65": -6.0, "POB65_R": -6.0, "POB66": -6.0, "POB66_R": -6.0, "POB67": -6.0, "POB67_R": -6.0, "POB84": -6.0, "POB84_R": -6.0, "POB85": -6.0, "POB85_R": -6.0, "POB87": -6.0, "POB87_R": -6.0, "POB88": -6.0, "POB88_R": -6.0, "POB89": -6.0, "POB89_R": -6.0, "POB90": -6.0, "POB90_R": -6.0, "POB91": -6.0, "POB91_R": -6.0, "POB92": -6.0, "POB92_R": -6.0, "POB93": -6.0, "POB93_R": -6.0, "POB94": -6.0, "POB94_R": -6.0, "POB95": -6.0, "POB95_R": -6.0, "POB96": -6.0, "POB96_R": -6.0, "POB97": -6.0, "POB97_R": -6.0, "POB98": -6.0, "POB98_R": -6.0, "POB100": -6.0, "POB100_R": -6.0, "POB101": -6.0, "POB101_R": -6.0, "POB102": -6.0, "POB102_R": -6.0, "POB103": -6.0, "POB103_R": -6.0, "POB104": -6.0, "POB104_R": -6.0, "POB105": -6.0, "POB105_R": -6.0, "POB106": -6.0, "POB106_R": -6.0, "POB107": -6.0, "POB107_R": -6.0, "POB108": -6.0, "POB108_R": -6.0, "POB125_R": -6.0, "POB126_R": -6.0, "POB127_R": -6.0, "POB128_R": -6.0, "POB129_R": -6.0, "POB130_R": -6.0, "POB131_R": -6.0, "POB132_R": -6.0, "POB133_R": -6.0, "POB134_R": -6.0, "POB3": -6.0, "POB3_R": -6.0, "POB16": -6.0, "POB16_R": -6.0, "POB26": -6.0, "POB26_R": -6.0, "POB27": -6.0, "POB27_R": -6.0, "POB28": -6.0, "POB28_R": -6.0, "POB29": -6.0, "POB29_R": -6.0, "POB30": -6.0, "POB30_R": -6.0, "POB31": -6.0, "POB31_R": -6.0, "POB32": -6.0, "POB32_R": -6.0, "POB33": -6.0, "POB33_R": -6.0, "POB34": -6.0, "POB34_R": -6.0, "POB35": -6.0, "POB35_R": -6.0, "POB36": -6.0, "POB36_R": -6.0, "POB37": -6.0, "POB37_R": -6.0, "POB38": -6.0, "POB38_R": -6.0, "POB39": -6.0, "POB39_R": -6.0, "POB40": -6.0, "POB40_R": -6.0, "POB41": -6.0, "POB41_R": -6.0, "POB44": -6.0, "POB44_R": -6.0, "POB58": -6.0, "POB58_R": -6.0, "POB68": -6.0, "POB68_R": -6.0, "POB69": -6.0, "POB69_R": -6.0, "POB70": -6.0, "POB70_R": -6.0, "POB71": -6.0, "POB71_R": -6.0, "POB72": -6.0, "POB72_R": -6.0, "POB73": -6.0, "POB73_R": -6.0, "POB74": -6.0, "POB74_R": -6.0, "POB75": -6.0, "POB75_R": -6.0, "POB76": -6.0, "POB76_R": -6.0, "POB77": -6.0, "POB77_R": -6.0, "POB78": -6.0, "POB78_R": -6.0, "POB79": -6.0, "POB79_R": -6.0, "POB80": -6.0, "POB80_R": -6.0, "POB81": -6.0, "POB81_R": -6.0, "POB82": -6.0, "POB82_R": -6.0, "POB83": -6.0, "POB83_R": -6.0, "POB86": -6.0, "POB86_R": -6.0, "POB99": -6.0, "POB99_R": -6.0, "POB109": -6.0, "POB109_R": -6.0, "POB110": -6.0, "POB110_R": -6.0, "POB111": -6.0, "POB111_R": -6.0, "POB112": -6.0, "POB112_R": -6.0, "POB113": -6.0, "POB113_R": -6.0, "POB114": -6.0, "POB114_R": -6.0, "POB115": -6.0, "POB115_R": -6.0, "POB116": -6.0, "POB116_R": -6.0, "POB117": -6.0, "POB117_R": -6.0, "POB118": -6.0, "POB118_R": -6.0, "POB119": -6.0, "POB119_R": -6.0, "POB120": -6.0, "POB120_R": -6.0, "POB121": -6.0, "POB121_R": -6.0, "POB122": -6.0, "POB122_R": -6.0, "POB123": -6.0, "POB123_R": -6.0, "POB124": -6.0, "POB124_R": -6.0, "OID": 3767 }, "geometry": { "type": "Point", "coordinates": [ -103.4380364, 20.2620269 ] } },
{ "type": "Feature", "properties": { "CVEGEO": "140500079", "NOM_ENT": "Jalisco", "NOM_MUN": "Jocotepec", "NOMGEO": "Las Latillas", "CVE_AGEB": "0019", "POB1": 2.0, "POB2": -6.0, "POB2_R": -6.0, "POB4": -6.0, "POB4_R": -6.0, "POB5": -6.0, "POB5_R": -6.0, "POB6": -6.0, "POB6_R": -6.0, "POB7": -6.0, "POB7_R": -6.0, "POB8": -6.0, "POB8_R": -6.0, "POB9": -6.0, "POB9_R": -6.0, "POB10": -6.0, "POB10_R": -6.0, "POB11": -6.0, "POB11_R": -6.0, "POB12": -6.0, "POB12_R": -6.0, "POB13": -6.0, "POB13_R": -6.0, "POB14": -6.0, "POB14_R": -6.0, "POB15": -6.0, "POB15_R": -6.0, "POB17": -6.0, "POB17_R": -6.0, "POB18": -6.0, "POB18_R": -6.0, "POB19": -6.0, "POB19_R": -6.0, "POB20": -6.0, "POB20_R": -6.0, "POB21": -6.0, "POB21_R": -6.0, "POB22": -6.0, "POB22_R": -6.0, "POB23": -6.0, "POB23_R": -6.0, "POB24": -6.0, "POB24_R": -6.0, "POB25": -6.0, "POB25_R": -6.0, "POB42": -6.0, "POB42_R": -6.0, "POB43": -6.0, "POB43_R": -6.0, "POB45": -6.0, "POB45_R": -6.0, "POB46": -6.0, "POB46_R": -6.0, "POB47": -6.0, "POB47_R": -6.0, "POB48": -6.0, "POB48_R": -6.0, "POB49": -6.0, "POB49_R": -6.0, "POB50": -6.0, "POB50_R": -6.0, "POB51": -6.0, "POB51_R": -6.0, "POB52": -6.0, "POB52_R": -6.0, "POB53": -6.0, "POB53_R": -6.0, "POB54": -6.0, "POB54_R": -6.0, "POB55": -6.0, "POB55_R": -6.0, "POB56": -6.0, "POB56_R": -6.0, "POB57": -6.0, "POB57_R": -6.0, "POB59": -6.0, "POB59_R": -6.0, "POB60": -6.0, "POB60_R": -6.0, "POB61": -6.0, "POB61_R": -6.0, "POB62": -6.0, "POB62_R": -6.0, "POB63": -6.0, "POB63_R": -6.0, "POB64": -6.0, "POB64_R": -6.0, "POB65": -6.0, "POB65_R": -6.0, "POB66": -6.0, "POB66_R": -6.0, "POB67": -6.0, "POB67_R": -6.0, "POB84": -6.0, "POB84_R": -6.0, "POB85": -6.0, "POB85_R": -6.0, "POB87": -6.0, "POB87_R": -6.0, "POB88": -6.0, "POB88_R": -6.0, "POB89": -6.0, "POB89_R": -6.0, "POB90": -6.0, "POB90_R": -6.0, "POB91": -6.0, "POB91_R": -6.0, "POB92": -6.0, "POB92_R": -6.0, "POB93": -6.0, "POB93_R": -6.0, "POB94": -6.0, "POB94_R": -6.0, "POB95": -6.0, "POB95_R": -6.0, "POB96": -6.0, "POB96_R": -6.0, "POB97": -6.0, "POB97_R": -6.0, "POB98": -6.0, "POB98_R": -6.0, "POB100": -6.0, "POB100_R": -6.0, "POB101": -6.0, "POB101_R": -6.0, "POB102": -6.0, "POB102_R": -6.0, "POB103": -6.0, "POB103_R": -6.0, "POB104": -6.0, "POB104_R": -6.0, "POB105": -6.0, "POB105_R": -6.0, "POB106": -6.0, "POB106_R": -6.0, "POB107": -6.0, "POB107_R": -6.0, "POB108": -6.0, "POB108_R": -6.0, "POB125_R": -6.0, "POB126_R": -6.0, "POB127_R": -6.0, "POB128_R": -6.0, "POB129_R": -6.0, "POB130_R": -6.0, "POB131_R": -6.0, "POB132_R": -6.0, "POB133_R": -6.0, "POB134_R": -6.0, "POB3": -6.0, "POB3_R": -6.0, "POB16": -6.0, "POB16_R": -6.0, "POB26": -6.0, "POB26_R": -6.0, "POB27": -6.0, "POB27_R": -6.0, "POB28": -6.0, "POB28_R": -6.0, "POB29": -6.0, "POB29_R": -6.0, "POB30": -6.0, "POB30_R": -6.0, "POB31": -6.0, "POB31_R": -6.0, "POB32": -6.0, "POB32_R": -6.0, "POB33": -6.0, "POB33_R": -6.0, "POB34": -6.0, "POB34_R": -6.0, "POB35": -6.0, "POB35_R": -6.0, "POB36": -6.0, "POB36_R": -6.0, "POB37": -6.0, "POB37_R": -6.0, "POB38": -6.0, "POB38_R": -6.0, "POB39": -6.0, "POB39_R": -6.0, "POB40": -6.0, "POB40_R": -6.0, "POB41": -6.0, "POB41_R": -6.0, "POB44": -6.0, "POB44_R": -6.0, "POB58": -6.0, "POB58_R": -6.0, "POB68": -6.0, "POB68_R": -6.0, "POB69": -6.0, "POB69_R": -6.0, "POB70": -6.0, "POB70_R": -6.0, "POB71": -6.0, "POB71_R": -6.0, "POB72": -6.0, "POB72_R": -6.0, "POB73": -6.0, "POB73_R": -6.0, "POB74": -6.0, "POB74_R": -6.0, "POB75": -6.0, "POB75_R": -6.0, "POB76": -6.0, "POB76_R": -6.0, "POB77": -6.0, "POB77_R": -6.0, "POB78": -6.0, "POB78_R": -6.0, "POB79": -6.0, "POB79_R": -6.0, "POB80": -6.0, "POB80_R": -6.0, "POB81": -6.0, "POB81_R": -6.0, "POB82": -6.0, "POB82_R": -6.0, "POB83": -6.0, "POB83_R": -6.0, "POB86": -6.0, "POB86_R": -6.0, "POB99": -6.0, "POB99_R": -6.0, "POB109": -6.0, "POB109_R": -6.0, "POB110": -6.0, "POB110_R": -6.0, "POB111": -6.0, "POB111_R": -6.0, "POB112": -6.0, "POB112_R": -6.0, "POB113": -6.0, "POB113_R": -6.0, "POB114": -6.0, "POB114_R": -6.0, "POB115": -6.0, "POB115_R": -6.0, "POB116": -6.0, "POB116_R": -6.0, "POB117": -6.0, "POB117_R": -6.0, "POB118": -6.0, "POB118_R": -6.0, "POB119": -6.0, "POB119_R": -6.0, "POB120": -6.0, "POB120_R": -6.0, "POB121": -6.0, "POB121_R": -6.0, "POB122": -6.0, "POB122_R": -6.0, "POB123": -6.0, "POB123_R": -6.0, "POB124": -6.0, "POB124_R": -6.0, "OID": 3768 }, "geometry": { "type": "Point", "coordinates": [ -103.5103411, 20.3873139 ] } },
{ "type": "Feature", "properties": { "CVEGEO": "140500080", "NOM_ENT": "Jalisco", "NOM_MUN": "Jocotepec", "NOMGEO": "La Mojonera", "CVE_AGEB": "0023", "POB1": 19.0, "POB2": 1.0, "POB2_R": 5.3, "POB4": 1.0, "POB4_R": 5.3, "POB5": 0.0, "POB5_R": 0.0, "POB6": 0.0, "POB6_R": 0.0, "POB7": 0.0, "POB7_R": 0.0, "POB8": 2.0, "POB8_R": 10.5, "POB9": 1.0, "POB9_R": 5.3, "POB10": 4.0, "POB10_R": 21.1, "POB11": 5.0, "POB11_R": 26.3, "POB12": 16.0, "POB12_R": 84.2, "POB13": 3.0, "POB13_R": 15.8, "POB14": 4.0, "POB14_R": 21.1, "POB15": 4.0, "POB15_R": 21.1, "POB17": 18.0, "POB17_R": 94.7, "POB18": 17.0, "POB18_R": 89.5, "POB19": 17.0, "POB19_R": 89.5, "POB20": 17.0, "POB20_R": 89.5, "POB21": 16.0, "POB21_R": 84.2, "POB22": 13.0, "POB22_R": 68.4, "POB23": 4.0, "POB23_R": 21.1, "POB24": 1.0, "POB24_R": 5.3, "POB25": 1.0, "POB25_R": 5.3, "POB42": 10.0, "POB42_R": 52.6, "POB43": 1.0, "POB43_R": 5.3, "POB45": 1.0, "POB45_R": 5.3, "POB46": 0.0, "POB46_R": 0.0, "POB47": 0.0, "POB47_R": 0.0, "POB48": 0.0, "POB48_R": 0.0, "POB49": 2.0, "POB49_R": 10.5, "POB50": 1.0, "POB50_R": 5.3, "POB51": 3.0, "POB51_R": 15.8, "POB52": 4.0, "POB52_R": 21.1, "POB53": 5.0, "POB53_R": 26.3, "POB54": 8.0, "POB54_R": 42.1, "POB55": 2.0, "POB55_R": 10.5, "POB56": 1.0, "POB56_R": 5.3, "POB57": 3.0, "POB57_R": 15.8, "POB59": 9.0, "POB59_R": 47.4, "POB60": 8.0, "POB60_R": 42.1, "POB61": 8.0, "POB61_R": 42.1, "POB62": 8.0, "POB62_R": 42.1, "POB63": 7.0, "POB63_R": 36.8, "POB64": 5.0, "POB64_R": 26.3, "POB65": 0.0, "POB65_R": 0.0, "POB66": 0.0, "POB66_R": 0.0, "POB67": 0.0, "POB67_R": 0.0, "POB84": 9.0, "POB84_R": 47.4, "POB85": 0.0, "POB85_R": 0.0, "POB87": 0.0, "POB87_R": 0.0, "POB88": 0.0, "POB88_R": 0.0, "POB89": 0.0, "POB89_R": 0.0, "POB90": 0.0, "POB90_R": 0.0, "POB91": 0.0, "POB91_R": 0.0, "POB92": 0.0, "POB92_R": 0.0, "POB93": 1.0, "POB93_R": 5.3, "POB94": 1.0, "POB94_R": 5.3, "POB95": 8.0, "POB95_R": 42.1, "POB96": 1.0, "POB96_R": 5.3, "POB97": 3.0, "POB97_R": 15.8, "POB98": 1.0, "POB98_R": 5.3, "POB100": 9.0, "POB100_R": 47.4, "POB101": 9.0, "POB101_R": 47.4, "POB102": 9.0, "POB102_R": 47.4, "POB103": 9.0, "POB103_R": 47.4, "POB104": 9.0, "POB104_R": 47.4, "POB105": 8.0, "POB105_R": 42.1, "POB106": 4.0, "POB106_R": 21.1, "POB107": 1.0, "POB107_R": 5.3, "POB108": 1.0, "POB108_R": 5.3, "POB125_R": 90.0, "POB126_R": 18.8, "POB127_R": 12.5, "POB128_R": 6.3, "POB129_R": 45.0, "POB130_R": 26.0, "POB131_R": 57.0, "POB132_R": 200.0, "POB133_R": 0.0, "POB134_R": -9.0, "POB3": 2.0, "POB3_R": 10.5, "POB16": 3.0, "POB16_R": 15.8, "POB26": 0.0, "POB26_R": 0.0, "POB27": 0.0, "POB27_R": 0.0, "POB28": 1.0, "POB28_R": 5.3, "POB29": 3.0, "POB29_R": 15.8, "POB30": 1.0, "POB30_R": 5.3, "POB31": 1.0, "POB31_R": 5.3, "POB32": 1.0, "POB32_R": 5.3, "POB33": 0.0, "POB33_R": 0.0, "POB34": 2.0, "POB34_R": 10.5, "POB35": 0.0, "POB35_R": 0.0, "POB36": 4.0, "POB36_R": 21.1, "POB37": 0.0, "POB37_R": 0.0, "POB38": 0.0, "POB38_R": 0.0, "POB39": 0.0, "POB39_R": 0.0, "POB40": 1.0, "POB40_R": 5.3, "POB41": 0.0, "POB41_R": 0.0, "POB44": 2.0, "POB44_R": 10.5, "POB58": 0.0, "POB58_R": 0.0, "POB68": 0.0, "POB68_R": 0.0, "POB69": 0.0, "POB69_R": 0.0, "POB70": 1.0, "POB70_R": 5.3, "POB71": 2.0, "POB71_R": 10.5, "POB72": 1.0, "POB72_R": 5.3, "POB73": 0.0, "POB73_R": 0.0, "POB74": 0.0, "POB74_R": 0.0, "POB75": 0.0, "POB75_R": 0.0, "POB76": 1.0, "POB76_R": 5.3, "POB77": 0.0, "POB77_R": 0.0, "POB78": 3.0, "POB78_R": 15.8, "POB79": 0.0, "POB79_R": 0.0, "POB80": 0.0, "POB80_R": 0.0, "POB81": 0.0, "POB81_R": 0.0, "POB82": 0.0, "POB82_R": 0.0, "POB83": 0.0, "POB83_R": 0.0, "POB86": 0.0, "POB86_R": 0.0, "POB99": 3.0, "POB99_R": 15.8, "POB109": 0.0, "POB109_R": 0.0, "POB110": 0.0, "POB110_R": 0.0, "POB111": 0.0, "POB111_R": 0.0, "POB112": 1.0, "POB112_R": 5.3, "POB113": 0.0, "POB113_R": 0.0, "POB114": 1.0, "POB114_R": 5.3, "POB115": 1.0, "POB115_R": 5.3, "POB116": 0.0, "POB116_R": 0.0, "POB117": 1.0, "POB117_R": 5.3, "POB118": 0.0, "POB118_R": 0.0, "POB119": 1.0, "POB119_R": 5.3, "POB120": 0.0, "POB120_R": 0.0, "POB121": 0.0, "POB121_R": 0.0, "POB122": 0.0, "POB122_R": 0.0, "POB123": 1.0, "POB123_R": 5.3, "POB124": 0.0, "POB124_R": 0.0, "OID": 3769 }, "geometry": { "type": "Point", "coordinates": [ -103.3077897, 20.2925142 ] } },
{ "type": "Feature", "properties": { "CVEGEO": "140500089", "NOM_ENT": "Jalisco", "NOM_MUN": "Jocotepec", "NOMGEO": "San Juan Evangelista (San Juan)", "CVE_AGEB": "0023", "POB1": 65.0, "POB2": 2.0, "POB2_R": 3.1, "POB4": 5.0, "POB4_R": 7.7, "POB5": 13.0, "POB5_R": 20.0, "POB6": 8.0, "POB6_R": 12.3, "POB7": 4.0, "POB7_R": 6.2, "POB8": 24.0, "POB8_R": 36.9, "POB9": 5.0, "POB9_R": 7.7, "POB10": 12.0, "POB10_R": 18.5, "POB11": 18.0, "POB11_R": 27.7, "POB12": 38.0, "POB12_R": 58.5, "POB13": 7.0, "POB13_R": 10.8, "POB14": 15.0, "POB14_R": 23.1, "POB15": 1.0, "POB15_R": 1.5, "POB17": 63.0, "POB17_R": 96.9, "POB18": 59.0, "POB18_R": 90.8, "POB19": 45.0, "POB19_R": 69.2, "POB20": 41.0, "POB20_R": 63.1, "POB21": 36.0, "POB21_R": 55.4, "POB22": 29.0, "POB22_R": 44.6, "POB23": 7.0, "POB23_R": 10.8, "POB24": 3.0, "POB24_R": 4.6, "POB25": 1.0, "POB25_R": 1.5, "POB42": 28.0, "POB42_R": 43.1, "POB43": 0.0, "POB43_R": 0.0, "POB45": 2.0, "POB45_R": 3.1, "POB46": 6.0, "POB46_R": 9.2, "POB47": 1.0, "POB47_R": 1.5, "POB48": 1.0, "POB48_R": 1.5, "POB49": 9.0, "POB49_R": 13.8, "POB50": 1.0, "POB50_R": 1.5, "POB51": 5.0, "POB51_R": 7.7, "POB52": 8.0, "POB52_R": 12.3, "POB53": 15.0, "POB53_R": 23.1, "POB54": 19.0, "POB54_R": 29.2, "POB55": 4.0, "POB55_R": 6.2, "POB56": 7.0, "POB56_R": 10.8, "POB57": 1.0, "POB57_R": 1.5, "POB59": 28.0, "POB59_R": 43.1, "POB60": 27.0, "POB60_R": 41.5, "POB61": 20.0, "POB61_R": 30.8, "POB62": 19.0, "POB62_R": 29.2, "POB63": 18.0, "POB63_R": 27.7, "POB64": 14.0, "POB64_R": 21.5, "POB65": 3.0, "POB65_R": 4.6, "POB66": 0.0, "POB66_R": 0.0, "POB67": 0.0, "POB67_R": 0.0, "POB84": 37.0, "POB84_R": 56.9, "POB85": 2.0, "POB85_R": 3.1, "POB87": 3.0, "POB87_R": 4.6, "POB88": 7.0, "POB88_R": 10.8, "POB89": 7.0, "POB89_R": 10.8, "POB90": 3.0, "POB90_R": 4.6, "POB91": 15.0, "POB91_R": 23.1, "POB92": 4.0, "POB92_R": 6.2, "POB93": 7.0, "POB93_R": 10.8, "POB94": 10.0, "POB94_R": 15.4, "POB95": 19.0, "POB95_R": 29.2, "POB96": 3.0, "POB96_R": 4.6, "POB97": 8.0, "POB97_R": 12.3, "POB98": 0.0, "POB98_R": 0.0, "POB100": 35.0, "POB100_R": 53.8, "POB101": 32.0, "POB101_R": 49.2, "POB102": 25.0, "POB102_R": 38.5, "POB103": 22.0, "POB103_R": 33.8, "POB104": 18.0, "POB104_R": 27.7, "POB105": 15.0, "POB105_R": 23.1, "POB106": 4.0, "POB106_R": 6.2, "POB107": 3.0, "POB107_R": 4.6, "POB108": 1.0, "POB108_R": 1.5, "POB125_R": 132.1, "POB126_R": 71.1, "POB127_R": 63.2, "POB128_R": 7.9, "POB129_R": 20.0, "POB130_R": 24.5, "POB131_R": 17.0, "POB132_R": 29.2, "POB133_R": 33.3, "POB134_R": 26.7, "POB3": 6.0, "POB3_R": 9.2, "POB16": 4.0, "POB16_R": 6.2, "POB26": 12.0, "POB26_R": 18.5, "POB27": 6.0, "POB27_R": 9.2, "POB28": 8.0, "POB28_R": 12.3, "POB29": 4.0, "POB29_R": 6.2, "POB30": 6.0, "POB30_R": 9.2, "POB31": 3.0, "POB31_R": 4.6, "POB32": 3.0, "POB32_R": 4.6, "POB33": 5.0, "POB33_R": 7.7, "POB34": 4.0, "POB34_R": 6.2, "POB35": 0.0, "POB35_R": 0.0, "POB36": 1.0, "POB36_R": 1.5, "POB37": 2.0, "POB37_R": 3.1, "POB38": 1.0, "POB38_R": 1.5, "POB39": 0.0, "POB39_R": 0.0, "POB40": 0.0, "POB40_R": 0.0, "POB41": 0.0, "POB41_R": 0.0, "POB44": 1.0, "POB44_R": 1.5, "POB58": 3.0, "POB58_R": 4.6, "POB68": 7.0, "POB68_R": 10.8, "POB69": 1.0, "POB69_R": 1.5, "POB70": 2.0, "POB70_R": 3.1, "POB71": 3.0, "POB71_R": 4.6, "POB72": 3.0, "POB72_R": 4.6, "POB73": 1.0, "POB73_R": 1.5, "POB74": 1.0, "POB74_R": 1.5, "POB75": 3.0, "POB75_R": 4.6, "POB76": 2.0, "POB76_R": 3.1, "POB77": 0.0, "POB77_R": 0.0, "POB78": 1.0, "POB78_R": 1.5, "POB79": 0.0, "POB79_R": 0.0, "POB80": 0.0, "POB80_R": 0.0, "POB81": 0.0, "POB81_R": 0.0, "POB82": 0.0, "POB82_R": 0.0, "POB83": 0.0, "POB83_R": 0.0, "POB86": 5.0, "POB86_R": 7.7, "POB99": 1.0, "POB99_R": 1.5, "POB109": 5.0, "POB109_R": 7.7, "POB110": 5.0, "POB110_R": 7.7, "POB111": 6.0, "POB111_R": 9.2, "POB112": 1.0, "POB112_R": 1.5, "POB113": 3.0, "POB113_R": 4.6, "POB114": 2.0, "POB114_R": 3.1, "POB115": 2.0, "POB115_R": 3.1, "POB116": 2.0, "POB116_R": 3.1, "POB117": 2.0, "POB117_R": 3.1, "POB118": 0.0, "POB118_R": 0.0, "POB119": 0.0, "POB119_R": 0.0, "POB120": 2.0, "POB120_R": 3.1, "POB121": 1.0, "POB121_R": 1.5, "POB122": 0.0, "POB122_R": 0.0, "POB123": 0.0, "POB123_R": 0.0, "POB124": 0.0, "POB124_R": 0.0, "OID": 3770 }, "geometry": { "type": "Point", "coordinates": [ -103.3038072, 20.3994319 ] } },
{ "type": "Feature", "properties": { "CVEGEO": "140500090", "NOM_ENT": "Jalisco", "NOM_MUN": "Jocotepec", "NOMGEO": "La Tejería", "CVE_AGEB": "0023", "POB1": 3.0, "POB2": -6.0, "POB2_R": -6.0, "POB4": -6.0, "POB4_R": -6.0, "POB5": -6.0, "POB5_R": -6.0, "POB6": -6.0, "POB6_R": -6.0, "POB7": -6.0, "POB7_R": -6.0, "POB8": -6.0, "POB8_R": -6.0, "POB9": -6.0, "POB9_R": -6.0, "POB10": -6.0, "POB10_R": -6.0, "POB11": -6.0, "POB11_R": -6.0, "POB12": -6.0, "POB12_R": -6.0, "POB13": -6.0, "POB13_R": -6.0, "POB14": -6.0, "POB14_R": -6.0, "POB15": -6.0, "POB15_R": -6.0, "POB17": -6.0, "POB17_R": -6.0, "POB18": -6.0, "POB18_R": -6.0, "POB19": -6.0, "POB19_R": -6.0, "POB20": -6.0, "POB20_R": -6.0, "POB21": -6.0, "POB21_R": -6.0, "POB22": -6.0, "POB22_R": -6.0, "POB23": -6.0, "POB23_R": -6.0, "POB24": -6.0, "POB24_R": -6.0, "POB25": -6.0, "POB25_R": -6.0, "POB42": -6.0, "POB42_R": -6.0, "POB43": -6.0, "POB43_R": -6.0, "POB45": -6.0, "POB45_R": -6.0, "POB46": -6.0, "POB46_R": -6.0, "POB47": -6.0, "POB47_R": -6.0, "POB48": -6.0, "POB48_R": -6.0, "POB49": -6.0, "POB49_R": -6.0, "POB50": -6.0, "POB50_R": -6.0, "POB51": -6.0, "POB51_R": -6.0, "POB52": -6.0, "POB52_R": -6.0, "POB53": -6.0, "POB53_R": -6.0, "POB54": -6.0, "POB54_R": -6.0, "POB55": -6.0, "POB55_R": -6.0, "POB56": -6.0, "POB56_R": -6.0, "POB57": -6.0, "POB57_R": -6.0, "POB59": -6.0, "POB59_R": -6.0, "POB60": -6.0, "POB60_R": -6.0, "POB61": -6.0, "POB61_R": -6.0, "POB62": -6.0, "POB62_R": -6.0, "POB63": -6.0, "POB63_R": -6.0, "POB64": -6.0, "POB64_R": -6.0, "POB65": -6.0, "POB65_R": -6.0, "POB66": -6.0, "POB66_R": -6.0, "POB67": -6.0, "POB67_R": -6.0, "POB84": -6.0, "POB84_R": -6.0, "POB85": -6.0, "POB85_R": -6.0, "POB87": -6.0, "POB87_R": -6.0, "POB88": -6.0, "POB88_R": -6.0, "POB89": -6.0, "POB89_R": -6.0, "POB90": -6.0, "POB90_R": -6.0, "POB91": -6.0, "POB91_R": -6.0, "POB92": -6.0, "POB92_R": -6.0, "POB93": -6.0, "POB93_R": -6.0, "POB94": -6.0, "POB94_R": -6.0, "POB95": -6.0, "POB95_R": -6.0, "POB96": -6.0, "POB96_R": -6.0, "POB97": -6.0, "POB97_R": -6.0, "POB98": -6.0, "POB98_R": -6.0, "POB100": -6.0, "POB100_R": -6.0, "POB101": -6.0, "POB101_R": -6.0, "POB102": -6.0, "POB102_R": -6.0, "POB103": -6.0, "POB103_R": -6.0, "POB104": -6.0, "POB104_R": -6.0, "POB105": -6.0, "POB105_R": -6.0, "POB106": -6.0, "POB106_R": -6.0, "POB107": -6.0, "POB107_R": -6.0, "POB108": -6.0, "POB108_R": -6.0, "POB125_R": -6.0, "POB126_R": -6.0, "POB127_R": -6.0, "POB128_R": -6.0, "POB129_R": -6.0, "POB130_R": -6.0, "POB131_R": -6.0, "POB132_R": -6.0, "POB133_R": -6.0, "POB134_R": -6.0, "POB3": -6.0, "POB3_R": -6.0, "POB16": -6.0, "POB16_R": -6.0, "POB26": -6.0, "POB26_R": -6.0, "POB27": -6.0, "POB27_R": -6.0, "POB28": -6.0, "POB28_R": -6.0, "POB29": -6.0, "POB29_R": -6.0, "POB30": -6.0, "POB30_R": -6.0, "POB31": -6.0, "POB31_R": -6.0, "POB32": -6.0, "POB32_R": -6.0, "POB33": -6.0, "POB33_R": -6.0, "POB34": -6.0, "POB34_R": -6.0, "POB35": -6.0, "POB35_R": -6.0, "POB36": -6.0, "POB36_R": -6.0, "POB37": -6.0, "POB37_R": -6.0, "POB38": -6.0, "POB38_R": -6.0, "POB39": -6.0, "POB39_R": -6.0, "POB40": -6.0, "POB40_R": -6.0, "POB41": -6.0, "POB41_R": -6.0, "POB44": -6.0, "POB44_R": -6.0, "POB58": -6.0, "POB58_R": -6.0, "POB68": -6.0, "POB68_R": -6.0, "POB69": -6.0, "POB69_R": -6.0, "POB70": -6.0, "POB70_R": -6.0, "POB71": -6.0, "POB71_R": -6.0, "POB72": -6.0, "POB72_R": -6.0, "POB73": -6.0, "POB73_R": -6.0, "POB74": -6.0, "POB74_R": -6.0, "POB75": -6.0, "POB75_R": -6.0, "POB76": -6.0, "POB76_R": -6.0, "POB77": -6.0, "POB77_R": -6.0, "POB78": -6.0, "POB78_R": -6.0, "POB79": -6.0, "POB79_R": -6.0, "POB80": -6.0, "POB80_R": -6.0, "POB81": -6.0, "POB81_R": -6.0, "POB82": -6.0, "POB82_R": -6.0, "POB83": -6.0, "POB83_R": -6.0, "POB86": -6.0, "POB86_R": -6.0, "POB99": -6.0, "POB99_R": -6.0, "POB109": -6.0, "POB109_R": -6.0, "POB110": -6.0, "POB110_R": -6.0, "POB111": -6.0, "POB111_R": -6.0, "POB112": -6.0, "POB112_R": -6.0, "POB113": -6.0, "POB113_R": -6.0, "POB114": -6.0, "POB114_R": -6.0, "POB115": -6.0, "POB115_R": -6.0, "POB116": -6.0, "POB116_R": -6.0, "POB117": -6.0, "POB117_R": -6.0, "POB118": -6.0, "POB118_R": -6.0, "POB119": -6.0, "POB119_R": -6.0, "POB120": -6.0, "POB120_R": -6.0, "POB121": -6.0, "POB121_R": -6.0, "POB122": -6.0, "POB122_R": -6.0, "POB123": -6.0, "POB123_R": -6.0, "POB124": -6.0, "POB124_R": -6.0, "OID": 3771 }, "geometry": { "type": "Point", "coordinates": [ -103.3444514, 20.3370528 ] } },
{ "type": "Feature", "properties": { "CVEGEO": "140500091", "NOM_ENT": "Jalisco", "NOM_MUN": "Jocotepec", "NOMGEO": "El Tlacuache", "CVE_AGEB": "0057", "POB1": 6.0, "POB2": -6.0, "POB2_R": -6.0, "POB4": -6.0, "POB4_R": -6.0, "POB5": -6.0, "POB5_R": -6.0, "POB6": -6.0, "POB6_R": -6.0, "POB7": -6.0, "POB7_R": -6.0, "POB8": -6.0, "POB8_R": -6.0, "POB9": -6.0, "POB9_R": -6.0, "POB10": -6.0, "POB10_R": -6.0, "POB11": -6.0, "POB11_R": -6.0, "POB12": -6.0, "POB12_R": -6.0, "POB13": -6.0, "POB13_R": -6.0, "POB14": -6.0, "POB14_R": -6.0, "POB15": -6.0, "POB15_R": -6.0, "POB17": -6.0, "POB17_R": -6.0, "POB18": -6.0, "POB18_R": -6.0, "POB19": -6.0, "POB19_R": -6.0, "POB20": -6.0, "POB20_R": -6.0, "POB21": -6.0, "POB21_R": -6.0, "POB22": -6.0, "POB22_R": -6.0, "POB23": -6.0, "POB23_R": -6.0, "POB24": -6.0, "POB24_R": -6.0, "POB25": -6.0, "POB25_R": -6.0, "POB42": -6.0, "POB42_R": -6.0, "POB43": -6.0, "POB43_R": -6.0, "POB45": -6.0, "POB45_R": -6.0, "POB46": -6.0, "POB46_R": -6.0, "POB47": -6.0, "POB47_R": -6.0, "POB48": -6.0, "POB48_R": -6.0, "POB49": -6.0, "POB49_R": -6.0, "POB50": -6.0, "POB50_R": -6.0, "POB51": -6.0, "POB51_R": -6.0, "POB52": -6.0, "POB52_R": -6.0, "POB53": -6.0, "POB53_R": -6.0, "POB54": -6.0, "POB54_R": -6.0, "POB55": -6.0, "POB55_R": -6.0, "POB56": -6.0, "POB56_R": -6.0, "POB57": -6.0, "POB57_R": -6.0, "POB59": -6.0, "POB59_R": -6.0, "POB60": -6.0, "POB60_R": -6.0, "POB61": -6.0, "POB61_R": -6.0, "POB62": -6.0, "POB62_R": -6.0, "POB63": -6.0, "POB63_R": -6.0, "POB64": -6.0, "POB64_R": -6.0, "POB65": -6.0, "POB65_R": -6.0, "POB66": -6.0, "POB66_R": -6.0, "POB67": -6.0, "POB67_R": -6.0, "POB84": -6.0, "POB84_R": -6.0, "POB85": -6.0, "POB85_R": -6.0, "POB87": -6.0, "POB87_R": -6.0, "POB88": -6.0, "POB88_R": -6.0, "POB89": -6.0, "POB89_R": -6.0, "POB90": -6.0, "POB90_R": -6.0, "POB91": -6.0, "POB91_R": -6.0, "POB92": -6.0, "POB92_R": -6.0, "POB93": -6.0, "POB93_R": -6.0, "POB94": -6.0, "POB94_R": -6.0, "POB95": -6.0, "POB95_R": -6.0, "POB96": -6.0, "POB96_R": -6.0, "POB97": -6.0, "POB97_R": -6.0, "POB98": -6.0, "POB98_R": -6.0, "POB100": -6.0, "POB100_R": -6.0, "POB101": -6.0, "POB101_R": -6.0, "POB102": -6.0, "POB102_R": -6.0, "POB103": -6.0, "POB103_R": -6.0, "POB104": -6.0, "POB104_R": -6.0, "POB105": -6.0, "POB105_R": -6.0, "POB106": -6.0, "POB106_R": -6.0, "POB107": -6.0, "POB107_R": -6.0, "POB108": -6.0, "POB108_R": -6.0, "POB125_R": -6.0, "POB126_R": -6.0, "POB127_R": -6.0, "POB128_R": -6.0, "POB129_R": -6.0, "POB130_R": -6.0, "POB131_R": -6.0, "POB132_R": -6.0, "POB133_R": -6.0, "POB134_R": -6.0, "POB3": -6.0, "POB3_R": -6.0, "POB16": -6.0, "POB16_R": -6.0, "POB26": -6.0, "POB26_R": -6.0, "POB27": -6.0, "POB27_R": -6.0, "POB28": -6.0, "POB28_R": -6.0, "POB29": -6.0, "POB29_R": -6.0, "POB30": -6.0, "POB30_R": -6.0, "POB31": -6.0, "POB31_R": -6.0, "POB32": -6.0, "POB32_R": -6.0, "POB33": -6.0, "POB33_R": -6.0, "POB34": -6.0, "POB34_R": -6.0, "POB35": -6.0, "POB35_R": -6.0, "POB36": -6.0, "POB36_R": -6.0, "POB37": -6.0, "POB37_R": -6.0, "POB38": -6.0, "POB38_R": -6.0, "POB39": -6.0, "POB39_R": -6.0, "POB40": -6.0, "POB40_R": -6.0, "POB41": -6.0, "POB41_R": -6.0, "POB44": -6.0, "POB44_R": -6.0, "POB58": -6.0, "POB58_R": -6.0, "POB68": -6.0, "POB68_R": -6.0, "POB69": -6.0, "POB69_R": -6.0, "POB70": -6.0, "POB70_R": -6.0, "POB71": -6.0, "POB71_R": -6.0, "POB72": -6.0, "POB72_R": -6.0, "POB73": -6.0, "POB73_R": -6.0, "POB74": -6.0, "POB74_R": -6.0, "POB75": -6.0, "POB75_R": -6.0, "POB76": -6.0, "POB76_R": -6.0, "POB77": -6.0, "POB77_R": -6.0, "POB78": -6.0, "POB78_R": -6.0, "POB79": -6.0, "POB79_R": -6.0, "POB80": -6.0, "POB80_R": -6.0, "POB81": -6.0, "POB81_R": -6.0, "POB82": -6.0, "POB82_R": -6.0, "POB83": -6.0, "POB83_R": -6.0, "POB86": -6.0, "POB86_R": -6.0, "POB99": -6.0, "POB99_R": -6.0, "POB109": -6.0, "POB109_R": -6.0, "POB110": -6.0, "POB110_R": -6.0, "POB111": -6.0, "POB111_R": -6.0, "POB112": -6.0, "POB112_R": -6.0, "POB113": -6.0, "POB113_R": -6.0, "POB114": -6.0, "POB114_R": -6.0, "POB115": -6.0, "POB115_R": -6.0, "POB116": -6.0, "POB116_R": -6.0, "POB117": -6.0, "POB117_R": -6.0, "POB118": -6.0, "POB118_R": -6.0, "POB119": -6.0, "POB119_R": -6.0, "POB120": -6.0, "POB120_R": -6.0, "POB121": -6.0, "POB121_R": -6.0, "POB122": -6.0, "POB122_R": -6.0, "POB123": -6.0, "POB123_R": -6.0, "POB124": -6.0, "POB124_R": -6.0, "OID": 3772 }, "geometry": { "type": "Point", "coordinates": [ -103.4552539, 20.2645753 ] } },
{ "type": "Feature", "properties": { "CVEGEO": "140500098", "NOM_ENT": "Jalisco", "NOM_MUN": "Jocotepec", "NOMGEO": "El Plan [Las Granjas]", "CVE_AGEB": "0019", "POB1": 2.0, "POB2": -6.0, "POB2_R": -6.0, "POB4": -6.0, "POB4_R": -6.0, "POB5": -6.0, "POB5_R": -6.0, "POB6": -6.0, "POB6_R": -6.0, "POB7": -6.0, "POB7_R": -6.0, "POB8": -6.0, "POB8_R": -6.0, "POB9": -6.0, "POB9_R": -6.0, "POB10": -6.0, "POB10_R": -6.0, "POB11": -6.0, "POB11_R": -6.0, "POB12": -6.0, "POB12_R": -6.0, "POB13": -6.0, "POB13_R": -6.0, "POB14": -6.0, "POB14_R": -6.0, "POB15": -6.0, "POB15_R": -6.0, "POB17": -6.0, "POB17_R": -6.0, "POB18": -6.0, "POB18_R": -6.0, "POB19": -6.0, "POB19_R": -6.0, "POB20": -6.0, "POB20_R": -6.0, "POB21": -6.0, "POB21_R": -6.0, "POB22": -6.0, "POB22_R": -6.0, "POB23": -6.0, "POB23_R": -6.0, "POB24": -6.0, "POB24_R": -6.0, "POB25": -6.0, "POB25_R": -6.0, "POB42": -6.0, "POB42_R": -6.0, "POB43": -6.0, "POB43_R": -6.0, "POB45": -6.0, "POB45_R": -6.0, "POB46": -6.0, "POB46_R": -6.0, "POB47": -6.0, "POB47_R": -6.0, "POB48": -6.0, "POB48_R": -6.0, "POB49": -6.0, "POB49_R": -6.0, "POB50": -6.0, "POB50_R": -6.0, "POB51": -6.0, "POB51_R": -6.0, "POB52": -6.0, "POB52_R": -6.0, "POB53": -6.0, "POB53_R": -6.0, "POB54": -6.0, "POB54_R": -6.0, "POB55": -6.0, "POB55_R": -6.0, "POB56": -6.0, "POB56_R": -6.0, "POB57": -6.0, "POB57_R": -6.0, "POB59": -6.0, "POB59_R": -6.0, "POB60": -6.0, "POB60_R": -6.0, "POB61": -6.0, "POB61_R": -6.0, "POB62": -6.0, "POB62_R": -6.0, "POB63": -6.0, "POB63_R": -6.0, "POB64": -6.0, "POB64_R": -6.0, "POB65": -6.0, "POB65_R": -6.0, "POB66": -6.0, "POB66_R": -6.0, "POB67": -6.0, "POB67_R": -6.0, "POB84": -6.0, "POB84_R": -6.0, "POB85": -6.0, "POB85_R": -6.0, "POB87": -6.0, "POB87_R": -6.0, "POB88": -6.0, "POB88_R": -6.0, "POB89": -6.0, "POB89_R": -6.0, "POB90": -6.0, "POB90_R": -6.0, "POB91": -6.0, "POB91_R": -6.0, "POB92": -6.0, "POB92_R": -6.0, "POB93": -6.0, "POB93_R": -6.0, "POB94": -6.0, "POB94_R": -6.0, "POB95": -6.0, "POB95_R": -6.0, "POB96": -6.0, "POB96_R": -6.0, "POB97": -6.0, "POB97_R": -6.0, "POB98": -6.0, "POB98_R": -6.0, "POB100": -6.0, "POB100_R": -6.0, "POB101": -6.0, "POB101_R": -6.0, "POB102": -6.0, "POB102_R": -6.0, "POB103": -6.0, "POB103_R": -6.0, "POB104": -6.0, "POB104_R": -6.0, "POB105": -6.0, "POB105_R": -6.0, "POB106": -6.0, "POB106_R": -6.0, "POB107": -6.0, "POB107_R": -6.0, "POB108": -6.0, "POB108_R": -6.0, "POB125_R": -6.0, "POB126_R": -6.0, "POB127_R": -6.0, "POB128_R": -6.0, "POB129_R": -6.0, "POB130_R": -6.0, "POB131_R": -6.0, "POB132_R": -6.0, "POB133_R": -6.0, "POB134_R": -6.0, "POB3": -6.0, "POB3_R": -6.0, "POB16": -6.0, "POB16_R": -6.0, "POB26": -6.0, "POB26_R": -6.0, "POB27": -6.0, "POB27_R": -6.0, "POB28": -6.0, "POB28_R": -6.0, "POB29": -6.0, "POB29_R": -6.0, "POB30": -6.0, "POB30_R": -6.0, "POB31": -6.0, "POB31_R": -6.0, "POB32": -6.0, "POB32_R": -6.0, "POB33": -6.0, "POB33_R": -6.0, "POB34": -6.0, "POB34_R": -6.0, "POB35": -6.0, "POB35_R": -6.0, "POB36": -6.0, "POB36_R": -6.0, "POB37": -6.0, "POB37_R": -6.0, "POB38": -6.0, "POB38_R": -6.0, "POB39": -6.0, "POB39_R": -6.0, "POB40": -6.0, "POB40_R": -6.0, "POB41": -6.0, "POB41_R": -6.0, "POB44": -6.0, "POB44_R": -6.0, "POB58": -6.0, "POB58_R": -6.0, "POB68": -6.0, "POB68_R": -6.0, "POB69": -6.0, "POB69_R": -6.0, "POB70": -6.0, "POB70_R": -6.0, "POB71": -6.0, "POB71_R": -6.0, "POB72": -6.0, "POB72_R": -6.0, "POB73": -6.0, "POB73_R": -6.0, "POB74": -6.0, "POB74_R": -6.0, "POB75": -6.0, "POB75_R": -6.0, "POB76": -6.0, "POB76_R": -6.0, "POB77": -6.0, "POB77_R": -6.0, "POB78": -6.0, "POB78_R": -6.0, "POB79": -6.0, "POB79_R": -6.0, "POB80": -6.0, "POB80_R": -6.0, "POB81": -6.0, "POB81_R": -6.0, "POB82": -6.0, "POB82_R": -6.0, "POB83": -6.0, "POB83_R": -6.0, "POB86": -6.0, "POB86_R": -6.0, "POB99": -6.0, "POB99_R": -6.0, "POB109": -6.0, "POB109_R": -6.0, "POB110": -6.0, "POB110_R": -6.0, "POB111": -6.0, "POB111_R": -6.0, "POB112": -6.0, "POB112_R": -6.0, "POB113": -6.0, "POB113_R": -6.0, "POB114": -6.0, "POB114_R": -6.0, "POB115": -6.0, "POB115_R": -6.0, "POB116": -6.0, "POB116_R": -6.0, "POB117": -6.0, "POB117_R": -6.0, "POB118": -6.0, "POB118_R": -6.0, "POB119": -6.0, "POB119_R": -6.0, "POB120": -6.0, "POB120_R": -6.0, "POB121": -6.0, "POB121_R": -6.0, "POB122": -6.0, "POB122_R": -6.0, "POB123": -6.0, "POB123_R": -6.0, "POB124": -6.0, "POB124_R": -6.0, "OID": 3773 }, "geometry": { "type": "Point", "coordinates": [ -103.4716472, 20.3293431 ] } },
{ "type": "Feature", "properties": { "CVEGEO": "140500101", "NOM_ENT": "Jalisco", "NOM_MUN": "Jocotepec", "NOMGEO": "San Cristóbal [Granja]", "CVE_AGEB": "0061", "POB1": 3.0, "POB2": -6.0, "POB2_R": -6.0, "POB4": -6.0, "POB4_R": -6.0, "POB5": -6.0, "POB5_R": -6.0, "POB6": -6.0, "POB6_R": -6.0, "POB7": -6.0, "POB7_R": -6.0, "POB8": -6.0, "POB8_R": -6.0, "POB9": -6.0, "POB9_R": -6.0, "POB10": -6.0, "POB10_R": -6.0, "POB11": -6.0, "POB11_R": -6.0, "POB12": -6.0, "POB12_R": -6.0, "POB13": -6.0, "POB13_R": -6.0, "POB14": -6.0, "POB14_R": -6.0, "POB15": -6.0, "POB15_R": -6.0, "POB17": -6.0, "POB17_R": -6.0, "POB18": -6.0, "POB18_R": -6.0, "POB19": -6.0, "POB19_R": -6.0, "POB20": -6.0, "POB20_R": -6.0, "POB21": -6.0, "POB21_R": -6.0, "POB22": -6.0, "POB22_R": -6.0, "POB23": -6.0, "POB23_R": -6.0, "POB24": -6.0, "POB24_R": -6.0, "POB25": -6.0, "POB25_R": -6.0, "POB42": -6.0, "POB42_R": -6.0, "POB43": -6.0, "POB43_R": -6.0, "POB45": -6.0, "POB45_R": -6.0, "POB46": -6.0, "POB46_R": -6.0, "POB47": -6.0, "POB47_R": -6.0, "POB48": -6.0, "POB48_R": -6.0, "POB49": -6.0, "POB49_R": -6.0, "POB50": -6.0, "POB50_R": -6.0, "POB51": -6.0, "POB51_R": -6.0, "POB52": -6.0, "POB52_R": -6.0, "POB53": -6.0, "POB53_R": -6.0, "POB54": -6.0, "POB54_R": -6.0, "POB55": -6.0, "POB55_R": -6.0, "POB56": -6.0, "POB56_R": -6.0, "POB57": -6.0, "POB57_R": -6.0, "POB59": -6.0, "POB59_R": -6.0, "POB60": -6.0, "POB60_R": -6.0, "POB61": -6.0, "POB61_R": -6.0, "POB62": -6.0, "POB62_R": -6.0, "POB63": -6.0, "POB63_R": -6.0, "POB64": -6.0, "POB64_R": -6.0, "POB65": -6.0, "POB65_R": -6.0, "POB66": -6.0, "POB66_R": -6.0, "POB67": -6.0, "POB67_R": -6.0, "POB84": -6.0, "POB84_R": -6.0, "POB85": -6.0, "POB85_R": -6.0, "POB87": -6.0, "POB87_R": -6.0, "POB88": -6.0, "POB88_R": -6.0, "POB89": -6.0, "POB89_R": -6.0, "POB90": -6.0, "POB90_R": -6.0, "POB91": -6.0, "POB91_R": -6.0, "POB92": -6.0, "POB92_R": -6.0, "POB93": -6.0, "POB93_R": -6.0, "POB94": -6.0, "POB94_R": -6.0, "POB95": -6.0, "POB95_R": -6.0, "POB96": -6.0, "POB96_R": -6.0, "POB97": -6.0, "POB97_R": -6.0, "POB98": -6.0, "POB98_R": -6.0, "POB100": -6.0, "POB100_R": -6.0, "POB101": -6.0, "POB101_R": -6.0, "POB102": -6.0, "POB102_R": -6.0, "POB103": -6.0, "POB103_R": -6.0, "POB104": -6.0, "POB104_R": -6.0, "POB105": -6.0, "POB105_R": -6.0, "POB106": -6.0, "POB106_R": -6.0, "POB107": -6.0, "POB107_R": -6.0, "POB108": -6.0, "POB108_R": -6.0, "POB125_R": -6.0, "POB126_R": -6.0, "POB127_R": -6.0, "POB128_R": -6.0, "POB129_R": -6.0, "POB130_R": -6.0, "POB131_R": -6.0, "POB132_R": -6.0, "POB133_R": -6.0, "POB134_R": -6.0, "POB3": -6.0, "POB3_R": -6.0, "POB16": -6.0, "POB16_R": -6.0, "POB26": -6.0, "POB26_R": -6.0, "POB27": -6.0, "POB27_R": -6.0, "POB28": -6.0, "POB28_R": -6.0, "POB29": -6.0, "POB29_R": -6.0, "POB30": -6.0, "POB30_R": -6.0, "POB31": -6.0, "POB31_R": -6.0, "POB32": -6.0, "POB32_R": -6.0, "POB33": -6.0, "POB33_R": -6.0, "POB34": -6.0, "POB34_R": -6.0, "POB35": -6.0, "POB35_R": -6.0, "POB36": -6.0, "POB36_R": -6.0, "POB37": -6.0, "POB37_R": -6.0, "POB38": -6.0, "POB38_R": -6.0, "POB39": -6.0, "POB39_R": -6.0, "POB40": -6.0, "POB40_R": -6.0, "POB41": -6.0, "POB41_R": -6.0, "POB44": -6.0, "POB44_R": -6.0, "POB58": -6.0, "POB58_R": -6.0, "POB68": -6.0, "POB68_R": -6.0, "POB69": -6.0, "POB69_R": -6.0, "POB70": -6.0, "POB70_R": -6.0, "POB71": -6.0, "POB71_R": -6.0, "POB72": -6.0, "POB72_R": -6.0, "POB73": -6.0, "POB73_R": -6.0, "POB74": -6.0, "POB74_R": -6.0, "POB75": -6.0, "POB75_R": -6.0, "POB76": -6.0, "POB76_R": -6.0, "POB77": -6.0, "POB77_R": -6.0, "POB78": -6.0, "POB78_R": -6.0, "POB79": -6.0, "POB79_R": -6.0, "POB80": -6.0, "POB80_R": -6.0, "POB81": -6.0, "POB81_R": -6.0, "POB82": -6.0, "POB82_R": -6.0, "POB83": -6.0, "POB83_R": -6.0, "POB86": -6.0, "POB86_R": -6.0, "POB99": -6.0, "POB99_R": -6.0, "POB109": -6.0, "POB109_R": -6.0, "POB110": -6.0, "POB110_R": -6.0, "POB111": -6.0, "POB111_R": -6.0, "POB112": -6.0, "POB112_R": -6.0, "POB113": -6.0, "POB113_R": -6.0, "POB114": -6.0, "POB114_R": -6.0, "POB115": -6.0, "POB115_R": -6.0, "POB116": -6.0, "POB116_R": -6.0, "POB117": -6.0, "POB117_R": -6.0, "POB118": -6.0, "POB118_R": -6.0, "POB119": -6.0, "POB119_R": -6.0, "POB120": -6.0, "POB120_R": -6.0, "POB121": -6.0, "POB121_R": -6.0, "POB122": -6.0, "POB122_R": -6.0, "POB123": -6.0, "POB123_R": -6.0, "POB124": -6.0, "POB124_R": -6.0, "OID": 3774 }, "geometry": { "type": "Point", "coordinates": [ -103.3746739, 20.2170278 ] } },
{ "type": "Feature", "properties": { "CVEGEO": "140500103", "NOM_ENT": "Jalisco", "NOM_MUN": "Jocotepec", "NOMGEO": "El Tempisque", "CVE_AGEB": "0023", "POB1": 45.0, "POB2": 0.0, "POB2_R": 0.0, "POB4": 2.0, "POB4_R": 4.4, "POB5": 3.0, "POB5_R": 6.7, "POB6": 3.0, "POB6_R": 6.7, "POB7": 1.0, "POB7_R": 2.2, "POB8": 6.0, "POB8_R": 13.3, "POB9": 1.0, "POB9_R": 2.2, "POB10": 6.0, "POB10_R": 13.3, "POB11": 6.0, "POB11_R": 13.3, "POB12": 28.0, "POB12_R": 62.2, "POB13": 5.0, "POB13_R": 11.1, "POB14": 9.0, "POB14_R": 20.0, "POB15": 9.0, "POB15_R": 20.0, "POB17": 45.0, "POB17_R": 100.0, "POB18": 45.0, "POB18_R": 100.0, "POB19": 40.0, "POB19_R": 88.9, "POB20": 39.0, "POB20_R": 86.7, "POB21": 38.0, "POB21_R": 84.4, "POB22": 33.0, "POB22_R": 73.3, "POB23": 15.0, "POB23_R": 33.3, "POB24": 11.0, "POB24_R": 24.4, "POB25": 5.0, "POB25_R": 11.1, "POB42": 26.0, "POB42_R": 57.8, "POB43": 0.0, "POB43_R": 0.0, "POB45": 2.0, "POB45_R": 4.4, "POB46": 2.0, "POB46_R": 4.4, "POB47": 2.0, "POB47_R": 4.4, "POB48": 1.0, "POB48_R": 2.2, "POB49": 5.0, "POB49_R": 11.1, "POB50": 0.0, "POB50_R": 0.0, "POB51": 1.0, "POB51_R": 2.2, "POB52": 1.0, "POB52_R": 2.2, "POB53": 7.0, "POB53_R": 15.6, "POB54": 16.0, "POB54_R": 35.6, "POB55": 1.0, "POB55_R": 2.2, "POB56": 6.0, "POB56_R": 13.3, "POB57": 5.0, "POB57_R": 11.1, "POB59": 26.0, "POB59_R": 57.8, "POB60": 26.0, "POB60_R": 57.8, "POB61": 22.0, "POB61_R": 48.9, "POB62": 21.0, "POB62_R": 46.7, "POB63": 21.0, "POB63_R": 46.7, "POB64": 20.0, "POB64_R": 44.4, "POB65": 9.0, "POB65_R": 20.0, "POB66": 5.0, "POB66_R": 11.1, "POB67": 2.0, "POB67_R": 4.4, "POB84": 19.0, "POB84_R": 42.2, "POB85": 0.0, "POB85_R": 0.0, "POB87": 0.0, "POB87_R": 0.0, "POB88": 1.0, "POB88_R": 2.2, "POB89": 1.0, "POB89_R": 2.2, "POB90": 0.0, "POB90_R": 0.0, "POB91": 1.0, "POB91_R": 2.2, "POB92": 1.0, "POB92_R": 2.2, "POB93": 5.0, "POB93_R": 11.1, "POB94": 5.0, "POB94_R": 11.1, "POB95": 12.0, "POB95_R": 26.7, "POB96": 4.0, "POB96_R": 8.9, "POB97": 3.0, "POB97_R": 6.7, "POB98": 4.0, "POB98_R": 8.9, "POB100": 19.0, "POB100_R": 42.2, "POB101": 19.0, "POB101_R": 42.2, "POB102": 18.0, "POB102_R": 40.0, "POB103": 18.0, "POB103_R": 40.0, "POB104": 17.0, "POB104_R": 37.8, "POB105": 13.0, "POB105_R": 28.9, "POB106": 6.0, "POB106_R": 13.3, "POB107": 6.0, "POB107_R": 13.3, "POB108": 3.0, "POB108_R": 6.7, "POB125_R": 73.1, "POB126_R": 60.7, "POB127_R": 21.4, "POB128_R": 39.3, "POB129_R": 52.0, "POB130_R": 52.0, "POB131_R": 53.0, "POB132_R": 250.0, "POB133_R": 180.0, "POB134_R": 600.0, "POB3": 0.0, "POB3_R": 0.0, "POB16": 4.0, "POB16_R": 8.9, "POB26": 4.0, "POB26_R": 8.9, "POB27": 2.0, "POB27_R": 4.4, "POB28": 2.0, "POB28_R": 4.4, "POB29": 4.0, "POB29_R": 8.9, "POB30": 0.0, "POB30_R": 0.0, "POB31": 4.0, "POB31_R": 8.9, "POB32": 2.0, "POB32_R": 4.4, "POB33": 0.0, "POB33_R": 0.0, "POB34": 3.0, "POB34_R": 6.7, "POB35": 4.0, "POB35_R": 8.9, "POB36": 5.0, "POB36_R": 11.1, "POB37": 6.0, "POB37_R": 13.3, "POB38": 2.0, "POB38_R": 4.4, "POB39": 1.0, "POB39_R": 2.2, "POB40": 0.0, "POB40_R": 0.0, "POB41": 2.0, "POB41_R": 4.4, "POB44": 0.0, "POB44_R": 0.0, "POB58": 4.0, "POB58_R": 8.9, "POB68": 4.0, "POB68_R": 8.9, "POB69": 1.0, "POB69_R": 2.2, "POB70": 1.0, "POB70_R": 2.2, "POB71": 0.0, "POB71_R": 0.0, "POB72": 0.0, "POB72_R": 0.0, "POB73": 3.0, "POB73_R": 6.7, "POB74": 1.0, "POB74_R": 2.2, "POB75": 0.0, "POB75_R": 0.0, "POB76": 2.0, "POB76_R": 4.4, "POB77": 3.0, "POB77_R": 6.7, "POB78": 2.0, "POB78_R": 4.4, "POB79": 3.0, "POB79_R": 6.7, "POB80": 1.0, "POB80_R": 2.2, "POB81": 0.0, "POB81_R": 0.0, "POB82": 0.0, "POB82_R": 0.0, "POB83": 1.0, "POB83_R": 2.2, "POB86": 0.0, "POB86_R": 0.0, "POB99": 0.0, "POB99_R": 0.0, "POB109": 0.0, "POB109_R": 0.0, "POB110": 1.0, "POB110_R": 2.2, "POB111": 1.0, "POB111_R": 2.2, "POB112": 4.0, "POB112_R": 8.9, "POB113": 0.0, "POB113_R": 0.0, "POB114": 1.0, "POB114_R": 2.2, "POB115": 1.0, "POB115_R": 2.2, "POB116": 0.0, "POB116_R": 0.0, "POB117": 1.0, "POB117_R": 2.2, "POB118": 1.0, "POB118_R": 2.2, "POB119": 3.0, "POB119_R": 6.7, "POB120": 3.0, "POB120_R": 6.7, "POB121": 1.0, "POB121_R": 2.2, "POB122": 1.0, "POB122_R": 2.2, "POB123": 0.0, "POB123_R": 0.0, "POB124": 1.0, "POB124_R": 2.2, "OID": 3775 }, "geometry": { "type": "Point", "coordinates": [ -103.3681694, 20.2934772 ] } },
{ "type": "Feature", "properties": { "CVEGEO": "140500105", "NOM_ENT": "Jalisco", "NOM_MUN": "Jocotepec", "NOMGEO": "Los Ranchitos", "CVE_AGEB": "0057", "POB1": 56.0, "POB2": 1.0, "POB2_R": 1.8, "POB4": 3.0, "POB4_R": 5.4, "POB5": 12.0, "POB5_R": 21.4, "POB6": 13.0, "POB6_R": 23.2, "POB7": 5.0, "POB7_R": 8.9, "POB8": 21.0, "POB8_R": 37.5, "POB9": 2.0, "POB9_R": 3.6, "POB10": 6.0, "POB10_R": 10.7, "POB11": 10.0, "POB11_R": 17.9, "POB12": 32.0, "POB12_R": 57.1, "POB13": 4.0, "POB13_R": 7.1, "POB14": 16.0, "POB14_R": 28.6, "POB15": 5.0, "POB15_R": 8.9, "POB17": 55.0, "POB17_R": 98.2, "POB18": 54.0, "POB18_R": 96.4, "POB19": 40.0, "POB19_R": 71.4, "POB20": 35.0, "POB20_R": 62.5, "POB21": 33.0, "POB21_R": 58.9, "POB22": 29.0, "POB22_R": 51.8, "POB23": 4.0, "POB23_R": 7.1, "POB24": 3.0, "POB24_R": 5.4, "POB25": 2.0, "POB25_R": 3.6, "POB42": 24.0, "POB42_R": 42.9, "POB43": 0.0, "POB43_R": 0.0, "POB45": 2.0, "POB45_R": 3.6, "POB46": 5.0, "POB46_R": 8.9, "POB47": 5.0, "POB47_R": 8.9, "POB48": 2.0, "POB48_R": 3.6, "POB49": 9.0, "POB49_R": 16.1, "POB50": 1.0, "POB50_R": 1.8, "POB51": 1.0, "POB51_R": 1.8, "POB52": 4.0, "POB52_R": 7.1, "POB53": 12.0, "POB53_R": 21.4, "POB54": 13.0, "POB54_R": 23.2, "POB55": 0.0, "POB55_R": 0.0, "POB56": 8.0, "POB56_R": 14.3, "POB57": 1.0, "POB57_R": 1.8, "POB59": 24.0, "POB59_R": 42.9, "POB60": 23.0, "POB60_R": 41.1, "POB61": 17.0, "POB61_R": 30.4, "POB62": 15.0, "POB62_R": 26.8, "POB63": 14.0, "POB63_R": 25.0, "POB64": 14.0, "POB64_R": 25.0, "POB65": 2.0, "POB65_R": 3.6, "POB66": 2.0, "POB66_R": 3.6, "POB67": 1.0, "POB67_R": 1.8, "POB84": 32.0, "POB84_R": 57.1, "POB85": 1.0, "POB85_R": 1.8, "POB87": 1.0, "POB87_R": 1.8, "POB88": 7.0, "POB88_R": 12.5, "POB89": 8.0, "POB89_R": 14.3, "POB90": 3.0, "POB90_R": 5.4, "POB91": 12.0, "POB91_R": 21.4, "POB92": 1.0, "POB92_R": 1.8, "POB93": 5.0, "POB93_R": 8.9, "POB94": 6.0, "POB94_R": 10.7, "POB95": 19.0, "POB95_R": 33.9, "POB96": 4.0, "POB96_R": 7.1, "POB97": 8.0, "POB97_R": 14.3, "POB98": 4.0, "POB98_R": 7.1, "POB100": 31.0, "POB100_R": 55.4, "POB101": 31.0, "POB101_R": 55.4, "POB102": 23.0, "POB102_R": 41.1, "POB103": 20.0, "POB103_R": 35.7, "POB104": 19.0, "POB104_R": 33.9, "POB105": 15.0, "POB105_R": 26.8, "POB106": 2.0, "POB106_R": 3.6, "POB107": 1.0, "POB107_R": 1.8, "POB108": 1.0, "POB108_R": 1.8, "POB125_R": 133.3, "POB126_R": 75.0, "POB127_R": 65.6, "POB128_R": 9.4, "POB129_R": 27.5, "POB130_R": 28.0, "POB131_R": 23.5, "POB132_R": 19.0, "POB133_R": 22.2, "POB134_R": 16.7, "POB3": 2.0, "POB3_R": 3.6, "POB16": 1.0, "POB16_R": 1.8, "POB26": 10.0, "POB26_R": 17.9, "POB27": 9.0, "POB27_R": 16.1, "POB28": 3.0, "POB28_R": 5.4, "POB29": 3.0, "POB29_R": 5.4, "POB30": 4.0, "POB30_R": 7.1, "POB31": 7.0, "POB31_R": 12.5, "POB32": 2.0, "POB32_R": 3.6, "POB33": 4.0, "POB33_R": 7.1, "POB34": 3.0, "POB34_R": 5.4, "POB35": 2.0, "POB35_R": 3.6, "POB36": 3.0, "POB36_R": 5.4, "POB37": 1.0, "POB37_R": 1.8, "POB38": 1.0, "POB38_R": 1.8, "POB39": 1.0, "POB39_R": 1.8, "POB40": 0.0, "POB40_R": 0.0, "POB41": 0.0, "POB41_R": 0.0, "POB44": 1.0, "POB44_R": 1.8, "POB58": 0.0, "POB58_R": 0.0, "POB68": 4.0, "POB68_R": 7.1, "POB69": 4.0, "POB69_R": 7.1, "POB70": 1.0, "POB70_R": 1.8, "POB71": 0.0, "POB71_R": 0.0, "POB72": 3.0, "POB72_R": 5.4, "POB73": 4.0, "POB73_R": 7.1, "POB74": 0.0, "POB74_R": 0.0, "POB75": 3.0, "POB75_R": 5.4, "POB76": 1.0, "POB76_R": 1.8, "POB77": 0.0, "POB77_R": 0.0, "POB78": 1.0, "POB78_R": 1.8, "POB79": 1.0, "POB79_R": 1.8, "POB80": 0.0, "POB80_R": 0.0, "POB81": 1.0, "POB81_R": 1.8, "POB82": 0.0, "POB82_R": 0.0, "POB83": 0.0, "POB83_R": 0.0, "POB86": 1.0, "POB86_R": 1.8, "POB99": 1.0, "POB99_R": 1.8, "POB109": 6.0, "POB109_R": 10.7, "POB110": 5.0, "POB110_R": 8.9, "POB111": 2.0, "POB111_R": 3.6, "POB112": 3.0, "POB112_R": 5.4, "POB113": 1.0, "POB113_R": 1.8, "POB114": 3.0, "POB114_R": 5.4, "POB115": 2.0, "POB115_R": 3.6, "POB116": 1.0, "POB116_R": 1.8, "POB117": 2.0, "POB117_R": 3.6, "POB118": 2.0, "POB118_R": 3.6, "POB119": 2.0, "POB119_R": 3.6, "POB120": 0.0, "POB120_R": 0.0, "POB121": 1.0, "POB121_R": 1.8, "POB122": 0.0, "POB122_R": 0.0, "POB123": 0.0, "POB123_R": 0.0, "POB124": 0.0, "POB124_R": 0.0, "OID": 3776 }, "geometry": { "type": "Point", "coordinates": [ -103.4256186, 20.3143953 ] } },
{ "type": "Feature", "properties": { "CVEGEO": "140500108", "NOM_ENT": "Jalisco", "NOM_MUN": "Jocotepec", "NOMGEO": "La Mandarina", "CVE_AGEB": "0023", "POB1": 11.0, "POB2": 1.0, "POB2_R": 9.1, "POB4": 0.0, "POB4_R": 0.0, "POB5": 1.0, "POB5_R": 9.1, "POB6": 4.0, "POB6_R": 36.4, "POB7": 3.0, "POB7_R": 27.3, "POB8": 5.0, "POB8_R": 45.5, "POB9": 0.0, "POB9_R": 0.0, "POB10": 0.0, "POB10_R": 0.0, "POB11": 2.0, "POB11_R": 18.2, "POB12": 6.0, "POB12_R": 54.5, "POB13": 0.0, "POB13_R": 0.0, "POB14": 4.0, "POB14_R": 36.4, "POB15": 0.0, "POB15_R": 0.0, "POB17": 10.0, "POB17_R": 90.9, "POB18": 10.0, "POB18_R": 90.9, "POB19": 9.0, "POB19_R": 81.8, "POB20": 6.0, "POB20_R": 54.5, "POB21": 6.0, "POB21_R": 54.5, "POB22": 6.0, "POB22_R": 54.5, "POB23": 0.0, "POB23_R": 0.0, "POB24": 0.0, "POB24_R": 0.0, "POB25": 0.0, "POB25_R": 0.0, "POB42": 7.0, "POB42_R": 63.6, "POB43": 1.0, "POB43_R": 9.1, "POB45": 0.0, "POB45_R": 0.0, "POB46": 1.0, "POB46_R": 9.1, "POB47": 3.0, "POB47_R": 27.3, "POB48": 2.0, "POB48_R": 18.2, "POB49": 4.0, "POB49_R": 36.4, "POB50": 0.0, "POB50_R": 0.0, "POB51": 0.0, "POB51_R": 0.0, "POB52": 1.0, "POB52_R": 9.1, "POB53": 3.0, "POB53_R": 27.3, "POB54": 3.0, "POB54_R": 27.3, "POB55": 0.0, "POB55_R": 0.0, "POB56": 2.0, "POB56_R": 18.2, "POB57": 0.0, "POB57_R": 0.0, "POB59": 6.0, "POB59_R": 54.5, "POB60": 6.0, "POB60_R": 54.5, "POB61": 5.0, "POB61_R": 45.5, "POB62": 3.0, "POB62_R": 27.3, "POB63": 3.0, "POB63_R": 27.3, "POB64": 3.0, "POB64_R": 27.3, "POB65": 0.0, "POB65_R": 0.0, "POB66": 0.0, "POB66_R": 0.0, "POB67": 0.0, "POB67_R": 0.0, "POB84": 4.0, "POB84_R": 36.4, "POB85": 0.0, "POB85_R": 0.0, "POB87": 0.0, "POB87_R": 0.0, "POB88": 0.0, "POB88_R": 0.0, "POB89": 1.0, "POB89_R": 9.1, "POB90": 1.0, "POB90_R": 9.1, "POB91": 1.0, "POB91_R": 9.1, "POB92": 0.0, "POB92_R": 0.0, "POB93": 0.0, "POB93_R": 0.0, "POB94": 1.0, "POB94_R": 9.1, "POB95": 3.0, "POB95_R": 27.3, "POB96": 0.0, "POB96_R": 0.0, "POB97": 2.0, "POB97_R": 18.2, "POB98": 0.0, "POB98_R": 0.0, "POB100": 4.0, "POB100_R": 36.4, "POB101": 4.0, "POB101_R": 36.4, "POB102": 4.0, "POB102_R": 36.4, "POB103": 3.0, "POB103_R": 27.3, "POB104": 3.0, "POB104_R": 27.3, "POB105": 3.0, "POB105_R": 27.3, "POB106": 0.0, "POB106_R": 0.0, "POB107": 0.0, "POB107_R": 0.0, "POB108": 0.0, "POB108_R": 0.0, "POB125_R": 57.1, "POB126_R": 83.3, "POB127_R": 83.3, "POB128_R": 0.0, "POB129_R": 28.0, "POB130_R": 14.0, "POB131_R": 38.0, "POB132_R": 0.0, "POB133_R": 0.0, "POB134_R": 0.0, "POB3": 1.0, "POB3_R": 9.1, "POB16": 0.0, "POB16_R": 0.0, "POB26": 0.0, "POB26_R": 0.0, "POB27": 4.0, "POB27_R": 36.4, "POB28": 0.0, "POB28_R": 0.0, "POB29": 0.0, "POB29_R": 0.0, "POB30": 2.0, "POB30_R": 18.2, "POB31": 0.0, "POB31_R": 0.0, "POB32": 1.0, "POB32_R": 9.1, "POB33": 1.0, "POB33_R": 9.1, "POB34": 2.0, "POB34_R": 18.2, "POB35": 0.0, "POB35_R": 0.0, "POB36": 0.0, "POB36_R": 0.0, "POB37": 0.0, "POB37_R": 0.0, "POB38": 0.0, "POB38_R": 0.0, "POB39": 0.0, "POB39_R": 0.0, "POB40": 0.0, "POB40_R": 0.0, "POB41": 0.0, "POB41_R": 0.0, "POB44": 1.0, "POB44_R": 9.1, "POB58": 0.0, "POB58_R": 0.0, "POB68": 0.0, "POB68_R": 0.0, "POB69": 3.0, "POB69_R": 27.3, "POB70": 0.0, "POB70_R": 0.0, "POB71": 0.0, "POB71_R": 0.0, "POB72": 1.0, "POB72_R": 9.1, "POB73": 0.0, "POB73_R": 0.0, "POB74": 1.0, "POB74_R": 9.1, "POB75": 1.0, "POB75_R": 9.1, "POB76": 0.0, "POB76_R": 0.0, "POB77": 0.0, "POB77_R": 0.0, "POB78": 0.0, "POB78_R": 0.0, "POB79": 0.0, "POB79_R": 0.0, "POB80": 0.0, "POB80_R": 0.0, "POB81": 0.0, "POB81_R": 0.0, "POB82": 0.0, "POB82_R": 0.0, "POB83": 0.0, "POB83_R": 0.0, "POB86": 0.0, "POB86_R": 0.0, "POB99": 0.0, "POB99_R": 0.0, "POB109": 0.0, "POB109_R": 0.0, "POB110": 1.0, "POB110_R": 9.1, "POB111": 0.0, "POB111_R": 0.0, "POB112": 0.0, "POB112_R": 0.0, "POB113": 1.0, "POB113_R": 9.1, "POB114": 0.0, "POB114_R": 0.0, "POB115": 0.0, "POB115_R": 0.0, "POB116": 0.0, "POB116_R": 0.0, "POB117": 2.0, "POB117_R": 18.2, "POB118": 0.0, "POB118_R": 0.0, "POB119": 0.0, "POB119_R": 0.0, "POB120": 0.0, "POB120_R": 0.0, "POB121": 0.0, "POB121_R": 0.0, "POB122": 0.0, "POB122_R": 0.0, "POB123": 0.0, "POB123_R": 0.0, "POB124": 0.0, "POB124_R": 0.0, "OID": 3777 }, "geometry": { "type": "Point", "coordinates": [ -103.371675, 20.2936131 ] } },
{ "type": "Feature", "properties": { "CVEGEO": "140500109", "NOM_ENT": "Jalisco", "NOM_MUN": "Jocotepec", "NOMGEO": "La Cabaña", "CVE_AGEB": "0019", "POB1": 2.0, "POB2": -6.0, "POB2_R": -6.0, "POB4": -6.0, "POB4_R": -6.0, "POB5": -6.0, "POB5_R": -6.0, "POB6": -6.0, "POB6_R": -6.0, "POB7": -6.0, "POB7_R": -6.0, "POB8": -6.0, "POB8_R": -6.0, "POB9": -6.0, "POB9_R": -6.0, "POB10": -6.0, "POB10_R": -6.0, "POB11": -6.0, "POB11_R": -6.0, "POB12": -6.0, "POB12_R": -6.0, "POB13": -6.0, "POB13_R": -6.0, "POB14": -6.0, "POB14_R": -6.0, "POB15": -6.0, "POB15_R": -6.0, "POB17": -6.0, "POB17_R": -6.0, "POB18": -6.0, "POB18_R": -6.0, "POB19": -6.0, "POB19_R": -6.0, "POB20": -6.0, "POB20_R": -6.0, "POB21": -6.0, "POB21_R": -6.0, "POB22": -6.0, "POB22_R": -6.0, "POB23": -6.0, "POB23_R": -6.0, "POB24": -6.0, "POB24_R": -6.0, "POB25": -6.0, "POB25_R": -6.0, "POB42": -6.0, "POB42_R": -6.0, "POB43": -6.0, "POB43_R": -6.0, "POB45": -6.0, "POB45_R": -6.0, "POB46": -6.0, "POB46_R": -6.0, "POB47": -6.0, "POB47_R": -6.0, "POB48": -6.0, "POB48_R": -6.0, "POB49": -6.0, "POB49_R": -6.0, "POB50": -6.0, "POB50_R": -6.0, "POB51": -6.0, "POB51_R": -6.0, "POB52": -6.0, "POB52_R": -6.0, "POB53": -6.0, "POB53_R": -6.0, "POB54": -6.0, "POB54_R": -6.0, "POB55": -6.0, "POB55_R": -6.0, "POB56": -6.0, "POB56_R": -6.0, "POB57": -6.0, "POB57_R": -6.0, "POB59": -6.0, "POB59_R": -6.0, "POB60": -6.0, "POB60_R": -6.0, "POB61": -6.0, "POB61_R": -6.0, "POB62": -6.0, "POB62_R": -6.0, "POB63": -6.0, "POB63_R": -6.0, "POB64": -6.0, "POB64_R": -6.0, "POB65": -6.0, "POB65_R": -6.0, "POB66": -6.0, "POB66_R": -6.0, "POB67": -6.0, "POB67_R": -6.0, "POB84": -6.0, "POB84_R": -6.0, "POB85": -6.0, "POB85_R": -6.0, "POB87": -6.0, "POB87_R": -6.0, "POB88": -6.0, "POB88_R": -6.0, "POB89": -6.0, "POB89_R": -6.0, "POB90": -6.0, "POB90_R": -6.0, "POB91": -6.0, "POB91_R": -6.0, "POB92": -6.0, "POB92_R": -6.0, "POB93": -6.0, "POB93_R": -6.0, "POB94": -6.0, "POB94_R": -6.0, "POB95": -6.0, "POB95_R": -6.0, "POB96": -6.0, "POB96_R": -6.0, "POB97": -6.0, "POB97_R": -6.0, "POB98": -6.0, "POB98_R": -6.0, "POB100": -6.0, "POB100_R": -6.0, "POB101": -6.0, "POB101_R": -6.0, "POB102": -6.0, "POB102_R": -6.0, "POB103": -6.0, "POB103_R": -6.0, "POB104": -6.0, "POB104_R": -6.0, "POB105": -6.0, "POB105_R": -6.0, "POB106": -6.0, "POB106_R": -6.0, "POB107": -6.0, "POB107_R": -6.0, "POB108": -6.0, "POB108_R": -6.0, "POB125_R": -6.0, "POB126_R": -6.0, "POB127_R": -6.0, "POB128_R": -6.0, "POB129_R": -6.0, "POB130_R": -6.0, "POB131_R": -6.0, "POB132_R": -6.0, "POB133_R": -6.0, "POB134_R": -6.0, "POB3": -6.0, "POB3_R": -6.0, "POB16": -6.0, "POB16_R": -6.0, "POB26": -6.0, "POB26_R": -6.0, "POB27": -6.0, "POB27_R": -6.0, "POB28": -6.0, "POB28_R": -6.0, "POB29": -6.0, "POB29_R": -6.0, "POB30": -6.0, "POB30_R": -6.0, "POB31": -6.0, "POB31_R": -6.0, "POB32": -6.0, "POB32_R": -6.0, "POB33": -6.0, "POB33_R": -6.0, "POB34": -6.0, "POB34_R": -6.0, "POB35": -6.0, "POB35_R": -6.0, "POB36": -6.0, "POB36_R": -6.0, "POB37": -6.0, "POB37_R": -6.0, "POB38": -6.0, "POB38_R": -6.0, "POB39": -6.0, "POB39_R": -6.0, "POB40": -6.0, "POB40_R": -6.0, "POB41": -6.0, "POB41_R": -6.0, "POB44": -6.0, "POB44_R": -6.0, "POB58": -6.0, "POB58_R": -6.0, "POB68": -6.0, "POB68_R": -6.0, "POB69": -6.0, "POB69_R": -6.0, "POB70": -6.0, "POB70_R": -6.0, "POB71": -6.0, "POB71_R": -6.0, "POB72": -6.0, "POB72_R": -6.0, "POB73": -6.0, "POB73_R": -6.0, "POB74": -6.0, "POB74_R": -6.0, "POB75": -6.0, "POB75_R": -6.0, "POB76": -6.0, "POB76_R": -6.0, "POB77": -6.0, "POB77_R": -6.0, "POB78": -6.0, "POB78_R": -6.0, "POB79": -6.0, "POB79_R": -6.0, "POB80": -6.0, "POB80_R": -6.0, "POB81": -6.0, "POB81_R": -6.0, "POB82": -6.0, "POB82_R": -6.0, "POB83": -6.0, "POB83_R": -6.0, "POB86": -6.0, "POB86_R": -6.0, "POB99": -6.0, "POB99_R": -6.0, "POB109": -6.0, "POB109_R": -6.0, "POB110": -6.0, "POB110_R": -6.0, "POB111": -6.0, "POB111_R": -6.0, "POB112": -6.0, "POB112_R": -6.0, "POB113": -6.0, "POB113_R": -6.0, "POB114": -6.0, "POB114_R": -6.0, "POB115": -6.0, "POB115_R": -6.0, "POB116": -6.0, "POB116_R": -6.0, "POB117": -6.0, "POB117_R": -6.0, "POB118": -6.0, "POB118_R": -6.0, "POB119": -6.0, "POB119_R": -6.0, "POB120": -6.0, "POB120_R": -6.0, "POB121": -6.0, "POB121_R": -6.0, "POB122": -6.0, "POB122_R": -6.0, "POB123": -6.0, "POB123_R": -6.0, "POB124": -6.0, "POB124_R": -6.0, "OID": 3778 }, "geometry": { "type": "Point", "coordinates": [ -103.4801767, 20.3082411 ] } }
]
}
