{
"type": "FeatureCollection",
"name": "RED_VIAL_JOCO",
"crs": { "type": "name", "properties": { "name": "urn:ogc:def:crs:OGC:1.3:CRS84" } },
"features": [
{ "type": "Feature", "properties": { "ID": 1693182, "TIPOVIA": "CARRETERA", "TIPO": "PAVIMENTADA", "NUMERO": "15", "DERE_TRAN": "LIBRE", "ADMINISTRA": "FEDERAL", "NUME_CARR": "2", "CONDICION": "EN OPERACION", "ORIGEN": "TOPO50K", "CALI_REPR": "DEFINIDA", "CVEGEO": "N/A", "NOMVIAL": "N/A", "SENTIDO": "N/A", "LONGITUD": 6277.11, "UNIDAD": "e14" }, "geometry": { "type": "LineString", "coordinates": [ [ -103.3713054, 20.2196223 ], [ -103.370971, 20.219565 ], [ -103.3705124, 20.2194975 ], [ -103.3703117, 20.2194685 ], [ -103.3691368, 20.2192498 ], [ -103.3673797, 20.2188903 ], [ -103.3672651, 20.2188621 ], [ -103.3670206, 20.2188078 ] ] } },
{ "type": "Feature", "properties": { "ID": 1693460, "TIPOVIA": "CALLE", "TIPO": "N/A", "NUMERO": "NINGUNO", "DERE_TRAN": "LIBRE", "ADMINISTRA": "FEDERAL", "NUME_CARR": "2", "CONDICION": "N/A", "ORIGEN": "TOPO50K", "CALI_REPR": "DEFINIDA", "CVEGEO": "N/A", "NOMVIAL": "N/A", "SENTIDO": "N/A", "LONGITUD": 65.66, "UNIDAD": "e14" }, "geometry": { "type": "LineString", "coordinates": [ [ -103.3791895, 20.3376926 ], [ -103.379813, 20.337599 ] ] } },
{ "type": "Feature", "properties": { "ID": 1693461, "TIPOVIA": "CALLE", "TIPO": "N/A", "NUMERO": "NINGUNO", "DERE_TRAN": "LIBRE", "ADMINISTRA": "FEDERAL", "NUME_CARR": "2", "CONDICION": "N/A", "ORIGEN": "TOPO50K", "CALI_REPR": "DEFINIDA", "CVEGEO": "N/A", "NOMVIAL": "N/A", "SENTIDO": "N/A", "LONGITUD": 49.45, "UNIDAD": "e14" }, "geometry": { "type": "LineString", "coordinates": [ [ -103.3817891, 20.3372921 ], [ -103.3822591, 20.3372242 ] ] } },
{ "type": "Feature", "properties": { "ID": 1693462, "TIPOVIA": "CALLE", "TIPO": "N/A", "NUMERO": "NINGUNO", "DERE_TRAN": "LIBRE", "ADMINISTRA": "FEDERAL", "NUME_CARR": "2", "CONDICION": "N/A", "ORIGEN": "TOPO50K", "CALI_REPR": "DEFINIDA", "CVEGEO": "N/A", "NOMVIAL": "N/A", "SENTIDO": "N/A", "LONGITUD": 57.64, "UNIDAD": "e14" }, "geometry": { "type": "LineString", "coordinates": [ [ -103.3763596, 20.3381271 ], [ -103.3769064, 20.3380418 ] ] } },
{ "type": "Feature", "properties": { "ID": 1693463, "TIPOVIA": "CALLE", "TIPO": "N/A", "NUMERO": "NINGUNO", "DERE_TRAN": "LIBRE", "ADMINISTRA": "FEDERAL", "NUME_CARR": "2", "CONDICION": "N/A", "ORIGEN": "TOPO50K", "CALI_REPR": "DEFINIDA", "CVEGEO": "N/A", "NOMVIAL": "N/A", "SENTIDO": "N/A", "LONGITUD": 76.8, "UNIDAD": "e14" }, "geometry": { "type": "LineString", "coordinates": [ [ -103.3756306, 20.3382377 ], [ -103.3763596, 20.3381271 ] ] } },
{ "type": "Feature", "properties": { "ID": 1693464, "TIPOVIA": "CALLE", "TIPO": "N/A", "NUMERO": "NINGUNO", "DERE_TRAN": "LIBRE", "ADMINISTRA": "FEDERAL", "NUME_CARR": "2", "CONDICION": "N/A", "ORIGEN": "TOPO50K", "CALI_REPR": "DEFINIDA", "CVEGEO": "N/A", "NOMVIAL": "N/A", "SENTIDO": "N/A", "LONGITUD": 57.64, "UNIDAD": "e14" }, "geometry": { "type": "LineString", "coordinates": [ [ -103.379813, 20.337599 ], [ -103.3803598, 20.3375138 ] ] } },
{ "type": "Feature", "properties": { "ID": 1693465, "TIPOVIA": "CALLE", "TIPO": "N/A", "NUMERO": "NINGUNO", "DERE_TRAN": "LIBRE", "ADMINISTRA": "FEDERAL", "NUME_CARR": "2", "CONDICION": "N/A", "ORIGEN": "TOPO50K", "CALI_REPR": "DEFINIDA", "CVEGEO": "N/A", "NOMVIAL": "N/A", "SENTIDO": "N/A", "LONGITUD": 7.25, "UNIDAD": "e14" }, "geometry": { "type": "LineString", "coordinates": [ [ -103.3822591, 20.3372242 ], [ -103.3823263, 20.3372068 ] ] } },
{ "type": "Feature", "properties": { "ID": 1693728, "TIPOVIA": "CALLE", "TIPO": "N/A", "NUMERO": "NINGUNO", "DERE_TRAN": "LIBRE", "ADMINISTRA": "FEDERAL", "NUME_CARR": "2", "CONDICION": "N/A", "ORIGEN": "TOPO50K", "CALI_REPR": "DEFINIDA", "CVEGEO": "N/A", "NOMVIAL": "N/A", "SENTIDO": "N/A", "LONGITUD": 54.53, "UNIDAD": "e14" }, "geometry": { "type": "LineString", "coordinates": [ [ -103.3751126, 20.3383142 ], [ -103.3756306, 20.3382377 ] ] } },
{ "type": "Feature", "properties": { "ID": 1693729, "TIPOVIA": "CALLE", "TIPO": "N/A", "NUMERO": "NINGUNO", "DERE_TRAN": "LIBRE", "ADMINISTRA": "FEDERAL", "NUME_CARR": "2", "CONDICION": "N/A", "ORIGEN": "TOPO50K", "CALI_REPR": "DEFINIDA", "CVEGEO": "N/A", "NOMVIAL": "N/A", "SENTIDO": "N/A", "LONGITUD": 48.64, "UNIDAD": "e14" }, "geometry": { "type": "LineString", "coordinates": [ [ -103.3803598, 20.3375138 ], [ -103.3808203, 20.3374367 ] ] } },
{ "type": "Feature", "properties": { "ID": 1693730, "TIPOVIA": "CALLE", "TIPO": "N/A", "NUMERO": "NINGUNO", "DERE_TRAN": "LIBRE", "ADMINISTRA": "FEDERAL", "NUME_CARR": "2", "CONDICION": "N/A", "ORIGEN": "TOPO50K", "CALI_REPR": "DEFINIDA", "CVEGEO": "N/A", "NOMVIAL": "N/A", "SENTIDO": "N/A", "LONGITUD": 81.56, "UNIDAD": "e14" }, "geometry": { "type": "LineString", "coordinates": [ [ -103.3733094, 20.3385684 ], [ -103.3740862, 20.3384673 ] ] } },
{ "type": "Feature", "properties": { "ID": 1693731, "TIPOVIA": "CALLE", "TIPO": "N/A", "NUMERO": "NINGUNO", "DERE_TRAN": "LIBRE", "ADMINISTRA": "FEDERAL", "NUME_CARR": "2", "CONDICION": "N/A", "ORIGEN": "TOPO50K", "CALI_REPR": "DEFINIDA", "CVEGEO": "N/A", "NOMVIAL": "N/A", "SENTIDO": "N/A", "LONGITUD": 83.84, "UNIDAD": "e14" }, "geometry": { "type": "LineString", "coordinates": [ [ -103.3777027, 20.3379137 ], [ -103.3784988, 20.3377946 ] ] } },
{ "type": "Feature", "properties": { "ID": 1693732, "TIPOVIA": "CALLE", "TIPO": "N/A", "NUMERO": "NINGUNO", "DERE_TRAN": "LIBRE", "ADMINISTRA": "FEDERAL", "NUME_CARR": "2", "CONDICION": "N/A", "ORIGEN": "TOPO50K", "CALI_REPR": "DEFINIDA", "CVEGEO": "N/A", "NOMVIAL": "N/A", "SENTIDO": "N/A", "LONGITUD": 108.08, "UNIDAD": "e14" }, "geometry": { "type": "LineString", "coordinates": [ [ -103.3740862, 20.3384673 ], [ -103.3741533, 20.3384588 ], [ -103.3751126, 20.3383142 ] ] } },
{ "type": "Feature", "properties": { "ID": 1693952, "TIPOVIA": "CARRETERA", "TIPO": "PAVIMENTADA", "NUMERO": "15", "DERE_TRAN": "LIBRE", "ADMINISTRA": "FEDERAL", "NUME_CARR": "2", "CONDICION": "EN OPERACION", "ORIGEN": "TOPO50K", "CALI_REPR": "DEFINIDA", "CVEGEO": "N/A", "NOMVIAL": "N/A", "SENTIDO": "N/A", "LONGITUD": 7557.3, "UNIDAD": "e14" }, "geometry": { "type": "LineString", "coordinates": [ [ -103.3738576, 20.2199169 ], [ -103.3739912, 20.2199453 ], [ -103.3758832, 20.2202248 ], [ -103.3792468, 20.2207166 ], [ -103.3796483, 20.2207655 ], [ -103.3804702, 20.2208724 ], [ -103.3818177, 20.2210565 ], [ -103.3831269, 20.2212402 ], [ -103.3841114, 20.2213667 ], [ -103.3848756, 20.2215002 ], [ -103.3853821, 20.2215771 ], [ -103.3860226, 20.2216463 ], [ -103.3863479, 20.2216492 ], [ -103.3868361, 20.2216357 ], [ -103.3879567, 20.2215556 ], [ -103.3886943, 20.2214901 ], [ -103.389691, 20.2213547 ], [ -103.3899401, 20.2213208 ], [ -103.3900937, 20.2212771 ], [ -103.3902958, 20.2211706 ], [ -103.3906426, 20.2209479 ], [ -103.3913172, 20.2204933 ], [ -103.3915672, 20.2203782 ], [ -103.3917494, 20.2203437 ], [ -103.3919026, 20.2203361 ], [ -103.3921609, 20.2203475 ], [ -103.3927539, 20.22038 ], [ -103.3935, 20.220423 ], [ -103.3948771, 20.2205169 ], [ -103.3951067, 20.220528 ], [ -103.3980051, 20.2206629 ], [ -103.3992102, 20.2207371 ], [ -103.3996789, 20.2207595 ], [ -103.4010754, 20.2208354 ], [ -103.4016109, 20.2208764 ], [ -103.4018882, 20.2209061 ], [ -103.4020984, 20.2209351 ], [ -103.4024516, 20.2210196 ], [ -103.4035969, 20.2213281 ], [ -103.4037593, 20.2213658 ], [ -103.4064893, 20.222059 ], [ -103.4080071, 20.2224432 ], [ -103.4088569, 20.2226406 ], [ -103.4097638, 20.2228657 ], [ -103.4102028, 20.2229871 ], [ -103.410365, 20.2230337 ], [ -103.410546, 20.2231167 ], [ -103.4106697, 20.22319 ], [ -103.4107931, 20.2232815 ], [ -103.4108973, 20.2233908 ], [ -103.4109917, 20.2235182 ], [ -103.4112936, 20.2239545 ], [ -103.4114634, 20.2241909 ], [ -103.4115766, 20.2243546 ], [ -103.4116806, 20.224482 ], [ -103.4118134, 20.2246006 ], [ -103.4119939, 20.2247287 ], [ -103.4120414, 20.2247653 ], [ -103.4122126, 20.2248662 ], [ -103.4126314, 20.2250958 ], [ -103.4128027, 20.2251877 ], [ -103.4129931, 20.2252978 ], [ -103.4136972, 20.2257017 ], [ -103.4137257, 20.22572 ], [ -103.4139065, 20.225821 ], [ -103.4144299, 20.2261148 ], [ -103.4150008, 20.2264452 ], [ -103.4151625, 20.2265461 ], [ -103.4153431, 20.2266651 ], [ -103.4153717, 20.2266835 ], [ -103.4155901, 20.226848 ], [ -103.4159411, 20.2271583 ], [ -103.4163962, 20.227587 ], [ -103.4164247, 20.2276054 ], [ -103.416529, 20.2277057 ], [ -103.4168798, 20.228025 ], [ -103.4175153, 20.2285999 ], [ -103.4179897, 20.2290017 ], [ -103.4190141, 20.2299233 ], [ -103.4190615, 20.2299689 ], [ -103.4193935, 20.230261 ], [ -103.4197439, 20.2306255 ], [ -103.4197723, 20.2306619 ], [ -103.4198764, 20.2307803 ], [ -103.4200367, 20.2310166 ], [ -103.4201404, 20.2311711 ], [ -103.4205833, 20.2318617 ], [ -103.4210731, 20.2326429 ], [ -103.4210919, 20.2326702 ], [ -103.4216852, 20.2336332 ], [ -103.4220713, 20.2342599 ], [ -103.4225229, 20.2350319 ], [ -103.4227772, 20.2354407 ], [ -103.4230879, 20.2359494 ], [ -103.4235399, 20.2366852 ], [ -103.4241419, 20.2377385 ], [ -103.424481, 20.2382836 ], [ -103.4249799, 20.2391102 ], [ -103.4261666, 20.2410269 ], [ -103.4270889, 20.242589 ], [ -103.4276913, 20.2436062 ], [ -103.4281724, 20.2443061 ], [ -103.4283511, 20.2446239 ], [ -103.4287276, 20.2452506 ], [ -103.4301967, 20.2476578 ], [ -103.4311758, 20.2492836 ] ] } },
{ "type": "Feature", "properties": { "ID": 1693953, "TIPOVIA": "CARRETERA", "TIPO": "PAVIMENTADA", "NUMERO": "15", "DERE_TRAN": "LIBRE", "ADMINISTRA": "FEDERAL", "NUME_CARR": "2", "CONDICION": "EN OPERACION", "ORIGEN": "TOPO50K", "CALI_REPR": "DEFINIDA", "CVEGEO": "N/A", "NOMVIAL": "N/A", "SENTIDO": "N/A", "LONGITUD": 267.75, "UNIDAD": "e14" }, "geometry": { "type": "LineString", "coordinates": [ [ -103.3713054, 20.2196223 ], [ -103.3713723, 20.2196319 ], [ -103.3726052, 20.2197879 ], [ -103.3730257, 20.219846 ], [ -103.3738097, 20.2199165 ], [ -103.3738576, 20.2199169 ] ] } },
{ "type": "Feature", "properties": { "ID": 1694093, "TIPOVIA": "CARRETERA", "TIPO": "PAVIMENTADA", "NUMERO": "NINGUNO", "DERE_TRAN": "LIBRE", "ADMINISTRA": "FEDERAL", "NUME_CARR": "2", "CONDICION": "EN OPERACION", "ORIGEN": "TOPO50K", "CALI_REPR": "DEFINIDA", "CVEGEO": "N/A", "NOMVIAL": "N/A", "SENTIDO": "N/A", "LONGITUD": 12089.11, "UNIDAD": "e14" }, "geometry": { "type": "LineString", "coordinates": [ [ -103.3823263, 20.3372068 ], [ -103.3827675, 20.3371476 ], [ -103.3833623, 20.3370538 ], [ -103.3845806, 20.3368663 ], [ -103.3853288, 20.3367467 ], [ -103.3856359, 20.3366954 ], [ -103.3858087, 20.3366518 ], [ -103.3859047, 20.3366256 ], [ -103.3860107, 20.3365723 ], [ -103.3861358, 20.3365103 ], [ -103.3863868, 20.3363229 ], [ -103.3865222, 20.3361887 ], [ -103.3865707, 20.3361349 ], [ -103.387154, 20.3353001 ], [ -103.3876302, 20.334627 ], [ -103.3880193, 20.3340525 ], [ -103.3882818, 20.3336755 ], [ -103.3891179, 20.3324727 ], [ -103.3894386, 20.3320239 ], [ -103.389584, 20.3318537 ], [ -103.3897096, 20.3317464 ], [ -103.3898256, 20.3316481 ], [ -103.3899028, 20.3315856 ], [ -103.3899897, 20.3315231 ], [ -103.3901051, 20.33147 ], [ -103.3902398, 20.331417 ], [ -103.3905663, 20.3313297 ], [ -103.3911708, 20.3312178 ], [ -103.3919, 20.331089 ], [ -103.3921879, 20.3310285 ], [ -103.3923511, 20.3309938 ], [ -103.3925336, 20.3309413 ], [ -103.3928605, 20.3308178 ], [ -103.3932071, 20.3306403 ], [ -103.3933324, 20.3305692 ], [ -103.3939888, 20.3300603 ], [ -103.3942109, 20.3298908 ], [ -103.3943359, 20.3298377 ], [ -103.394432, 20.3298115 ], [ -103.3945662, 20.3297947 ], [ -103.3946906, 20.3298048 ], [ -103.394815, 20.329815 ], [ -103.3949104, 20.329852 ], [ -103.3949961, 20.3298979 ], [ -103.3955274, 20.3303816 ], [ -103.3956131, 20.3304366 ], [ -103.3957085, 20.3304736 ], [ -103.3958232, 20.3304927 ], [ -103.3958998, 20.3304934 ], [ -103.3960151, 20.3304584 ], [ -103.3961497, 20.3304054 ], [ -103.396564, 20.3301653 ], [ -103.396699, 20.3300762 ], [ -103.3967855, 20.3300408 ], [ -103.3968816, 20.3300146 ], [ -103.3970062, 20.3299977 ], [ -103.3971117, 20.3299897 ], [ -103.3972265, 20.3299997 ], [ -103.397322, 20.3300277 ], [ -103.3974841, 20.3300924 ], [ -103.3984642, 20.3307067 ], [ -103.3997014, 20.3314678 ], [ -103.3999299, 20.3315963 ], [ -103.400073, 20.3316518 ], [ -103.4002355, 20.3316895 ], [ -103.40079, 20.3317758 ], [ -103.4009145, 20.331777 ], [ -103.4010487, 20.3317692 ], [ -103.4011159, 20.3317518 ], [ -103.4012215, 20.3317256 ], [ -103.4013372, 20.3316544 ], [ -103.4014145, 20.3315919 ], [ -103.4019764, 20.3309647 ], [ -103.4021992, 20.3307138 ], [ -103.4024411, 20.330472 ], [ -103.4025571, 20.3303737 ], [ -103.402673, 20.3302754 ], [ -103.4027886, 20.3302133 ], [ -103.4030101, 20.3300888 ], [ -103.4030967, 20.3300444 ], [ -103.40476, 20.3294182 ], [ -103.4066926, 20.328677 ], [ -103.4068273, 20.328615 ], [ -103.4068754, 20.3285974 ], [ -103.4070394, 20.3284814 ], [ -103.4073773, 20.3282135 ], [ -103.4074837, 20.3281061 ], [ -103.4076483, 20.3279359 ], [ -103.4077258, 20.3278463 ], [ -103.4078524, 20.3276397 ], [ -103.4080378, 20.3273071 ], [ -103.4083033, 20.326632 ], [ -103.4088436, 20.325309 ], [ -103.408883, 20.3252009 ], [ -103.4089132, 20.3250476 ], [ -103.4089236, 20.3249755 ], [ -103.4089062, 20.3248037 ], [ -103.4088882, 20.3246861 ], [ -103.4088416, 20.3245682 ], [ -103.4087667, 20.3243959 ], [ -103.408729, 20.3243323 ], [ -103.4086436, 20.3242593 ], [ -103.408254, 20.3239576 ], [ -103.4080926, 20.3238297 ], [ -103.4079976, 20.3237475 ], [ -103.4079408, 20.3236837 ], [ -103.4078937, 20.323611 ], [ -103.407781, 20.3233932 ], [ -103.4072081, 20.3222859 ], [ -103.4068703, 20.3216053 ], [ -103.4067669, 20.3214237 ], [ -103.4066533, 20.3212871 ], [ -103.4065586, 20.3211869 ], [ -103.4064732, 20.3211138 ], [ -103.4063115, 20.3210039 ], [ -103.4060261, 20.3208207 ], [ -103.4057119, 20.3206371 ], [ -103.4055503, 20.3205273 ], [ -103.4053982, 20.3204084 ], [ -103.4052846, 20.3202899 ], [ -103.4052185, 20.320199 ], [ -103.4051337, 20.3200537 ], [ -103.4050962, 20.3199811 ], [ -103.4049944, 20.3196369 ], [ -103.4049385, 20.3194828 ], [ -103.4049298, 20.3193924 ], [ -103.4049309, 20.319293 ], [ -103.4049413, 20.3192118 ], [ -103.4049706, 20.3191579 ], [ -103.4050286, 20.3190952 ], [ -103.405077, 20.3190504 ], [ -103.4051636, 20.3190151 ], [ -103.4052594, 20.3190069 ], [ -103.4053073, 20.3190074 ], [ -103.4053934, 20.3190172 ], [ -103.4054697, 20.319045 ], [ -103.4055269, 20.3190726 ], [ -103.4056126, 20.3191186 ], [ -103.4061165, 20.3194755 ], [ -103.4063545, 20.3196132 ], [ -103.406507, 20.3196778 ], [ -103.4066026, 20.3196967 ], [ -103.4066791, 20.3197064 ], [ -103.4067749, 20.3197073 ], [ -103.4069572, 20.3196728 ], [ -103.4076002, 20.3195342 ], [ -103.407821, 20.319482 ], [ -103.4079649, 20.3194562 ], [ -103.4080799, 20.3194482 ], [ -103.408214, 20.3194494 ], [ -103.4083385, 20.3194506 ], [ -103.4084534, 20.3194516 ], [ -103.4086254, 20.3194803 ], [ -103.4087591, 20.3195176 ], [ -103.4088736, 20.3195638 ], [ -103.4089976, 20.3196101 ], [ -103.40915, 20.3196928 ], [ -103.4092547, 20.319748 ], [ -103.4093497, 20.3198211 ], [ -103.4094162, 20.3198759 ], [ -103.409511, 20.3199761 ], [ -103.4095771, 20.3200671 ], [ -103.4097001, 20.3202127 ], [ -103.4098986, 20.3204675 ], [ -103.4099839, 20.3205496 ], [ -103.4100599, 20.3206135 ], [ -103.4104216, 20.3208336 ], [ -103.410879, 20.3210546 ], [ -103.4110413, 20.3211012 ], [ -103.4111846, 20.3211296 ], [ -103.4112804, 20.3211305 ], [ -103.4114527, 20.3211411 ], [ -103.4115772, 20.3211332 ], [ -103.411654, 20.3211158 ], [ -103.4117886, 20.3210628 ], [ -103.4119524, 20.320974 ], [ -103.412097, 20.3208759 ], [ -103.4122033, 20.3207865 ], [ -103.4123001, 20.320679 ], [ -103.4123875, 20.3205624 ], [ -103.4124367, 20.3204363 ], [ -103.4124665, 20.3203282 ], [ -103.4125169, 20.3200848 ], [ -103.4125375, 20.3199404 ], [ -103.412548, 20.3198502 ], [ -103.4125489, 20.3197598 ], [ -103.4125402, 20.3196784 ], [ -103.4124593, 20.3191538 ], [ -103.4124506, 20.3190724 ], [ -103.4124608, 20.3190092 ], [ -103.4124997, 20.3189463 ], [ -103.4125481, 20.3189016 ], [ -103.4126347, 20.3188573 ], [ -103.4127499, 20.3188312 ], [ -103.4128265, 20.3188319 ], [ -103.4128934, 20.3188506 ], [ -103.4129696, 20.3188874 ], [ -103.4130265, 20.3189421 ], [ -103.4131024, 20.3190151 ], [ -103.4137255, 20.3198879 ], [ -103.4140278, 20.3202972 ], [ -103.4141791, 20.3204883 ], [ -103.4142643, 20.3205794 ], [ -103.4143214, 20.320616 ], [ -103.4143881, 20.3206528 ], [ -103.4144263, 20.3206622 ], [ -103.4145505, 20.3206904 ], [ -103.4148851, 20.3207476 ], [ -103.4150284, 20.320776 ], [ -103.4150954, 20.3207857 ], [ -103.4152104, 20.3207777 ], [ -103.4152583, 20.3207691 ], [ -103.4153256, 20.3207426 ], [ -103.415374, 20.3206978 ], [ -103.415432, 20.3206442 ], [ -103.4154998, 20.3205635 ], [ -103.4155584, 20.3204556 ], [ -103.4155781, 20.3204016 ], [ -103.4156189, 20.3201581 ], [ -103.41565, 20.3199235 ], [ -103.4156803, 20.3197702 ], [ -103.4157296, 20.3196261 ], [ -103.4157693, 20.3194909 ], [ -103.4158673, 20.319275 ], [ -103.4159944, 20.3190232 ], [ -103.4160824, 20.3188433 ], [ -103.4162876, 20.3184387 ], [ -103.4170104, 20.317045 ], [ -103.4171181, 20.3168201 ], [ -103.4175266, 20.3162005 ], [ -103.4177012, 20.3159762 ], [ -103.4178172, 20.3158689 ], [ -103.4179518, 20.3158159 ], [ -103.4181629, 20.3157726 ], [ -103.4183641, 20.3157654 ], [ -103.4191201, 20.3158174 ], [ -103.421322, 20.3158825 ], [ -103.4225081, 20.3160106 ], [ -103.4227953, 20.3160223 ], [ -103.4229965, 20.316015 ], [ -103.4231787, 20.3159896 ], [ -103.4233517, 20.3159279 ], [ -103.4234768, 20.3158658 ], [ -103.4239691, 20.3154818 ], [ -103.425592, 20.3140871 ], [ -103.4264902, 20.3133273 ], [ -103.4271277, 20.312791 ], [ -103.4272531, 20.3126928 ], [ -103.4273683, 20.3126667 ], [ -103.4275024, 20.3126679 ], [ -103.4309594, 20.3126628 ], [ -103.4311029, 20.3126732 ], [ -103.4312556, 20.3127287 ], [ -103.431599, 20.3128583 ], [ -103.4318943, 20.3130145 ], [ -103.4321326, 20.3131251 ], [ -103.4323806, 20.3132176 ], [ -103.4325336, 20.3132461 ], [ -103.432658, 20.3132562 ], [ -103.432821, 20.3132306 ], [ -103.4330897, 20.3131788 ], [ -103.434683, 20.3128137 ], [ -103.4382916, 20.3120148 ], [ -103.4392898, 20.3117888 ], [ -103.4422363, 20.3111195 ], [ -103.4426871, 20.3110422 ], [ -103.4444425, 20.3107507 ], [ -103.4445671, 20.3107427 ], [ -103.4449311, 20.3107279 ], [ -103.4454768, 20.3107418 ], [ -103.4457161, 20.3107529 ], [ -103.4458695, 20.3107363 ], [ -103.4460617, 20.3106567 ], [ -103.4465424, 20.3104712 ], [ -103.4470424, 20.3102679 ], [ -103.4474271, 20.3100997 ], [ -103.4475617, 20.3100466 ], [ -103.4489945, 20.309445 ], [ -103.4506771, 20.3087553 ], [ -103.4519558, 20.3082427 ], [ -103.4520424, 20.3082073 ], [ -103.4543022, 20.3072516 ], [ -103.4545906, 20.3071367 ], [ -103.4557733, 20.3066503 ], [ -103.4563309, 20.3064203 ], [ -103.457004, 20.3061463 ], [ -103.4585136, 20.3055091 ], [ -103.4589175, 20.305341 ], [ -103.4594752, 20.305111 ], [ -103.460552, 20.3046688 ], [ -103.4627635, 20.3037488 ], [ -103.4652248, 20.3027405 ], [ -103.4683975, 20.3014403 ] ] } },
{ "type": "Feature", "properties": { "ID": 1694094, "TIPOVIA": "CARRETERA", "TIPO": "PAVIMENTADA", "NUMERO": "15", "DERE_TRAN": "LIBRE", "ADMINISTRA": "FEDERAL", "NUME_CARR": "2", "CONDICION": "EN OPERACION", "ORIGEN": "TOPO50K", "CALI_REPR": "DEFINIDA", "CVEGEO": "N/A", "NOMVIAL": "N/A", "SENTIDO": "N/A", "LONGITUD": 2967.36, "UNIDAD": "e14" }, "geometry": { "type": "LineString", "coordinates": [ [ -103.4907935, 20.3181008 ], [ -103.4897115, 20.3173537 ], [ -103.4885326, 20.3164672 ], [ -103.4869827, 20.3153336 ], [ -103.4849673, 20.3138075 ], [ -103.4827141, 20.3121348 ], [ -103.4806415, 20.31059 ], [ -103.4779513, 20.3085611 ], [ -103.475508, 20.3067511 ], [ -103.474101, 20.305709 ], [ -103.4728272, 20.3047583 ], [ -103.4715153, 20.3037803 ], [ -103.4697188, 20.3024275 ], [ -103.4688822, 20.3018149 ], [ -103.4683975, 20.3014403 ] ] } },
{ "type": "Feature", "properties": { "ID": 1694639, "TIPOVIA": "CARRETERA", "TIPO": "PAVIMENTADA", "NUMERO": "23", "DERE_TRAN": "LIBRE", "ADMINISTRA": "FEDERAL", "NUME_CARR": "2", "CONDICION": "EN OPERACION", "ORIGEN": "TOPO50K", "CALI_REPR": "DEFINIDA", "CVEGEO": "N/A", "NOMVIAL": "N/A", "SENTIDO": "N/A", "LONGITUD": 3074.06, "UNIDAD": "e14" }, "geometry": { "type": "LineString", "coordinates": [ [ -103.3227176, 20.2869315 ], [ -103.3223483, 20.2870297 ], [ -103.3218769, 20.287242 ], [ -103.3214241, 20.2875087 ], [ -103.3211063, 20.2876773 ], [ -103.3208465, 20.2878013 ], [ -103.3205484, 20.2879158 ], [ -103.3189927, 20.2883526 ], [ -103.3171965, 20.2888954 ], [ -103.3150162, 20.2895338 ], [ -103.3135275, 20.2899712 ], [ -103.3130952, 20.2901025 ], [ -103.3118178, 20.2904787 ], [ -103.31079, 20.2907849 ], [ -103.3106651, 20.2908198 ], [ -103.3084946, 20.2914402 ], [ -103.3075533, 20.2917202 ], [ -103.3069001, 20.2919217 ], [ -103.3049696, 20.2924721 ], [ -103.3032695, 20.2929795 ], [ -103.3021937, 20.2932943 ], [ -103.3015315, 20.2934865 ] ] } },
{ "type": "Feature", "properties": { "ID": 1694640, "TIPOVIA": "CARRETERA", "TIPO": "PAVIMENTADA", "NUMERO": "23", "DERE_TRAN": "LIBRE", "ADMINISTRA": "FEDERAL", "NUME_CARR": "2", "CONDICION": "EN OPERACION", "ORIGEN": "TOPO50K", "CALI_REPR": "DEFINIDA", "CVEGEO": "N/A", "NOMVIAL": "N/A", "SENTIDO": "N/A", "LONGITUD": 2206.69, "UNIDAD": "e14" }, "geometry": { "type": "MultiLineString", "coordinates": [ [ [ -103.3792714, 20.2937494 ], [ -103.3785957, 20.293567 ], [ -103.3784905, 20.293557 ], [ -103.3783089, 20.2935282 ], [ -103.3763203, 20.2932478 ], [ -103.3759648, 20.2931988 ] ], [ [ -103.3758206, 20.2931789 ], [ -103.3749148, 20.2930541 ], [ -103.3737963, 20.2928901 ], [ -103.372018, 20.2926387 ], [ -103.3699531, 20.2923304 ], [ -103.3656222, 20.2917209 ], [ -103.3628785, 20.2913249 ], [ -103.362802, 20.2913152 ], [ -103.3589779, 20.2907735 ], [ -103.3583202, 20.2906796 ] ] ] } },
{ "type": "Feature", "properties": { "ID": 1695223, "TIPOVIA": "CARRETERA", "TIPO": "PAVIMENTADA", "NUMERO": "15", "DERE_TRAN": "LIBRE", "ADMINISTRA": "FEDERAL", "NUME_CARR": "2", "CONDICION": "EN OPERACION", "ORIGEN": "TOPO50K", "CALI_REPR": "DEFINIDA", "CVEGEO": "N/A", "NOMVIAL": "N/A", "SENTIDO": "N/A", "LONGITUD": 2177.41, "UNIDAD": "e14" }, "geometry": { "type": "LineString", "coordinates": [ [ -103.5480621, 20.4030845 ], [ -103.5480098, 20.4028403 ], [ -103.5478996, 20.4023335 ], [ -103.5477877, 20.4020073 ], [ -103.5472715, 20.4008557 ], [ -103.5469706, 20.4002389 ], [ -103.5468576, 20.4000301 ], [ -103.546744, 20.3998847 ], [ -103.5464591, 20.3996113 ], [ -103.5462026, 20.3993742 ], [ -103.5459458, 20.3991733 ], [ -103.5458414, 20.3990641 ], [ -103.5456996, 20.3988551 ], [ -103.5455104, 20.3986006 ], [ -103.5453113, 20.398373 ], [ -103.545093, 20.3981544 ], [ -103.5447793, 20.3978898 ], [ -103.5443602, 20.3976243 ], [ -103.5440553, 20.3974411 ], [ -103.5431612, 20.396738 ], [ -103.5428282, 20.3964913 ], [ -103.542638, 20.3963361 ], [ -103.5423252, 20.3959812 ], [ -103.5420885, 20.3956811 ], [ -103.5419365, 20.3955353 ], [ -103.5416134, 20.3952525 ], [ -103.5411859, 20.3948605 ], [ -103.541015, 20.3946964 ], [ -103.5409204, 20.3945692 ], [ -103.5406176, 20.3941691 ], [ -103.5401254, 20.3935236 ], [ -103.5398412, 20.3931779 ], [ -103.539604, 20.392932 ], [ -103.5392142, 20.3926125 ], [ -103.5389191, 20.3924113 ], [ -103.5386521, 20.3922645 ], [ -103.5382892, 20.3921441 ], [ -103.5379356, 20.3920417 ], [ -103.5374385, 20.3919291 ], [ -103.5368741, 20.3918341 ], [ -103.5361186, 20.3916832 ], [ -103.5357838, 20.3916262 ], [ -103.5354872, 20.3915785 ], [ -103.534502, 20.3913986 ] ] } },
{ "type": "Feature", "properties": { "ID": 1695277, "TIPOVIA": "CARRETERA", "TIPO": "PAVIMENTADA", "NUMERO": "15", "DERE_TRAN": "LIBRE", "ADMINISTRA": "FEDERAL", "NUME_CARR": "2", "CONDICION": "EN OPERACION", "ORIGEN": "TOPO50K", "CALI_REPR": "DEFINIDA", "CVEGEO": "N/A", "NOMVIAL": "N/A", "SENTIDO": "N/A", "LONGITUD": 6218.12, "UNIDAD": "e14" }, "geometry": { "type": "LineString", "coordinates": [ [ -103.5332199, 20.3871598 ], [ -103.5332016, 20.3870784 ], [ -103.533183, 20.387015 ], [ -103.5330891, 20.3868155 ], [ -103.5326629, 20.3862879 ], [ -103.532153, 20.3854977 ], [ -103.5319929, 20.3852072 ], [ -103.531686, 20.384229 ], [ -103.531452, 20.3836398 ], [ -103.5310846, 20.3829863 ], [ -103.5308295, 20.3826047 ], [ -103.5307256, 20.3824412 ], [ -103.530603, 20.3822414 ], [ -103.5303201, 20.3817693 ], [ -103.5297536, 20.3808791 ], [ -103.5290459, 20.3797439 ], [ -103.5282343, 20.3784452 ], [ -103.5276399, 20.3774736 ], [ -103.5272056, 20.3768014 ], [ -103.5269226, 20.3763382 ], [ -103.5268001, 20.3761204 ], [ -103.5266963, 20.3759569 ], [ -103.5266306, 20.3758118 ], [ -103.5265462, 20.3756214 ], [ -103.5264621, 20.3754038 ], [ -103.5263786, 20.375114 ], [ -103.5263317, 20.3750053 ], [ -103.5260253, 20.3739818 ], [ -103.5257934, 20.3731758 ], [ -103.5253569, 20.3717267 ], [ -103.5252274, 20.3712468 ], [ -103.5250881, 20.3707758 ], [ -103.5246612, 20.3693358 ], [ -103.5243266, 20.3682579 ], [ -103.5242708, 20.3680768 ], [ -103.5237377, 20.3667082 ], [ -103.5233539, 20.3657744 ], [ -103.5228681, 20.3644784 ], [ -103.522344, 20.3631731 ], [ -103.5214653, 20.3608891 ], [ -103.5205959, 20.3586323 ], [ -103.5196044, 20.3561304 ], [ -103.5185565, 20.3535107 ], [ -103.5176877, 20.3511997 ], [ -103.5167612, 20.3489243 ], [ -103.5158916, 20.3467036 ], [ -103.5148721, 20.3441292 ], [ -103.5139007, 20.3415463 ], [ -103.5138164, 20.3413468 ], [ -103.5137413, 20.3411836 ], [ -103.5135905, 20.3409293 ], [ -103.51343, 20.340684 ], [ -103.512995, 20.3401022 ], [ -103.512389, 20.3393743 ], [ -103.5112812, 20.3380278 ], [ -103.5094823, 20.3358533 ] ] } },
{ "type": "Feature", "properties": { "ID": 1695283, "TIPOVIA": "CARRETERA", "TIPO": "PAVIMENTADA", "NUMERO": "NINGUNO", "DERE_TRAN": "LIBRE", "ADMINISTRA": "FEDERAL", "NUME_CARR": "2", "CONDICION": "EN OPERACION", "ORIGEN": "TOPO50K", "CALI_REPR": "DEFINIDA", "CVEGEO": "N/A", "NOMVIAL": "N/A", "SENTIDO": "N/A", "LONGITUD": 4511.69, "UNIDAD": "e14" }, "geometry": { "type": "LineString", "coordinates": [ [ -103.3304717, 20.3339277 ], [ -103.3307012, 20.333957 ], [ -103.3311218, 20.3340333 ], [ -103.3314276, 20.3340994 ], [ -103.3325361, 20.3343178 ], [ -103.3333297, 20.3344428 ], [ -103.3348396, 20.3347463 ], [ -103.3374391, 20.3352588 ], [ -103.3432115, 20.3364067 ], [ -103.3484296, 20.3374498 ], [ -103.3484679, 20.3374501 ], [ -103.3524054, 20.3382371 ], [ -103.3531414, 20.3383705 ], [ -103.3535333, 20.3384464 ], [ -103.3539065, 20.3384771 ], [ -103.3541935, 20.3385068 ], [ -103.355237, 20.3385438 ], [ -103.3586361, 20.3386299 ], [ -103.363155, 20.3387807 ], [ -103.3675784, 20.3389125 ], [ -103.3699434, 20.3389797 ], [ -103.3703265, 20.3389743 ], [ -103.3707866, 20.3389424 ], [ -103.3733094, 20.3385684 ] ] } },
{ "type": "Feature", "properties": { "ID": 1695340, "TIPOVIA": "CARRETERA", "TIPO": "PAVIMENTADA", "NUMERO": "15", "DERE_TRAN": "LIBRE", "ADMINISTRA": "FEDERAL", "NUME_CARR": "2", "CONDICION": "EN OPERACION", "ORIGEN": "TOPO50K", "CALI_REPR": "DEFINIDA", "CVEGEO": "N/A", "NOMVIAL": "N/A", "SENTIDO": "N/A", "LONGITUD": 77.93, "UNIDAD": "e14" }, "geometry": { "type": "LineString", "coordinates": [ [ -103.5330903, 20.3907363 ], [ -103.533176, 20.3907912 ], [ -103.5336904, 20.3911027 ], [ -103.533719, 20.391121 ] ] } },
{ "type": "Feature", "properties": { "ID": 1695341, "TIPOVIA": "CARRETERA", "TIPO": "PAVIMENTADA", "NUMERO": "15", "DERE_TRAN": "LIBRE", "ADMINISTRA": "FEDERAL", "NUME_CARR": "2", "CONDICION": "EN OPERACION", "ORIGEN": "TOPO50K", "CALI_REPR": "DEFINIDA", "CVEGEO": "N/A", "NOMVIAL": "N/A", "SENTIDO": "N/A", "LONGITUD": 17.04, "UNIDAD": "e14" }, "geometry": { "type": "LineString", "coordinates": [ [ -103.5323328, 20.3897813 ], [ -103.5323122, 20.3899347 ] ] } },
{ "type": "Feature", "properties": { "ID": 1695342, "TIPOVIA": "CARRETERA", "TIPO": "PAVIMENTADA", "NUMERO": "15", "DERE_TRAN": "LIBRE", "ADMINISTRA": "FEDERAL", "NUME_CARR": "2", "CONDICION": "EN OPERACION", "ORIGEN": "TOPO50K", "CALI_REPR": "DEFINIDA", "CVEGEO": "N/A", "NOMVIAL": "N/A", "SENTIDO": "N/A", "LONGITUD": 87.35, "UNIDAD": "e14" }, "geometry": { "type": "LineString", "coordinates": [ [ -103.533719, 20.391121 ], [ -103.5340434, 20.3912683 ], [ -103.5343872, 20.3913795 ], [ -103.534502, 20.3913986 ] ] } },
{ "type": "Feature", "properties": { "ID": 1695343, "TIPOVIA": "CARRETERA", "TIPO": "PAVIMENTADA", "NUMERO": "15", "DERE_TRAN": "LIBRE", "ADMINISTRA": "FEDERAL", "NUME_CARR": "2", "CONDICION": "EN OPERACION", "ORIGEN": "TOPO50K", "CALI_REPR": "DEFINIDA", "CVEGEO": "N/A", "NOMVIAL": "N/A", "SENTIDO": "N/A", "LONGITUD": 44.1, "UNIDAD": "e14" }, "geometry": { "type": "LineString", "coordinates": [ [ -103.532717, 20.3886733 ], [ -103.5325792, 20.3890516 ] ] } },
{ "type": "Feature", "properties": { "ID": 1695344, "TIPOVIA": "CARRETERA", "TIPO": "PAVIMENTADA", "NUMERO": "15", "DERE_TRAN": "LIBRE", "ADMINISTRA": "FEDERAL", "NUME_CARR": "2", "CONDICION": "EN OPERACION", "ORIGEN": "TOPO50K", "CALI_REPR": "DEFINIDA", "CVEGEO": "N/A", "NOMVIAL": "N/A", "SENTIDO": "N/A", "LONGITUD": 47.9, "UNIDAD": "e14" }, "geometry": { "type": "LineString", "coordinates": [ [ -103.5324709, 20.3893669 ], [ -103.5324414, 20.389448 ], [ -103.5323427, 20.3897453 ], [ -103.5323328, 20.3897813 ] ] } },
{ "type": "Feature", "properties": { "ID": 1695345, "TIPOVIA": "CARRETERA", "TIPO": "PAVIMENTADA", "NUMERO": "15", "DERE_TRAN": "LIBRE", "ADMINISTRA": "FEDERAL", "NUME_CARR": "2", "CONDICION": "EN OPERACION", "ORIGEN": "TOPO50K", "CALI_REPR": "DEFINIDA", "CVEGEO": "N/A", "NOMVIAL": "N/A", "SENTIDO": "N/A", "LONGITUD": 63.88, "UNIDAD": "e14" }, "geometry": { "type": "LineString", "coordinates": [ [ -103.5332199, 20.3871598 ], [ -103.5332189, 20.3872683 ], [ -103.5331985, 20.3874036 ], [ -103.5330805, 20.3877188 ] ] } },
{ "type": "Feature", "properties": { "ID": 1695346, "TIPOVIA": "CARRETERA", "TIPO": "PAVIMENTADA", "NUMERO": "15", "DERE_TRAN": "LIBRE", "ADMINISTRA": "FEDERAL", "NUME_CARR": "2", "CONDICION": "EN OPERACION", "ORIGEN": "TOPO50K", "CALI_REPR": "DEFINIDA", "CVEGEO": "N/A", "NOMVIAL": "N/A", "SENTIDO": "N/A", "LONGITUD": 36.54, "UNIDAD": "e14" }, "geometry": { "type": "LineString", "coordinates": [ [ -103.5325792, 20.3890516 ], [ -103.5324709, 20.3893669 ] ] } },
{ "type": "Feature", "properties": { "ID": 1695354, "TIPOVIA": "CARRETERA", "TIPO": "PAVIMENTADA", "NUMERO": "15", "DERE_TRAN": "LIBRE", "ADMINISTRA": "FEDERAL", "NUME_CARR": "2", "CONDICION": "EN OPERACION", "ORIGEN": "TOPO50K", "CALI_REPR": "DEFINIDA", "CVEGEO": "N/A", "NOMVIAL": "N/A", "SENTIDO": "N/A", "LONGITUD": 2986.65, "UNIDAD": "e14" }, "geometry": { "type": "LineString", "coordinates": [ [ -103.4683975, 20.3014403 ], [ -103.4682359, 20.3013215 ], [ -103.4678177, 20.3010016 ], [ -103.4670003, 20.3003892 ], [ -103.4651088, 20.2989633 ], [ -103.4645193, 20.2985426 ], [ -103.4642911, 20.298378 ], [ -103.4631982, 20.2975373 ], [ -103.4627515, 20.2972081 ], [ -103.4626279, 20.2971167 ], [ -103.4625709, 20.297071 ], [ -103.4624189, 20.2969432 ], [ -103.4621631, 20.2966699 ], [ -103.4620777, 20.2965879 ], [ -103.4618692, 20.2963693 ], [ -103.4610648, 20.2954136 ], [ -103.4610175, 20.295359 ], [ -103.460724, 20.2950222 ], [ -103.4596448, 20.293766 ], [ -103.4593034, 20.2934378 ], [ -103.4585814, 20.2928532 ], [ -103.4570907, 20.2915844 ], [ -103.4566728, 20.2912465 ], [ -103.4547068, 20.2896301 ], [ -103.4527222, 20.2879684 ], [ -103.4519436, 20.2873111 ], [ -103.4517444, 20.2871287 ], [ -103.4516213, 20.286983 ], [ -103.4514131, 20.2867463 ], [ -103.4512617, 20.2865553 ], [ -103.4511011, 20.286337 ], [ -103.4510164, 20.2861917 ], [ -103.4508188, 20.2858467 ], [ -103.4507061, 20.2856289 ], [ -103.4505656, 20.2853115 ], [ -103.449975, 20.2840505 ], [ -103.4493362, 20.2828163 ], [ -103.4488993, 20.2820468 ] ] } },
{ "type": "Feature", "properties": { "ID": 1695366, "TIPOVIA": "CARRETERA", "TIPO": "PAVIMENTADA", "NUMERO": "15", "DERE_TRAN": "LIBRE", "ADMINISTRA": "FEDERAL", "NUME_CARR": "2", "CONDICION": "EN OPERACION", "ORIGEN": "TOPO50K", "CALI_REPR": "DEFINIDA", "CVEGEO": "N/A", "NOMVIAL": "N/A", "SENTIDO": "N/A", "LONGITUD": 3229.85, "UNIDAD": "e14" }, "geometry": { "type": "LineString", "coordinates": [ [ -103.4457395, 20.2751023 ], [ -103.445192, 20.2740257 ], [ -103.4444421, 20.2724201 ], [ -103.4440862, 20.2716309 ], [ -103.4437203, 20.2708779 ], [ -103.4434477, 20.2703696 ], [ -103.44294, 20.2694436 ], [ -103.4426035, 20.2686276 ], [ -103.4424347, 20.2682738 ], [ -103.4421629, 20.2676932 ], [ -103.4416003, 20.2665138 ], [ -103.4414222, 20.2661328 ], [ -103.4413005, 20.2658607 ], [ -103.440359, 20.2642714 ], [ -103.440293, 20.2641714 ], [ -103.4398597, 20.2634629 ], [ -103.4393795, 20.2626637 ], [ -103.4390499, 20.2621187 ], [ -103.4375612, 20.2597386 ], [ -103.4371937, 20.2591481 ], [ -103.4363654, 20.2577404 ], [ -103.4361584, 20.2573863 ], [ -103.4357812, 20.2568138 ], [ -103.4346047, 20.2548158 ], [ -103.4340204, 20.2538982 ], [ -103.4337471, 20.2534621 ], [ -103.4334551, 20.2529988 ], [ -103.4323441, 20.251146 ], [ -103.4316664, 20.2500017 ], [ -103.4311758, 20.2492836 ] ] } },
{ "type": "Feature", "properties": { "ID": 1696017, "TIPOVIA": "CARRETERA", "TIPO": "PAVIMENTADA", "NUMERO": "NINGUNO", "DERE_TRAN": "LIBRE", "ADMINISTRA": "MUNICIPAL", "NUME_CARR": "2", "CONDICION": "EN OPERACION", "ORIGEN": "TOPO50K", "CALI_REPR": "DEFINIDA", "CVEGEO": "N/A", "NOMVIAL": "N/A", "SENTIDO": "N/A", "LONGITUD": 438.29, "UNIDAD": "e14" }, "geometry": { "type": "LineString", "coordinates": [ [ -103.3706425, 20.2235458 ], [ -103.3706632, 20.2233924 ], [ -103.3707642, 20.2228784 ], [ -103.3709875, 20.2216609 ], [ -103.3711498, 20.2207772 ], [ -103.3713054, 20.2196223 ] ] } },
{ "type": "Feature", "properties": { "ID": 1696261, "TIPOVIA": "CALLE", "TIPO": "N/A", "NUMERO": "NINGUNO", "DERE_TRAN": "LIBRE", "ADMINISTRA": "FEDERAL", "NUME_CARR": "2", "CONDICION": "N/A", "ORIGEN": "TOPO50K", "CALI_REPR": "DEFINIDA", "CVEGEO": "N/A", "NOMVIAL": "N/A", "SENTIDO": "N/A", "LONGITUD": 51.42, "UNIDAD": "e14" }, "geometry": { "type": "LineString", "coordinates": [ [ -103.3808203, 20.3374367 ], [ -103.3813095, 20.337369 ] ] } },
{ "type": "Feature", "properties": { "ID": 1696262, "TIPOVIA": "CALLE", "TIPO": "N/A", "NUMERO": "NINGUNO", "DERE_TRAN": "LIBRE", "ADMINISTRA": "FEDERAL", "NUME_CARR": "2", "CONDICION": "N/A", "ORIGEN": "TOPO50K", "CALI_REPR": "DEFINIDA", "CVEGEO": "N/A", "NOMVIAL": "N/A", "SENTIDO": "N/A", "LONGITUD": 84.02, "UNIDAD": "e14" }, "geometry": { "type": "LineString", "coordinates": [ [ -103.3769064, 20.3380418 ], [ -103.3777027, 20.3379137 ] ] } },
{ "type": "Feature", "properties": { "ID": 1696263, "TIPOVIA": "CALLE", "TIPO": "N/A", "NUMERO": "NINGUNO", "DERE_TRAN": "LIBRE", "ADMINISTRA": "FEDERAL", "NUME_CARR": "2", "CONDICION": "N/A", "ORIGEN": "TOPO50K", "CALI_REPR": "DEFINIDA", "CVEGEO": "N/A", "NOMVIAL": "N/A", "SENTIDO": "N/A", "LONGITUD": 50.6, "UNIDAD": "e14" }, "geometry": { "type": "LineString", "coordinates": [ [ -103.3813095, 20.337369 ], [ -103.3817891, 20.3372921 ] ] } },
{ "type": "Feature", "properties": { "ID": 1696264, "TIPOVIA": "CALLE", "TIPO": "N/A", "NUMERO": "NINGUNO", "DERE_TRAN": "LIBRE", "ADMINISTRA": "FEDERAL", "NUME_CARR": "2", "CONDICION": "N/A", "ORIGEN": "TOPO50K", "CALI_REPR": "DEFINIDA", "CVEGEO": "N/A", "NOMVIAL": "N/A", "SENTIDO": "N/A", "LONGITUD": 72.71, "UNIDAD": "e14" }, "geometry": { "type": "LineString", "coordinates": [ [ -103.3784988, 20.3377946 ], [ -103.3791895, 20.3376926 ] ] } },
{ "type": "Feature", "properties": { "ID": 1696265, "TIPOVIA": "CARRETERA", "TIPO": "PAVIMENTADA", "NUMERO": "NINGUNO", "DERE_TRAN": "LIBRE", "ADMINISTRA": "ESTATAL", "NUME_CARR": "2", "CONDICION": "EN OPERACION", "ORIGEN": "TOPO50K", "CALI_REPR": "DEFINIDA", "CVEGEO": "N/A", "NOMVIAL": "N/A", "SENTIDO": "N/A", "LONGITUD": 2594.77, "UNIDAD": "e14" }, "geometry": { "type": "LineString", "coordinates": [ [ -103.5094673, 20.3358303 ], [ -103.5093815, 20.3359029 ], [ -103.5092922, 20.3359686 ], [ -103.5069936, 20.3376224 ], [ -103.5026875, 20.3406535 ], [ -103.4961511, 20.3454324 ], [ -103.4938916, 20.3471015 ], [ -103.490902, 20.3492729 ], [ -103.4906514, 20.3494923 ], [ -103.4905261, 20.3496566 ], [ -103.4904798, 20.3497451 ], [ -103.4903985, 20.3500124 ], [ -103.4903103, 20.350558 ] ] } },
{ "type": "Feature", "properties": { "ID": 1696266, "TIPOVIA": "CARRETERA", "TIPO": "PAVIMENTADA", "NUMERO": "15", "DERE_TRAN": "LIBRE", "ADMINISTRA": "FEDERAL", "NUME_CARR": "2", "CONDICION": "EN OPERACION", "ORIGEN": "TOPO50K", "CALI_REPR": "DEFINIDA", "CVEGEO": "N/A", "NOMVIAL": "N/A", "SENTIDO": "N/A", "LONGITUD": 2.97, "UNIDAD": "e14" }, "geometry": { "type": "LineString", "coordinates": [ [ -103.5094823, 20.3358533 ], [ -103.5094673, 20.3358303 ] ] } },
{ "type": "Feature", "properties": { "ID": 1696267, "TIPOVIA": "CARRETERA", "TIPO": "PAVIMENTADA", "NUMERO": "15", "DERE_TRAN": "LIBRE", "ADMINISTRA": "FEDERAL", "NUME_CARR": "2", "CONDICION": "EN OPERACION", "ORIGEN": "TOPO50K", "CALI_REPR": "DEFINIDA", "CVEGEO": "N/A", "NOMVIAL": "N/A", "SENTIDO": "N/A", "LONGITUD": 2004.46, "UNIDAD": "e14" }, "geometry": { "type": "LineString", "coordinates": [ [ -103.5094673, 20.3358303 ], [ -103.5094351, 20.3357807 ], [ -103.5077026, 20.33367 ], [ -103.5057998, 20.3313501 ], [ -103.5044558, 20.3296853 ], [ -103.5041526, 20.3293485 ], [ -103.5039161, 20.3290393 ], [ -103.5034807, 20.3285026 ], [ -103.5021652, 20.3268742 ], [ -103.5019852, 20.3266649 ], [ -103.5019096, 20.3265649 ], [ -103.5017388, 20.3264008 ], [ -103.5015679, 20.3262458 ], [ -103.5013686, 20.3260543 ], [ -103.5007508, 20.3255612 ], [ -103.4991912, 20.3244186 ], [ -103.4969092, 20.3227096 ], [ -103.4965524, 20.3225162 ] ] } },
{ "type": "Feature", "properties": { "ID": 1696268, "TIPOVIA": "CARRETERA", "TIPO": "PAVIMENTADA", "NUMERO": "15", "DERE_TRAN": "LIBRE", "ADMINISTRA": "FEDERAL", "NUME_CARR": "2", "CONDICION": "EN OPERACION", "ORIGEN": "TOPO50K", "CALI_REPR": "DEFINIDA", "CVEGEO": "N/A", "NOMVIAL": "N/A", "SENTIDO": "N/A", "LONGITUD": 89.79, "UNIDAD": "e14" }, "geometry": { "type": "LineString", "coordinates": [ [ -103.5330116, 20.3879079 ], [ -103.5328644, 20.3882861 ], [ -103.532717, 20.3886733 ] ] } },
{ "type": "Feature", "properties": { "ID": 1696269, "TIPOVIA": "CARRETERA", "TIPO": "PAVIMENTADA", "NUMERO": "15", "DERE_TRAN": "LIBRE", "ADMINISTRA": "FEDERAL", "NUME_CARR": "2", "CONDICION": "EN OPERACION", "ORIGEN": "TOPO50K", "CALI_REPR": "DEFINIDA", "CVEGEO": "N/A", "NOMVIAL": "N/A", "SENTIDO": "N/A", "LONGITUD": 126.23, "UNIDAD": "e14" }, "geometry": { "type": "LineString", "coordinates": [ [ -103.5323122, 20.3899347 ], [ -103.5323388, 20.3901608 ], [ -103.5325096, 20.3903429 ], [ -103.5330903, 20.3907363 ] ] } },
{ "type": "Feature", "properties": { "ID": 1696270, "TIPOVIA": "CARRETERA", "TIPO": "PAVIMENTADA", "NUMERO": "15", "DERE_TRAN": "LIBRE", "ADMINISTRA": "FEDERAL", "NUME_CARR": "2", "CONDICION": "EN OPERACION", "ORIGEN": "TOPO50K", "CALI_REPR": "DEFINIDA", "CVEGEO": "N/A", "NOMVIAL": "N/A", "SENTIDO": "N/A", "LONGITUD": 22.05, "UNIDAD": "e14" }, "geometry": { "type": "LineString", "coordinates": [ [ -103.5330805, 20.3877188 ], [ -103.5330116, 20.3879079 ] ] } },
{ "type": "Feature", "properties": { "ID": 1727377, "TIPOVIA": "OTRO", "TIPO": "N/A", "NUMERO": "N/A", "DERE_TRAN": "N/A", "ADMINISTRA": "N/A", "NUME_CARR": "N/A", "CONDICION": "N/A", "ORIGEN": "BCU", "CALI_REPR": "N/A", "CVEGEO": "140500001", "NOMVIAL": "LÍMITE PREDIAL", "SENTIDO": "N/A", "LONGITUD": 263.61, "UNIDAD": "e14" }, "geometry": { "type": "LineString", "coordinates": [ [ -103.4348637, 20.2777581 ], [ -103.4344805, 20.2776829 ], [ -103.4344394, 20.277967 ], [ -103.4332314, 20.2778099 ], [ -103.4332713, 20.2783924 ] ] } },
{ "type": "Feature", "properties": { "ID": 1727381, "TIPOVIA": "CALLE", "TIPO": "N/A", "NUMERO": "N/A", "DERE_TRAN": "N/A", "ADMINISTRA": "N/A", "NUME_CARR": "N/A", "CONDICION": "N/A", "ORIGEN": "BCU", "CALI_REPR": "N/A", "CVEGEO": "140500001", "NOMVIAL": "PRIMERO DE MAYO", "SENTIDO": "UN SENTIDO", "LONGITUD": 73.68, "UNIDAD": "e14" }, "geometry": { "type": "LineString", "coordinates": [ [ -103.4347452, 20.2784168 ], [ -103.4348637, 20.2777581 ] ] } },
{ "type": "Feature", "properties": { "ID": 1727384, "TIPOVIA": "PRIVADA", "TIPO": "N/A", "NUMERO": "N/A", "DERE_TRAN": "N/A", "ADMINISTRA": "N/A", "NUME_CARR": "N/A", "CONDICION": "N/A", "ORIGEN": "BCU", "CALI_REPR": "N/A", "CVEGEO": "140500001", "NOMVIAL": "SAN MIGUEL", "SENTIDO": "UN SENTIDO", "LONGITUD": 32.58, "UNIDAD": "e14" }, "geometry": { "type": "LineString", "coordinates": [ [ -103.436362, 20.27844 ], [ -103.4364371, 20.2781532 ] ] } },
{ "type": "Feature", "properties": { "ID": 1727385, "TIPOVIA": "CALLE", "TIPO": "N/A", "NUMERO": "N/A", "DERE_TRAN": "N/A", "ADMINISTRA": "N/A", "NUME_CARR": "N/A", "CONDICION": "N/A", "ORIGEN": "BCU", "CALI_REPR": "N/A", "CVEGEO": "140500001", "NOMVIAL": "FRANCISCO VILLA", "SENTIDO": "UN SENTIDO", "LONGITUD": 70.52, "UNIDAD": "e14" }, "geometry": { "type": "LineString", "coordinates": [ [ -103.4350739, 20.2784741 ], [ -103.4352226, 20.2778502 ] ] } },
{ "type": "Feature", "properties": { "ID": 1727386, "TIPOVIA": "CALLE", "TIPO": "N/A", "NUMERO": "N/A", "DERE_TRAN": "N/A", "ADMINISTRA": "N/A", "NUME_CARR": "N/A", "CONDICION": "N/A", "ORIGEN": "BCU", "CALI_REPR": "N/A", "CVEGEO": "140500001", "NOMVIAL": "NINGUNO", "SENTIDO": "UN SENTIDO", "LONGITUD": 34.77, "UNIDAD": "e14" }, "geometry": { "type": "LineString", "coordinates": [ [ -103.4350739, 20.2784741 ], [ -103.4347452, 20.2784168 ] ] } },
{ "type": "Feature", "properties": { "ID": 1727387, "TIPOVIA": "PRIVADA", "TIPO": "N/A", "NUMERO": "N/A", "DERE_TRAN": "N/A", "ADMINISTRA": "N/A", "NUME_CARR": "N/A", "CONDICION": "N/A", "ORIGEN": "BCU", "CALI_REPR": "N/A", "CVEGEO": "140500001", "NOMVIAL": "FRANCISCO VILLA", "SENTIDO": "UN SENTIDO", "LONGITUD": 22.67, "UNIDAD": "e14" }, "geometry": { "type": "LineString", "coordinates": [ [ -103.4354055, 20.2783461 ], [ -103.4352544, 20.2784942 ] ] } },
{ "type": "Feature", "properties": { "ID": 1727388, "TIPOVIA": "CALLE", "TIPO": "N/A", "NUMERO": "N/A", "DERE_TRAN": "N/A", "ADMINISTRA": "N/A", "NUME_CARR": "N/A", "CONDICION": "N/A", "ORIGEN": "BCU", "CALI_REPR": "N/A", "CVEGEO": "140500001", "NOMVIAL": "NINGUNO", "SENTIDO": "UN SENTIDO", "LONGITUD": 18.91, "UNIDAD": "e14" }, "geometry": { "type": "LineString", "coordinates": [ [ -103.4352544, 20.2784942 ], [ -103.4350739, 20.2784741 ] ] } },
{ "type": "Feature", "properties": { "ID": 1727399, "TIPOVIA": "CALLE", "TIPO": "N/A", "NUMERO": "N/A", "DERE_TRAN": "N/A", "ADMINISTRA": "N/A", "NUME_CARR": "N/A", "CONDICION": "N/A", "ORIGEN": "BCU", "CALI_REPR": "N/A", "CVEGEO": "140500001", "NOMVIAL": "NINGUNO", "SENTIDO": "UN SENTIDO", "LONGITUD": 453.92, "UNIDAD": "e14" }, "geometry": { "type": "LineString", "coordinates": [ [ -103.4360749, 20.2770366 ], [ -103.436846, 20.2772138 ], [ -103.4367372, 20.2777086 ], [ -103.4371956, 20.277777 ], [ -103.439149, 20.2779703 ], [ -103.4391062, 20.2785394 ] ] } },
{ "type": "Feature", "properties": { "ID": 1727400, "TIPOVIA": "CALLE", "TIPO": "N/A", "NUMERO": "N/A", "DERE_TRAN": "N/A", "ADMINISTRA": "N/A", "NUME_CARR": "N/A", "CONDICION": "N/A", "ORIGEN": "BCU", "CALI_REPR": "N/A", "CVEGEO": "140500001", "NOMVIAL": "CHAPULTEPEC PONIENTE", "SENTIDO": "UN SENTIDO", "LONGITUD": 281.79, "UNIDAD": "e14" }, "geometry": { "type": "LineString", "coordinates": [ [ -103.4364371, 20.2781532 ], [ -103.4374118, 20.2783883 ], [ -103.4391062, 20.2785394 ] ] } },
{ "type": "Feature", "properties": { "ID": 1727407, "TIPOVIA": "CALLE", "TIPO": "N/A", "NUMERO": "N/A", "DERE_TRAN": "N/A", "ADMINISTRA": "N/A", "NUME_CARR": "N/A", "CONDICION": "N/A", "ORIGEN": "BCU", "CALI_REPR": "N/A", "CVEGEO": "140500001", "NOMVIAL": "PRIMERO DE MAYO", "SENTIDO": "UN SENTIDO", "LONGITUD": 24.32, "UNIDAD": "e14" }, "geometry": { "type": "LineString", "coordinates": [ [ -103.4347033, 20.2786338 ], [ -103.4347452, 20.2784168 ] ] } },
{ "type": "Feature", "properties": { "ID": 1727408, "TIPOVIA": "CALLE", "TIPO": "N/A", "NUMERO": "N/A", "DERE_TRAN": "N/A", "ADMINISTRA": "N/A", "NUME_CARR": "N/A", "CONDICION": "N/A", "ORIGEN": "BCU", "CALI_REPR": "N/A", "CVEGEO": "140500001", "NOMVIAL": "14 DE FEBRERO", "SENTIDO": "UN SENTIDO", "LONGITUD": 151.36, "UNIDAD": "e14" }, "geometry": { "type": "LineString", "coordinates": [ [ -103.4347033, 20.2786338 ], [ -103.4332713, 20.2783924 ] ] } },
{ "type": "Feature", "properties": { "ID": 1727409, "TIPOVIA": "CALLE", "TIPO": "N/A", "NUMERO": "N/A", "DERE_TRAN": "N/A", "ADMINISTRA": "N/A", "NUME_CARR": "N/A", "CONDICION": "N/A", "ORIGEN": "BCU", "CALI_REPR": "N/A", "CVEGEO": "140500001", "NOMVIAL": "CHAPULTEPEC PONIENTE", "SENTIDO": "UN SENTIDO", "LONGITUD": 105.06, "UNIDAD": "e14" }, "geometry": { "type": "LineString", "coordinates": [ [ -103.4391062, 20.2785394 ], [ -103.4401136, 20.2786028 ] ] } },
{ "type": "Feature", "properties": { "ID": 1727411, "TIPOVIA": "OTRO", "TIPO": "N/A", "NUMERO": "N/A", "DERE_TRAN": "N/A", "ADMINISTRA": "N/A", "NUME_CARR": "N/A", "CONDICION": "N/A", "ORIGEN": "BCU", "CALI_REPR": "N/A", "CVEGEO": "140500011", "NOMVIAL": "LÍMITE PREDIAL", "SENTIDO": "N/A", "LONGITUD": 156.52, "UNIDAD": "e14" }, "geometry": { "type": "LineString", "coordinates": [ [ -103.3395256, 20.2834106 ], [ -103.3390846, 20.2832672 ], [ -103.3383349, 20.2831191 ] ] } },
{ "type": "Feature", "properties": { "ID": 1727413, "TIPOVIA": "OTRO", "TIPO": "N/A", "NUMERO": "N/A", "DERE_TRAN": "N/A", "ADMINISTRA": "N/A", "NUME_CARR": "N/A", "CONDICION": "N/A", "ORIGEN": "BCU", "CALI_REPR": "N/A", "CVEGEO": "140500011", "NOMVIAL": "LÍMITE PREDIAL", "SENTIDO": "N/A", "LONGITUD": 25.94, "UNIDAD": "e14" }, "geometry": { "type": "LineString", "coordinates": [ [ -103.3397708, 20.2834533 ], [ -103.3395256, 20.2834106 ] ] } },
{ "type": "Feature", "properties": { "ID": 1727418, "TIPOVIA": "CALLE", "TIPO": "N/A", "NUMERO": "N/A", "DERE_TRAN": "N/A", "ADMINISTRA": "N/A", "NUME_CARR": "N/A", "CONDICION": "N/A", "ORIGEN": "BCU", "CALI_REPR": "N/A", "CVEGEO": "140500001", "NOMVIAL": "NINGUNO", "SENTIDO": "UN SENTIDO", "LONGITUD": 817.75, "UNIDAD": "e14" }, "geometry": { "type": "LineString", "coordinates": [ [ -103.4488993, 20.2820468 ], [ -103.4466515, 20.2818032 ], [ -103.4465383, 20.2825144 ], [ -103.4443174, 20.2821297 ], [ -103.4441163, 20.2819539 ], [ -103.4430173, 20.2817088 ], [ -103.4418599, 20.2815314 ] ] } },
{ "type": "Feature", "properties": { "ID": 1727419, "TIPOVIA": "CALLE", "TIPO": "N/A", "NUMERO": "N/A", "DERE_TRAN": "N/A", "ADMINISTRA": "N/A", "NUME_CARR": "N/A", "CONDICION": "N/A", "ORIGEN": "BCU", "CALI_REPR": "N/A", "CVEGEO": "140500001", "NOMVIAL": "PASEO DE LAS VIOLETAS", "SENTIDO": "UN SENTIDO", "LONGITUD": 54.58, "UNIDAD": "e14" }, "geometry": { "type": "LineString", "coordinates": [ [ -103.4407938, 20.2825815 ], [ -103.440928, 20.282103 ] ] } },
{ "type": "Feature", "properties": { "ID": 1727423, "TIPOVIA": "CALLE", "TIPO": "N/A", "NUMERO": "N/A", "DERE_TRAN": "N/A", "ADMINISTRA": "N/A", "NUME_CARR": "N/A", "CONDICION": "N/A", "ORIGEN": "BCU", "CALI_REPR": "N/A", "CVEGEO": "140500001", "NOMVIAL": "HIDALGO SUR", "SENTIDO": "UN SENTIDO", "LONGITUD": 248.05, "UNIDAD": "e14" }, "geometry": { "type": "LineString", "coordinates": [ [ -103.4308746, 20.2827817 ], [ -103.4312993, 20.2805684 ] ] } },
{ "type": "Feature", "properties": { "ID": 1727424, "TIPOVIA": "CALLE", "TIPO": "N/A", "NUMERO": "N/A", "DERE_TRAN": "N/A", "ADMINISTRA": "N/A", "NUME_CARR": "N/A", "CONDICION": "N/A", "ORIGEN": "BCU", "CALI_REPR": "N/A", "CVEGEO": "140500001", "NOMVIAL": "VICENTE GUERRERO ORIENTE", "SENTIDO": "UN SENTIDO", "LONGITUD": 144.22, "UNIDAD": "e14" }, "geometry": { "type": "LineString", "coordinates": [ [ -103.4295063, 20.2825729 ], [ -103.4308746, 20.2827817 ] ] } },
{ "type": "Feature", "properties": { "ID": 1727425, "TIPOVIA": "CALLE", "TIPO": "N/A", "NUMERO": "N/A", "DERE_TRAN": "N/A", "ADMINISTRA": "N/A", "NUME_CARR": "N/A", "CONDICION": "N/A", "ORIGEN": "BCU", "CALI_REPR": "N/A", "CVEGEO": "140500001", "NOMVIAL": "GONZÁLEZ ORTEGA SUR", "SENTIDO": "UN SENTIDO", "LONGITUD": 109.97, "UNIDAD": "e14" }, "geometry": { "type": "LineString", "coordinates": [ [ -103.4245003, 20.281863 ], [ -103.4243299, 20.2828472 ] ] } },
{ "type": "Feature", "properties": { "ID": 1727426, "TIPOVIA": "PRIVADA", "TIPO": "N/A", "NUMERO": "N/A", "DERE_TRAN": "N/A", "ADMINISTRA": "N/A", "NUME_CARR": "N/A", "CONDICION": "N/A", "ORIGEN": "BCU", "CALI_REPR": "N/A", "CVEGEO": "140500001", "NOMVIAL": "JUÁREZ ORIENTE", "SENTIDO": "UN SENTIDO", "LONGITUD": 231.85, "UNIDAD": "e14" }, "geometry": { "type": "LineString", "coordinates": [ [ -103.4221366, 20.2824765 ], [ -103.4243299, 20.2828472 ] ] } },
{ "type": "Feature", "properties": { "ID": 1727428, "TIPOVIA": "CALLE", "TIPO": "N/A", "NUMERO": "N/A", "DERE_TRAN": "N/A", "ADMINISTRA": "N/A", "NUME_CARR": "N/A", "CONDICION": "N/A", "ORIGEN": "BCU", "CALI_REPR": "N/A", "CVEGEO": "140500001", "NOMVIAL": "CRISTÓBAL COLÓN", "SENTIDO": "UN SENTIDO", "LONGITUD": 135.11, "UNIDAD": "e14" }, "geometry": { "type": "LineString", "coordinates": [ [ -103.419638, 20.28294 ], [ -103.4200285, 20.2817715 ] ] } },
{ "type": "Feature", "properties": { "ID": 1727429, "TIPOVIA": "CALLE", "TIPO": "N/A", "NUMERO": "N/A", "DERE_TRAN": "N/A", "ADMINISTRA": "N/A", "NUME_CARR": "N/A", "CONDICION": "N/A", "ORIGEN": "BCU", "CALI_REPR": "N/A", "CVEGEO": "140500001", "NOMVIAL": "JOSÉ SANTANA ORIENTE", "SENTIDO": "UN SENTIDO", "LONGITUD": 194.32, "UNIDAD": "e14" }, "geometry": { "type": "LineString", "coordinates": [ [ -103.419638, 20.28294 ], [ -103.4185753, 20.2827439 ], [ -103.4178148, 20.2825617 ] ] } },
{ "type": "Feature", "properties": { "ID": 1727433, "TIPOVIA": "PROLONGACION", "TIPO": "N/A", "NUMERO": "N/A", "DERE_TRAN": "N/A", "ADMINISTRA": "N/A", "NUME_CARR": "N/A", "CONDICION": "N/A", "ORIGEN": "BCU", "CALI_REPR": "N/A", "CVEGEO": "140500001", "NOMVIAL": "JOSEFA ORTIZ DE DOMÍNGUEZ", "SENTIDO": "UN SENTIDO", "LONGITUD": 96.78, "UNIDAD": "e14" }, "geometry": { "type": "LineString", "coordinates": [ [ -103.4321364, 20.2820294 ], [ -103.432038, 20.2829021 ] ] } },
{ "type": "Feature", "properties": { "ID": 1727434, "TIPOVIA": "CALLE", "TIPO": "N/A", "NUMERO": "23", "DERE_TRAN": "LIBRE", "ADMINISTRA": "FEDERAL", "NUME_CARR": "N/A", "CONDICION": "N/A", "ORIGEN": "BCU", "CALI_REPR": "N/A", "CVEGEO": "140500001", "NOMVIAL": "VICENTE GUERRERO PONIENTE", "SENTIDO": "UN SENTIDO", "LONGITUD": 121.78, "UNIDAD": "e14" }, "geometry": { "type": "LineString", "coordinates": [ [ -103.4308746, 20.2827817 ], [ -103.432038, 20.2829021 ] ] } },
{ "type": "Feature", "properties": { "ID": 1727435, "TIPOVIA": "PRIVADA", "TIPO": "N/A", "NUMERO": "N/A", "DERE_TRAN": "N/A", "ADMINISTRA": "N/A", "NUME_CARR": "N/A", "CONDICION": "N/A", "ORIGEN": "BCU", "CALI_REPR": "N/A", "CVEGEO": "140500001", "NOMVIAL": "VICENTE GUERRERO", "SENTIDO": "UN SENTIDO", "LONGITUD": 63.1, "UNIDAD": "e14" }, "geometry": { "type": "LineString", "coordinates": [ [ -103.4279213, 20.2829458 ], [ -103.4279736, 20.282794 ], [ -103.4280377, 20.2823859 ] ] } },
{ "type": "Feature", "properties": { "ID": 1727438, "TIPOVIA": "CALLE", "TIPO": "N/A", "NUMERO": "N/A", "DERE_TRAN": "N/A", "ADMINISTRA": "N/A", "NUME_CARR": "N/A", "CONDICION": "N/A", "ORIGEN": "BCU", "CALI_REPR": "N/A", "CVEGEO": "140500001", "NOMVIAL": "JOSÉ SANTANA ORIENTE", "SENTIDO": "UN SENTIDO", "LONGITUD": 82.95, "UNIDAD": "e14" }, "geometry": { "type": "LineString", "coordinates": [ [ -103.4204283, 20.2830391 ], [ -103.419638, 20.28294 ] ] } },
{ "type": "Feature", "properties": { "ID": 1727440, "TIPOVIA": "PRIVADA", "TIPO": "N/A", "NUMERO": "N/A", "DERE_TRAN": "N/A", "ADMINISTRA": "N/A", "NUME_CARR": "N/A", "CONDICION": "N/A", "ORIGEN": "BCU", "CALI_REPR": "N/A", "CVEGEO": "140500001", "NOMVIAL": "PEDRO MORENO", "SENTIDO": "UN SENTIDO", "LONGITUD": 49.68, "UNIDAD": "e14" }, "geometry": { "type": "LineString", "coordinates": [ [ -103.4279213, 20.2829458 ], [ -103.4283975, 20.2829783 ] ] } },
{ "type": "Feature", "properties": { "ID": 1727443, "TIPOVIA": "CALLE", "TIPO": "N/A", "NUMERO": "N/A", "DERE_TRAN": "N/A", "ADMINISTRA": "N/A", "NUME_CARR": "N/A", "CONDICION": "N/A", "ORIGEN": "BCU", "CALI_REPR": "N/A", "CVEGEO": "140500001", "NOMVIAL": "PASEO DE LAS ROSAS", "SENTIDO": "UN SENTIDO", "LONGITUD": 110.5, "UNIDAD": "e14" }, "geometry": { "type": "LineString", "coordinates": [ [ -103.4416037, 20.282867 ], [ -103.4417683, 20.2818771 ] ] } },
{ "type": "Feature", "properties": { "ID": 1727444, "TIPOVIA": "CALLE", "TIPO": "N/A", "NUMERO": "N/A", "DERE_TRAN": "N/A", "ADMINISTRA": "N/A", "NUME_CARR": "N/A", "CONDICION": "N/A", "ORIGEN": "BCU", "CALI_REPR": "N/A", "CVEGEO": "140500001", "NOMVIAL": "PASEO DE LOS NARDOS", "SENTIDO": "UN SENTIDO", "LONGITUD": 109.74, "UNIDAD": "e14" }, "geometry": { "type": "LineString", "coordinates": [ [ -103.440928, 20.282103 ], [ -103.4416037, 20.282867 ] ] } },
{ "type": "Feature", "properties": { "ID": 1727456, "TIPOVIA": "CARRETERA", "TIPO": "N/A", "NUMERO": "23", "DERE_TRAN": "LIBRE", "ADMINISTRA": "FEDERAL", "NUME_CARR": "N/A", "CONDICION": "N/A", "ORIGEN": "BCU", "CALI_REPR": "N/A", "CVEGEO": "140500011", "NOMVIAL": "JOCOTEPEC-CHAPALA", "SENTIDO": "UN SENTIDO", "LONGITUD": 26.35, "UNIDAD": "e14" }, "geometry": { "type": "LineString", "coordinates": [ [ -103.3350802, 20.2858816 ], [ -103.3352558, 20.2859387 ], [ -103.3353197, 20.2859595 ] ] } },
{ "type": "Feature", "properties": { "ID": 1727461, "TIPOVIA": "CALLE", "TIPO": "N/A", "NUMERO": "N/A", "DERE_TRAN": "N/A", "ADMINISTRA": "N/A", "NUME_CARR": "N/A", "CONDICION": "N/A", "ORIGEN": "BCU", "CALI_REPR": "N/A", "CVEGEO": "140500001", "NOMVIAL": "NIÑOS HÉROES SUR", "SENTIDO": "UN SENTIDO", "LONGITUD": 339.63, "UNIDAD": "e14" }, "geometry": { "type": "LineString", "coordinates": [ [ -103.4359898, 20.2820519 ], [ -103.4358891, 20.2823083 ], [ -103.4353121, 20.2850613 ] ] } },
{ "type": "Feature", "properties": { "ID": 1727462, "TIPOVIA": "CALLE", "TIPO": "N/A", "NUMERO": "N/A", "DERE_TRAN": "N/A", "ADMINISTRA": "N/A", "NUME_CARR": "N/A", "CONDICION": "N/A", "ORIGEN": "BCU", "CALI_REPR": "N/A", "CVEGEO": "140500001", "NOMVIAL": "JUÁREZ PONIENTE", "SENTIDO": "UN SENTIDO", "LONGITUD": 129.26, "UNIDAD": "e14" }, "geometry": { "type": "LineString", "coordinates": [ [ -103.4353121, 20.2850613 ], [ -103.4341057, 20.2847815 ] ] } },
{ "type": "Feature", "properties": { "ID": 1727464, "TIPOVIA": "CARRETERA", "TIPO": "N/A", "NUMERO": "23", "DERE_TRAN": "LIBRE", "ADMINISTRA": "FEDERAL", "NUME_CARR": "N/A", "CONDICION": "N/A", "ORIGEN": "BCU", "CALI_REPR": "N/A", "CVEGEO": "140500011", "NOMVIAL": "JOCOTEPEC-CHAPALA", "SENTIDO": "UN SENTIDO", "LONGITUD": 97.47, "UNIDAD": "e14" }, "geometry": { "type": "LineString", "coordinates": [ [ -103.3425957, 20.2884383 ], [ -103.3435216, 20.2885729 ] ] } },
{ "type": "Feature", "properties": { "ID": 1727466, "TIPOVIA": "CALLE", "TIPO": "N/A", "NUMERO": "N/A", "DERE_TRAN": "N/A", "ADMINISTRA": "N/A", "NUME_CARR": "N/A", "CONDICION": "N/A", "ORIGEN": "BCU", "CALI_REPR": "N/A", "CVEGEO": "140500011", "NOMVIAL": "FRANCISCO I. MADERO", "SENTIDO": "UN SENTIDO", "LONGITUD": 33.04, "UNIDAD": "e14" }, "geometry": { "type": "LineString", "coordinates": [ [ -103.3418404, 20.2885246 ], [ -103.3421503, 20.2885906 ] ] } },
{ "type": "Feature", "properties": { "ID": 1727470, "TIPOVIA": "CALLE", "TIPO": "N/A", "NUMERO": "N/A", "DERE_TRAN": "N/A", "ADMINISTRA": "N/A", "NUME_CARR": "N/A", "CONDICION": "N/A", "ORIGEN": "BCU", "CALI_REPR": "N/A", "CVEGEO": "140500001", "NOMVIAL": "JOSEFA ORTIZ DE DOMÍNGUEZ NORTE", "SENTIDO": "UN SENTIDO", "LONGITUD": 133.82, "UNIDAD": "e14" }, "geometry": { "type": "LineString", "coordinates": [ [ -103.4309101, 20.287802 ], [ -103.4310478, 20.2865955 ] ] } },
{ "type": "Feature", "properties": { "ID": 1727471, "TIPOVIA": "CALLE", "TIPO": "N/A", "NUMERO": "N/A", "DERE_TRAN": "N/A", "ADMINISTRA": "N/A", "NUME_CARR": "N/A", "CONDICION": "N/A", "ORIGEN": "BCU", "CALI_REPR": "N/A", "CVEGEO": "140500001", "NOMVIAL": "DEGOLLADO ORIENTE", "SENTIDO": "UN SENTIDO", "LONGITUD": 93.71, "UNIDAD": "e14" }, "geometry": { "type": "LineString", "coordinates": [ [ -103.4300115, 20.2877461 ], [ -103.4309101, 20.287802 ] ] } },
{ "type": "Feature", "properties": { "ID": 1727478, "TIPOVIA": "CALLE", "TIPO": "N/A", "NUMERO": "N/A", "DERE_TRAN": "N/A", "ADMINISTRA": "N/A", "NUME_CARR": "N/A", "CONDICION": "N/A", "ORIGEN": "BCU", "CALI_REPR": "N/A", "CVEGEO": "140500011", "NOMVIAL": "VICENTE GUERRERO", "SENTIDO": "UN SENTIDO", "LONGITUD": 26.2, "UNIDAD": "e14" }, "geometry": { "type": "LineString", "coordinates": [ [ -103.3425499, 20.288672 ], [ -103.3425957, 20.2884383 ] ] } },
{ "type": "Feature", "properties": { "ID": 1727479, "TIPOVIA": "CALLE", "TIPO": "N/A", "NUMERO": "N/A", "DERE_TRAN": "N/A", "ADMINISTRA": "N/A", "NUME_CARR": "N/A", "CONDICION": "N/A", "ORIGEN": "BCU", "CALI_REPR": "N/A", "CVEGEO": "140500011", "NOMVIAL": "FRANCISCO I. MADERO", "SENTIDO": "UN SENTIDO", "LONGITUD": 42.54, "UNIDAD": "e14" }, "geometry": { "type": "LineString", "coordinates": [ [ -103.3421503, 20.2885906 ], [ -103.3425499, 20.288672 ] ] } },
{ "type": "Feature", "properties": { "ID": 1727483, "TIPOVIA": "CALLE", "TIPO": "N/A", "NUMERO": "N/A", "DERE_TRAN": "N/A", "ADMINISTRA": "N/A", "NUME_CARR": "N/A", "CONDICION": "N/A", "ORIGEN": "BCU", "CALI_REPR": "N/A", "CVEGEO": "140500001", "NOMVIAL": "ÁNIMA SOLA", "SENTIDO": "UN SENTIDO", "LONGITUD": 37.16, "UNIDAD": "e14" }, "geometry": { "type": "LineString", "coordinates": [ [ -103.4366516, 20.2876194 ], [ -103.4369271, 20.2878339 ] ] } },
{ "type": "Feature", "properties": { "ID": 1727484, "TIPOVIA": "PROLONGACION", "TIPO": "N/A", "NUMERO": "N/A", "DERE_TRAN": "N/A", "ADMINISTRA": "N/A", "NUME_CARR": "N/A", "CONDICION": "N/A", "ORIGEN": "BCU", "CALI_REPR": "N/A", "CVEGEO": "140500001", "NOMVIAL": "NICOLÁS BRAVO NORTE", "SENTIDO": "UN SENTIDO", "LONGITUD": 59.82, "UNIDAD": "e14" }, "geometry": { "type": "LineString", "coordinates": [ [ -103.4251199, 20.2879507 ], [ -103.425174, 20.2874106 ] ] } },
{ "type": "Feature", "properties": { "ID": 1727492, "TIPOVIA": "CALLE", "TIPO": "N/A", "NUMERO": "N/A", "DERE_TRAN": "N/A", "ADMINISTRA": "N/A", "NUME_CARR": "N/A", "CONDICION": "N/A", "ORIGEN": "BCU", "CALI_REPR": "N/A", "CVEGEO": "140500001", "NOMVIAL": "INDEPENDENCIA NORTE", "SENTIDO": "UN SENTIDO", "LONGITUD": 188.81, "UNIDAD": "e14" }, "geometry": { "type": "LineString", "coordinates": [ [ -103.4324337, 20.2862379 ], [ -103.4321395, 20.2879274 ] ] } },
{ "type": "Feature", "properties": { "ID": 1727493, "TIPOVIA": "CALLE", "TIPO": "N/A", "NUMERO": "N/A", "DERE_TRAN": "N/A", "ADMINISTRA": "N/A", "NUME_CARR": "N/A", "CONDICION": "N/A", "ORIGEN": "BCU", "CALI_REPR": "N/A", "CVEGEO": "140500001", "NOMVIAL": "DEGOLLADO ORIENTE", "SENTIDO": "UN SENTIDO", "LONGITUD": 128.66, "UNIDAD": "e14" }, "geometry": { "type": "LineString", "coordinates": [ [ -103.4309101, 20.287802 ], [ -103.4321395, 20.2879274 ] ] } },
{ "type": "Feature", "properties": { "ID": 1727731, "TIPOVIA": "CALLE", "TIPO": "N/A", "NUMERO": "N/A", "DERE_TRAN": "N/A", "ADMINISTRA": "N/A", "NUME_CARR": "N/A", "CONDICION": "N/A", "ORIGEN": "BCU", "CALI_REPR": "N/A", "CVEGEO": "140500001", "NOMVIAL": "CRISTÓBAL COLÓN", "SENTIDO": "UN SENTIDO", "LONGITUD": 274.86, "UNIDAD": "e14" }, "geometry": { "type": "LineString", "coordinates": [ [ -103.4220556, 20.2745856 ], [ -103.4211049, 20.2743449 ], [ -103.4214472, 20.272815 ] ] } },
{ "type": "Feature", "properties": { "ID": 1727776, "TIPOVIA": "CALLE", "TIPO": "N/A", "NUMERO": "15", "DERE_TRAN": "LIBRE", "ADMINISTRA": "FEDERAL", "NUME_CARR": "N/A", "CONDICION": "N/A", "ORIGEN": "BCU", "CALI_REPR": "N/A", "CVEGEO": "140500001", "NOMVIAL": "NINGUNO", "SENTIDO": "UN SENTIDO", "LONGITUD": 52.97, "UNIDAD": "e14" }, "geometry": { "type": "LineString", "coordinates": [ [ -103.4459577, 20.2755362 ], [ -103.4457395, 20.2751023 ] ] } },
{ "type": "Feature", "properties": { "ID": 1727824, "TIPOVIA": "CALLE", "TIPO": "N/A", "NUMERO": "N/A", "DERE_TRAN": "N/A", "ADMINISTRA": "N/A", "NUME_CARR": "N/A", "CONDICION": "N/A", "ORIGEN": "BCU", "CALI_REPR": "N/A", "CVEGEO": "140500001", "NOMVIAL": "MATAMOROS SUR", "SENTIDO": "UN SENTIDO", "LONGITUD": 128.73, "UNIDAD": "e14" }, "geometry": { "type": "LineString", "coordinates": [ [ -103.4294651, 20.2752766 ], [ -103.4293965, 20.2764421 ] ] } },
{ "type": "Feature", "properties": { "ID": 1727862, "TIPOVIA": "CALLE", "TIPO": "N/A", "NUMERO": "N/A", "DERE_TRAN": "N/A", "ADMINISTRA": "N/A", "NUME_CARR": "N/A", "CONDICION": "N/A", "ORIGEN": "BCU", "CALI_REPR": "N/A", "CVEGEO": "140500001", "NOMVIAL": "CHURUBUSCO", "SENTIDO": "UN SENTIDO", "LONGITUD": 151.85, "UNIDAD": "e14" }, "geometry": { "type": "LineString", "coordinates": [ [ -103.4364209, 20.2756996 ], [ -103.4362943, 20.2762794 ], [ -103.4360749, 20.2770366 ] ] } },
{ "type": "Feature", "properties": { "ID": 1727898, "TIPOVIA": "OTRO", "TIPO": "N/A", "NUMERO": "N/A", "DERE_TRAN": "N/A", "ADMINISTRA": "N/A", "NUME_CARR": "N/A", "CONDICION": "N/A", "ORIGEN": "BCU", "CALI_REPR": "N/A", "CVEGEO": "140500001", "NOMVIAL": "LÍMITE PREDIAL", "SENTIDO": "N/A", "LONGITUD": 379.02, "UNIDAD": "e14" }, "geometry": { "type": "LineString", "coordinates": [ [ -103.4364209, 20.2756996 ], [ -103.4360417, 20.2755609 ], [ -103.4355631, 20.2776257 ], [ -103.434917, 20.2774556 ], [ -103.4348637, 20.2777581 ] ] } },
{ "type": "Feature", "properties": { "ID": 1727903, "TIPOVIA": "CALLE", "TIPO": "N/A", "NUMERO": "N/A", "DERE_TRAN": "N/A", "ADMINISTRA": "N/A", "NUME_CARR": "N/A", "CONDICION": "N/A", "ORIGEN": "BCU", "CALI_REPR": "N/A", "CVEGEO": "140500001", "NOMVIAL": "CHAPULTEPEC PONIENTE", "SENTIDO": "UN SENTIDO", "LONGITUD": 38.7, "UNIDAD": "e14" }, "geometry": { "type": "LineString", "coordinates": [ [ -103.4348637, 20.2777581 ], [ -103.4352226, 20.2778502 ] ] } },
{ "type": "Feature", "properties": { "ID": 1727911, "TIPOVIA": "OTRO", "TIPO": "N/A", "NUMERO": "N/A", "DERE_TRAN": "N/A", "ADMINISTRA": "N/A", "NUME_CARR": "N/A", "CONDICION": "N/A", "ORIGEN": "BCU", "CALI_REPR": "N/A", "CVEGEO": "140500001", "NOMVIAL": "LÍMITE PREDIAL", "SENTIDO": "N/A", "LONGITUD": 363.72, "UNIDAD": "e14" }, "geometry": { "type": "LineString", "coordinates": [ [ -103.4446707, 20.2778471 ], [ -103.4450241, 20.2752647 ], [ -103.4457395, 20.2751023 ] ] } },
{ "type": "Feature", "properties": { "ID": 1727916, "TIPOVIA": "CALLE", "TIPO": "N/A", "NUMERO": "N/A", "DERE_TRAN": "N/A", "ADMINISTRA": "N/A", "NUME_CARR": "N/A", "CONDICION": "N/A", "ORIGEN": "BCU", "CALI_REPR": "N/A", "CVEGEO": "140500001", "NOMVIAL": "CHURUBUSCO", "SENTIDO": "UN SENTIDO", "LONGITUD": 109.18, "UNIDAD": "e14" }, "geometry": { "type": "LineString", "coordinates": [ [ -103.4360749, 20.2770366 ], [ -103.4358047, 20.2779932 ] ] } },
{ "type": "Feature", "properties": { "ID": 1727917, "TIPOVIA": "CALLE", "TIPO": "N/A", "NUMERO": "N/A", "DERE_TRAN": "N/A", "ADMINISTRA": "N/A", "NUME_CARR": "N/A", "CONDICION": "N/A", "ORIGEN": "BCU", "CALI_REPR": "N/A", "CVEGEO": "140500001", "NOMVIAL": "CHAPULTEPEC PONIENTE", "SENTIDO": "UN SENTIDO", "LONGITUD": 62.59, "UNIDAD": "e14" }, "geometry": { "type": "LineString", "coordinates": [ [ -103.4352226, 20.2778502 ], [ -103.4358047, 20.2779932 ] ] } },
{ "type": "Feature", "properties": { "ID": 1727925, "TIPOVIA": "CALLE", "TIPO": "N/A", "NUMERO": "N/A", "DERE_TRAN": "N/A", "ADMINISTRA": "N/A", "NUME_CARR": "N/A", "CONDICION": "N/A", "ORIGEN": "BCU", "CALI_REPR": "N/A", "CVEGEO": "140500001", "NOMVIAL": "CHAPULTEPEC PONIENTE", "SENTIDO": "UN SENTIDO", "LONGITUD": 68.12, "UNIDAD": "e14" }, "geometry": { "type": "LineString", "coordinates": [ [ -103.4358047, 20.2779932 ], [ -103.4364371, 20.2781532 ] ] } },
{ "type": "Feature", "properties": { "ID": 1727926, "TIPOVIA": "CALLE", "TIPO": "N/A", "NUMERO": "15", "DERE_TRAN": "LIBRE", "ADMINISTRA": "FEDERAL", "NUME_CARR": "N/A", "CONDICION": "N/A", "ORIGEN": "BCU", "CALI_REPR": "N/A", "CVEGEO": "140500001", "NOMVIAL": "NINGUNO", "SENTIDO": "UN SENTIDO", "LONGITUD": 301.02, "UNIDAD": "e14" }, "geometry": { "type": "LineString", "coordinates": [ [ -103.4470534, 20.2780624 ], [ -103.4459577, 20.2755362 ] ] } },
{ "type": "Feature", "properties": { "ID": 1727939, "TIPOVIA": "OTRO", "TIPO": "N/A", "NUMERO": "N/A", "DERE_TRAN": "N/A", "ADMINISTRA": "N/A", "NUME_CARR": "N/A", "CONDICION": "N/A", "ORIGEN": "BCU", "CALI_REPR": "N/A", "CVEGEO": "140500001", "NOMVIAL": "LÍMITE PREDIAL", "SENTIDO": "N/A", "LONGITUD": 528.86, "UNIDAD": "e14" }, "geometry": { "type": "LineString", "coordinates": [ [ -103.4407678, 20.2786499 ], [ -103.4409106, 20.2774338 ], [ -103.4446707, 20.2778471 ] ] } },
{ "type": "Feature", "properties": { "ID": 1727940, "TIPOVIA": "CALLE", "TIPO": "N/A", "NUMERO": "N/A", "DERE_TRAN": "N/A", "ADMINISTRA": "N/A", "NUME_CARR": "N/A", "CONDICION": "N/A", "ORIGEN": "BCU", "CALI_REPR": "N/A", "CVEGEO": "140500001", "NOMVIAL": "CHAPULTEPEC PONIENTE", "SENTIDO": "UN SENTIDO", "LONGITUD": 68.27, "UNIDAD": "e14" }, "geometry": { "type": "LineString", "coordinates": [ [ -103.4401136, 20.2786028 ], [ -103.4407678, 20.2786499 ] ] } },
{ "type": "Feature", "properties": { "ID": 1727957, "TIPOVIA": "OTRO", "TIPO": "N/A", "NUMERO": "N/A", "DERE_TRAN": "N/A", "ADMINISTRA": "N/A", "NUME_CARR": "N/A", "CONDICION": "N/A", "ORIGEN": "BCU", "CALI_REPR": "N/A", "CVEGEO": "140500001", "NOMVIAL": "LÍMITE PREDIAL", "SENTIDO": "N/A", "LONGITUD": 67.34, "UNIDAD": "e14" }, "geometry": { "type": "LineString", "coordinates": [ [ -103.4332713, 20.2783924 ], [ -103.4332407, 20.2790025 ] ] } },
{ "type": "Feature", "properties": { "ID": 1727958, "TIPOVIA": "CALLE", "TIPO": "N/A", "NUMERO": "N/A", "DERE_TRAN": "N/A", "ADMINISTRA": "N/A", "NUME_CARR": "N/A", "CONDICION": "N/A", "ORIGEN": "BCU", "CALI_REPR": "N/A", "CVEGEO": "140500001", "NOMVIAL": "16 DE SEPTIEMBRE", "SENTIDO": "UN SENTIDO", "LONGITUD": 107.91, "UNIDAD": "e14" }, "geometry": { "type": "LineString", "coordinates": [ [ -103.4322047, 20.2790049 ], [ -103.4323316, 20.2789898 ], [ -103.4332407, 20.2790025 ] ] } },
{ "type": "Feature", "properties": { "ID": 1727963, "TIPOVIA": "CALLE", "TIPO": "N/A", "NUMERO": "N/A", "DERE_TRAN": "N/A", "ADMINISTRA": "N/A", "NUME_CARR": "N/A", "CONDICION": "N/A", "ORIGEN": "BCU", "CALI_REPR": "N/A", "CVEGEO": "140500001", "NOMVIAL": "16 DE SEPTIEMBRE", "SENTIDO": "UN SENTIDO", "LONGITUD": 35.24, "UNIDAD": "e14" }, "geometry": { "type": "LineString", "coordinates": [ [ -103.4332407, 20.2790025 ], [ -103.433576, 20.2790474 ] ] } },
{ "type": "Feature", "properties": { "ID": 1727967, "TIPOVIA": "CALLE", "TIPO": "N/A", "NUMERO": "N/A", "DERE_TRAN": "N/A", "ADMINISTRA": "N/A", "NUME_CARR": "N/A", "CONDICION": "N/A", "ORIGEN": "BCU", "CALI_REPR": "N/A", "CVEGEO": "140500001", "NOMVIAL": "AL CRUCERO JOCOTEPEC-CHAPALA", "SENTIDO": "UN SENTIDO", "LONGITUD": 120.35, "UNIDAD": "e14" }, "geometry": { "type": "LineString", "coordinates": [ [ -103.4390531, 20.2790175 ], [ -103.4391628, 20.2789307 ], [ -103.439879, 20.2787037 ], [ -103.4401136, 20.2786028 ] ] } },
{ "type": "Feature", "properties": { "ID": 1727968, "TIPOVIA": "CALLE", "TIPO": "N/A", "NUMERO": "N/A", "DERE_TRAN": "N/A", "ADMINISTRA": "N/A", "NUME_CARR": "N/A", "CONDICION": "N/A", "ORIGEN": "BCU", "CALI_REPR": "N/A", "CVEGEO": "140500001", "NOMVIAL": "NINGUNO", "SENTIDO": "UN SENTIDO", "LONGITUD": 54.16, "UNIDAD": "e14" }, "geometry": { "type": "LineString", "coordinates": [ [ -103.4391062, 20.2785394 ], [ -103.4390577, 20.278654 ], [ -103.4390287, 20.2789251 ], [ -103.4390531, 20.2790175 ] ] } },
{ "type": "Feature", "properties": { "ID": 1727972, "TIPOVIA": "CALLE", "TIPO": "N/A", "NUMERO": "N/A", "DERE_TRAN": "N/A", "ADMINISTRA": "N/A", "NUME_CARR": "N/A", "CONDICION": "N/A", "ORIGEN": "BCU", "CALI_REPR": "N/A", "CVEGEO": "140500001", "NOMVIAL": "16 DE SEPTIEMBRE", "SENTIDO": "UN SENTIDO", "LONGITUD": 52.81, "UNIDAD": "e14" }, "geometry": { "type": "LineString", "coordinates": [ [ -103.433576, 20.2790474 ], [ -103.4340771, 20.2791233 ] ] } },
{ "type": "Feature", "properties": { "ID": 1727973, "TIPOVIA": "CALLE", "TIPO": "N/A", "NUMERO": "23", "DERE_TRAN": "LIBRE", "ADMINISTRA": "FEDERAL", "NUME_CARR": "N/A", "CONDICION": "N/A", "ORIGEN": "BCU", "CALI_REPR": "N/A", "CVEGEO": "140500001", "NOMVIAL": "VICENTE GUERRERO PONIENTE", "SENTIDO": "UN SENTIDO", "LONGITUD": 281.81, "UNIDAD": "e14" }, "geometry": { "type": "LineString", "coordinates": [ [ -103.4445467, 20.2790296 ], [ -103.4470534, 20.2780624 ] ] } },
{ "type": "Feature", "properties": { "ID": 1727974, "TIPOVIA": "CALLE", "TIPO": "N/A", "NUMERO": "N/A", "DERE_TRAN": "N/A", "ADMINISTRA": "N/A", "NUME_CARR": "N/A", "CONDICION": "N/A", "ORIGEN": "BCU", "CALI_REPR": "N/A", "CVEGEO": "140500001", "NOMVIAL": "NINGUNO", "SENTIDO": "UN SENTIDO", "LONGITUD": 131.04, "UNIDAD": "e14" }, "geometry": { "type": "LineString", "coordinates": [ [ -103.4446707, 20.2778471 ], [ -103.4445467, 20.2790296 ] ] } },
{ "type": "Feature", "properties": { "ID": 1727975, "TIPOVIA": "CALLE", "TIPO": "N/A", "NUMERO": "N/A", "DERE_TRAN": "N/A", "ADMINISTRA": "N/A", "NUME_CARR": "N/A", "CONDICION": "N/A", "ORIGEN": "BCU", "CALI_REPR": "N/A", "CVEGEO": "140500001", "NOMVIAL": "CHAPULTEPEC PONIENTE", "SENTIDO": "UN SENTIDO", "LONGITUD": 395.53, "UNIDAD": "e14" }, "geometry": { "type": "LineString", "coordinates": [ [ -103.4407678, 20.2786499 ], [ -103.4420174, 20.2787398 ], [ -103.4445467, 20.2790296 ] ] } },
{ "type": "Feature", "properties": { "ID": 1727979, "TIPOVIA": "CALLE", "TIPO": "N/A", "NUMERO": "N/A", "DERE_TRAN": "N/A", "ADMINISTRA": "N/A", "NUME_CARR": "N/A", "CONDICION": "N/A", "ORIGEN": "BCU", "CALI_REPR": "N/A", "CVEGEO": "140500001", "NOMVIAL": "PRIMERO DE MAYO", "SENTIDO": "UN SENTIDO", "LONGITUD": 61.63, "UNIDAD": "e14" }, "geometry": { "type": "LineString", "coordinates": [ [ -103.4346052, 20.2791849 ], [ -103.4347033, 20.2786338 ] ] } },
{ "type": "Feature", "properties": { "ID": 1727980, "TIPOVIA": "CALLE", "TIPO": "N/A", "NUMERO": "N/A", "DERE_TRAN": "N/A", "ADMINISTRA": "N/A", "NUME_CARR": "N/A", "CONDICION": "N/A", "ORIGEN": "BCU", "CALI_REPR": "N/A", "CVEGEO": "140500001", "NOMVIAL": "16 DE SEPTIEMBRE", "SENTIDO": "UN SENTIDO", "LONGITUD": 55.36, "UNIDAD": "e14" }, "geometry": { "type": "LineString", "coordinates": [ [ -103.4340771, 20.2791233 ], [ -103.4346052, 20.2791849 ] ] } },
{ "type": "Feature", "properties": { "ID": 1728020, "TIPOVIA": "CALLE", "TIPO": "N/A", "NUMERO": "15", "DERE_TRAN": "LIBRE", "ADMINISTRA": "FEDERAL", "NUME_CARR": "N/A", "CONDICION": "N/A", "ORIGEN": "BCU", "CALI_REPR": "N/A", "CVEGEO": "140500001", "NOMVIAL": "NINGUNO", "SENTIDO": "UN SENTIDO", "LONGITUD": 171.38, "UNIDAD": "e14" }, "geometry": { "type": "LineString", "coordinates": [ [ -103.4477448, 20.2794729 ], [ -103.4470534, 20.2780624 ] ] } },
{ "type": "Feature", "properties": { "ID": 1728021, "TIPOVIA": "CALLE", "TIPO": "N/A", "NUMERO": "N/A", "DERE_TRAN": "N/A", "ADMINISTRA": "N/A", "NUME_CARR": "N/A", "CONDICION": "N/A", "ORIGEN": "BCU", "CALI_REPR": "N/A", "CVEGEO": "140500001", "NOMVIAL": "NINGUNO", "SENTIDO": "UN SENTIDO", "LONGITUD": 336.36, "UNIDAD": "e14" }, "geometry": { "type": "LineString", "coordinates": [ [ -103.4445467, 20.2790296 ], [ -103.4477448, 20.2794729 ] ] } },
{ "type": "Feature", "properties": { "ID": 1728029, "TIPOVIA": "OTRO", "TIPO": "N/A", "NUMERO": "N/A", "DERE_TRAN": "N/A", "ADMINISTRA": "N/A", "NUME_CARR": "N/A", "CONDICION": "N/A", "ORIGEN": "BCU", "CALI_REPR": "N/A", "CVEGEO": "140500001", "NOMVIAL": "LÍMITE PREDIAL", "SENTIDO": "N/A", "LONGITUD": 737.09, "UNIDAD": "e14" }, "geometry": { "type": "LineString", "coordinates": [ [ -103.4459577, 20.2755362 ], [ -103.4462092, 20.2750735 ], [ -103.447074, 20.2753971 ], [ -103.4469697, 20.2756851 ], [ -103.4479292, 20.2777199 ], [ -103.4486382, 20.2795096 ], [ -103.4477448, 20.2794729 ] ] } },
{ "type": "Feature", "properties": { "ID": 1728044, "TIPOVIA": "CALLE", "TIPO": "N/A", "NUMERO": "23", "DERE_TRAN": "LIBRE", "ADMINISTRA": "FEDERAL", "NUME_CARR": "N/A", "CONDICION": "N/A", "ORIGEN": "BCU", "CALI_REPR": "N/A", "CVEGEO": "140500001", "NOMVIAL": "VICENTE GUERRERO PONIENTE", "SENTIDO": "UN SENTIDO", "LONGITUD": 257.28, "UNIDAD": "e14" }, "geometry": { "type": "LineString", "coordinates": [ [ -103.4422401, 20.2798699 ], [ -103.4445467, 20.2790296 ] ] } },
{ "type": "Feature", "properties": { "ID": 1728045, "TIPOVIA": "CALLE", "TIPO": "N/A", "NUMERO": "N/A", "DERE_TRAN": "N/A", "ADMINISTRA": "N/A", "NUME_CARR": "N/A", "CONDICION": "N/A", "ORIGEN": "BCU", "CALI_REPR": "N/A", "CVEGEO": "140500001", "NOMVIAL": "NINGUNO", "SENTIDO": "UN SENTIDO", "LONGITUD": 103.63, "UNIDAD": "e14" }, "geometry": { "type": "LineString", "coordinates": [ [ -103.433576, 20.2790474 ], [ -103.4334347, 20.2799777 ] ] } },
{ "type": "Feature", "properties": { "ID": 1728051, "TIPOVIA": "CALLE", "TIPO": "N/A", "NUMERO": "N/A", "DERE_TRAN": "N/A", "ADMINISTRA": "N/A", "NUME_CARR": "N/A", "CONDICION": "N/A", "ORIGEN": "BCU", "CALI_REPR": "N/A", "CVEGEO": "140500001", "NOMVIAL": "NINGUNO", "SENTIDO": "UN SENTIDO", "LONGITUD": 101.47, "UNIDAD": "e14" }, "geometry": { "type": "LineString", "coordinates": [ [ -103.4340771, 20.2791233 ], [ -103.4339351, 20.2800337 ] ] } },
{ "type": "Feature", "properties": { "ID": 1728054, "TIPOVIA": "CALLE", "TIPO": "N/A", "NUMERO": "N/A", "DERE_TRAN": "N/A", "ADMINISTRA": "N/A", "NUME_CARR": "N/A", "CONDICION": "N/A", "ORIGEN": "BCU", "CALI_REPR": "N/A", "CVEGEO": "140500001", "NOMVIAL": "NINGUNO", "SENTIDO": "UN SENTIDO", "LONGITUD": 1145.24, "UNIDAD": "e14" }, "geometry": { "type": "GeometryCollection", "geometries": [ { "type": "Point", "coordinates": [ -103.416842, 20.2802457 ] }, { "type": "MultiLineString", "coordinates": [ [ [ -103.4183779, 20.2711968 ], [ -103.418374, 20.2716432 ], [ -103.4183724, 20.2726583 ], [ -103.418354, 20.2731802 ] ], [ [ -103.4183086, 20.2736946 ], [ -103.4182949, 20.2738071 ], [ -103.4182574, 20.2740874 ] ], [ [ -103.418091, 20.2754472 ], [ -103.4179121, 20.2771039 ], [ -103.4178822, 20.2773774 ] ], [ [ -103.4171245, 20.2794313 ], [ -103.417074, 20.2795272 ], [ -103.4170079, 20.2796829 ] ] ] } ] } },
{ "type": "Feature", "properties": { "ID": 1728055, "TIPOVIA": "CALLE", "TIPO": "N/A", "NUMERO": "N/A", "DERE_TRAN": "N/A", "ADMINISTRA": "N/A", "NUME_CARR": "N/A", "CONDICION": "N/A", "ORIGEN": "BCU", "CALI_REPR": "N/A", "CVEGEO": "140500001", "NOMVIAL": "VICENTE GUERRERO ORIENTE", "SENTIDO": "UN SENTIDO", "LONGITUD": 58.95, "UNIDAD": "e14" }, "geometry": { "type": "LineString", "coordinates": [ [ -103.4163872, 20.2801684 ], [ -103.416842, 20.2802457 ] ] } },
{ "type": "Feature", "properties": { "ID": 1728069, "TIPOVIA": "CALLE", "TIPO": "N/A", "NUMERO": "N/A", "DERE_TRAN": "N/A", "ADMINISTRA": "N/A", "NUME_CARR": "N/A", "CONDICION": "N/A", "ORIGEN": "BCU", "CALI_REPR": "N/A", "CVEGEO": "140500001", "NOMVIAL": "VICENTE GUERRERO ORIENTE", "SENTIDO": "UN SENTIDO", "LONGITUD": 51.41, "UNIDAD": "e14" }, "geometry": { "type": "LineString", "coordinates": [ [ -103.416842, 20.2802457 ], [ -103.4173186, 20.2803687 ] ] } },
{ "type": "Feature", "properties": { "ID": 1728073, "TIPOVIA": "CALLE", "TIPO": "N/A", "NUMERO": "N/A", "DERE_TRAN": "N/A", "ADMINISTRA": "N/A", "NUME_CARR": "N/A", "CONDICION": "N/A", "ORIGEN": "BCU", "CALI_REPR": "N/A", "CVEGEO": "140500001", "NOMVIAL": "MATAMOROS SUR", "SENTIDO": "UN SENTIDO", "LONGITUD": 422.67, "UNIDAD": "e14" }, "geometry": { "type": "LineString", "coordinates": [ [ -103.4293965, 20.2764421 ], [ -103.4293135, 20.277974 ], [ -103.4291935, 20.28027 ] ] } },
{ "type": "Feature", "properties": { "ID": 1728076, "TIPOVIA": "PRIVADA", "TIPO": "N/A", "NUMERO": "N/A", "DERE_TRAN": "N/A", "ADMINISTRA": "N/A", "NUME_CARR": "N/A", "CONDICION": "N/A", "ORIGEN": "BCU", "CALI_REPR": "N/A", "CVEGEO": "140500001", "NOMVIAL": "NINGUNO", "SENTIDO": "UN SENTIDO", "LONGITUD": 261.18, "UNIDAD": "e14" }, "geometry": { "type": "LineString", "coordinates": [ [ -103.4176277, 20.2804472 ], [ -103.4182085, 20.2792355 ], [ -103.4192739, 20.2794964 ] ] } },
{ "type": "Feature", "properties": { "ID": 1728077, "TIPOVIA": "CALLE", "TIPO": "N/A", "NUMERO": "N/A", "DERE_TRAN": "N/A", "ADMINISTRA": "N/A", "NUME_CARR": "N/A", "CONDICION": "N/A", "ORIGEN": "BCU", "CALI_REPR": "N/A", "CVEGEO": "140500001", "NOMVIAL": "VICENTE GUERRERO ORIENTE", "SENTIDO": "UN SENTIDO", "LONGITUD": 33.3, "UNIDAD": "e14" }, "geometry": { "type": "LineString", "coordinates": [ [ -103.4173186, 20.2803687 ], [ -103.4176277, 20.2804472 ] ] } },
{ "type": "Feature", "properties": { "ID": 1728078, "TIPOVIA": "CALLE", "TIPO": "N/A", "NUMERO": "N/A", "DERE_TRAN": "N/A", "ADMINISTRA": "N/A", "NUME_CARR": "N/A", "CONDICION": "N/A", "ORIGEN": "BCU", "CALI_REPR": "N/A", "CVEGEO": "140500001", "NOMVIAL": "DONATO GUERRA ORIENTE", "SENTIDO": "UN SENTIDO", "LONGITUD": 72.06, "UNIDAD": "e14" }, "geometry": { "type": "LineString", "coordinates": [ [ -103.4291935, 20.28027 ], [ -103.4298808, 20.2803497 ] ] } },
{ "type": "Feature", "properties": { "ID": 1728094, "TIPOVIA": "CALLE", "TIPO": "N/A", "NUMERO": "N/A", "DERE_TRAN": "N/A", "ADMINISTRA": "N/A", "NUME_CARR": "N/A", "CONDICION": "N/A", "ORIGEN": "BCU", "CALI_REPR": "N/A", "CVEGEO": "140500001", "NOMVIAL": "HIDALGO SUR", "SENTIDO": "UN SENTIDO", "LONGITUD": 295.32, "UNIDAD": "e14" }, "geometry": { "type": "LineString", "coordinates": [ [ -103.4312993, 20.2805684 ], [ -103.431468, 20.2794215 ], [ -103.4317374, 20.2779228 ] ] } },
{ "type": "Feature", "properties": { "ID": 1728095, "TIPOVIA": "CALLE", "TIPO": "N/A", "NUMERO": "N/A", "DERE_TRAN": "N/A", "ADMINISTRA": "N/A", "NUME_CARR": "N/A", "CONDICION": "N/A", "ORIGEN": "BCU", "CALI_REPR": "N/A", "CVEGEO": "140500001", "NOMVIAL": "DONATO GUERRA ORIENTE", "SENTIDO": "UN SENTIDO", "LONGITUD": 149.55, "UNIDAD": "e14" }, "geometry": { "type": "LineString", "coordinates": [ [ -103.4298808, 20.2803497 ], [ -103.4312993, 20.2805684 ] ] } },
{ "type": "Feature", "properties": { "ID": 1728099, "TIPOVIA": "CALLE", "TIPO": "N/A", "NUMERO": "N/A", "DERE_TRAN": "N/A", "ADMINISTRA": "N/A", "NUME_CARR": "N/A", "CONDICION": "N/A", "ORIGEN": "BCU", "CALI_REPR": "N/A", "CVEGEO": "140500001", "NOMVIAL": "VICENTE GUERRERO ORIENTE", "SENTIDO": "UN SENTIDO", "LONGITUD": 112.79, "UNIDAD": "e14" }, "geometry": { "type": "LineString", "coordinates": [ [ -103.4176277, 20.2804472 ], [ -103.4186747, 20.2807121 ] ] } },
{ "type": "Feature", "properties": { "ID": 1728113, "TIPOVIA": "PRIVADA", "TIPO": "N/A", "NUMERO": "N/A", "DERE_TRAN": "N/A", "ADMINISTRA": "N/A", "NUME_CARR": "N/A", "CONDICION": "N/A", "ORIGEN": "BCU", "CALI_REPR": "N/A", "CVEGEO": "140500001", "NOMVIAL": "GONZÁLEZ ORTEGA SUR", "SENTIDO": "UN SENTIDO", "LONGITUD": 20.01, "UNIDAD": "e14" }, "geometry": { "type": "LineString", "coordinates": [ [ -103.4244852, 20.2807953 ], [ -103.4246737, 20.2808313 ] ] } },
{ "type": "Feature", "properties": { "ID": 1728116, "TIPOVIA": "CALLE", "TIPO": "N/A", "NUMERO": "N/A", "DERE_TRAN": "N/A", "ADMINISTRA": "N/A", "NUME_CARR": "N/A", "CONDICION": "N/A", "ORIGEN": "BCU", "CALI_REPR": "N/A", "CVEGEO": "140500001", "NOMVIAL": "DONATO GUERRA PONIENTE", "SENTIDO": "UN SENTIDO", "LONGITUD": 106.96, "UNIDAD": "e14" }, "geometry": { "type": "LineString", "coordinates": [ [ -103.4312993, 20.2805684 ], [ -103.4323067, 20.2807609 ] ] } },
{ "type": "Feature", "properties": { "ID": 1728123, "TIPOVIA": "CALLE", "TIPO": "N/A", "NUMERO": "N/A", "DERE_TRAN": "N/A", "ADMINISTRA": "N/A", "NUME_CARR": "N/A", "CONDICION": "N/A", "ORIGEN": "BCU", "CALI_REPR": "N/A", "CVEGEO": "140500001", "NOMVIAL": "DONATO GUERRA PONIENTE", "SENTIDO": "UN SENTIDO", "LONGITUD": 25.4, "UNIDAD": "e14" }, "geometry": { "type": "LineString", "coordinates": [ [ -103.4323067, 20.2807609 ], [ -103.4325467, 20.2808032 ] ] } },
{ "type": "Feature", "properties": { "ID": 1728124, "TIPOVIA": "PRIVADA", "TIPO": "N/A", "NUMERO": "N/A", "DERE_TRAN": "N/A", "ADMINISTRA": "N/A", "NUME_CARR": "N/A", "CONDICION": "N/A", "ORIGEN": "BCU", "CALI_REPR": "N/A", "CVEGEO": "140500001", "NOMVIAL": "GONZÁLEZ ORTEGA SUR", "SENTIDO": "UN SENTIDO", "LONGITUD": 22.39, "UNIDAD": "e14" }, "geometry": { "type": "LineString", "coordinates": [ [ -103.4246737, 20.2808313 ], [ -103.4248838, 20.2808754 ] ] } },
{ "type": "Feature", "properties": { "ID": 1728127, "TIPOVIA": "CALLE", "TIPO": "N/A", "NUMERO": "N/A", "DERE_TRAN": "N/A", "ADMINISTRA": "N/A", "NUME_CARR": "N/A", "CONDICION": "N/A", "ORIGEN": "BCU", "CALI_REPR": "N/A", "CVEGEO": "140500001", "NOMVIAL": "DONATO GUERRA PONIENTE", "SENTIDO": "UN SENTIDO", "LONGITUD": 18.32, "UNIDAD": "e14" }, "geometry": { "type": "LineString", "coordinates": [ [ -103.4325467, 20.2808032 ], [ -103.4327199, 20.2808336 ] ] } },
{ "type": "Feature", "properties": { "ID": 1728131, "TIPOVIA": "CALLE", "TIPO": "N/A", "NUMERO": "N/A", "DERE_TRAN": "N/A", "ADMINISTRA": "N/A", "NUME_CARR": "N/A", "CONDICION": "N/A", "ORIGEN": "BCU", "CALI_REPR": "N/A", "CVEGEO": "140500001", "NOMVIAL": "DONATO GUERRA PONIENTE", "SENTIDO": "UN SENTIDO", "LONGITUD": 39.44, "UNIDAD": "e14" }, "geometry": { "type": "LineString", "coordinates": [ [ -103.4327199, 20.2808336 ], [ -103.4330923, 20.2809003 ] ] } },
{ "type": "Feature", "properties": { "ID": 1728134, "TIPOVIA": "CALLE", "TIPO": "N/A", "NUMERO": "N/A", "DERE_TRAN": "N/A", "ADMINISTRA": "N/A", "NUME_CARR": "N/A", "CONDICION": "N/A", "ORIGEN": "BCU", "CALI_REPR": "N/A", "CVEGEO": "140500001", "NOMVIAL": "CRISTÓBAL COLÓN", "SENTIDO": "UN SENTIDO", "LONGITUD": 739.3, "UNIDAD": "e14" }, "geometry": { "type": "LineString", "coordinates": [ [ -103.420237, 20.281066 ], [ -103.4220556, 20.2745856 ] ] } },
{ "type": "Feature", "properties": { "ID": 1728135, "TIPOVIA": "CALLE", "TIPO": "N/A", "NUMERO": "N/A", "DERE_TRAN": "N/A", "ADMINISTRA": "N/A", "NUME_CARR": "N/A", "CONDICION": "N/A", "ORIGEN": "BCU", "CALI_REPR": "N/A", "CVEGEO": "140500001", "NOMVIAL": "VICENTE GUERRERO ORIENTE", "SENTIDO": "UN SENTIDO", "LONGITUD": 167.19, "UNIDAD": "e14" }, "geometry": { "type": "LineString", "coordinates": [ [ -103.4186747, 20.2807121 ], [ -103.420237, 20.281066 ] ] } },
{ "type": "Feature", "properties": { "ID": 1728136, "TIPOVIA": "CALLE", "TIPO": "N/A", "NUMERO": "N/A", "DERE_TRAN": "N/A", "ADMINISTRA": "N/A", "NUME_CARR": "N/A", "CONDICION": "N/A", "ORIGEN": "BCU", "CALI_REPR": "N/A", "CVEGEO": "140500001", "NOMVIAL": "DONATO GUERRA PONIENTE", "SENTIDO": "UN SENTIDO", "LONGITUD": 25.96, "UNIDAD": "e14" }, "geometry": { "type": "LineString", "coordinates": [ [ -103.4330923, 20.2809003 ], [ -103.4333375, 20.2809441 ] ] } },
{ "type": "Feature", "properties": { "ID": 1728143, "TIPOVIA": "CALLE", "TIPO": "N/A", "NUMERO": "N/A", "DERE_TRAN": "N/A", "ADMINISTRA": "N/A", "NUME_CARR": "N/A", "CONDICION": "N/A", "ORIGEN": "BCU", "CALI_REPR": "N/A", "CVEGEO": "140500001", "NOMVIAL": "PEDRO MORENO SUR", "SENTIDO": "UN SENTIDO", "LONGITUD": 94.0, "UNIDAD": "e14" }, "geometry": { "type": "LineString", "coordinates": [ [ -103.4276153, 20.2802572 ], [ -103.4274457, 20.2810945 ] ] } },
{ "type": "Feature", "properties": { "ID": 1728144, "TIPOVIA": "PRIVADA", "TIPO": "N/A", "NUMERO": "N/A", "DERE_TRAN": "N/A", "ADMINISTRA": "N/A", "NUME_CARR": "N/A", "CONDICION": "N/A", "ORIGEN": "BCU", "CALI_REPR": "N/A", "CVEGEO": "140500001", "NOMVIAL": "NINGUNO", "SENTIDO": "UN SENTIDO", "LONGITUD": 28.03, "UNIDAD": "e14" }, "geometry": { "type": "LineString", "coordinates": [ [ -103.4271786, 20.2810617 ], [ -103.4274457, 20.2810945 ] ] } },
{ "type": "Feature", "properties": { "ID": 1728151, "TIPOVIA": "PRIVADA", "TIPO": "N/A", "NUMERO": "N/A", "DERE_TRAN": "N/A", "ADMINISTRA": "N/A", "NUME_CARR": "N/A", "CONDICION": "N/A", "ORIGEN": "BCU", "CALI_REPR": "N/A", "CVEGEO": "140500001", "NOMVIAL": "NINGUNO", "SENTIDO": "UN SENTIDO", "LONGITUD": 38.48, "UNIDAD": "e14" }, "geometry": { "type": "LineString", "coordinates": [ [ -103.4325467, 20.2808032 ], [ -103.4325035, 20.2811497 ] ] } },
{ "type": "Feature", "properties": { "ID": 1728152, "TIPOVIA": "CALLE", "TIPO": "N/A", "NUMERO": "N/A", "DERE_TRAN": "N/A", "ADMINISTRA": "N/A", "NUME_CARR": "N/A", "CONDICION": "N/A", "ORIGEN": "BCU", "CALI_REPR": "N/A", "CVEGEO": "140500001", "NOMVIAL": "PRIMERO DE MAYO", "SENTIDO": "UN SENTIDO", "LONGITUD": 218.36, "UNIDAD": "e14" }, "geometry": { "type": "LineString", "coordinates": [ [ -103.4342514, 20.2811347 ], [ -103.4342459, 20.2810934 ], [ -103.4344424, 20.2801212 ], [ -103.4346052, 20.2791849 ] ] } },
{ "type": "Feature", "properties": { "ID": 1728153, "TIPOVIA": "CALLE", "TIPO": "N/A", "NUMERO": "N/A", "DERE_TRAN": "N/A", "ADMINISTRA": "N/A", "NUME_CARR": "N/A", "CONDICION": "N/A", "ORIGEN": "BCU", "CALI_REPR": "N/A", "CVEGEO": "140500001", "NOMVIAL": "DONATO GUERRA PONIENTE", "SENTIDO": "UN SENTIDO", "LONGITUD": 97.39, "UNIDAD": "e14" }, "geometry": { "type": "LineString", "coordinates": [ [ -103.4333375, 20.2809441 ], [ -103.4342514, 20.2811347 ] ] } },
{ "type": "Feature", "properties": { "ID": 1728158, "TIPOVIA": "PRIVADA", "TIPO": "N/A", "NUMERO": "N/A", "DERE_TRAN": "N/A", "ADMINISTRA": "N/A", "NUME_CARR": "N/A", "CONDICION": "N/A", "ORIGEN": "BCU", "CALI_REPR": "N/A", "CVEGEO": "140500001", "NOMVIAL": "NINGUNO", "SENTIDO": "UN SENTIDO", "LONGITUD": 97.99, "UNIDAD": "e14" }, "geometry": { "type": "LineString", "coordinates": [ [ -103.4283395, 20.2803307 ], [ -103.428202, 20.2812098 ] ] } },
{ "type": "Feature", "properties": { "ID": 1728159, "TIPOVIA": "PRIVADA", "TIPO": "N/A", "NUMERO": "N/A", "DERE_TRAN": "N/A", "ADMINISTRA": "N/A", "NUME_CARR": "N/A", "CONDICION": "N/A", "ORIGEN": "BCU", "CALI_REPR": "N/A", "CVEGEO": "140500001", "NOMVIAL": "NINGUNO", "SENTIDO": "UN SENTIDO", "LONGITUD": 79.72, "UNIDAD": "e14" }, "geometry": { "type": "LineString", "coordinates": [ [ -103.4274457, 20.2810945 ], [ -103.428202, 20.2812098 ] ] } },
{ "type": "Feature", "properties": { "ID": 1728166, "TIPOVIA": "CALLE", "TIPO": "N/A", "NUMERO": "N/A", "DERE_TRAN": "N/A", "ADMINISTRA": "N/A", "NUME_CARR": "N/A", "CONDICION": "N/A", "ORIGEN": "BCU", "CALI_REPR": "N/A", "CVEGEO": "140500001", "NOMVIAL": "AL CRUCERO JOCOTEPEC-CHAPALA", "SENTIDO": "UN SENTIDO", "LONGITUD": 446.01, "UNIDAD": "e14" }, "geometry": { "type": "LineString", "coordinates": [ [ -103.4358539, 20.2812159 ], [ -103.4367452, 20.2808324 ], [ -103.437857, 20.2803318 ], [ -103.438861, 20.2799254 ], [ -103.4389307, 20.2796932 ], [ -103.4390531, 20.2790175 ] ] } },
{ "type": "Feature", "properties": { "ID": 1728169, "TIPOVIA": "CALLE", "TIPO": "N/A", "NUMERO": "N/A", "DERE_TRAN": "N/A", "ADMINISTRA": "N/A", "NUME_CARR": "N/A", "CONDICION": "N/A", "ORIGEN": "BCU", "CALI_REPR": "N/A", "CVEGEO": "140500001", "NOMVIAL": "CHURUBUSCO", "SENTIDO": "UN SENTIDO", "LONGITUD": 373.81, "UNIDAD": "e14" }, "geometry": { "type": "LineString", "coordinates": [ [ -103.4358047, 20.2779932 ], [ -103.4352994, 20.2801853 ], [ -103.4352737, 20.2802373 ], [ -103.4352423, 20.2802846 ], [ -103.4350616, 20.2813036 ] ] } },
{ "type": "Feature", "properties": { "ID": 1728170, "TIPOVIA": "CALLE", "TIPO": "N/A", "NUMERO": "N/A", "DERE_TRAN": "N/A", "ADMINISTRA": "N/A", "NUME_CARR": "N/A", "CONDICION": "N/A", "ORIGEN": "BCU", "CALI_REPR": "N/A", "CVEGEO": "140500001", "NOMVIAL": "DONATO GUERRA PONIENTE", "SENTIDO": "UN SENTIDO", "LONGITUD": 86.33, "UNIDAD": "e14" }, "geometry": { "type": "LineString", "coordinates": [ [ -103.4342514, 20.2811347 ], [ -103.4350616, 20.2813036 ] ] } },
{ "type": "Feature", "properties": { "ID": 1728171, "TIPOVIA": "CALLE", "TIPO": "N/A", "NUMERO": "N/A", "DERE_TRAN": "N/A", "ADMINISTRA": "N/A", "NUME_CARR": "N/A", "CONDICION": "N/A", "ORIGEN": "BCU", "CALI_REPR": "N/A", "CVEGEO": "140500001", "NOMVIAL": "DONATO GUERRA PONIENTE", "SENTIDO": "UN SENTIDO", "LONGITUD": 84.54, "UNIDAD": "e14" }, "geometry": { "type": "LineString", "coordinates": [ [ -103.4350616, 20.2813036 ], [ -103.4355219, 20.281325 ], [ -103.4358539, 20.2812159 ] ] } },
{ "type": "Feature", "properties": { "ID": 1728177, "TIPOVIA": "PRIVADA", "TIPO": "N/A", "NUMERO": "N/A", "DERE_TRAN": "N/A", "ADMINISTRA": "N/A", "NUME_CARR": "N/A", "CONDICION": "N/A", "ORIGEN": "BCU", "CALI_REPR": "N/A", "CVEGEO": "140500001", "NOMVIAL": "NINGUNO", "SENTIDO": "UN SENTIDO", "LONGITUD": 67.45, "UNIDAD": "e14" }, "geometry": { "type": "LineString", "coordinates": [ [ -103.4326424, 20.2814409 ], [ -103.4327199, 20.2808336 ] ] } },
{ "type": "Feature", "properties": { "ID": 1728181, "TIPOVIA": "PRIVADA", "TIPO": "N/A", "NUMERO": "N/A", "DERE_TRAN": "N/A", "ADMINISTRA": "N/A", "NUME_CARR": "N/A", "CONDICION": "N/A", "ORIGEN": "BCU", "CALI_REPR": "N/A", "CVEGEO": "140500001", "NOMVIAL": "NINGUNO", "SENTIDO": "UN SENTIDO", "LONGITUD": 33.68, "UNIDAD": "e14" }, "geometry": { "type": "LineString", "coordinates": [ [ -103.428202, 20.2812098 ], [ -103.4281584, 20.2815125 ] ] } },
{ "type": "Feature", "properties": { "ID": 1728182, "TIPOVIA": "PRIVADA", "TIPO": "N/A", "NUMERO": "N/A", "DERE_TRAN": "N/A", "ADMINISTRA": "N/A", "NUME_CARR": "N/A", "CONDICION": "N/A", "ORIGEN": "BCU", "CALI_REPR": "N/A", "CVEGEO": "140500001", "NOMVIAL": "NINGUNO", "SENTIDO": "UN SENTIDO", "LONGITUD": 64.16, "UNIDAD": "e14" }, "geometry": { "type": "LineString", "coordinates": [ [ -103.4329829, 20.2814728 ], [ -103.4330923, 20.2809003 ] ] } },
{ "type": "Feature", "properties": { "ID": 1728188, "TIPOVIA": "CALLE", "TIPO": "N/A", "NUMERO": "N/A", "DERE_TRAN": "N/A", "ADMINISTRA": "N/A", "NUME_CARR": "N/A", "CONDICION": "N/A", "ORIGEN": "BCU", "CALI_REPR": "N/A", "CVEGEO": "140500001", "NOMVIAL": "INDEPENDENCIA SUR", "SENTIDO": "UN SENTIDO", "LONGITUD": 65.84, "UNIDAD": "e14" }, "geometry": { "type": "LineString", "coordinates": [ [ -103.4333375, 20.2809441 ], [ -103.4332306, 20.2815325 ] ] } },
{ "type": "Feature", "properties": { "ID": 1728193, "TIPOVIA": "PRIVADA", "TIPO": "N/A", "NUMERO": "N/A", "DERE_TRAN": "N/A", "ADMINISTRA": "N/A", "NUME_CARR": "N/A", "CONDICION": "N/A", "ORIGEN": "BCU", "CALI_REPR": "N/A", "CVEGEO": "140500001", "NOMVIAL": "HERMENEGILDO GALEANA", "SENTIDO": "UN SENTIDO", "LONGITUD": 35.77, "UNIDAD": "e14" }, "geometry": { "type": "LineString", "coordinates": [ [ -103.4286525, 20.2813105 ], [ -103.4286215, 20.2816336 ] ] } },
{ "type": "Feature", "properties": { "ID": 1728194, "TIPOVIA": "PRIVADA", "TIPO": "N/A", "NUMERO": "N/A", "DERE_TRAN": "N/A", "ADMINISTRA": "N/A", "NUME_CARR": "N/A", "CONDICION": "N/A", "ORIGEN": "BCU", "CALI_REPR": "N/A", "CVEGEO": "140500001", "NOMVIAL": "MATAMOROS", "SENTIDO": "UN SENTIDO", "LONGITUD": 37.9, "UNIDAD": "e14" }, "geometry": { "type": "LineString", "coordinates": [ [ -103.4282633, 20.2815711 ], [ -103.4286215, 20.2816336 ] ] } },
{ "type": "Feature", "properties": { "ID": 1728195, "TIPOVIA": "CALLE", "TIPO": "N/A", "NUMERO": "N/A", "DERE_TRAN": "N/A", "ADMINISTRA": "N/A", "NUME_CARR": "N/A", "CONDICION": "N/A", "ORIGEN": "BCU", "CALI_REPR": "N/A", "CVEGEO": "140500001", "NOMVIAL": "PASEO DE LAS ROSAS", "SENTIDO": "UN SENTIDO", "LONGITUD": 187.45, "UNIDAD": "e14" }, "geometry": { "type": "LineString", "coordinates": [ [ -103.4418599, 20.2815314 ], [ -103.4422401, 20.2798699 ] ] } },
{ "type": "Feature", "properties": { "ID": 1728196, "TIPOVIA": "CALLE", "TIPO": "N/A", "NUMERO": "N/A", "DERE_TRAN": "N/A", "ADMINISTRA": "N/A", "NUME_CARR": "N/A", "CONDICION": "N/A", "ORIGEN": "BCU", "CALI_REPR": "N/A", "CVEGEO": "140500001", "NOMVIAL": "MATAMOROS SUR", "SENTIDO": "UN SENTIDO", "LONGITUD": 154.5, "UNIDAD": "e14" }, "geometry": { "type": "LineString", "coordinates": [ [ -103.4291935, 20.28027 ], [ -103.4290112, 20.2816604 ] ] } },
{ "type": "Feature", "properties": { "ID": 1728197, "TIPOVIA": "PRIVADA", "TIPO": "N/A", "NUMERO": "N/A", "DERE_TRAN": "N/A", "ADMINISTRA": "N/A", "NUME_CARR": "N/A", "CONDICION": "N/A", "ORIGEN": "BCU", "CALI_REPR": "N/A", "CVEGEO": "140500001", "NOMVIAL": "MATAMOROS", "SENTIDO": "UN SENTIDO", "LONGITUD": 40.65, "UNIDAD": "e14" }, "geometry": { "type": "LineString", "coordinates": [ [ -103.4286215, 20.2816336 ], [ -103.4290112, 20.2816604 ] ] } },
{ "type": "Feature", "properties": { "ID": 1728200, "TIPOVIA": "CALLE", "TIPO": "N/A", "NUMERO": "N/A", "DERE_TRAN": "N/A", "ADMINISTRA": "N/A", "NUME_CARR": "N/A", "CONDICION": "N/A", "ORIGEN": "BCU", "CALI_REPR": "N/A", "CVEGEO": "140500001", "NOMVIAL": "CRISTÓBAL COLÓN", "SENTIDO": "UN SENTIDO", "LONGITUD": 80.77, "UNIDAD": "e14" }, "geometry": { "type": "LineString", "coordinates": [ [ -103.4200285, 20.2817715 ], [ -103.420237, 20.281066 ] ] } },
{ "type": "Feature", "properties": { "ID": 1728201, "TIPOVIA": "PRIVADA", "TIPO": "N/A", "NUMERO": "N/A", "DERE_TRAN": "N/A", "ADMINISTRA": "N/A", "NUME_CARR": "N/A", "CONDICION": "N/A", "ORIGEN": "BCU", "CALI_REPR": "N/A", "CVEGEO": "140500001", "NOMVIAL": "RODRIGO DE TRIANA", "SENTIDO": "UN SENTIDO", "LONGITUD": 128.02, "UNIDAD": "e14" }, "geometry": { "type": "LineString", "coordinates": [ [ -103.4188477, 20.2814451 ], [ -103.4200285, 20.2817715 ] ] } },
{ "type": "Feature", "properties": { "ID": 1728202, "TIPOVIA": "CALLE", "TIPO": "N/A", "NUMERO": "N/A", "DERE_TRAN": "N/A", "ADMINISTRA": "N/A", "NUME_CARR": "N/A", "CONDICION": "N/A", "ORIGEN": "BCU", "CALI_REPR": "N/A", "CVEGEO": "140500001", "NOMVIAL": "PEDRO MORENO SUR", "SENTIDO": "UN SENTIDO", "LONGITUD": 68.39, "UNIDAD": "e14" }, "geometry": { "type": "LineString", "coordinates": [ [ -103.4274457, 20.2810945 ], [ -103.4273333, 20.2817055 ] ] } },
{ "type": "Feature", "properties": { "ID": 1728203, "TIPOVIA": "PRIVADA", "TIPO": "N/A", "NUMERO": "N/A", "DERE_TRAN": "N/A", "ADMINISTRA": "N/A", "NUME_CARR": "N/A", "CONDICION": "N/A", "ORIGEN": "BCU", "CALI_REPR": "N/A", "CVEGEO": "140500001", "NOMVIAL": "PEDRO MORENO", "SENTIDO": "UN SENTIDO", "LONGITUD": 47.06, "UNIDAD": "e14" }, "geometry": { "type": "LineString", "coordinates": [ [ -103.4268849, 20.2816501 ], [ -103.4273333, 20.2817055 ] ] } },
{ "type": "Feature", "properties": { "ID": 1728204, "TIPOVIA": "CALLE", "TIPO": "N/A", "NUMERO": "23", "DERE_TRAN": "LIBRE", "ADMINISTRA": "FEDERAL", "NUME_CARR": "N/A", "CONDICION": "N/A", "ORIGEN": "BCU", "CALI_REPR": "N/A", "CVEGEO": "140500001", "NOMVIAL": "VICENTE GUERRERO PONIENTE", "SENTIDO": "UN SENTIDO", "LONGITUD": 550.6, "UNIDAD": "e14" }, "geometry": { "type": "LineString", "coordinates": [ [ -103.4372879, 20.2816267 ], [ -103.4387922, 20.2811327 ], [ -103.4422401, 20.2798699 ] ] } },
{ "type": "Feature", "properties": { "ID": 1728208, "TIPOVIA": "CALLE", "TIPO": "N/A", "NUMERO": "N/A", "DERE_TRAN": "N/A", "ADMINISTRA": "N/A", "NUME_CARR": "N/A", "CONDICION": "N/A", "ORIGEN": "BCU", "CALI_REPR": "N/A", "CVEGEO": "140500001", "NOMVIAL": "PRIMERO DE MAYO", "SENTIDO": "UN SENTIDO", "LONGITUD": 62.27, "UNIDAD": "e14" }, "geometry": { "type": "LineString", "coordinates": [ [ -103.4342076, 20.2816968 ], [ -103.4342579, 20.2811826 ], [ -103.4342514, 20.2811347 ] ] } },
{ "type": "Feature", "properties": { "ID": 1728209, "TIPOVIA": "CALLE", "TIPO": "N/A", "NUMERO": "N/A", "DERE_TRAN": "N/A", "ADMINISTRA": "N/A", "NUME_CARR": "N/A", "CONDICION": "N/A", "ORIGEN": "BCU", "CALI_REPR": "N/A", "CVEGEO": "140500001", "NOMVIAL": "EMILIANO ZAPATA", "SENTIDO": "UN SENTIDO", "LONGITUD": 103.26, "UNIDAD": "e14" }, "geometry": { "type": "LineString", "coordinates": [ [ -103.4332306, 20.2815325 ], [ -103.4342076, 20.2816968 ] ] } },
{ "type": "Feature", "properties": { "ID": 1728214, "TIPOVIA": "PRIVADA", "TIPO": "N/A", "NUMERO": "N/A", "DERE_TRAN": "N/A", "ADMINISTRA": "N/A", "NUME_CARR": "N/A", "CONDICION": "N/A", "ORIGEN": "BCU", "CALI_REPR": "N/A", "CVEGEO": "140500001", "NOMVIAL": "GONZÁLEZ ORTEGA SUR", "SENTIDO": "UN SENTIDO", "LONGITUD": 115.2, "UNIDAD": "e14" }, "geometry": { "type": "LineString", "coordinates": [ [ -103.4246737, 20.2808313 ], [ -103.4245003, 20.281863 ] ] } },
{ "type": "Feature", "properties": { "ID": 1728215, "TIPOVIA": "CALLE", "TIPO": "N/A", "NUMERO": "N/A", "DERE_TRAN": "N/A", "ADMINISTRA": "N/A", "NUME_CARR": "N/A", "CONDICION": "N/A", "ORIGEN": "BCU", "CALI_REPR": "N/A", "CVEGEO": "140500001", "NOMVIAL": "VICENTE GUERRERO ORIENTE", "SENTIDO": "UN SENTIDO", "LONGITUD": 452.24, "UNIDAD": "e14" }, "geometry": { "type": "LineString", "coordinates": [ [ -103.420237, 20.281066 ], [ -103.4216327, 20.2813289 ], [ -103.4225074, 20.2814937 ], [ -103.4245003, 20.281863 ] ] } },
{ "type": "Feature", "properties": { "ID": 1728218, "TIPOVIA": "PRIVADA", "TIPO": "N/A", "NUMERO": "N/A", "DERE_TRAN": "N/A", "ADMINISTRA": "N/A", "NUME_CARR": "N/A", "CONDICION": "N/A", "ORIGEN": "BCU", "CALI_REPR": "N/A", "CVEGEO": "140500001", "NOMVIAL": "PRIMERO DE MAYO", "SENTIDO": "UN SENTIDO", "LONGITUD": 26.21, "UNIDAD": "e14" }, "geometry": { "type": "LineString", "coordinates": [ [ -103.4341974, 20.2819343 ], [ -103.4342076, 20.2816968 ] ] } },
{ "type": "Feature", "properties": { "ID": 1728219, "TIPOVIA": "CALLE", "TIPO": "N/A", "NUMERO": "N/A", "DERE_TRAN": "N/A", "ADMINISTRA": "N/A", "NUME_CARR": "N/A", "CONDICION": "N/A", "ORIGEN": "BCU", "CALI_REPR": "N/A", "CVEGEO": "140500001", "NOMVIAL": "PASEO DE LAS ROSAS", "SENTIDO": "UN SENTIDO", "LONGITUD": 39.3, "UNIDAD": "e14" }, "geometry": { "type": "LineString", "coordinates": [ [ -103.4417683, 20.2818771 ], [ -103.4418599, 20.2815314 ] ] } },
{ "type": "Feature", "properties": { "ID": 1728220, "TIPOVIA": "CALLE", "TIPO": "N/A", "NUMERO": "N/A", "DERE_TRAN": "N/A", "ADMINISTRA": "N/A", "NUME_CARR": "N/A", "CONDICION": "N/A", "ORIGEN": "BCU", "CALI_REPR": "N/A", "CVEGEO": "140500001", "NOMVIAL": "PASEO DE LAS ORQUÍDEAS", "SENTIDO": "UN SENTIDO", "LONGITUD": 78.91, "UNIDAD": "e14" }, "geometry": { "type": "LineString", "coordinates": [ [ -103.4410242, 20.2817391 ], [ -103.4417683, 20.2818771 ] ] } },
{ "type": "Feature", "properties": { "ID": 1728226, "TIPOVIA": "PROLONGACION", "TIPO": "N/A", "NUMERO": "N/A", "DERE_TRAN": "N/A", "ADMINISTRA": "N/A", "NUME_CARR": "N/A", "CONDICION": "N/A", "ORIGEN": "BCU", "CALI_REPR": "N/A", "CVEGEO": "140500001", "NOMVIAL": "JOSEFA ORTIZ DE DOMÍNGUEZ", "SENTIDO": "UN SENTIDO", "LONGITUD": 141.01, "UNIDAD": "e14" }, "geometry": { "type": "LineString", "coordinates": [ [ -103.4323067, 20.2807609 ], [ -103.4321364, 20.2820294 ] ] } },
{ "type": "Feature", "properties": { "ID": 1728227, "TIPOVIA": "PRIVADA", "TIPO": "N/A", "NUMERO": "N/A", "DERE_TRAN": "N/A", "ADMINISTRA": "N/A", "NUME_CARR": "N/A", "CONDICION": "N/A", "ORIGEN": "BCU", "CALI_REPR": "N/A", "CVEGEO": "140500001", "NOMVIAL": "NICOLÁS BRAVO SUR", "SENTIDO": "UN SENTIDO", "LONGITUD": 99.34, "UNIDAD": "e14" }, "geometry": { "type": "LineString", "coordinates": [ [ -103.4260908, 20.2821102 ], [ -103.4262839, 20.2812279 ] ] } },
{ "type": "Feature", "properties": { "ID": 1728228, "TIPOVIA": "CALLE", "TIPO": "N/A", "NUMERO": "N/A", "DERE_TRAN": "N/A", "ADMINISTRA": "N/A", "NUME_CARR": "N/A", "CONDICION": "N/A", "ORIGEN": "BCU", "CALI_REPR": "N/A", "CVEGEO": "140500001", "NOMVIAL": "VICENTE GUERRERO ORIENTE", "SENTIDO": "UN SENTIDO", "LONGITUD": 167.72, "UNIDAD": "e14" }, "geometry": { "type": "LineString", "coordinates": [ [ -103.4245003, 20.281863 ], [ -103.4260908, 20.2821102 ] ] } },
{ "type": "Feature", "properties": { "ID": 1728231, "TIPOVIA": "CALLE", "TIPO": "N/A", "NUMERO": "23", "DERE_TRAN": "LIBRE", "ADMINISTRA": "FEDERAL", "NUME_CARR": "N/A", "CONDICION": "N/A", "ORIGEN": "BCU", "CALI_REPR": "N/A", "CVEGEO": "140500001", "NOMVIAL": "VICENTE GUERRERO PONIENTE", "SENTIDO": "UN SENTIDO", "LONGITUD": 142.98, "UNIDAD": "e14" }, "geometry": { "type": "LineString", "coordinates": [ [ -103.4359898, 20.2820519 ], [ -103.4372879, 20.2816267 ] ] } },
{ "type": "Feature", "properties": { "ID": 1728232, "TIPOVIA": "PRIVADA", "TIPO": "N/A", "NUMERO": "N/A", "DERE_TRAN": "N/A", "ADMINISTRA": "N/A", "NUME_CARR": "N/A", "CONDICION": "N/A", "ORIGEN": "BCU", "CALI_REPR": "N/A", "CVEGEO": "140500001", "NOMVIAL": "REVOLUCIÓN", "SENTIDO": "UN SENTIDO", "LONGITUD": 51.19, "UNIDAD": "e14" }, "geometry": { "type": "LineString", "coordinates": [ [ -103.4321364, 20.2820294 ], [ -103.4326223, 20.2821023 ] ] } },
{ "type": "Feature", "properties": { "ID": 1728233, "TIPOVIA": "CALLE", "TIPO": "N/A", "NUMERO": "N/A", "DERE_TRAN": "N/A", "ADMINISTRA": "N/A", "NUME_CARR": "N/A", "CONDICION": "N/A", "ORIGEN": "BCU", "CALI_REPR": "N/A", "CVEGEO": "140500001", "NOMVIAL": "PASEO DE LAS VIOLETAS", "SENTIDO": "UN SENTIDO", "LONGITUD": 41.36, "UNIDAD": "e14" }, "geometry": { "type": "LineString", "coordinates": [ [ -103.440928, 20.282103 ], [ -103.4410242, 20.2817391 ] ] } },
{ "type": "Feature", "properties": { "ID": 1728234, "TIPOVIA": "CALLE", "TIPO": "N/A", "NUMERO": "15", "DERE_TRAN": "LIBRE", "ADMINISTRA": "FEDERAL", "NUME_CARR": "N/A", "CONDICION": "N/A", "ORIGEN": "BCU", "CALI_REPR": "N/A", "CVEGEO": "140500001", "NOMVIAL": "NINGUNO", "SENTIDO": "UN SENTIDO", "LONGITUD": 308.22, "UNIDAD": "e14" }, "geometry": { "type": "LineString", "coordinates": [ [ -103.4477448, 20.2794729 ], [ -103.4488993, 20.2820468 ] ] } },
{ "type": "Feature", "properties": { "ID": 1728238, "TIPOVIA": "CALLE", "TIPO": "N/A", "NUMERO": "N/A", "DERE_TRAN": "N/A", "ADMINISTRA": "N/A", "NUME_CARR": "N/A", "CONDICION": "N/A", "ORIGEN": "BCU", "CALI_REPR": "N/A", "CVEGEO": "140500001", "NOMVIAL": "PEDRO MORENO SUR", "SENTIDO": "UN SENTIDO", "LONGITUD": 64.71, "UNIDAD": "e14" }, "geometry": { "type": "LineString", "coordinates": [ [ -103.4273333, 20.2817055 ], [ -103.4271959, 20.2822779 ] ] } },
{ "type": "Feature", "properties": { "ID": 1728239, "TIPOVIA": "CALLE", "TIPO": "N/A", "NUMERO": "N/A", "DERE_TRAN": "N/A", "ADMINISTRA": "N/A", "NUME_CARR": "N/A", "CONDICION": "N/A", "ORIGEN": "BCU", "CALI_REPR": "N/A", "CVEGEO": "140500001", "NOMVIAL": "VICENTE GUERRERO ORIENTE", "SENTIDO": "UN SENTIDO", "LONGITUD": 116.47, "UNIDAD": "e14" }, "geometry": { "type": "LineString", "coordinates": [ [ -103.4260908, 20.2821102 ], [ -103.4271959, 20.2822779 ] ] } },
{ "type": "Feature", "properties": { "ID": 1728240, "TIPOVIA": "CALLE", "TIPO": "N/A", "NUMERO": "N/A", "DERE_TRAN": "N/A", "ADMINISTRA": "N/A", "NUME_CARR": "N/A", "CONDICION": "N/A", "ORIGEN": "BCU", "CALI_REPR": "N/A", "CVEGEO": "140500001", "NOMVIAL": "VICENTE GUERRERO ORIENTE", "SENTIDO": "UN SENTIDO", "LONGITUD": 37.92, "UNIDAD": "e14" }, "geometry": { "type": "LineString", "coordinates": [ [ -103.4271959, 20.2822779 ], [ -103.4275571, 20.2823242 ] ] } },
{ "type": "Feature", "properties": { "ID": 1728244, "TIPOVIA": "CALLE", "TIPO": "N/A", "NUMERO": "N/A", "DERE_TRAN": "N/A", "ADMINISTRA": "N/A", "NUME_CARR": "N/A", "CONDICION": "N/A", "ORIGEN": "BCU", "CALI_REPR": "N/A", "CVEGEO": "140500001", "NOMVIAL": "VICENTE GUERRERO ORIENTE", "SENTIDO": "UN SENTIDO", "LONGITUD": 50.46, "UNIDAD": "e14" }, "geometry": { "type": "LineString", "coordinates": [ [ -103.4275571, 20.2823242 ], [ -103.4280377, 20.2823859 ] ] } },
{ "type": "Feature", "properties": { "ID": 1728245, "TIPOVIA": "CALLE", "TIPO": "N/A", "NUMERO": "23", "DERE_TRAN": "LIBRE", "ADMINISTRA": "FEDERAL", "NUME_CARR": "N/A", "CONDICION": "N/A", "ORIGEN": "BCU", "CALI_REPR": "N/A", "CVEGEO": "140500001", "NOMVIAL": "VICENTE GUERRERO PONIENTE", "SENTIDO": "UN SENTIDO", "LONGITUD": 78.65, "UNIDAD": "e14" }, "geometry": { "type": "LineString", "coordinates": [ [ -103.4352899, 20.2823213 ], [ -103.4359898, 20.2820519 ] ] } },
{ "type": "Feature", "properties": { "ID": 1728246, "TIPOVIA": "CALLE", "TIPO": "N/A", "NUMERO": "N/A", "DERE_TRAN": "N/A", "ADMINISTRA": "N/A", "NUME_CARR": "N/A", "CONDICION": "N/A", "ORIGEN": "BCU", "CALI_REPR": "N/A", "CVEGEO": "140500001", "NOMVIAL": "LOS ARCOS", "SENTIDO": "UN SENTIDO", "LONGITUD": 63.63, "UNIDAD": "e14" }, "geometry": { "type": "LineString", "coordinates": [ [ -103.4222501, 20.2819095 ], [ -103.4221366, 20.2824765 ] ] } },
{ "type": "Feature", "properties": { "ID": 1728247, "TIPOVIA": "PRIVADA", "TIPO": "N/A", "NUMERO": "N/A", "DERE_TRAN": "N/A", "ADMINISTRA": "N/A", "NUME_CARR": "N/A", "CONDICION": "N/A", "ORIGEN": "BCU", "CALI_REPR": "N/A", "CVEGEO": "140500001", "NOMVIAL": "JUÁREZ ORIENTE", "SENTIDO": "UN SENTIDO", "LONGITUD": 29.34, "UNIDAD": "e14" }, "geometry": { "type": "LineString", "coordinates": [ [ -103.4218574, 20.2824395 ], [ -103.4221366, 20.2824765 ] ] } },
{ "type": "Feature", "properties": { "ID": 1728248, "TIPOVIA": "CALLE", "TIPO": "N/A", "NUMERO": "N/A", "DERE_TRAN": "N/A", "ADMINISTRA": "N/A", "NUME_CARR": "N/A", "CONDICION": "N/A", "ORIGEN": "BCU", "CALI_REPR": "N/A", "CVEGEO": "140500001", "NOMVIAL": "RIVERA DEL LAGO", "SENTIDO": "UN SENTIDO", "LONGITUD": 223.13, "UNIDAD": "e14" }, "geometry": { "type": "LineString", "coordinates": [ [ -103.4178148, 20.2825617 ], [ -103.418397, 20.2811765 ], [ -103.4186747, 20.2807121 ] ] } },
{ "type": "Feature", "properties": { "ID": 1728252, "TIPOVIA": "CALLE", "TIPO": "N/A", "NUMERO": "N/A", "DERE_TRAN": "N/A", "ADMINISTRA": "N/A", "NUME_CARR": "N/A", "CONDICION": "N/A", "ORIGEN": "BCU", "CALI_REPR": "N/A", "CVEGEO": "140500001", "NOMVIAL": "MATAMOROS SUR", "SENTIDO": "UN SENTIDO", "LONGITUD": 93.08, "UNIDAD": "e14" }, "geometry": { "type": "LineString", "coordinates": [ [ -103.4290112, 20.2816604 ], [ -103.4289245, 20.2820242 ], [ -103.4288656, 20.2824921 ] ] } },
{ "type": "Feature", "properties": { "ID": 1728253, "TIPOVIA": "CALLE", "TIPO": "N/A", "NUMERO": "N/A", "DERE_TRAN": "N/A", "ADMINISTRA": "N/A", "NUME_CARR": "N/A", "CONDICION": "N/A", "ORIGEN": "BCU", "CALI_REPR": "N/A", "CVEGEO": "140500001", "NOMVIAL": "VICENTE GUERRERO ORIENTE", "SENTIDO": "UN SENTIDO", "LONGITUD": 86.94, "UNIDAD": "e14" }, "geometry": { "type": "LineString", "coordinates": [ [ -103.4280377, 20.2823859 ], [ -103.4288656, 20.2824921 ] ] } },
{ "type": "Feature", "properties": { "ID": 1728255, "TIPOVIA": "PRIVADA", "TIPO": "N/A", "NUMERO": "N/A", "DERE_TRAN": "N/A", "ADMINISTRA": "N/A", "NUME_CARR": "N/A", "CONDICION": "N/A", "ORIGEN": "BCU", "CALI_REPR": "N/A", "CVEGEO": "140500001", "NOMVIAL": "NINGUNO", "SENTIDO": "UN SENTIDO", "LONGITUD": 27.3, "UNIDAD": "e14" }, "geometry": { "type": "LineString", "coordinates": [ [ -103.4275188, 20.2825691 ], [ -103.4275571, 20.2823242 ] ] } },
{ "type": "Feature", "properties": { "ID": 1728256, "TIPOVIA": "CALLE", "TIPO": "N/A", "NUMERO": "N/A", "DERE_TRAN": "N/A", "ADMINISTRA": "N/A", "NUME_CARR": "N/A", "CONDICION": "N/A", "ORIGEN": "BCU", "CALI_REPR": "N/A", "CVEGEO": "140500001", "NOMVIAL": "GUADALUPE VICTORIA SUR", "SENTIDO": "UN SENTIDO", "LONGITUD": 248.26, "UNIDAD": "e14" }, "geometry": { "type": "LineString", "coordinates": [ [ -103.4298808, 20.2803497 ], [ -103.4297537, 20.2810478 ], [ -103.4295063, 20.2825729 ] ] } },
{ "type": "Feature", "properties": { "ID": 1728257, "TIPOVIA": "CALLE", "TIPO": "N/A", "NUMERO": "N/A", "DERE_TRAN": "N/A", "ADMINISTRA": "N/A", "NUME_CARR": "N/A", "CONDICION": "N/A", "ORIGEN": "BCU", "CALI_REPR": "N/A", "CVEGEO": "140500001", "NOMVIAL": "VICENTE GUERRERO ORIENTE", "SENTIDO": "UN SENTIDO", "LONGITUD": 67.26, "UNIDAD": "e14" }, "geometry": { "type": "LineString", "coordinates": [ [ -103.4288656, 20.2824921 ], [ -103.4295063, 20.2825729 ] ] } },
{ "type": "Feature", "properties": { "ID": 1728258, "TIPOVIA": "CALLE", "TIPO": "N/A", "NUMERO": "23", "DERE_TRAN": "LIBRE", "ADMINISTRA": "FEDERAL", "NUME_CARR": "N/A", "CONDICION": "N/A", "ORIGEN": "BCU", "CALI_REPR": "N/A", "CVEGEO": "140500001", "NOMVIAL": "VICENTE GUERRERO PONIENTE", "SENTIDO": "UN SENTIDO", "LONGITUD": 54.44, "UNIDAD": "e14" }, "geometry": { "type": "LineString", "coordinates": [ [ -103.434817, 20.2825326 ], [ -103.4352899, 20.2823213 ] ] } },
{ "type": "Feature", "properties": { "ID": 1728259, "TIPOVIA": "CALLE", "TIPO": "N/A", "NUMERO": "N/A", "DERE_TRAN": "N/A", "ADMINISTRA": "N/A", "NUME_CARR": "N/A", "CONDICION": "N/A", "ORIGEN": "BCU", "CALI_REPR": "N/A", "CVEGEO": "140500001", "NOMVIAL": "CHURUBUSCO", "SENTIDO": "UN SENTIDO", "LONGITUD": 137.9, "UNIDAD": "e14" }, "geometry": { "type": "LineString", "coordinates": [ [ -103.434817, 20.2825326 ], [ -103.4350616, 20.2813036 ] ] } },
{ "type": "Feature", "properties": { "ID": 1728264, "TIPOVIA": "CALLE", "TIPO": "N/A", "NUMERO": "23", "DERE_TRAN": "LIBRE", "ADMINISTRA": "FEDERAL", "NUME_CARR": "N/A", "CONDICION": "N/A", "ORIGEN": "BCU", "CALI_REPR": "N/A", "CVEGEO": "140500001", "NOMVIAL": "VICENTE GUERRERO PONIENTE", "SENTIDO": "UN SENTIDO", "LONGITUD": 194.65, "UNIDAD": "e14" }, "geometry": { "type": "LineString", "coordinates": [ [ -103.4330317, 20.283008 ], [ -103.4334195, 20.2830003 ], [ -103.4341218, 20.2827672 ], [ -103.434817, 20.2825326 ] ] } },
{ "type": "Feature", "properties": { "ID": 1728265, "TIPOVIA": "CALLE", "TIPO": "N/A", "NUMERO": "N/A", "DERE_TRAN": "N/A", "ADMINISTRA": "N/A", "NUME_CARR": "N/A", "CONDICION": "N/A", "ORIGEN": "BCU", "CALI_REPR": "N/A", "CVEGEO": "140500001", "NOMVIAL": "INDEPENDENCIA SUR", "SENTIDO": "UN SENTIDO", "LONGITUD": 164.03, "UNIDAD": "e14" }, "geometry": { "type": "LineString", "coordinates": [ [ -103.4332306, 20.2815325 ], [ -103.4331478, 20.2821758 ], [ -103.4330317, 20.283008 ] ] } },
{ "type": "Feature", "properties": { "ID": 1728266, "TIPOVIA": "CALLE", "TIPO": "N/A", "NUMERO": "23", "DERE_TRAN": "LIBRE", "ADMINISTRA": "FEDERAL", "NUME_CARR": "N/A", "CONDICION": "N/A", "ORIGEN": "BCU", "CALI_REPR": "N/A", "CVEGEO": "140500001", "NOMVIAL": "VICENTE GUERRERO PONIENTE", "SENTIDO": "UN SENTIDO", "LONGITUD": 104.06, "UNIDAD": "e14" }, "geometry": { "type": "LineString", "coordinates": [ [ -103.432038, 20.2829021 ], [ -103.4330317, 20.283008 ] ] } },
{ "type": "Feature", "properties": { "ID": 1728267, "TIPOVIA": "PRIVADA", "TIPO": "N/A", "NUMERO": "N/A", "DERE_TRAN": "N/A", "ADMINISTRA": "N/A", "NUME_CARR": "N/A", "CONDICION": "N/A", "ORIGEN": "BCU", "CALI_REPR": "N/A", "CVEGEO": "140500001", "NOMVIAL": "VICENTE GUERRERO", "SENTIDO": "UN SENTIDO", "LONGITUD": 15.09, "UNIDAD": "e14" }, "geometry": { "type": "LineString", "coordinates": [ [ -103.427901, 20.2830814 ], [ -103.4279213, 20.2829458 ] ] } },
{ "type": "Feature", "properties": { "ID": 1728269, "TIPOVIA": "CALLE", "TIPO": "N/A", "NUMERO": "N/A", "DERE_TRAN": "N/A", "ADMINISTRA": "N/A", "NUME_CARR": "N/A", "CONDICION": "N/A", "ORIGEN": "BCU", "CALI_REPR": "N/A", "CVEGEO": "140500001", "NOMVIAL": "NICOLÁS BRAVO SUR", "SENTIDO": "UN SENTIDO", "LONGITUD": 111.89, "UNIDAD": "e14" }, "geometry": { "type": "LineString", "coordinates": [ [ -103.4259016, 20.283109 ], [ -103.4260908, 20.2821102 ] ] } },
{ "type": "Feature", "properties": { "ID": 1728270, "TIPOVIA": "CALLE", "TIPO": "N/A", "NUMERO": "N/A", "DERE_TRAN": "N/A", "ADMINISTRA": "N/A", "NUME_CARR": "N/A", "CONDICION": "N/A", "ORIGEN": "BCU", "CALI_REPR": "N/A", "CVEGEO": "140500001", "NOMVIAL": "JUÁREZ ORIENTE", "SENTIDO": "UN SENTIDO", "LONGITUD": 166.06, "UNIDAD": "e14" }, "geometry": { "type": "LineString", "coordinates": [ [ -103.4243299, 20.2828472 ], [ -103.4259016, 20.283109 ] ] } },
{ "type": "Feature", "properties": { "ID": 1728271, "TIPOVIA": "PRIVADA", "TIPO": "N/A", "NUMERO": "N/A", "DERE_TRAN": "N/A", "ADMINISTRA": "N/A", "NUME_CARR": "N/A", "CONDICION": "N/A", "ORIGEN": "BCU", "CALI_REPR": "N/A", "CVEGEO": "140500001", "NOMVIAL": "CAMICHINES", "SENTIDO": "UN SENTIDO", "LONGITUD": 80.46, "UNIDAD": "e14" }, "geometry": { "type": "LineString", "coordinates": [ [ -103.4352899, 20.2823213 ], [ -103.4352462, 20.2830498 ] ] } },
{ "type": "Feature", "properties": { "ID": 1728276, "TIPOVIA": "OTRO", "TIPO": "N/A", "NUMERO": "N/A", "DERE_TRAN": "N/A", "ADMINISTRA": "N/A", "NUME_CARR": "N/A", "CONDICION": "N/A", "ORIGEN": "BCU", "CALI_REPR": "N/A", "CVEGEO": "140500011", "NOMVIAL": "LÍMITE PREDIAL", "SENTIDO": "N/A", "LONGITUD": 624.36, "UNIDAD": "e14" }, "geometry": { "type": "MultiLineString", "coordinates": [ [ [ -103.3371172, 20.2834985 ], [ -103.3371172, 20.2834986 ], [ -103.3366443, 20.2833839 ] ], [ [ -103.3352735, 20.2829831 ], [ -103.3350887, 20.2829041 ], [ -103.3345974, 20.2831555 ] ], [ [ -103.3335064, 20.2836405 ], [ -103.3331061, 20.283721 ], [ -103.3328524, 20.2838061 ] ] ] } },
{ "type": "Feature", "properties": { "ID": 1728281, "TIPOVIA": "CALLE", "TIPO": "N/A", "NUMERO": "N/A", "DERE_TRAN": "N/A", "ADMINISTRA": "N/A", "NUME_CARR": "N/A", "CONDICION": "N/A", "ORIGEN": "BCU", "CALI_REPR": "N/A", "CVEGEO": "140500001", "NOMVIAL": "LOS ARCOS", "SENTIDO": "UN SENTIDO", "LONGITUD": 91.02, "UNIDAD": "e14" }, "geometry": { "type": "LineString", "coordinates": [ [ -103.4221366, 20.2824765 ], [ -103.4220014, 20.283292 ] ] } },
{ "type": "Feature", "properties": { "ID": 1728282, "TIPOVIA": "CALLE", "TIPO": "N/A", "NUMERO": "N/A", "DERE_TRAN": "N/A", "ADMINISTRA": "N/A", "NUME_CARR": "N/A", "CONDICION": "N/A", "ORIGEN": "BCU", "CALI_REPR": "N/A", "CVEGEO": "140500001", "NOMVIAL": "JOSÉ SANTANA ORIENTE", "SENTIDO": "UN SENTIDO", "LONGITUD": 166.04, "UNIDAD": "e14" }, "geometry": { "type": "LineString", "coordinates": [ [ -103.4220014, 20.283292 ], [ -103.4212369, 20.2831669 ], [ -103.4204283, 20.2830391 ] ] } },
{ "type": "Feature", "properties": { "ID": 1728287, "TIPOVIA": "CALLE", "TIPO": "N/A", "NUMERO": "N/A", "DERE_TRAN": "N/A", "ADMINISTRA": "N/A", "NUME_CARR": "N/A", "CONDICION": "N/A", "ORIGEN": "BCU", "CALI_REPR": "N/A", "CVEGEO": "140500001", "NOMVIAL": "PASEO DE LAS VIOLETAS", "SENTIDO": "UN SENTIDO", "LONGITUD": 61.91, "UNIDAD": "e14" }, "geometry": { "type": "LineString", "coordinates": [ [ -103.440645, 20.2831252 ], [ -103.4407938, 20.2825815 ] ] } },
{ "type": "Feature", "properties": { "ID": 1728293, "TIPOVIA": "CALLE", "TIPO": "N/A", "NUMERO": "N/A", "DERE_TRAN": "N/A", "ADMINISTRA": "N/A", "NUME_CARR": "N/A", "CONDICION": "N/A", "ORIGEN": "BCU", "CALI_REPR": "N/A", "CVEGEO": "140500001", "NOMVIAL": "PEDRO MORENO SUR", "SENTIDO": "UN SENTIDO", "LONGITUD": 116.4, "UNIDAD": "e14" }, "geometry": { "type": "LineString", "coordinates": [ [ -103.4271959, 20.2822779 ], [ -103.4270248, 20.283321 ] ] } },
{ "type": "Feature", "properties": { "ID": 1728294, "TIPOVIA": "CALLE", "TIPO": "N/A", "NUMERO": "N/A", "DERE_TRAN": "N/A", "ADMINISTRA": "N/A", "NUME_CARR": "N/A", "CONDICION": "N/A", "ORIGEN": "BCU", "CALI_REPR": "N/A", "CVEGEO": "140500001", "NOMVIAL": "JUÁREZ ORIENTE", "SENTIDO": "UN SENTIDO", "LONGITUD": 119.18, "UNIDAD": "e14" }, "geometry": { "type": "LineString", "coordinates": [ [ -103.4259016, 20.283109 ], [ -103.4270248, 20.283321 ] ] } },
{ "type": "Feature", "properties": { "ID": 1728305, "TIPOVIA": "OTRO", "TIPO": "N/A", "NUMERO": "N/A", "DERE_TRAN": "N/A", "ADMINISTRA": "N/A", "NUME_CARR": "N/A", "CONDICION": "N/A", "ORIGEN": "BCU", "CALI_REPR": "N/A", "CVEGEO": "140500011", "NOMVIAL": "LÍMITE PREDIAL", "SENTIDO": "N/A", "LONGITUD": 154.28, "UNIDAD": "e14" }, "geometry": { "type": "MultiLineString", "coordinates": [ [ [ -103.340525, 20.2836857 ], [ -103.3403347, 20.2835984 ], [ -103.3402023, 20.2835553 ] ], [ [ -103.3399305, 20.2834862 ], [ -103.3397708, 20.2834533 ] ] ] } },
{ "type": "Feature", "properties": { "ID": 1728313, "TIPOVIA": "OTRO", "TIPO": "N/A", "NUMERO": "N/A", "DERE_TRAN": "N/A", "ADMINISTRA": "N/A", "NUME_CARR": "N/A", "CONDICION": "N/A", "ORIGEN": "BCU", "CALI_REPR": "N/A", "CVEGEO": "140500011", "NOMVIAL": "LÍMITE PREDIAL", "SENTIDO": "N/A", "LONGITUD": 344.55, "UNIDAD": "e14" }, "geometry": { "type": "MultiLineString", "coordinates": [ [ [ -103.331374, 20.2840579 ], [ -103.3311271, 20.2839844 ], [ -103.331, 20.2839228 ] ], [ [ -103.3298462, 20.2842227 ], [ -103.3297257, 20.2842778 ], [ -103.3297257, 20.2842778 ] ], [ [ -103.3289941, 20.2843473 ], [ -103.3288986, 20.2843481 ] ] ] } },
{ "type": "Feature", "properties": { "ID": 1728314, "TIPOVIA": "CALLE", "TIPO": "N/A", "NUMERO": "N/A", "DERE_TRAN": "N/A", "ADMINISTRA": "N/A", "NUME_CARR": "N/A", "CONDICION": "N/A", "ORIGEN": "BCU", "CALI_REPR": "N/A", "CVEGEO": "140500001", "NOMVIAL": "PASEO DE LAS ROSAS", "SENTIDO": "UN SENTIDO", "LONGITUD": 55.13, "UNIDAD": "e14" }, "geometry": { "type": "LineString", "coordinates": [ [ -103.4414997, 20.2833572 ], [ -103.4416037, 20.282867 ] ] } },
{ "type": "Feature", "properties": { "ID": 1728315, "TIPOVIA": "CALLE", "TIPO": "N/A", "NUMERO": "N/A", "DERE_TRAN": "N/A", "ADMINISTRA": "N/A", "NUME_CARR": "N/A", "CONDICION": "N/A", "ORIGEN": "BCU", "CALI_REPR": "N/A", "CVEGEO": "140500001", "NOMVIAL": "PASEO DE LAS GARDENIAS", "SENTIDO": "UN SENTIDO", "LONGITUD": 112.74, "UNIDAD": "e14" }, "geometry": { "type": "LineString", "coordinates": [ [ -103.4407938, 20.2825815 ], [ -103.4414997, 20.2833572 ] ] } },
{ "type": "Feature", "properties": { "ID": 1728324, "TIPOVIA": "CALLE", "TIPO": "N/A", "NUMERO": "N/A", "DERE_TRAN": "N/A", "ADMINISTRA": "N/A", "NUME_CARR": "N/A", "CONDICION": "N/A", "ORIGEN": "BCU", "CALI_REPR": "N/A", "CVEGEO": "140500001", "NOMVIAL": "GONZÁLEZ ORTEGA SUR", "SENTIDO": "UN SENTIDO", "LONGITUD": 88.23, "UNIDAD": "e14" }, "geometry": { "type": "LineString", "coordinates": [ [ -103.4243299, 20.2828472 ], [ -103.4241977, 20.2836375 ] ] } },
{ "type": "Feature", "properties": { "ID": 1728325, "TIPOVIA": "CALLE", "TIPO": "N/A", "NUMERO": "N/A", "DERE_TRAN": "N/A", "ADMINISTRA": "N/A", "NUME_CARR": "N/A", "CONDICION": "N/A", "ORIGEN": "BCU", "CALI_REPR": "N/A", "CVEGEO": "140500001", "NOMVIAL": "JOSÉ SANTANA ORIENTE", "SENTIDO": "UN SENTIDO", "LONGITUD": 231.7, "UNIDAD": "e14" }, "geometry": { "type": "LineString", "coordinates": [ [ -103.4241977, 20.2836375 ], [ -103.4235709, 20.2835301 ], [ -103.4220014, 20.283292 ] ] } },
{ "type": "Feature", "properties": { "ID": 1728326, "TIPOVIA": "CALLE", "TIPO": "N/A", "NUMERO": "N/A", "DERE_TRAN": "N/A", "ADMINISTRA": "N/A", "NUME_CARR": "N/A", "CONDICION": "N/A", "ORIGEN": "BCU", "CALI_REPR": "N/A", "CVEGEO": "140500001", "NOMVIAL": "RIVERA DEL LAGO", "SENTIDO": "UN SENTIDO", "LONGITUD": 134.54, "UNIDAD": "e14" }, "geometry": { "type": "LineString", "coordinates": [ [ -103.4173676, 20.2837064 ], [ -103.4178148, 20.2825617 ] ] } },
{ "type": "Feature", "properties": { "ID": 1728327, "TIPOVIA": "CALLE", "TIPO": "N/A", "NUMERO": "N/A", "DERE_TRAN": "N/A", "ADMINISTRA": "N/A", "NUME_CARR": "N/A", "CONDICION": "N/A", "ORIGEN": "BCU", "CALI_REPR": "N/A", "CVEGEO": "140500001", "NOMVIAL": "MIGUEL ARANA", "SENTIDO": "UN SENTIDO", "LONGITUD": 105.47, "UNIDAD": "e14" }, "geometry": { "type": "LineString", "coordinates": [ [ -103.4163703, 20.2835356 ], [ -103.4173676, 20.2837064 ] ] } },
{ "type": "Feature", "properties": { "ID": 1728331, "TIPOVIA": "CALLE", "TIPO": "N/A", "NUMERO": "N/A", "DERE_TRAN": "N/A", "ADMINISTRA": "N/A", "NUME_CARR": "N/A", "CONDICION": "N/A", "ORIGEN": "BCU", "CALI_REPR": "N/A", "CVEGEO": "140500001", "NOMVIAL": "MATAMOROS SUR", "SENTIDO": "UN SENTIDO", "LONGITUD": 127.4, "UNIDAD": "e14" }, "geometry": { "type": "LineString", "coordinates": [ [ -103.4288656, 20.2824921 ], [ -103.4288045, 20.2829773 ], [ -103.4286679, 20.2836314 ] ] } },
{ "type": "Feature", "properties": { "ID": 1728332, "TIPOVIA": "CALLE", "TIPO": "N/A", "NUMERO": "N/A", "DERE_TRAN": "N/A", "ADMINISTRA": "N/A", "NUME_CARR": "N/A", "CONDICION": "N/A", "ORIGEN": "BCU", "CALI_REPR": "N/A", "CVEGEO": "140500001", "NOMVIAL": "JUÁREZ ORIENTE", "SENTIDO": "UN SENTIDO", "LONGITUD": 174.37, "UNIDAD": "e14" }, "geometry": { "type": "LineString", "coordinates": [ [ -103.4270248, 20.283321 ], [ -103.4286679, 20.2836314 ] ] } },
{ "type": "Feature", "properties": { "ID": 1728334, "TIPOVIA": "CALLE", "TIPO": "N/A", "NUMERO": "N/A", "DERE_TRAN": "N/A", "ADMINISTRA": "N/A", "NUME_CARR": "N/A", "CONDICION": "N/A", "ORIGEN": "BCU", "CALI_REPR": "N/A", "CVEGEO": "140500001", "NOMVIAL": "INDEPENDENCIA SUR", "SENTIDO": "UN SENTIDO", "LONGITUD": 68.8, "UNIDAD": "e14" }, "geometry": { "type": "LineString", "coordinates": [ [ -103.4330317, 20.283008 ], [ -103.4329232, 20.2836235 ] ] } },
{ "type": "Feature", "properties": { "ID": 1728338, "TIPOVIA": "CALLE", "TIPO": "N/A", "NUMERO": "N/A", "DERE_TRAN": "N/A", "ADMINISTRA": "N/A", "NUME_CARR": "N/A", "CONDICION": "N/A", "ORIGEN": "BCU", "CALI_REPR": "N/A", "CVEGEO": "140500011", "NOMVIAL": "LÓPEZ COTILLA", "SENTIDO": "UN SENTIDO", "LONGITUD": 166.28, "UNIDAD": "e14" }, "geometry": { "type": "LineString", "coordinates": [ [ -103.337444, 20.2830604 ], [ -103.3370742, 20.2844687 ], [ -103.3370789, 20.2845255 ] ] } },
{ "type": "Feature", "properties": { "ID": 1728339, "TIPOVIA": "CALLE", "TIPO": "N/A", "NUMERO": "N/A", "DERE_TRAN": "N/A", "ADMINISTRA": "N/A", "NUME_CARR": "N/A", "CONDICION": "N/A", "ORIGEN": "BCU", "CALI_REPR": "N/A", "CVEGEO": "140500001", "NOMVIAL": "MIGUEL ARANA", "SENTIDO": "UN SENTIDO", "LONGITUD": 73.05, "UNIDAD": "e14" }, "geometry": { "type": "LineString", "coordinates": [ [ -103.4173676, 20.2837064 ], [ -103.4180586, 20.2838233 ] ] } },
{ "type": "Feature", "properties": { "ID": 1728346, "TIPOVIA": "CALLE", "TIPO": "N/A", "NUMERO": "N/A", "DERE_TRAN": "N/A", "ADMINISTRA": "N/A", "NUME_CARR": "N/A", "CONDICION": "N/A", "ORIGEN": "BCU", "CALI_REPR": "N/A", "CVEGEO": "140500001", "NOMVIAL": "GUADALUPE VICTORIA SUR", "SENTIDO": "UN SENTIDO", "LONGITUD": 131.08, "UNIDAD": "e14" }, "geometry": { "type": "LineString", "coordinates": [ [ -103.4295063, 20.2825729 ], [ -103.4294367, 20.2829474 ], [ -103.4293118, 20.2837472 ] ] } },
{ "type": "Feature", "properties": { "ID": 1728347, "TIPOVIA": "CALLE", "TIPO": "N/A", "NUMERO": "N/A", "DERE_TRAN": "N/A", "ADMINISTRA": "N/A", "NUME_CARR": "N/A", "CONDICION": "N/A", "ORIGEN": "BCU", "CALI_REPR": "N/A", "CVEGEO": "140500001", "NOMVIAL": "JUÁREZ ORIENTE", "SENTIDO": "UN SENTIDO", "LONGITUD": 68.2, "UNIDAD": "e14" }, "geometry": { "type": "LineString", "coordinates": [ [ -103.4286679, 20.2836314 ], [ -103.4293118, 20.2837472 ] ] } },
{ "type": "Feature", "properties": { "ID": 1728356, "TIPOVIA": "CALLE", "TIPO": "N/A", "NUMERO": "N/A", "DERE_TRAN": "N/A", "ADMINISTRA": "N/A", "NUME_CARR": "N/A", "CONDICION": "N/A", "ORIGEN": "BCU", "CALI_REPR": "N/A", "CVEGEO": "140500001", "NOMVIAL": "PASEO DE LAS VIOLETAS", "SENTIDO": "UN SENTIDO", "LONGITUD": 66.55, "UNIDAD": "e14" }, "geometry": { "type": "LineString", "coordinates": [ [ -103.4404618, 20.2837034 ], [ -103.440645, 20.2831252 ] ] } },
{ "type": "Feature", "properties": { "ID": 1728362, "TIPOVIA": "CALLE", "TIPO": "N/A", "NUMERO": "N/A", "DERE_TRAN": "N/A", "ADMINISTRA": "N/A", "NUME_CARR": "N/A", "CONDICION": "N/A", "ORIGEN": "BCU", "CALI_REPR": "N/A", "CVEGEO": "140500001", "NOMVIAL": "NICOLÁS BRAVO SUR", "SENTIDO": "UN SENTIDO", "LONGITUD": 89.01, "UNIDAD": "e14" }, "geometry": { "type": "LineString", "coordinates": [ [ -103.4257509, 20.2839035 ], [ -103.4259016, 20.283109 ] ] } },
{ "type": "Feature", "properties": { "ID": 1728363, "TIPOVIA": "CALLE", "TIPO": "N/A", "NUMERO": "N/A", "DERE_TRAN": "N/A", "ADMINISTRA": "N/A", "NUME_CARR": "N/A", "CONDICION": "N/A", "ORIGEN": "BCU", "CALI_REPR": "N/A", "CVEGEO": "140500001", "NOMVIAL": "JOSÉ SANTANA ORIENTE", "SENTIDO": "UN SENTIDO", "LONGITUD": 164.25, "UNIDAD": "e14" }, "geometry": { "type": "LineString", "coordinates": [ [ -103.4257509, 20.2839035 ], [ -103.4241977, 20.2836375 ] ] } },
{ "type": "Feature", "properties": { "ID": 1728364, "TIPOVIA": "CALLE", "TIPO": "N/A", "NUMERO": "N/A", "DERE_TRAN": "N/A", "ADMINISTRA": "N/A", "NUME_CARR": "N/A", "CONDICION": "N/A", "ORIGEN": "BCU", "CALI_REPR": "N/A", "CVEGEO": "140500011", "NOMVIAL": "LA PAZ", "SENTIDO": "UN SENTIDO", "LONGITUD": 531.79, "UNIDAD": "e14" }, "geometry": { "type": "LineString", "coordinates": [ [ -103.3370789, 20.2845255 ], [ -103.3369905, 20.2844915 ], [ -103.3365421, 20.2843494 ], [ -103.3359044, 20.2841866 ], [ -103.3352712, 20.2841487 ], [ -103.3343222, 20.2843249 ], [ -103.3333877, 20.284521 ], [ -103.3328193, 20.2846333 ], [ -103.3320921, 20.2847716 ] ] } },
{ "type": "Feature", "properties": { "ID": 1728365, "TIPOVIA": "CALLE", "TIPO": "N/A", "NUMERO": "N/A", "DERE_TRAN": "N/A", "ADMINISTRA": "N/A", "NUME_CARR": "N/A", "CONDICION": "N/A", "ORIGEN": "BCU", "CALI_REPR": "N/A", "CVEGEO": "140500011", "NOMVIAL": "PAZ ORIENTE", "SENTIDO": "UN SENTIDO", "LONGITUD": 78.75, "UNIDAD": "e14" }, "geometry": { "type": "LineString", "coordinates": [ [ -103.3320921, 20.2847716 ], [ -103.3320691, 20.2843111 ], [ -103.3320652, 20.284058 ] ] } },
{ "type": "Feature", "properties": { "ID": 1728370, "TIPOVIA": "CALLE", "TIPO": "N/A", "NUMERO": "N/A", "DERE_TRAN": "N/A", "ADMINISTRA": "N/A", "NUME_CARR": "N/A", "CONDICION": "N/A", "ORIGEN": "BCU", "CALI_REPR": "N/A", "CVEGEO": "140500001", "NOMVIAL": "CRISTÓBAL COLÓN", "SENTIDO": "UN SENTIDO", "LONGITUD": 123.42, "UNIDAD": "e14" }, "geometry": { "type": "LineString", "coordinates": [ [ -103.4193062, 20.2840145 ], [ -103.419638, 20.28294 ] ] } },
{ "type": "Feature", "properties": { "ID": 1728371, "TIPOVIA": "CALLE", "TIPO": "N/A", "NUMERO": "N/A", "DERE_TRAN": "N/A", "ADMINISTRA": "N/A", "NUME_CARR": "N/A", "CONDICION": "N/A", "ORIGEN": "BCU", "CALI_REPR": "N/A", "CVEGEO": "140500001", "NOMVIAL": "MIGUEL ARANA", "SENTIDO": "UN SENTIDO", "LONGITUD": 131.52, "UNIDAD": "e14" }, "geometry": { "type": "LineString", "coordinates": [ [ -103.4180586, 20.2838233 ], [ -103.4193062, 20.2840145 ] ] } },
{ "type": "Feature", "properties": { "ID": 1728372, "TIPOVIA": "CALLE", "TIPO": "N/A", "NUMERO": "N/A", "DERE_TRAN": "N/A", "ADMINISTRA": "N/A", "NUME_CARR": "N/A", "CONDICION": "N/A", "ORIGEN": "BCU", "CALI_REPR": "N/A", "CVEGEO": "140500011", "NOMVIAL": "NARCISO MENDOZA", "SENTIDO": "UN SENTIDO", "LONGITUD": 189.95, "UNIDAD": "e14" }, "geometry": { "type": "LineString", "coordinates": [ [ -103.3377077, 20.284755 ], [ -103.3380688, 20.2830665 ] ] } },
{ "type": "Feature", "properties": { "ID": 1728373, "TIPOVIA": "CALLE", "TIPO": "N/A", "NUMERO": "N/A", "DERE_TRAN": "N/A", "ADMINISTRA": "N/A", "NUME_CARR": "N/A", "CONDICION": "N/A", "ORIGEN": "BCU", "CALI_REPR": "N/A", "CVEGEO": "140500011", "NOMVIAL": "LA PAZ", "SENTIDO": "UN SENTIDO", "LONGITUD": 70.15, "UNIDAD": "e14" }, "geometry": { "type": "LineString", "coordinates": [ [ -103.3377077, 20.284755 ], [ -103.3371884, 20.2845676 ], [ -103.3370789, 20.2845255 ] ] } },
{ "type": "Feature", "properties": { "ID": 1728375, "TIPOVIA": "CALLE", "TIPO": "N/A", "NUMERO": "N/A", "DERE_TRAN": "N/A", "ADMINISTRA": "N/A", "NUME_CARR": "N/A", "CONDICION": "N/A", "ORIGEN": "BCU", "CALI_REPR": "N/A", "CVEGEO": "140500011", "NOMVIAL": "LA PAZ", "SENTIDO": "UN SENTIDO", "LONGITUD": 31.28, "UNIDAD": "e14" }, "geometry": { "type": "LineString", "coordinates": [ [ -103.3320921, 20.2847716 ], [ -103.3319492, 20.2847979 ], [ -103.3317979, 20.2848301 ] ] } },
{ "type": "Feature", "properties": { "ID": 1728378, "TIPOVIA": "CALLE", "TIPO": "N/A", "NUMERO": "N/A", "DERE_TRAN": "N/A", "ADMINISTRA": "N/A", "NUME_CARR": "N/A", "CONDICION": "N/A", "ORIGEN": "BCU", "CALI_REPR": "N/A", "CVEGEO": "140500001", "NOMVIAL": "PASEO DE LAS VIOLETAS", "SENTIDO": "UN SENTIDO", "LONGITUD": 16.55, "UNIDAD": "e14" }, "geometry": { "type": "LineString", "coordinates": [ [ -103.4404911, 20.2838509 ], [ -103.4404618, 20.2837034 ] ] } },
{ "type": "Feature", "properties": { "ID": 1728384, "TIPOVIA": "CALLE", "TIPO": "N/A", "NUMERO": "23", "DERE_TRAN": "LIBRE", "ADMINISTRA": "FEDERAL", "NUME_CARR": "N/A", "CONDICION": "N/A", "ORIGEN": "BCU", "CALI_REPR": "N/A", "CVEGEO": "140500001", "NOMVIAL": "HIDALGO", "SENTIDO": "UN SENTIDO", "LONGITUD": 135.06, "UNIDAD": "e14" }, "geometry": { "type": "LineString", "coordinates": [ [ -103.4308746, 20.2827817 ], [ -103.4306545, 20.2839887 ] ] } },
{ "type": "Feature", "properties": { "ID": 1728385, "TIPOVIA": "CALLE", "TIPO": "N/A", "NUMERO": "N/A", "DERE_TRAN": "N/A", "ADMINISTRA": "N/A", "NUME_CARR": "N/A", "CONDICION": "N/A", "ORIGEN": "BCU", "CALI_REPR": "N/A", "CVEGEO": "140500001", "NOMVIAL": "JUÁREZ ORIENTE", "SENTIDO": "UN SENTIDO", "LONGITUD": 142.23, "UNIDAD": "e14" }, "geometry": { "type": "LineString", "coordinates": [ [ -103.4293118, 20.2837472 ], [ -103.4306545, 20.2839887 ] ] } },
{ "type": "Feature", "properties": { "ID": 1728386, "TIPOVIA": "PRIVADA", "TIPO": "N/A", "NUMERO": "N/A", "DERE_TRAN": "N/A", "ADMINISTRA": "N/A", "NUME_CARR": "N/A", "CONDICION": "N/A", "ORIGEN": "BCU", "CALI_REPR": "N/A", "CVEGEO": "140500001", "NOMVIAL": "JUÁREZ", "SENTIDO": "UN SENTIDO", "LONGITUD": 45.44, "UNIDAD": "e14" }, "geometry": { "type": "LineString", "coordinates": [ [ -103.434465, 20.283564 ], [ -103.4343525, 20.2839621 ] ] } },
{ "type": "Feature", "properties": { "ID": 1728387, "TIPOVIA": "CALLE", "TIPO": "N/A", "NUMERO": "N/A", "DERE_TRAN": "N/A", "ADMINISTRA": "N/A", "NUME_CARR": "N/A", "CONDICION": "N/A", "ORIGEN": "BCU", "CALI_REPR": "N/A", "CVEGEO": "140500001", "NOMVIAL": "INDEPENDENCIA", "SENTIDO": "UN SENTIDO", "LONGITUD": 153.34, "UNIDAD": "e14" }, "geometry": { "type": "LineString", "coordinates": [ [ -103.4329232, 20.2836235 ], [ -103.4343525, 20.2839621 ] ] } },
{ "type": "Feature", "properties": { "ID": 1728395, "TIPOVIA": "CALLE", "TIPO": "N/A", "NUMERO": "N/A", "DERE_TRAN": "N/A", "ADMINISTRA": "N/A", "NUME_CARR": "N/A", "CONDICION": "N/A", "ORIGEN": "BCU", "CALI_REPR": "N/A", "CVEGEO": "140500001", "NOMVIAL": "PEDRO MORENO SUR", "SENTIDO": "UN SENTIDO", "LONGITUD": 85.17, "UNIDAD": "e14" }, "geometry": { "type": "LineString", "coordinates": [ [ -103.4270248, 20.283321 ], [ -103.4268995, 20.2840842 ] ] } },
{ "type": "Feature", "properties": { "ID": 1728396, "TIPOVIA": "CALLE", "TIPO": "N/A", "NUMERO": "N/A", "DERE_TRAN": "N/A", "ADMINISTRA": "N/A", "NUME_CARR": "N/A", "CONDICION": "N/A", "ORIGEN": "BCU", "CALI_REPR": "N/A", "CVEGEO": "140500001", "NOMVIAL": "JOSÉ SANTANA ORIENTE", "SENTIDO": "UN SENTIDO", "LONGITUD": 121.16, "UNIDAD": "e14" }, "geometry": { "type": "LineString", "coordinates": [ [ -103.4268995, 20.2840842 ], [ -103.4257509, 20.2839035 ] ] } },
{ "type": "Feature", "properties": { "ID": 1728399, "TIPOVIA": "CALLE", "TIPO": "N/A", "NUMERO": "N/A", "DERE_TRAN": "N/A", "ADMINISTRA": "N/A", "NUME_CARR": "N/A", "CONDICION": "N/A", "ORIGEN": "BCU", "CALI_REPR": "N/A", "CVEGEO": "140500001", "NOMVIAL": "PASEO DE LAS ROSAS", "SENTIDO": "UN SENTIDO", "LONGITUD": 67.03, "UNIDAD": "e14" }, "geometry": { "type": "LineString", "coordinates": [ [ -103.4413731, 20.2839533 ], [ -103.4414997, 20.2833572 ] ] } },
{ "type": "Feature", "properties": { "ID": 1728400, "TIPOVIA": "CALLE", "TIPO": "N/A", "NUMERO": "N/A", "DERE_TRAN": "N/A", "ADMINISTRA": "N/A", "NUME_CARR": "N/A", "CONDICION": "N/A", "ORIGEN": "BCU", "CALI_REPR": "N/A", "CVEGEO": "140500001", "NOMVIAL": "PASEO DE LAS AZUCENAS", "SENTIDO": "UN SENTIDO", "LONGITUD": 118.65, "UNIDAD": "e14" }, "geometry": { "type": "LineString", "coordinates": [ [ -103.440645, 20.2831252 ], [ -103.4413731, 20.2839533 ] ] } },
{ "type": "Feature", "properties": { "ID": 1728401, "TIPOVIA": "CALLE", "TIPO": "N/A", "NUMERO": "23", "DERE_TRAN": "LIBRE", "ADMINISTRA": "FEDERAL", "NUME_CARR": "N/A", "CONDICION": "N/A", "ORIGEN": "BCU", "CALI_REPR": "N/A", "CVEGEO": "140500001", "NOMVIAL": "MIGUEL ARANA ORIENTE", "SENTIDO": "UN SENTIDO", "LONGITUD": 64.71, "UNIDAD": "e14" }, "geometry": { "type": "LineString", "coordinates": [ [ -103.4199048, 20.284174 ], [ -103.4193062, 20.2840145 ] ] } },
{ "type": "Feature", "properties": { "ID": 1728405, "TIPOVIA": "CALLE", "TIPO": "N/A", "NUMERO": "N/A", "DERE_TRAN": "N/A", "ADMINISTRA": "N/A", "NUME_CARR": "N/A", "CONDICION": "N/A", "ORIGEN": "BCU", "CALI_REPR": "N/A", "CVEGEO": "140500001", "NOMVIAL": "MIGUEL ARANA", "SENTIDO": "UN SENTIDO", "LONGITUD": 133.95, "UNIDAD": "e14" }, "geometry": { "type": "LineString", "coordinates": [ [ -103.4204283, 20.2830391 ], [ -103.420069, 20.2842055 ] ] } },
{ "type": "Feature", "properties": { "ID": 1728406, "TIPOVIA": "CALLE", "TIPO": "N/A", "NUMERO": "23", "DERE_TRAN": "LIBRE", "ADMINISTRA": "FEDERAL", "NUME_CARR": "N/A", "CONDICION": "N/A", "ORIGEN": "BCU", "CALI_REPR": "N/A", "CVEGEO": "140500001", "NOMVIAL": "MIGUEL ARANA ORIENTE", "SENTIDO": "UN SENTIDO", "LONGITUD": 17.43, "UNIDAD": "e14" }, "geometry": { "type": "LineString", "coordinates": [ [ -103.420069, 20.2842055 ], [ -103.4199048, 20.284174 ] ] } },
{ "type": "Feature", "properties": { "ID": 1728413, "TIPOVIA": "PRIVADA", "TIPO": "N/A", "NUMERO": "N/A", "DERE_TRAN": "N/A", "ADMINISTRA": "N/A", "NUME_CARR": "N/A", "CONDICION": "N/A", "ORIGEN": "BCU", "CALI_REPR": "N/A", "CVEGEO": "140500011", "NOMVIAL": "LA PAZ", "SENTIDO": "UN SENTIDO", "LONGITUD": 180.53, "UNIDAD": "e14" }, "geometry": { "type": "LineString", "coordinates": [ [ -103.3317979, 20.2848301 ], [ -103.331539, 20.2848657 ], [ -103.331498, 20.2848583 ], [ -103.3312419, 20.2848896 ], [ -103.3307343, 20.2849569 ], [ -103.3300817, 20.2850548 ] ] } },
{ "type": "Feature", "properties": { "ID": 1728414, "TIPOVIA": "CALLE", "TIPO": "N/A", "NUMERO": "N/A", "DERE_TRAN": "N/A", "ADMINISTRA": "N/A", "NUME_CARR": "N/A", "CONDICION": "N/A", "ORIGEN": "BCU", "CALI_REPR": "N/A", "CVEGEO": "140500011", "NOMVIAL": "INDEPENDENCIA", "SENTIDO": "UN SENTIDO", "LONGITUD": 191.17, "UNIDAD": "e14" }, "geometry": { "type": "LineString", "coordinates": [ [ -103.3389681, 20.2849852 ], [ -103.3390962, 20.2840151 ], [ -103.3393336, 20.2837854 ], [ -103.3395462, 20.283456 ], [ -103.3395256, 20.2834106 ] ] } },
{ "type": "Feature", "properties": { "ID": 1728415, "TIPOVIA": "CALLE", "TIPO": "N/A", "NUMERO": "N/A", "DERE_TRAN": "N/A", "ADMINISTRA": "N/A", "NUME_CARR": "N/A", "CONDICION": "N/A", "ORIGEN": "BCU", "CALI_REPR": "N/A", "CVEGEO": "140500011", "NOMVIAL": "LA PAZ", "SENTIDO": "UN SENTIDO", "LONGITUD": 134.09, "UNIDAD": "e14" }, "geometry": { "type": "LineString", "coordinates": [ [ -103.3389681, 20.2849852 ], [ -103.3387509, 20.2849748 ], [ -103.3385412, 20.2849516 ], [ -103.3383503, 20.284918 ], [ -103.3377819, 20.2847818 ], [ -103.3377077, 20.284755 ] ] } },
{ "type": "Feature", "properties": { "ID": 1728416, "TIPOVIA": "PRIVADA", "TIPO": "N/A", "NUMERO": "N/A", "DERE_TRAN": "N/A", "ADMINISTRA": "N/A", "NUME_CARR": "N/A", "CONDICION": "N/A", "ORIGEN": "BCU", "CALI_REPR": "N/A", "CVEGEO": "140500001", "NOMVIAL": "ZARAGOZA", "SENTIDO": "UN SENTIDO", "LONGITUD": 65.08, "UNIDAD": "e14" }, "geometry": { "type": "LineString", "coordinates": [ [ -103.4343525, 20.2839621 ], [ -103.4349554, 20.2841193 ] ] } },
{ "type": "Feature", "properties": { "ID": 1728422, "TIPOVIA": "CALLE", "TIPO": "N/A", "NUMERO": "N/A", "DERE_TRAN": "N/A", "ADMINISTRA": "N/A", "NUME_CARR": "N/A", "CONDICION": "N/A", "ORIGEN": "BCU", "CALI_REPR": "N/A", "CVEGEO": "140500011", "NOMVIAL": "JUÁREZ", "SENTIDO": "UN SENTIDO", "LONGITUD": 186.54, "UNIDAD": "e14" }, "geometry": { "type": "LineString", "coordinates": [ [ -103.3399945, 20.2850473 ], [ -103.3401128, 20.2841303 ], [ -103.3400867, 20.2839853 ], [ -103.3397687, 20.2835214 ], [ -103.3397708, 20.2834533 ] ] } },
{ "type": "Feature", "properties": { "ID": 1728423, "TIPOVIA": "CALLE", "TIPO": "N/A", "NUMERO": "N/A", "DERE_TRAN": "N/A", "ADMINISTRA": "N/A", "NUME_CARR": "N/A", "CONDICION": "N/A", "ORIGEN": "BCU", "CALI_REPR": "N/A", "CVEGEO": "140500011", "NOMVIAL": "LA PAZ", "SENTIDO": "UN SENTIDO", "LONGITUD": 107.02, "UNIDAD": "e14" }, "geometry": { "type": "LineString", "coordinates": [ [ -103.3399945, 20.2850473 ], [ -103.3393054, 20.2850013 ], [ -103.3389681, 20.2849852 ] ] } },
{ "type": "Feature", "properties": { "ID": 1728424, "TIPOVIA": "CALLE", "TIPO": "N/A", "NUMERO": "N/A", "DERE_TRAN": "N/A", "ADMINISTRA": "N/A", "NUME_CARR": "N/A", "CONDICION": "N/A", "ORIGEN": "BCU", "CALI_REPR": "N/A", "CVEGEO": "140500011", "NOMVIAL": "LÓPEZ COTILLA", "SENTIDO": "UN SENTIDO", "LONGITUD": 63.15, "UNIDAD": "e14" }, "geometry": { "type": "LineString", "coordinates": [ [ -103.3370789, 20.2845255 ], [ -103.3370825, 20.284569 ], [ -103.336922, 20.2850759 ] ] } },
{ "type": "Feature", "properties": { "ID": 1728427, "TIPOVIA": "PRIVADA", "TIPO": "N/A", "NUMERO": "N/A", "DERE_TRAN": "N/A", "ADMINISTRA": "N/A", "NUME_CARR": "N/A", "CONDICION": "N/A", "ORIGEN": "BCU", "CALI_REPR": "N/A", "CVEGEO": "140500011", "NOMVIAL": "NINGUNO", "SENTIDO": "UN SENTIDO", "LONGITUD": 16.61, "UNIDAD": "e14" }, "geometry": { "type": "LineString", "coordinates": [ [ -103.3370774, 20.2851107 ], [ -103.336922, 20.2850759 ] ] } },
{ "type": "Feature", "properties": { "ID": 1728439, "TIPOVIA": "CALLE", "TIPO": "N/A", "NUMERO": "N/A", "DERE_TRAN": "N/A", "ADMINISTRA": "N/A", "NUME_CARR": "N/A", "CONDICION": "N/A", "ORIGEN": "BCU", "CALI_REPR": "N/A", "CVEGEO": "140500011", "NOMVIAL": "DEL CARDENAL", "SENTIDO": "UN SENTIDO", "LONGITUD": 102.69, "UNIDAD": "e14" }, "geometry": { "type": "LineString", "coordinates": [ [ -103.3407919, 20.2851298 ], [ -103.3409026, 20.2842045 ] ] } },
{ "type": "Feature", "properties": { "ID": 1728440, "TIPOVIA": "CALLE", "TIPO": "N/A", "NUMERO": "N/A", "DERE_TRAN": "N/A", "ADMINISTRA": "N/A", "NUME_CARR": "N/A", "CONDICION": "N/A", "ORIGEN": "BCU", "CALI_REPR": "N/A", "CVEGEO": "140500011", "NOMVIAL": "LA PAZ", "SENTIDO": "UN SENTIDO", "LONGITUD": 83.46, "UNIDAD": "e14" }, "geometry": { "type": "LineString", "coordinates": [ [ -103.3407919, 20.2851298 ], [ -103.3399945, 20.2850473 ] ] } },
{ "type": "Feature", "properties": { "ID": 1728441, "TIPOVIA": "CALLE", "TIPO": "N/A", "NUMERO": "N/A", "DERE_TRAN": "N/A", "ADMINISTRA": "N/A", "NUME_CARR": "N/A", "CONDICION": "N/A", "ORIGEN": "BCU", "CALI_REPR": "N/A", "CVEGEO": "140500001", "NOMVIAL": "MATAMOROS SUR", "SENTIDO": "UN SENTIDO", "LONGITUD": 79.61, "UNIDAD": "e14" }, "geometry": { "type": "LineString", "coordinates": [ [ -103.4286679, 20.2836314 ], [ -103.4285027, 20.2843363 ] ] } },
{ "type": "Feature", "properties": { "ID": 1728442, "TIPOVIA": "CALLE", "TIPO": "N/A", "NUMERO": "N/A", "DERE_TRAN": "N/A", "ADMINISTRA": "N/A", "NUME_CARR": "N/A", "CONDICION": "N/A", "ORIGEN": "BCU", "CALI_REPR": "N/A", "CVEGEO": "140500001", "NOMVIAL": "JOSÉ SANTANA ORIENTE", "SENTIDO": "UN SENTIDO", "LONGITUD": 169.11, "UNIDAD": "e14" }, "geometry": { "type": "LineString", "coordinates": [ [ -103.4285027, 20.2843363 ], [ -103.4268995, 20.2840842 ] ] } },
{ "type": "Feature", "properties": { "ID": 1728452, "TIPOVIA": "AVENIDA", "TIPO": "N/A", "NUMERO": "N/A", "DERE_TRAN": "N/A", "ADMINISTRA": "N/A", "NUME_CARR": "N/A", "CONDICION": "N/A", "ORIGEN": "BCU", "CALI_REPR": "N/A", "CVEGEO": "140500001", "NOMVIAL": "AZALEAS", "SENTIDO": "UN SENTIDO", "LONGITUD": 62.38, "UNIDAD": "e14" }, "geometry": { "type": "LineString", "coordinates": [ [ -103.4404911, 20.2838509 ], [ -103.4408337, 20.2843152 ] ] } },
{ "type": "Feature", "properties": { "ID": 1728461, "TIPOVIA": "CALLE", "TIPO": "N/A", "NUMERO": "N/A", "DERE_TRAN": "N/A", "ADMINISTRA": "N/A", "NUME_CARR": "N/A", "CONDICION": "N/A", "ORIGEN": "BCU", "CALI_REPR": "N/A", "CVEGEO": "140500001", "NOMVIAL": "GUADALUPE VICTORIA SUR", "SENTIDO": "UN SENTIDO", "LONGITUD": 77.94, "UNIDAD": "e14" }, "geometry": { "type": "LineString", "coordinates": [ [ -103.4293118, 20.2837472 ], [ -103.4292027, 20.2844464 ] ] } },
{ "type": "Feature", "properties": { "ID": 1728462, "TIPOVIA": "CALLE", "TIPO": "N/A", "NUMERO": "N/A", "DERE_TRAN": "N/A", "ADMINISTRA": "N/A", "NUME_CARR": "N/A", "CONDICION": "N/A", "ORIGEN": "BCU", "CALI_REPR": "N/A", "CVEGEO": "140500001", "NOMVIAL": "JOSÉ SANTANA ORIENTE", "SENTIDO": "UN SENTIDO", "LONGITUD": 73.84, "UNIDAD": "e14" }, "geometry": { "type": "LineString", "coordinates": [ [ -103.4292027, 20.2844464 ], [ -103.4285027, 20.2843363 ] ] } },
{ "type": "Feature", "properties": { "ID": 1728463, "TIPOVIA": "CALLE", "TIPO": "N/A", "NUMERO": "N/A", "DERE_TRAN": "N/A", "ADMINISTRA": "N/A", "NUME_CARR": "N/A", "CONDICION": "N/A", "ORIGEN": "BCU", "CALI_REPR": "N/A", "CVEGEO": "140500001", "NOMVIAL": "INDEPENDENCIA SUR", "SENTIDO": "UN SENTIDO", "LONGITUD": 94.88, "UNIDAD": "e14" }, "geometry": { "type": "LineString", "coordinates": [ [ -103.4329232, 20.2836235 ], [ -103.4327685, 20.2844714 ] ] } },
{ "type": "Feature", "properties": { "ID": 1728464, "TIPOVIA": "CALLE", "TIPO": "N/A", "NUMERO": "N/A", "DERE_TRAN": "N/A", "ADMINISTRA": "N/A", "NUME_CARR": "N/A", "CONDICION": "N/A", "ORIGEN": "BCU", "CALI_REPR": "N/A", "CVEGEO": "140500001", "NOMVIAL": "JUÁREZ PONIENTE", "SENTIDO": "UN SENTIDO", "LONGITUD": 226.54, "UNIDAD": "e14" }, "geometry": { "type": "LineString", "coordinates": [ [ -103.4327685, 20.2844714 ], [ -103.4327527, 20.2844678 ], [ -103.4317857, 20.2842942 ], [ -103.4306545, 20.2839887 ] ] } },
{ "type": "Feature", "properties": { "ID": 1728465, "TIPOVIA": "CALLE", "TIPO": "N/A", "NUMERO": "23", "DERE_TRAN": "LIBRE", "ADMINISTRA": "FEDERAL", "NUME_CARR": "N/A", "CONDICION": "N/A", "ORIGEN": "BCU", "CALI_REPR": "N/A", "CVEGEO": "140500001", "NOMVIAL": "EL CHANTE", "SENTIDO": "UN SENTIDO", "LONGITUD": 189.3, "UNIDAD": "e14" }, "geometry": { "type": "LineString", "coordinates": [ [ -103.4193062, 20.2840145 ], [ -103.4181534, 20.2843215 ], [ -103.4177769, 20.2845461 ], [ -103.4176209, 20.2846229 ] ] } },
{ "type": "Feature", "properties": { "ID": 1728466, "TIPOVIA": "CALLE", "TIPO": "N/A", "NUMERO": "N/A", "DERE_TRAN": "N/A", "ADMINISTRA": "N/A", "NUME_CARR": "N/A", "CONDICION": "N/A", "ORIGEN": "BCU", "CALI_REPR": "N/A", "CVEGEO": "140500001", "NOMVIAL": "MIGUEL ARANA", "SENTIDO": "UN SENTIDO", "LONGITUD": 99.25, "UNIDAD": "e14" }, "geometry": { "type": "LineString", "coordinates": [ [ -103.4176209, 20.2846229 ], [ -103.4180586, 20.2838233 ] ] } },
{ "type": "Feature", "properties": { "ID": 1728470, "TIPOVIA": "CALLE", "TIPO": "N/A", "NUMERO": "N/A", "DERE_TRAN": "N/A", "ADMINISTRA": "N/A", "NUME_CARR": "N/A", "CONDICION": "N/A", "ORIGEN": "BCU", "CALI_REPR": "N/A", "CVEGEO": "140500001", "NOMVIAL": "ZARAGOZA SUR", "SENTIDO": "UN SENTIDO", "LONGITUD": 318.46, "UNIDAD": "e14" }, "geometry": { "type": "LineString", "coordinates": [ [ -103.4372879, 20.2816267 ], [ -103.4369545, 20.2833337 ], [ -103.4369109, 20.2835638 ], [ -103.4367379, 20.2844675 ] ] } },
{ "type": "Feature", "properties": { "ID": 1728471, "TIPOVIA": "CALLE", "TIPO": "N/A", "NUMERO": "N/A", "DERE_TRAN": "N/A", "ADMINISTRA": "N/A", "NUME_CARR": "N/A", "CONDICION": "N/A", "ORIGEN": "BCU", "CALI_REPR": "N/A", "CVEGEO": "140500001", "NOMVIAL": "NINGUNO", "SENTIDO": "UN SENTIDO", "LONGITUD": 87.95, "UNIDAD": "e14" }, "geometry": { "type": "LineString", "coordinates": [ [ -103.4367379, 20.2844675 ], [ -103.4359084, 20.2843137 ] ] } },
{ "type": "Feature", "properties": { "ID": 1728482, "TIPOVIA": "PRIVADA", "TIPO": "N/A", "NUMERO": "N/A", "DERE_TRAN": "N/A", "ADMINISTRA": "N/A", "NUME_CARR": "N/A", "CONDICION": "N/A", "ORIGEN": "BCU", "CALI_REPR": "N/A", "CVEGEO": "140500001", "NOMVIAL": "NINGUNO", "SENTIDO": "UN SENTIDO", "LONGITUD": 61.6, "UNIDAD": "e14" }, "geometry": { "type": "LineString", "coordinates": [ [ -103.4199048, 20.284174 ], [ -103.4198203, 20.2847269 ] ] } },
{ "type": "Feature", "properties": { "ID": 1728485, "TIPOVIA": "CALLE", "TIPO": "N/A", "NUMERO": "N/A", "DERE_TRAN": "N/A", "ADMINISTRA": "N/A", "NUME_CARR": "N/A", "CONDICION": "N/A", "ORIGEN": "BCU", "CALI_REPR": "N/A", "CVEGEO": "140500001", "NOMVIAL": "PASEO DE LAS ROSAS", "SENTIDO": "UN SENTIDO", "LONGITUD": 65.8, "UNIDAD": "e14" }, "geometry": { "type": "LineString", "coordinates": [ [ -103.4412231, 20.2845307 ], [ -103.4412511, 20.2844842 ], [ -103.4413731, 20.2839533 ] ] } },
{ "type": "Feature", "properties": { "ID": 1728486, "TIPOVIA": "AVENIDA", "TIPO": "N/A", "NUMERO": "N/A", "DERE_TRAN": "N/A", "ADMINISTRA": "N/A", "NUME_CARR": "N/A", "CONDICION": "N/A", "ORIGEN": "BCU", "CALI_REPR": "N/A", "CVEGEO": "140500001", "NOMVIAL": "AZALEAS", "SENTIDO": "UN SENTIDO", "LONGITUD": 120.82, "UNIDAD": "e14" }, "geometry": { "type": "LineString", "coordinates": [ [ -103.4404618, 20.2837034 ], [ -103.4412231, 20.2845307 ] ] } },
{ "type": "Feature", "properties": { "ID": 1728492, "TIPOVIA": "CALLE", "TIPO": "N/A", "NUMERO": "23", "DERE_TRAN": "LIBRE", "ADMINISTRA": "FEDERAL", "NUME_CARR": "N/A", "CONDICION": "N/A", "ORIGEN": "BCU", "CALI_REPR": "N/A", "CVEGEO": "140500001", "NOMVIAL": "HIDALGO", "SENTIDO": "UN SENTIDO", "LONGITUD": 73.95, "UNIDAD": "e14" }, "geometry": { "type": "LineString", "coordinates": [ [ -103.4306545, 20.2839887 ], [ -103.4305353, 20.2846497 ] ] } },
{ "type": "Feature", "properties": { "ID": 1728493, "TIPOVIA": "CALLE", "TIPO": "N/A", "NUMERO": "N/A", "DERE_TRAN": "N/A", "ADMINISTRA": "N/A", "NUME_CARR": "N/A", "CONDICION": "N/A", "ORIGEN": "BCU", "CALI_REPR": "N/A", "CVEGEO": "140500001", "NOMVIAL": "JOSÉ SANTANA ORIENTE", "SENTIDO": "UN SENTIDO", "LONGITUD": 140.46, "UNIDAD": "e14" }, "geometry": { "type": "LineString", "coordinates": [ [ -103.4305353, 20.2846497 ], [ -103.4292027, 20.2844464 ] ] } },
{ "type": "Feature", "properties": { "ID": 1728494, "TIPOVIA": "PRIVADA", "TIPO": "N/A", "NUMERO": "N/A", "DERE_TRAN": "N/A", "ADMINISTRA": "N/A", "NUME_CARR": "N/A", "CONDICION": "N/A", "ORIGEN": "BCU", "CALI_REPR": "N/A", "CVEGEO": "140500001", "NOMVIAL": "ZARAGOZA", "SENTIDO": "UN SENTIDO", "LONGITUD": 110.69, "UNIDAD": "e14" }, "geometry": { "type": "LineString", "coordinates": [ [ -103.4377947, 20.2845824 ], [ -103.4367379, 20.2844675 ] ] } },
{ "type": "Feature", "properties": { "ID": 1728504, "TIPOVIA": "CALLE", "TIPO": "N/A", "NUMERO": "N/A", "DERE_TRAN": "N/A", "ADMINISTRA": "N/A", "NUME_CARR": "N/A", "CONDICION": "N/A", "ORIGEN": "BCU", "CALI_REPR": "N/A", "CVEGEO": "140500011", "NOMVIAL": "LÓPEZ COTILLA", "SENTIDO": "UN SENTIDO", "LONGITUD": 54.48, "UNIDAD": "e14" }, "geometry": { "type": "LineString", "coordinates": [ [ -103.336922, 20.2850759 ], [ -103.3367918, 20.2854533 ], [ -103.3367616, 20.2855462 ] ] } },
{ "type": "Feature", "properties": { "ID": 1728505, "TIPOVIA": "PRIVADA", "TIPO": "N/A", "NUMERO": "N/A", "DERE_TRAN": "N/A", "ADMINISTRA": "N/A", "NUME_CARR": "N/A", "CONDICION": "N/A", "ORIGEN": "BCU", "CALI_REPR": "N/A", "CVEGEO": "140500011", "NOMVIAL": "MORELOS", "SENTIDO": "UN SENTIDO", "LONGITUD": 81.04, "UNIDAD": "e14" }, "geometry": { "type": "LineString", "coordinates": [ [ -103.3360097, 20.2853557 ], [ -103.3361444, 20.2853972 ], [ -103.3367363, 20.2855412 ], [ -103.3367616, 20.2855462 ] ] } },
{ "type": "Feature", "properties": { "ID": 1728513, "TIPOVIA": "CARRETERA", "TIPO": "N/A", "NUMERO": "23", "DERE_TRAN": "LIBRE", "ADMINISTRA": "FEDERAL", "NUME_CARR": "N/A", "CONDICION": "N/A", "ORIGEN": "BCU", "CALI_REPR": "N/A", "CVEGEO": "140500011", "NOMVIAL": "JOCOTEPEC-CHAPALA", "SENTIDO": "UN SENTIDO", "LONGITUD": 175.2, "UNIDAD": "e14" }, "geometry": { "type": "LineString", "coordinates": [ [ -103.3297519, 20.2856406 ], [ -103.3307911, 20.2856422 ], [ -103.3314358, 20.2856459 ] ] } },
{ "type": "Feature", "properties": { "ID": 1728514, "TIPOVIA": "CARRETERA", "TIPO": "N/A", "NUMERO": "23", "DERE_TRAN": "LIBRE", "ADMINISTRA": "FEDERAL", "NUME_CARR": "N/A", "CONDICION": "N/A", "ORIGEN": "BCU", "CALI_REPR": "N/A", "CVEGEO": "140500011", "NOMVIAL": "JOCOTEPEC-CHAPALA", "SENTIDO": "UN SENTIDO", "LONGITUD": 54.05, "UNIDAD": "e14" }, "geometry": { "type": "LineString", "coordinates": [ [ -103.3292336, 20.2856659 ], [ -103.3295636, 20.2856403 ], [ -103.3297519, 20.2856406 ] ] } },
{ "type": "Feature", "properties": { "ID": 1728515, "TIPOVIA": "CALLE", "TIPO": "N/A", "NUMERO": "N/A", "DERE_TRAN": "N/A", "ADMINISTRA": "N/A", "NUME_CARR": "N/A", "CONDICION": "N/A", "ORIGEN": "BCU", "CALI_REPR": "N/A", "CVEGEO": "140500011", "NOMVIAL": "NINGUNO", "SENTIDO": "UN SENTIDO", "LONGITUD": 149.46, "UNIDAD": "e14" }, "geometry": { "type": "LineString", "coordinates": [ [ -103.3292336, 20.2856659 ], [ -103.3290221, 20.2847898 ], [ -103.3288986, 20.2843481 ] ] } },
{ "type": "Feature", "properties": { "ID": 1728522, "TIPOVIA": "CALLE", "TIPO": "N/A", "NUMERO": "N/A", "DERE_TRAN": "N/A", "ADMINISTRA": "N/A", "NUME_CARR": "N/A", "CONDICION": "N/A", "ORIGEN": "BCU", "CALI_REPR": "N/A", "CVEGEO": "140500011", "NOMVIAL": "NINGUNO", "SENTIDO": "UN SENTIDO", "LONGITUD": 90.94, "UNIDAD": "e14" }, "geometry": { "type": "LineString", "coordinates": [ [ -103.3318871, 20.2856504 ], [ -103.331838, 20.2851931 ], [ -103.3317979, 20.2848301 ] ] } },
{ "type": "Feature", "properties": { "ID": 1728523, "TIPOVIA": "CARRETERA", "TIPO": "N/A", "NUMERO": "23", "DERE_TRAN": "LIBRE", "ADMINISTRA": "FEDERAL", "NUME_CARR": "N/A", "CONDICION": "N/A", "ORIGEN": "BCU", "CALI_REPR": "N/A", "CVEGEO": "140500011", "NOMVIAL": "JOCOTEPEC-CHAPALA", "SENTIDO": "UN SENTIDO", "LONGITUD": 46.97, "UNIDAD": "e14" }, "geometry": { "type": "LineString", "coordinates": [ [ -103.3314358, 20.2856459 ], [ -103.3318871, 20.2856504 ] ] } },
{ "type": "Feature", "properties": { "ID": 1728526, "TIPOVIA": "CALLE", "TIPO": "N/A", "NUMERO": "N/A", "DERE_TRAN": "N/A", "ADMINISTRA": "N/A", "NUME_CARR": "N/A", "CONDICION": "N/A", "ORIGEN": "BCU", "CALI_REPR": "N/A", "CVEGEO": "140500001", "NOMVIAL": "GONZÁLEZ ORTEGA SUR", "SENTIDO": "UN SENTIDO", "LONGITUD": 133.32, "UNIDAD": "e14" }, "geometry": { "type": "LineString", "coordinates": [ [ -103.4241977, 20.2836375 ], [ -103.4239979, 20.2848317 ] ] } },
{ "type": "Feature", "properties": { "ID": 1728527, "TIPOVIA": "CALLE", "TIPO": "N/A", "NUMERO": "23", "DERE_TRAN": "LIBRE", "ADMINISTRA": "FEDERAL", "NUME_CARR": "N/A", "CONDICION": "N/A", "ORIGEN": "BCU", "CALI_REPR": "N/A", "CVEGEO": "140500001", "NOMVIAL": "MIGUEL ARANA ORIENTE", "SENTIDO": "UN SENTIDO", "LONGITUD": 414.62, "UNIDAD": "e14" }, "geometry": { "type": "LineString", "coordinates": [ [ -103.4239979, 20.2848317 ], [ -103.4222406, 20.2845653 ], [ -103.420069, 20.2842055 ] ] } },
{ "type": "Feature", "properties": { "ID": 1728529, "TIPOVIA": "CARRETERA", "TIPO": "N/A", "NUMERO": "23", "DERE_TRAN": "LIBRE", "ADMINISTRA": "FEDERAL", "NUME_CARR": "N/A", "CONDICION": "N/A", "ORIGEN": "BCU", "CALI_REPR": "N/A", "CVEGEO": "140500011", "NOMVIAL": "JOCOTEPEC-CHAPALA", "SENTIDO": "UN SENTIDO", "LONGITUD": 158.61, "UNIDAD": "e14" }, "geometry": { "type": "LineString", "coordinates": [ [ -103.3318871, 20.2856504 ], [ -103.332411, 20.2856648 ], [ -103.3330051, 20.2856696 ], [ -103.3334112, 20.2856755 ] ] } },
{ "type": "Feature", "properties": { "ID": 1728532, "TIPOVIA": "CALLE", "TIPO": "N/A", "NUMERO": "N/A", "DERE_TRAN": "N/A", "ADMINISTRA": "N/A", "NUME_CARR": "N/A", "CONDICION": "N/A", "ORIGEN": "BCU", "CALI_REPR": "N/A", "CVEGEO": "140500001", "NOMVIAL": "JUÁREZ", "SENTIDO": "UN SENTIDO", "LONGITUD": 93.94, "UNIDAD": "e14" }, "geometry": { "type": "LineString", "coordinates": [ [ -103.4343525, 20.2839621 ], [ -103.4341057, 20.2847815 ] ] } },
{ "type": "Feature", "properties": { "ID": 1728533, "TIPOVIA": "CALLE", "TIPO": "N/A", "NUMERO": "N/A", "DERE_TRAN": "N/A", "ADMINISTRA": "N/A", "NUME_CARR": "N/A", "CONDICION": "N/A", "ORIGEN": "BCU", "CALI_REPR": "N/A", "CVEGEO": "140500001", "NOMVIAL": "JUÁREZ PONIENTE", "SENTIDO": "UN SENTIDO", "LONGITUD": 143.28, "UNIDAD": "e14" }, "geometry": { "type": "LineString", "coordinates": [ [ -103.4341057, 20.2847815 ], [ -103.4327685, 20.2844714 ] ] } },
{ "type": "Feature", "properties": { "ID": 1728534, "TIPOVIA": "CALLE", "TIPO": "N/A", "NUMERO": "N/A", "DERE_TRAN": "N/A", "ADMINISTRA": "N/A", "NUME_CARR": "N/A", "CONDICION": "N/A", "ORIGEN": "BCU", "CALI_REPR": "N/A", "CVEGEO": "140500011", "NOMVIAL": "NARCISO MENDOZA", "SENTIDO": "UN SENTIDO", "LONGITUD": 103.92, "UNIDAD": "e14" }, "geometry": { "type": "LineString", "coordinates": [ [ -103.3374879, 20.2856635 ], [ -103.3375073, 20.2855611 ], [ -103.3376651, 20.2847908 ], [ -103.3377077, 20.284755 ] ] } },
{ "type": "Feature", "properties": { "ID": 1728535, "TIPOVIA": "CALLE", "TIPO": "N/A", "NUMERO": "N/A", "DERE_TRAN": "N/A", "ADMINISTRA": "N/A", "NUME_CARR": "N/A", "CONDICION": "N/A", "ORIGEN": "BCU", "CALI_REPR": "N/A", "CVEGEO": "140500011", "NOMVIAL": "MORELOS", "SENTIDO": "UN SENTIDO", "LONGITUD": 76.71, "UNIDAD": "e14" }, "geometry": { "type": "LineString", "coordinates": [ [ -103.3367616, 20.2855462 ], [ -103.3370782, 20.2856079 ], [ -103.3372523, 20.2856356 ], [ -103.3374879, 20.2856635 ] ] } },
{ "type": "Feature", "properties": { "ID": 1728537, "TIPOVIA": "CALLE", "TIPO": "N/A", "NUMERO": "N/A", "DERE_TRAN": "N/A", "ADMINISTRA": "N/A", "NUME_CARR": "N/A", "CONDICION": "N/A", "ORIGEN": "BCU", "CALI_REPR": "N/A", "CVEGEO": "140500001", "NOMVIAL": "PASEO DE LAS VIOLETAS", "SENTIDO": "UN SENTIDO", "LONGITUD": 21.46, "UNIDAD": "e14" }, "geometry": { "type": "LineString", "coordinates": [ [ -103.4411902, 20.2847228 ], [ -103.4412231, 20.2845307 ] ] } },
{ "type": "Feature", "properties": { "ID": 1728538, "TIPOVIA": "AVENIDA", "TIPO": "N/A", "NUMERO": "N/A", "DERE_TRAN": "N/A", "ADMINISTRA": "N/A", "NUME_CARR": "N/A", "CONDICION": "N/A", "ORIGEN": "BCU", "CALI_REPR": "N/A", "CVEGEO": "140500001", "NOMVIAL": "AZALEAS", "SENTIDO": "UN SENTIDO", "LONGITUD": 58.28, "UNIDAD": "e14" }, "geometry": { "type": "LineString", "coordinates": [ [ -103.4408337, 20.2843152 ], [ -103.4411902, 20.2847228 ] ] } },
{ "type": "Feature", "properties": { "ID": 1728546, "TIPOVIA": "CALLE", "TIPO": "N/A", "NUMERO": "N/A", "DERE_TRAN": "N/A", "ADMINISTRA": "N/A", "NUME_CARR": "N/A", "CONDICION": "N/A", "ORIGEN": "BCU", "CALI_REPR": "N/A", "CVEGEO": "140500011", "NOMVIAL": "ITURBIDE", "SENTIDO": "UN SENTIDO", "LONGITUD": 60.86, "UNIDAD": "e14" }, "geometry": { "type": "LineString", "coordinates": [ [ -103.341979, 20.2857098 ], [ -103.342117, 20.2851734 ] ] } },
{ "type": "Feature", "properties": { "ID": 1728547, "TIPOVIA": "CALLE", "TIPO": "N/A", "NUMERO": "N/A", "DERE_TRAN": "N/A", "ADMINISTRA": "N/A", "NUME_CARR": "N/A", "CONDICION": "N/A", "ORIGEN": "BCU", "CALI_REPR": "N/A", "CVEGEO": "140500011", "NOMVIAL": "LA PAZ", "SENTIDO": "UN SENTIDO", "LONGITUD": 141.67, "UNIDAD": "e14" }, "geometry": { "type": "LineString", "coordinates": [ [ -103.341979, 20.2857098 ], [ -103.3416159, 20.2854556 ], [ -103.3413627, 20.2852871 ], [ -103.3412135, 20.2852185 ], [ -103.3409668, 20.285149 ], [ -103.3407919, 20.2851298 ] ] } },
{ "type": "Feature", "properties": { "ID": 1728556, "TIPOVIA": "CARRETERA", "TIPO": "N/A", "NUMERO": "23", "DERE_TRAN": "LIBRE", "ADMINISTRA": "FEDERAL", "NUME_CARR": "N/A", "CONDICION": "N/A", "ORIGEN": "BCU", "CALI_REPR": "N/A", "CVEGEO": "140500011", "NOMVIAL": "JOCOTEPEC-CHAPALA", "SENTIDO": "UN SENTIDO", "LONGITUD": 176.17, "UNIDAD": "e14" }, "geometry": { "type": "LineString", "coordinates": [ [ -103.3334112, 20.2856755 ], [ -103.3343558, 20.2857068 ], [ -103.3347283, 20.2857883 ], [ -103.3350802, 20.2858816 ] ] } },
{ "type": "Feature", "properties": { "ID": 1728557, "TIPOVIA": "CALLE", "TIPO": "N/A", "NUMERO": "N/A", "DERE_TRAN": "N/A", "ADMINISTRA": "N/A", "NUME_CARR": "N/A", "CONDICION": "N/A", "ORIGEN": "BCU", "CALI_REPR": "N/A", "CVEGEO": "140500011", "NOMVIAL": "INDEPENDENCIA", "SENTIDO": "UN SENTIDO", "LONGITUD": 96.77, "UNIDAD": "e14" }, "geometry": { "type": "LineString", "coordinates": [ [ -103.3388047, 20.2858489 ], [ -103.3389496, 20.2851159 ], [ -103.3389681, 20.2849852 ] ] } },
{ "type": "Feature", "properties": { "ID": 1728558, "TIPOVIA": "CALLE", "TIPO": "N/A", "NUMERO": "N/A", "DERE_TRAN": "N/A", "ADMINISTRA": "N/A", "NUME_CARR": "N/A", "CONDICION": "N/A", "ORIGEN": "BCU", "CALI_REPR": "N/A", "CVEGEO": "140500011", "NOMVIAL": "MORELOS", "SENTIDO": "UN SENTIDO", "LONGITUD": 138.55, "UNIDAD": "e14" }, "geometry": { "type": "LineString", "coordinates": [ [ -103.3374879, 20.2856635 ], [ -103.3376226, 20.2856795 ], [ -103.3384136, 20.2858023 ], [ -103.3388047, 20.2858489 ] ] } },
{ "type": "Feature", "properties": { "ID": 1728560, "TIPOVIA": "CALLE", "TIPO": "N/A", "NUMERO": "N/A", "DERE_TRAN": "N/A", "ADMINISTRA": "N/A", "NUME_CARR": "N/A", "CONDICION": "N/A", "ORIGEN": "BCU", "CALI_REPR": "N/A", "CVEGEO": "140500001", "NOMVIAL": "NICOLÁS BRAVO SUR", "SENTIDO": "UN SENTIDO", "LONGITUD": 130.52, "UNIDAD": "e14" }, "geometry": { "type": "LineString", "coordinates": [ [ -103.4255342, 20.2850693 ], [ -103.4257509, 20.2839035 ] ] } },
{ "type": "Feature", "properties": { "ID": 1728561, "TIPOVIA": "CALLE", "TIPO": "N/A", "NUMERO": "23", "DERE_TRAN": "LIBRE", "ADMINISTRA": "FEDERAL", "NUME_CARR": "N/A", "CONDICION": "N/A", "ORIGEN": "BCU", "CALI_REPR": "N/A", "CVEGEO": "140500001", "NOMVIAL": "MIGUEL ARANA ORIENTE", "SENTIDO": "UN SENTIDO", "LONGITUD": 161.98, "UNIDAD": "e14" }, "geometry": { "type": "LineString", "coordinates": [ [ -103.4255342, 20.2850693 ], [ -103.4239979, 20.2848317 ] ] } },
{ "type": "Feature", "properties": { "ID": 1728562, "TIPOVIA": "CALLE", "TIPO": "N/A", "NUMERO": "N/A", "DERE_TRAN": "N/A", "ADMINISTRA": "N/A", "NUME_CARR": "N/A", "CONDICION": "N/A", "ORIGEN": "BCU", "CALI_REPR": "N/A", "CVEGEO": "140500001", "NOMVIAL": "INDEPENDENCIA SUR", "SENTIDO": "UN SENTIDO", "LONGITUD": 59.68, "UNIDAD": "e14" }, "geometry": { "type": "LineString", "coordinates": [ [ -103.4327685, 20.2844714 ], [ -103.4326712, 20.2850048 ] ] } },
{ "type": "Feature", "properties": { "ID": 1728563, "TIPOVIA": "CALLE", "TIPO": "N/A", "NUMERO": "N/A", "DERE_TRAN": "N/A", "ADMINISTRA": "N/A", "NUME_CARR": "N/A", "CONDICION": "N/A", "ORIGEN": "BCU", "CALI_REPR": "N/A", "CVEGEO": "140500001", "NOMVIAL": "JOSÉ SANTANA PONIENTE", "SENTIDO": "UN SENTIDO", "LONGITUD": 225.67, "UNIDAD": "e14" }, "geometry": { "type": "LineString", "coordinates": [ [ -103.4326712, 20.2850048 ], [ -103.4305353, 20.2846497 ] ] } },
{ "type": "Feature", "properties": { "ID": 1728568, "TIPOVIA": "CALLE", "TIPO": "N/A", "NUMERO": "N/A", "DERE_TRAN": "N/A", "ADMINISTRA": "N/A", "NUME_CARR": "N/A", "CONDICION": "N/A", "ORIGEN": "BCU", "CALI_REPR": "N/A", "CVEGEO": "140500011", "NOMVIAL": "LÓPEZ COTILLA", "SENTIDO": "UN SENTIDO", "LONGITUD": 49.99, "UNIDAD": "e14" }, "geometry": { "type": "LineString", "coordinates": [ [ -103.3367616, 20.2855462 ], [ -103.3366208, 20.2859796 ] ] } },
{ "type": "Feature", "properties": { "ID": 1728569, "TIPOVIA": "CALLE", "TIPO": "N/A", "NUMERO": "N/A", "DERE_TRAN": "N/A", "ADMINISTRA": "N/A", "NUME_CARR": "N/A", "CONDICION": "N/A", "ORIGEN": "BCU", "CALI_REPR": "N/A", "CVEGEO": "140500011", "NOMVIAL": "PORFIRIO DÍAZ", "SENTIDO": "UN SENTIDO", "LONGITUD": 147.81, "UNIDAD": "e14" }, "geometry": { "type": "LineString", "coordinates": [ [ -103.3353197, 20.2859595 ], [ -103.3354096, 20.2858198 ], [ -103.3356376, 20.2857598 ], [ -103.3356803, 20.2857665 ], [ -103.3364394, 20.2859445 ], [ -103.3366208, 20.2859796 ] ] } },
{ "type": "Feature", "properties": { "ID": 1728571, "TIPOVIA": "CALLE", "TIPO": "N/A", "NUMERO": "N/A", "DERE_TRAN": "N/A", "ADMINISTRA": "N/A", "NUME_CARR": "N/A", "CONDICION": "N/A", "ORIGEN": "BCU", "CALI_REPR": "N/A", "CVEGEO": "140500011", "NOMVIAL": "PORFIRIO DÍAZ", "SENTIDO": "UN SENTIDO", "LONGITUD": 2.91, "UNIDAD": "e14" }, "geometry": { "type": "LineString", "coordinates": [ [ -103.3366208, 20.2859796 ], [ -103.3366484, 20.2859842 ] ] } },
{ "type": "Feature", "properties": { "ID": 1728574, "TIPOVIA": "OTRO", "TIPO": "N/A", "NUMERO": "N/A", "DERE_TRAN": "N/A", "ADMINISTRA": "N/A", "NUME_CARR": "N/A", "CONDICION": "N/A", "ORIGEN": "BCU", "CALI_REPR": "N/A", "CVEGEO": "140500011", "NOMVIAL": "LÍMITE PREDIAL", "SENTIDO": "N/A", "LONGITUD": 365.17, "UNIDAD": "e14" }, "geometry": { "type": "GeometryCollection", "geometries": [ { "type": "Point", "coordinates": [ -103.3260077, 20.2860943 ] }, { "type": "MultiLineString", "coordinates": [ [ [ -103.3288986, 20.2843481 ], [ -103.3285221, 20.284783 ], [ -103.3281398, 20.2851043 ], [ -103.328026, 20.2851771 ] ], [ [ -103.3278026, 20.2853198 ], [ -103.3273625, 20.2854078 ], [ -103.3271476, 20.2854824 ] ] ] } ] } },
{ "type": "Feature", "properties": { "ID": 1728575, "TIPOVIA": "CALLE", "TIPO": "N/A", "NUMERO": "N/A", "DERE_TRAN": "N/A", "ADMINISTRA": "N/A", "NUME_CARR": "N/A", "CONDICION": "N/A", "ORIGEN": "BCU", "CALI_REPR": "N/A", "CVEGEO": "140500011", "NOMVIAL": "JUÁREZ", "SENTIDO": "UN SENTIDO", "LONGITUD": 103.32, "UNIDAD": "e14" }, "geometry": { "type": "LineString", "coordinates": [ [ -103.3398635, 20.2859761 ], [ -103.3399945, 20.2850473 ] ] } },
{ "type": "Feature", "properties": { "ID": 1728576, "TIPOVIA": "CALLE", "TIPO": "N/A", "NUMERO": "N/A", "DERE_TRAN": "N/A", "ADMINISTRA": "N/A", "NUME_CARR": "N/A", "CONDICION": "N/A", "ORIGEN": "BCU", "CALI_REPR": "N/A", "CVEGEO": "140500011", "NOMVIAL": "MORELOS", "SENTIDO": "UN SENTIDO", "LONGITUD": 111.06, "UNIDAD": "e14" }, "geometry": { "type": "LineString", "coordinates": [ [ -103.3388047, 20.2858489 ], [ -103.3398635, 20.2859761 ] ] } },
{ "type": "Feature", "properties": { "ID": 1728582, "TIPOVIA": "CALLE", "TIPO": "N/A", "NUMERO": "N/A", "DERE_TRAN": "N/A", "ADMINISTRA": "N/A", "NUME_CARR": "N/A", "CONDICION": "N/A", "ORIGEN": "BCU", "CALI_REPR": "N/A", "CVEGEO": "140500001", "NOMVIAL": "PEDRO MORENO SUR", "SENTIDO": "UN SENTIDO", "LONGITUD": 130.38, "UNIDAD": "e14" }, "geometry": { "type": "LineString", "coordinates": [ [ -103.4268995, 20.2840842 ], [ -103.4268947, 20.2841137 ], [ -103.4266901, 20.2852498 ] ] } },
{ "type": "Feature", "properties": { "ID": 1728583, "TIPOVIA": "CALLE", "TIPO": "N/A", "NUMERO": "23", "DERE_TRAN": "LIBRE", "ADMINISTRA": "FEDERAL", "NUME_CARR": "N/A", "CONDICION": "N/A", "ORIGEN": "BCU", "CALI_REPR": "N/A", "CVEGEO": "140500001", "NOMVIAL": "MIGUEL ARANA ORIENTE", "SENTIDO": "UN SENTIDO", "LONGITUD": 121.91, "UNIDAD": "e14" }, "geometry": { "type": "LineString", "coordinates": [ [ -103.4266901, 20.2852498 ], [ -103.4255342, 20.2850693 ] ] } },
{ "type": "Feature", "properties": { "ID": 1728587, "TIPOVIA": "CALLE", "TIPO": "N/A", "NUMERO": "N/A", "DERE_TRAN": "N/A", "ADMINISTRA": "N/A", "NUME_CARR": "N/A", "CONDICION": "N/A", "ORIGEN": "BCU", "CALI_REPR": "N/A", "CVEGEO": "140500011", "NOMVIAL": "MORELOS", "SENTIDO": "UN SENTIDO", "LONGITUD": 66.42, "UNIDAD": "e14" }, "geometry": { "type": "LineString", "coordinates": [ [ -103.3398635, 20.2859761 ], [ -103.3404961, 20.2860574 ] ] } },
{ "type": "Feature", "properties": { "ID": 1728589, "TIPOVIA": "CALLE", "TIPO": "N/A", "NUMERO": "N/A", "DERE_TRAN": "N/A", "ADMINISTRA": "N/A", "NUME_CARR": "N/A", "CONDICION": "N/A", "ORIGEN": "BCU", "CALI_REPR": "N/A", "CVEGEO": "140500011", "NOMVIAL": "DEL CARDENAL", "SENTIDO": "UN SENTIDO", "LONGITUD": 105.46, "UNIDAD": "e14" }, "geometry": { "type": "LineString", "coordinates": [ [ -103.3406554, 20.2860774 ], [ -103.340776, 20.2852627 ], [ -103.3407919, 20.2851298 ] ] } },
{ "type": "Feature", "properties": { "ID": 1728590, "TIPOVIA": "CALLE", "TIPO": "N/A", "NUMERO": "N/A", "DERE_TRAN": "N/A", "ADMINISTRA": "N/A", "NUME_CARR": "N/A", "CONDICION": "N/A", "ORIGEN": "BCU", "CALI_REPR": "N/A", "CVEGEO": "140500011", "NOMVIAL": "MORELOS", "SENTIDO": "UN SENTIDO", "LONGITUD": 16.72, "UNIDAD": "e14" }, "geometry": { "type": "LineString", "coordinates": [ [ -103.3404961, 20.2860574 ], [ -103.3406554, 20.2860774 ] ] } },
{ "type": "Feature", "properties": { "ID": 1728594, "TIPOVIA": "CALLE", "TIPO": "N/A", "NUMERO": "N/A", "DERE_TRAN": "N/A", "ADMINISTRA": "N/A", "NUME_CARR": "N/A", "CONDICION": "N/A", "ORIGEN": "BCU", "CALI_REPR": "N/A", "CVEGEO": "140500011", "NOMVIAL": "NARCISO MENDOZA", "SENTIDO": "UN SENTIDO", "LONGITUD": 54.2, "UNIDAD": "e14" }, "geometry": { "type": "LineString", "coordinates": [ [ -103.3373898, 20.2861461 ], [ -103.3374257, 20.2859929 ], [ -103.3374879, 20.2856635 ] ] } },
{ "type": "Feature", "properties": { "ID": 1728595, "TIPOVIA": "CALLE", "TIPO": "N/A", "NUMERO": "N/A", "DERE_TRAN": "N/A", "ADMINISTRA": "N/A", "NUME_CARR": "N/A", "CONDICION": "N/A", "ORIGEN": "BCU", "CALI_REPR": "N/A", "CVEGEO": "140500011", "NOMVIAL": "PORFIRIO DÍAZ", "SENTIDO": "UN SENTIDO", "LONGITUD": 79.3, "UNIDAD": "e14" }, "geometry": { "type": "LineString", "coordinates": [ [ -103.3366484, 20.2859842 ], [ -103.3373432, 20.2861457 ], [ -103.3373898, 20.2861461 ] ] } },
{ "type": "Feature", "properties": { "ID": 1728596, "TIPOVIA": "PRIVADA", "TIPO": "N/A", "NUMERO": "N/A", "DERE_TRAN": "N/A", "ADMINISTRA": "N/A", "NUME_CARR": "N/A", "CONDICION": "N/A", "ORIGEN": "BCU", "CALI_REPR": "N/A", "CVEGEO": "140500011", "NOMVIAL": "NINGUNO", "SENTIDO": "UN SENTIDO", "LONGITUD": 66.82, "UNIDAD": "e14" }, "geometry": { "type": "LineString", "coordinates": [ [ -103.3297519, 20.2856406 ], [ -103.3297798, 20.286246 ] ] } },
{ "type": "Feature", "properties": { "ID": 1728604, "TIPOVIA": "CALLE", "TIPO": "N/A", "NUMERO": "N/A", "DERE_TRAN": "N/A", "ADMINISTRA": "N/A", "NUME_CARR": "N/A", "CONDICION": "N/A", "ORIGEN": "BCU", "CALI_REPR": "N/A", "CVEGEO": "140500011", "NOMVIAL": "ITURBIDE", "SENTIDO": "UN SENTIDO", "LONGITUD": 54.86, "UNIDAD": "e14" }, "geometry": { "type": "LineString", "coordinates": [ [ -103.3418756, 20.2861975 ], [ -103.3419543, 20.2858092 ], [ -103.341979, 20.2857098 ] ] } },
{ "type": "Feature", "properties": { "ID": 1728605, "TIPOVIA": "CALLE", "TIPO": "N/A", "NUMERO": "N/A", "DERE_TRAN": "N/A", "ADMINISTRA": "N/A", "NUME_CARR": "N/A", "CONDICION": "N/A", "ORIGEN": "BCU", "CALI_REPR": "N/A", "CVEGEO": "140500011", "NOMVIAL": "MORELOS", "SENTIDO": "UN SENTIDO", "LONGITUD": 127.74, "UNIDAD": "e14" }, "geometry": { "type": "LineString", "coordinates": [ [ -103.3406554, 20.2860774 ], [ -103.3406581, 20.2860776 ], [ -103.3411718, 20.2861112 ], [ -103.3414163, 20.2861308 ], [ -103.3416454, 20.2861647 ], [ -103.3418756, 20.2861975 ] ] } },
{ "type": "Feature", "properties": { "ID": 1728606, "TIPOVIA": "CALLE", "TIPO": "N/A", "NUMERO": "N/A", "DERE_TRAN": "N/A", "ADMINISTRA": "N/A", "NUME_CARR": "N/A", "CONDICION": "N/A", "ORIGEN": "BCU", "CALI_REPR": "N/A", "CVEGEO": "140500011", "NOMVIAL": "PORFIRIO DÍAZ", "SENTIDO": "UN SENTIDO", "LONGITUD": 54.31, "UNIDAD": "e14" }, "geometry": { "type": "LineString", "coordinates": [ [ -103.3373898, 20.2861461 ], [ -103.3374453, 20.2861466 ], [ -103.3379014, 20.2862387 ] ] } },
{ "type": "Feature", "properties": { "ID": 1728608, "TIPOVIA": "CALLE", "TIPO": "N/A", "NUMERO": "N/A", "DERE_TRAN": "N/A", "ADMINISTRA": "N/A", "NUME_CARR": "N/A", "CONDICION": "N/A", "ORIGEN": "BCU", "CALI_REPR": "N/A", "CVEGEO": "140500001", "NOMVIAL": "ZARAGOZA SUR", "SENTIDO": "UN SENTIDO", "LONGITUD": 99.21, "UNIDAD": "e14" }, "geometry": { "type": "LineString", "coordinates": [ [ -103.4367379, 20.2844675 ], [ -103.4365714, 20.2853533 ] ] } },
{ "type": "Feature", "properties": { "ID": 1728609, "TIPOVIA": "CALLE", "TIPO": "N/A", "NUMERO": "N/A", "DERE_TRAN": "N/A", "ADMINISTRA": "N/A", "NUME_CARR": "N/A", "CONDICION": "N/A", "ORIGEN": "BCU", "CALI_REPR": "N/A", "CVEGEO": "140500001", "NOMVIAL": "JUÁREZ PONIENTE", "SENTIDO": "UN SENTIDO", "LONGITUD": 135.11, "UNIDAD": "e14" }, "geometry": { "type": "LineString", "coordinates": [ [ -103.4365714, 20.2853533 ], [ -103.4357441, 20.2851689 ], [ -103.4356768, 20.2851382 ], [ -103.4353121, 20.2850613 ] ] } },
{ "type": "Feature", "properties": { "ID": 1728611, "TIPOVIA": "CALLE", "TIPO": "N/A", "NUMERO": "N/A", "DERE_TRAN": "N/A", "ADMINISTRA": "N/A", "NUME_CARR": "N/A", "CONDICION": "N/A", "ORIGEN": "BCU", "CALI_REPR": "N/A", "CVEGEO": "140500001", "NOMVIAL": "MATAMOROS SUR", "SENTIDO": "UN SENTIDO", "LONGITUD": 130.4, "UNIDAD": "e14" }, "geometry": { "type": "LineString", "coordinates": [ [ -103.4285027, 20.2843363 ], [ -103.4282319, 20.2854908 ] ] } },
{ "type": "Feature", "properties": { "ID": 1728612, "TIPOVIA": "CALLE", "TIPO": "N/A", "NUMERO": "23", "DERE_TRAN": "LIBRE", "ADMINISTRA": "FEDERAL", "NUME_CARR": "N/A", "CONDICION": "N/A", "ORIGEN": "BCU", "CALI_REPR": "N/A", "CVEGEO": "140500001", "NOMVIAL": "MIGUEL ARANA ORIENTE", "SENTIDO": "UN SENTIDO", "LONGITUD": 162.62, "UNIDAD": "e14" }, "geometry": { "type": "LineString", "coordinates": [ [ -103.4282319, 20.2854908 ], [ -103.4266901, 20.2852498 ] ] } },
{ "type": "Feature", "properties": { "ID": 1728619, "TIPOVIA": "CALLE", "TIPO": "N/A", "NUMERO": "N/A", "DERE_TRAN": "N/A", "ADMINISTRA": "N/A", "NUME_CARR": "N/A", "CONDICION": "N/A", "ORIGEN": "BCU", "CALI_REPR": "N/A", "CVEGEO": "140500011", "NOMVIAL": "INDEPENDENCIA", "SENTIDO": "UN SENTIDO", "LONGITUD": 60.1, "UNIDAD": "e14" }, "geometry": { "type": "LineString", "coordinates": [ [ -103.3386753, 20.2863801 ], [ -103.3388047, 20.2858489 ] ] } },
{ "type": "Feature", "properties": { "ID": 1728620, "TIPOVIA": "CALLE", "TIPO": "N/A", "NUMERO": "N/A", "DERE_TRAN": "N/A", "ADMINISTRA": "N/A", "NUME_CARR": "N/A", "CONDICION": "N/A", "ORIGEN": "BCU", "CALI_REPR": "N/A", "CVEGEO": "140500011", "NOMVIAL": "PORFIRIO DÍAZ", "SENTIDO": "UN SENTIDO", "LONGITUD": 82.02, "UNIDAD": "e14" }, "geometry": { "type": "LineString", "coordinates": [ [ -103.3379014, 20.2862387 ], [ -103.3386753, 20.2863801 ] ] } },
{ "type": "Feature", "properties": { "ID": 1728624, "TIPOVIA": "OTRO", "TIPO": "N/A", "NUMERO": "N/A", "DERE_TRAN": "N/A", "ADMINISTRA": "N/A", "NUME_CARR": "N/A", "CONDICION": "N/A", "ORIGEN": "BCU", "CALI_REPR": "N/A", "CVEGEO": "140500011", "NOMVIAL": "LÍMITE PREDIAL", "SENTIDO": "N/A", "LONGITUD": 122.62, "UNIDAD": "e14" }, "geometry": { "type": "LineString", "coordinates": [ [ -103.3437747, 20.2862432 ], [ -103.3437302, 20.2862345 ], [ -103.3437302, 20.2862345 ] ] } },
{ "type": "Feature", "properties": { "ID": 1728630, "TIPOVIA": "CALLE", "TIPO": "N/A", "NUMERO": "23", "DERE_TRAN": "LIBRE", "ADMINISTRA": "FEDERAL", "NUME_CARR": "N/A", "CONDICION": "N/A", "ORIGEN": "BCU", "CALI_REPR": "N/A", "CVEGEO": "140500001", "NOMVIAL": "HIDALGO", "SENTIDO": "UN SENTIDO", "LONGITUD": 106.28, "UNIDAD": "e14" }, "geometry": { "type": "LineString", "coordinates": [ [ -103.4305353, 20.2846497 ], [ -103.4303922, 20.285604 ] ] } },
{ "type": "Feature", "properties": { "ID": 1728635, "TIPOVIA": "PRIVADA", "TIPO": "N/A", "NUMERO": "N/A", "DERE_TRAN": "N/A", "ADMINISTRA": "N/A", "NUME_CARR": "N/A", "CONDICION": "N/A", "ORIGEN": "BCU", "CALI_REPR": "N/A", "CVEGEO": "140500011", "NOMVIAL": "NINGUNO", "SENTIDO": "UN SENTIDO", "LONGITUD": 25.63, "UNIDAD": "e14" }, "geometry": { "type": "LineString", "coordinates": [ [ -103.3378514, 20.2864663 ], [ -103.3379014, 20.2862387 ] ] } },
{ "type": "Feature", "properties": { "ID": 1728636, "TIPOVIA": "CALLE", "TIPO": "N/A", "NUMERO": "N/A", "DERE_TRAN": "N/A", "ADMINISTRA": "N/A", "NUME_CARR": "N/A", "CONDICION": "N/A", "ORIGEN": "BCU", "CALI_REPR": "N/A", "CVEGEO": "140500011", "NOMVIAL": "LÓPEZ COTILLA", "SENTIDO": "UN SENTIDO", "LONGITUD": 57.2, "UNIDAD": "e14" }, "geometry": { "type": "LineString", "coordinates": [ [ -103.3365225, 20.2864891 ], [ -103.3366484, 20.2859842 ] ] } },
{ "type": "Feature", "properties": { "ID": 1728637, "TIPOVIA": "CARRETERA", "TIPO": "N/A", "NUMERO": "23", "DERE_TRAN": "LIBRE", "ADMINISTRA": "FEDERAL", "NUME_CARR": "N/A", "CONDICION": "N/A", "ORIGEN": "BCU", "CALI_REPR": "N/A", "CVEGEO": "140500011", "NOMVIAL": "JOCOTEPEC-CHAPALA", "SENTIDO": "UN SENTIDO", "LONGITUD": 138.29, "UNIDAD": "e14" }, "geometry": { "type": "LineString", "coordinates": [ [ -103.3353197, 20.2859595 ], [ -103.3355573, 20.2860373 ], [ -103.3360861, 20.2862787 ], [ -103.3365225, 20.2864891 ] ] } },
{ "type": "Feature", "properties": { "ID": 1728638, "TIPOVIA": "CALLE", "TIPO": "N/A", "NUMERO": "N/A", "DERE_TRAN": "N/A", "ADMINISTRA": "N/A", "NUME_CARR": "N/A", "CONDICION": "N/A", "ORIGEN": "BCU", "CALI_REPR": "N/A", "CVEGEO": "140500001", "NOMVIAL": "GUADALUPE VICTORIA SUR", "SENTIDO": "UN SENTIDO", "LONGITUD": 134.13, "UNIDAD": "e14" }, "geometry": { "type": "LineString", "coordinates": [ [ -103.4292027, 20.2844464 ], [ -103.4290193, 20.2856504 ] ] } },
{ "type": "Feature", "properties": { "ID": 1728639, "TIPOVIA": "CALLE", "TIPO": "N/A", "NUMERO": "23", "DERE_TRAN": "LIBRE", "ADMINISTRA": "FEDERAL", "NUME_CARR": "N/A", "CONDICION": "N/A", "ORIGEN": "BCU", "CALI_REPR": "N/A", "CVEGEO": "140500001", "NOMVIAL": "MIGUEL ARANA ORIENTE", "SENTIDO": "UN SENTIDO", "LONGITUD": 83.79, "UNIDAD": "e14" }, "geometry": { "type": "LineString", "coordinates": [ [ -103.4290193, 20.2856504 ], [ -103.4282319, 20.2854908 ] ] } },
{ "type": "Feature", "properties": { "ID": 1728640, "TIPOVIA": "CALLE", "TIPO": "N/A", "NUMERO": "N/A", "DERE_TRAN": "N/A", "ADMINISTRA": "N/A", "NUME_CARR": "N/A", "CONDICION": "N/A", "ORIGEN": "BCU", "CALI_REPR": "N/A", "CVEGEO": "140500011", "NOMVIAL": "VICENTE GUERRERO", "SENTIDO": "UN SENTIDO", "LONGITUD": 44.79, "UNIDAD": "e14" }, "geometry": { "type": "LineString", "coordinates": [ [ -103.3429897, 20.2864394 ], [ -103.3430198, 20.2863893 ], [ -103.3431774, 20.286074 ] ] } },
{ "type": "Feature", "properties": { "ID": 1728641, "TIPOVIA": "CALLE", "TIPO": "N/A", "NUMERO": "N/A", "DERE_TRAN": "N/A", "ADMINISTRA": "N/A", "NUME_CARR": "N/A", "CONDICION": "N/A", "ORIGEN": "BCU", "CALI_REPR": "N/A", "CVEGEO": "140500011", "NOMVIAL": "LA PAZ", "SENTIDO": "UN SENTIDO", "LONGITUD": 132.47, "UNIDAD": "e14" }, "geometry": { "type": "LineString", "coordinates": [ [ -103.3429897, 20.2864394 ], [ -103.3428699, 20.2863371 ], [ -103.3422559, 20.2859035 ], [ -103.341979, 20.2857098 ] ] } },
{ "type": "Feature", "properties": { "ID": 1728645, "TIPOVIA": "CALLE", "TIPO": "N/A", "NUMERO": "N/A", "DERE_TRAN": "N/A", "ADMINISTRA": "N/A", "NUME_CARR": "N/A", "CONDICION": "N/A", "ORIGEN": "BCU", "CALI_REPR": "N/A", "CVEGEO": "140500001", "NOMVIAL": "NIÑOS HÉROES SUR", "SENTIDO": "UN SENTIDO", "LONGITUD": 60.93, "UNIDAD": "e14" }, "geometry": { "type": "LineString", "coordinates": [ [ -103.4353121, 20.2850613 ], [ -103.435202, 20.285604 ] ] } },
{ "type": "Feature", "properties": { "ID": 1728646, "TIPOVIA": "CALLE", "TIPO": "N/A", "NUMERO": "N/A", "DERE_TRAN": "N/A", "ADMINISTRA": "N/A", "NUME_CARR": "N/A", "CONDICION": "N/A", "ORIGEN": "BCU", "CALI_REPR": "N/A", "CVEGEO": "140500001", "NOMVIAL": "JOSÉ SANTANA PONIENTE", "SENTIDO": "UN SENTIDO", "LONGITUD": 271.5, "UNIDAD": "e14" }, "geometry": { "type": "LineString", "coordinates": [ [ -103.435202, 20.285604 ], [ -103.4326712, 20.2850048 ] ] } },
{ "type": "Feature", "properties": { "ID": 1728649, "TIPOVIA": "CALLE", "TIPO": "N/A", "NUMERO": "23", "DERE_TRAN": "LIBRE", "ADMINISTRA": "FEDERAL", "NUME_CARR": "N/A", "CONDICION": "N/A", "ORIGEN": "BCU", "CALI_REPR": "N/A", "CVEGEO": "140500001", "NOMVIAL": "MIGUEL ARANA ORIENTE", "SENTIDO": "UN SENTIDO", "LONGITUD": 7.68, "UNIDAD": "e14" }, "geometry": { "type": "LineString", "coordinates": [ [ -103.4290891, 20.2856733 ], [ -103.4290193, 20.2856504 ] ] } },
{ "type": "Feature", "properties": { "ID": 1728659, "TIPOVIA": "CARRETERA", "TIPO": "N/A", "NUMERO": "23", "DERE_TRAN": "LIBRE", "ADMINISTRA": "FEDERAL", "NUME_CARR": "N/A", "CONDICION": "N/A", "ORIGEN": "BCU", "CALI_REPR": "N/A", "CVEGEO": "140500011", "NOMVIAL": "JOCOTEPEC-CHAPALA", "SENTIDO": "UN SENTIDO", "LONGITUD": 328.14, "UNIDAD": "e14" }, "geometry": { "type": "LineString", "coordinates": [ [ -103.3262626, 20.2866501 ], [ -103.3270514, 20.28636 ], [ -103.3278523, 20.2860682 ], [ -103.3286544, 20.2857906 ], [ -103.3292336, 20.2856659 ] ] } },
{ "type": "Feature", "properties": { "ID": 1728660, "TIPOVIA": "CALLE", "TIPO": "N/A", "NUMERO": "N/A", "DERE_TRAN": "N/A", "ADMINISTRA": "N/A", "NUME_CARR": "N/A", "CONDICION": "N/A", "ORIGEN": "BCU", "CALI_REPR": "N/A", "CVEGEO": "140500011", "NOMVIAL": "NINGUNO", "SENTIDO": "UN SENTIDO", "LONGITUD": 66.78, "UNIDAD": "e14" }, "geometry": { "type": "LineString", "coordinates": [ [ -103.3262626, 20.2866501 ], [ -103.3260077, 20.2860943 ] ] } },
{ "type": "Feature", "properties": { "ID": 1728664, "TIPOVIA": "CALLE", "TIPO": "N/A", "NUMERO": "N/A", "DERE_TRAN": "N/A", "ADMINISTRA": "N/A", "NUME_CARR": "N/A", "CONDICION": "N/A", "ORIGEN": "BCU", "CALI_REPR": "N/A", "CVEGEO": "140500001", "NOMVIAL": "PASEO DE LAS VIOLETAS", "SENTIDO": "UN SENTIDO", "LONGITUD": 204.76, "UNIDAD": "e14" }, "geometry": { "type": "LineString", "coordinates": [ [ -103.4399867, 20.2856457 ], [ -103.4404911, 20.2838509 ] ] } },
{ "type": "Feature", "properties": { "ID": 1728667, "TIPOVIA": "PRIVADA", "TIPO": "N/A", "NUMERO": "N/A", "DERE_TRAN": "N/A", "ADMINISTRA": "N/A", "NUME_CARR": "N/A", "CONDICION": "N/A", "ORIGEN": "BCU", "CALI_REPR": "N/A", "CVEGEO": "140500011", "NOMVIAL": "NINGUNO", "SENTIDO": "UN SENTIDO", "LONGITUD": 187.93, "UNIDAD": "e14" }, "geometry": { "type": "LineString", "coordinates": [ [ -103.3339457, 20.286622 ], [ -103.3340429, 20.2864579 ], [ -103.3349507, 20.286527 ], [ -103.3350802, 20.2858816 ] ] } },
{ "type": "Feature", "properties": { "ID": 1728669, "TIPOVIA": "CALLE", "TIPO": "N/A", "NUMERO": "N/A", "DERE_TRAN": "N/A", "ADMINISTRA": "N/A", "NUME_CARR": "N/A", "CONDICION": "N/A", "ORIGEN": "BCU", "CALI_REPR": "N/A", "CVEGEO": "140500011", "NOMVIAL": "VICENTE GUERRERO", "SENTIDO": "UN SENTIDO", "LONGITUD": 14.65, "UNIDAD": "e14" }, "geometry": { "type": "LineString", "coordinates": [ [ -103.3429202, 20.2865549 ], [ -103.3429897, 20.2864394 ] ] } },
{ "type": "Feature", "properties": { "ID": 1728670, "TIPOVIA": "CALLE", "TIPO": "N/A", "NUMERO": "N/A", "DERE_TRAN": "N/A", "ADMINISTRA": "N/A", "NUME_CARR": "N/A", "CONDICION": "N/A", "ORIGEN": "BCU", "CALI_REPR": "N/A", "CVEGEO": "140500011", "NOMVIAL": "MORELOS", "SENTIDO": "UN SENTIDO", "LONGITUD": 115.65, "UNIDAD": "e14" }, "geometry": { "type": "LineString", "coordinates": [ [ -103.3418756, 20.2861975 ], [ -103.3418836, 20.2861987 ], [ -103.3420329, 20.2862578 ], [ -103.3429202, 20.2865549 ] ] } },
{ "type": "Feature", "properties": { "ID": 1728676, "TIPOVIA": "CALLE", "TIPO": "N/A", "NUMERO": "N/A", "DERE_TRAN": "N/A", "ADMINISTRA": "N/A", "NUME_CARR": "N/A", "CONDICION": "N/A", "ORIGEN": "BCU", "CALI_REPR": "N/A", "CVEGEO": "140500011", "NOMVIAL": "JUÁREZ", "SENTIDO": "UN SENTIDO", "LONGITUD": 71.26, "UNIDAD": "e14" }, "geometry": { "type": "LineString", "coordinates": [ [ -103.3397755, 20.2866169 ], [ -103.3398635, 20.2859761 ] ] } },
{ "type": "Feature", "properties": { "ID": 1728677, "TIPOVIA": "CALLE", "TIPO": "N/A", "NUMERO": "N/A", "DERE_TRAN": "N/A", "ADMINISTRA": "N/A", "NUME_CARR": "N/A", "CONDICION": "N/A", "ORIGEN": "BCU", "CALI_REPR": "N/A", "CVEGEO": "140500011", "NOMVIAL": "PORFIRIO DÍAZ", "SENTIDO": "UN SENTIDO", "LONGITUD": 117.42, "UNIDAD": "e14" }, "geometry": { "type": "LineString", "coordinates": [ [ -103.3386753, 20.2863801 ], [ -103.3387249, 20.2863891 ], [ -103.3397755, 20.2866169 ] ] } },
{ "type": "Feature", "properties": { "ID": 1728678, "TIPOVIA": "CALLE", "TIPO": "N/A", "NUMERO": "23", "DERE_TRAN": "LIBRE", "ADMINISTRA": "FEDERAL", "NUME_CARR": "N/A", "CONDICION": "N/A", "ORIGEN": "BCU", "CALI_REPR": "N/A", "CVEGEO": "140500001", "NOMVIAL": "MIGUEL ARANA ORIENTE", "SENTIDO": "UN SENTIDO", "LONGITUD": 63.27, "UNIDAD": "e14" }, "geometry": { "type": "LineString", "coordinates": [ [ -103.4296826, 20.285798 ], [ -103.4290891, 20.2856733 ] ] } },
{ "type": "Feature", "properties": { "ID": 1728681, "TIPOVIA": "CALLE", "TIPO": "N/A", "NUMERO": "N/A", "DERE_TRAN": "N/A", "ADMINISTRA": "N/A", "NUME_CARR": "N/A", "CONDICION": "N/A", "ORIGEN": "BCU", "CALI_REPR": "N/A", "CVEGEO": "140500011", "NOMVIAL": "ITURBIDE", "SENTIDO": "UN SENTIDO", "LONGITUD": 48.23, "UNIDAD": "e14" }, "geometry": { "type": "LineString", "coordinates": [ [ -103.3417922, 20.2866278 ], [ -103.3418489, 20.2863294 ], [ -103.3418756, 20.2861975 ] ] } },
{ "type": "Feature", "properties": { "ID": 1728686, "TIPOVIA": "CALLE", "TIPO": "N/A", "NUMERO": "N/A", "DERE_TRAN": "N/A", "ADMINISTRA": "N/A", "NUME_CARR": "N/A", "CONDICION": "N/A", "ORIGEN": "BCU", "CALI_REPR": "N/A", "CVEGEO": "140500011", "NOMVIAL": "LA PAZ", "SENTIDO": "UN SENTIDO", "LONGITUD": 29.63, "UNIDAD": "e14" }, "geometry": { "type": "LineString", "coordinates": [ [ -103.343201, 20.2866196 ], [ -103.3429897, 20.2864394 ] ] } },
{ "type": "Feature", "properties": { "ID": 1728693, "TIPOVIA": "CALLE", "TIPO": "N/A", "NUMERO": "N/A", "DERE_TRAN": "N/A", "ADMINISTRA": "N/A", "NUME_CARR": "N/A", "CONDICION": "N/A", "ORIGEN": "BCU", "CALI_REPR": "N/A", "CVEGEO": "140500001", "NOMVIAL": "PASEO DE LOS CLAVELES", "SENTIDO": "UN SENTIDO", "LONGITUD": 164.97, "UNIDAD": "e14" }, "geometry": { "type": "LineString", "coordinates": [ [ -103.4408337, 20.2843152 ], [ -103.4404185, 20.2857589 ] ] } },
{ "type": "Feature", "properties": { "ID": 1728694, "TIPOVIA": "CALLE", "TIPO": "N/A", "NUMERO": "N/A", "DERE_TRAN": "N/A", "ADMINISTRA": "N/A", "NUME_CARR": "N/A", "CONDICION": "N/A", "ORIGEN": "BCU", "CALI_REPR": "N/A", "CVEGEO": "140500001", "NOMVIAL": "BENITO JUÁREZ", "SENTIDO": "UN SENTIDO", "LONGITUD": 46.63, "UNIDAD": "e14" }, "geometry": { "type": "LineString", "coordinates": [ [ -103.4404185, 20.2857589 ], [ -103.4399867, 20.2856457 ] ] } },
{ "type": "Feature", "properties": { "ID": 1728697, "TIPOVIA": "PRIVADA", "TIPO": "N/A", "NUMERO": "N/A", "DERE_TRAN": "N/A", "ADMINISTRA": "N/A", "NUME_CARR": "N/A", "CONDICION": "N/A", "ORIGEN": "BCU", "CALI_REPR": "N/A", "CVEGEO": "140500011", "NOMVIAL": "ULTRELLA", "SENTIDO": "UN SENTIDO", "LONGITUD": 122.55, "UNIDAD": "e14" }, "geometry": { "type": "LineString", "coordinates": [ [ -103.3314494, 20.2867571 ], [ -103.3314358, 20.2856459 ] ] } },
{ "type": "Feature", "properties": { "ID": 1728698, "TIPOVIA": "PRIVADA", "TIPO": "N/A", "NUMERO": "N/A", "DERE_TRAN": "N/A", "ADMINISTRA": "N/A", "NUME_CARR": "N/A", "CONDICION": "N/A", "ORIGEN": "BCU", "CALI_REPR": "N/A", "CVEGEO": "140500011", "NOMVIAL": "CONVIVENCIA", "SENTIDO": "UN SENTIDO", "LONGITUD": 146.68, "UNIDAD": "e14" }, "geometry": { "type": "LineString", "coordinates": [ [ -103.3300774, 20.2864516 ], [ -103.3308287, 20.2866207 ], [ -103.3310096, 20.2866634 ], [ -103.3314494, 20.2867571 ] ] } },
{ "type": "Feature", "properties": { "ID": 1728708, "TIPOVIA": "CALLE", "TIPO": "N/A", "NUMERO": "N/A", "DERE_TRAN": "N/A", "ADMINISTRA": "N/A", "NUME_CARR": "N/A", "CONDICION": "N/A", "ORIGEN": "BCU", "CALI_REPR": "N/A", "CVEGEO": "140500001", "NOMVIAL": "GONZÁLEZ ORTEGA SUR", "SENTIDO": "UN SENTIDO", "LONGITUD": 123.56, "UNIDAD": "e14" }, "geometry": { "type": "LineString", "coordinates": [ [ -103.4239979, 20.2848317 ], [ -103.4238894, 20.2859474 ] ] } },
{ "type": "Feature", "properties": { "ID": 1728709, "TIPOVIA": "PRIVADA", "TIPO": "N/A", "NUMERO": "N/A", "DERE_TRAN": "N/A", "ADMINISTRA": "N/A", "NUME_CARR": "N/A", "CONDICION": "N/A", "ORIGEN": "BCU", "CALI_REPR": "N/A", "CVEGEO": "140500001", "NOMVIAL": "GONZÁLEZ ORTEGA", "SENTIDO": "UN SENTIDO", "LONGITUD": 135.78, "UNIDAD": "e14" }, "geometry": { "type": "LineString", "coordinates": [ [ -103.4225872, 20.2858664 ], [ -103.4238894, 20.2859474 ] ] } },
{ "type": "Feature", "properties": { "ID": 1728714, "TIPOVIA": "CALLE", "TIPO": "N/A", "NUMERO": "N/A", "DERE_TRAN": "N/A", "ADMINISTRA": "N/A", "NUME_CARR": "N/A", "CONDICION": "N/A", "ORIGEN": "BCU", "CALI_REPR": "N/A", "CVEGEO": "140500001", "NOMVIAL": "MORELOS", "SENTIDO": "UN SENTIDO", "LONGITUD": 10.79, "UNIDAD": "e14" }, "geometry": { "type": "LineString", "coordinates": [ [ -103.4225816, 20.2859642 ], [ -103.4225872, 20.2858664 ] ] } },
{ "type": "Feature", "properties": { "ID": 1728715, "TIPOVIA": "PRIVADA", "TIPO": "N/A", "NUMERO": "N/A", "DERE_TRAN": "N/A", "ADMINISTRA": "N/A", "NUME_CARR": "N/A", "CONDICION": "N/A", "ORIGEN": "BCU", "CALI_REPR": "N/A", "CVEGEO": "140500001", "NOMVIAL": "GONZÁLEZ ORTEGA", "SENTIDO": "UN SENTIDO", "LONGITUD": 24.3, "UNIDAD": "e14" }, "geometry": { "type": "LineString", "coordinates": [ [ -103.4225816, 20.2859642 ], [ -103.422348, 20.2859619 ] ] } },
{ "type": "Feature", "properties": { "ID": 1728719, "TIPOVIA": "PRIVADA", "TIPO": "N/A", "NUMERO": "N/A", "DERE_TRAN": "N/A", "ADMINISTRA": "N/A", "NUME_CARR": "N/A", "CONDICION": "N/A", "ORIGEN": "BCU", "CALI_REPR": "N/A", "CVEGEO": "140500011", "NOMVIAL": "CONVIVENCIA", "SENTIDO": "UN SENTIDO", "LONGITUD": 44.16, "UNIDAD": "e14" }, "geometry": { "type": "LineString", "coordinates": [ [ -103.3314494, 20.2867571 ], [ -103.3318685, 20.2868204 ] ] } },
{ "type": "Feature", "properties": { "ID": 1728720, "TIPOVIA": "CALLE", "TIPO": "N/A", "NUMERO": "N/A", "DERE_TRAN": "N/A", "ADMINISTRA": "N/A", "NUME_CARR": "N/A", "CONDICION": "N/A", "ORIGEN": "BCU", "CALI_REPR": "N/A", "CVEGEO": "140500001", "NOMVIAL": "ZARAGOZA SUR", "SENTIDO": "UN SENTIDO", "LONGITUD": 57.42, "UNIDAD": "e14" }, "geometry": { "type": "LineString", "coordinates": [ [ -103.4365714, 20.2853533 ], [ -103.4364859, 20.2858677 ] ] } },
{ "type": "Feature", "properties": { "ID": 1728721, "TIPOVIA": "PROLONGACION", "TIPO": "N/A", "NUMERO": "N/A", "DERE_TRAN": "N/A", "ADMINISTRA": "N/A", "NUME_CARR": "N/A", "CONDICION": "N/A", "ORIGEN": "BCU", "CALI_REPR": "N/A", "CVEGEO": "140500001", "NOMVIAL": "JOSÉ SANTANA", "SENTIDO": "UN SENTIDO", "LONGITUD": 99.11, "UNIDAD": "e14" }, "geometry": { "type": "LineString", "coordinates": [ [ -103.4364859, 20.2858677 ], [ -103.4355475, 20.2857132 ] ] } },
{ "type": "Feature", "properties": { "ID": 1728724, "TIPOVIA": "CALLE", "TIPO": "N/A", "NUMERO": "23", "DERE_TRAN": "LIBRE", "ADMINISTRA": "FEDERAL", "NUME_CARR": "N/A", "CONDICION": "N/A", "ORIGEN": "BCU", "CALI_REPR": "N/A", "CVEGEO": "140500001", "NOMVIAL": "HIDALGO", "SENTIDO": "UN SENTIDO", "LONGITUD": 37.02, "UNIDAD": "e14" }, "geometry": { "type": "LineString", "coordinates": [ [ -103.4303922, 20.285604 ], [ -103.4303424, 20.2859365 ] ] } },
{ "type": "Feature", "properties": { "ID": 1728725, "TIPOVIA": "CALLE", "TIPO": "N/A", "NUMERO": "23", "DERE_TRAN": "LIBRE", "ADMINISTRA": "FEDERAL", "NUME_CARR": "N/A", "CONDICION": "N/A", "ORIGEN": "BCU", "CALI_REPR": "N/A", "CVEGEO": "140500001", "NOMVIAL": "MIGUEL ARANA ORIENTE", "SENTIDO": "UN SENTIDO", "LONGITUD": 70.32, "UNIDAD": "e14" }, "geometry": { "type": "LineString", "coordinates": [ [ -103.4303424, 20.2859365 ], [ -103.4296826, 20.285798 ] ] } },
{ "type": "Feature", "properties": { "ID": 1728730, "TIPOVIA": "CALLE", "TIPO": "N/A", "NUMERO": "N/A", "DERE_TRAN": "N/A", "ADMINISTRA": "N/A", "NUME_CARR": "N/A", "CONDICION": "N/A", "ORIGEN": "BCU", "CALI_REPR": "N/A", "CVEGEO": "140500011", "NOMVIAL": "DEL CARDENAL", "SENTIDO": "UN SENTIDO", "LONGITUD": 79.36, "UNIDAD": "e14" }, "geometry": { "type": "LineString", "coordinates": [ [ -103.3404961, 20.2860574 ], [ -103.3403886, 20.2867699 ] ] } },
{ "type": "Feature", "properties": { "ID": 1728731, "TIPOVIA": "CALLE", "TIPO": "N/A", "NUMERO": "N/A", "DERE_TRAN": "N/A", "ADMINISTRA": "N/A", "NUME_CARR": "N/A", "CONDICION": "N/A", "ORIGEN": "BCU", "CALI_REPR": "N/A", "CVEGEO": "140500011", "NOMVIAL": "PORFIRIO DÍAZ", "SENTIDO": "UN SENTIDO", "LONGITUD": 65.98, "UNIDAD": "e14" }, "geometry": { "type": "LineString", "coordinates": [ [ -103.3397755, 20.2866169 ], [ -103.3403886, 20.2867699 ] ] } },
{ "type": "Feature", "properties": { "ID": 1728733, "TIPOVIA": "OTRO", "TIPO": "N/A", "NUMERO": "N/A", "DERE_TRAN": "N/A", "ADMINISTRA": "N/A", "NUME_CARR": "N/A", "CONDICION": "N/A", "ORIGEN": "BCU", "CALI_REPR": "N/A", "CVEGEO": "140500011", "NOMVIAL": "LÍMITE PREDIAL", "SENTIDO": "N/A", "LONGITUD": 409.82, "UNIDAD": "e14" }, "geometry": { "type": "LineString", "coordinates": [ [ -103.3260077, 20.2860943 ], [ -103.3251451, 20.2862991 ], [ -103.3249263, 20.2863923 ], [ -103.3243351, 20.2864733 ], [ -103.3236849, 20.2864707 ], [ -103.322832, 20.2864974 ], [ -103.3225352, 20.286607 ], [ -103.3227176, 20.2869315 ] ] } },
{ "type": "Feature", "properties": { "ID": 1728741, "TIPOVIA": "CALLE", "TIPO": "N/A", "NUMERO": "N/A", "DERE_TRAN": "N/A", "ADMINISTRA": "N/A", "NUME_CARR": "N/A", "CONDICION": "N/A", "ORIGEN": "BCU", "CALI_REPR": "N/A", "CVEGEO": "140500011", "NOMVIAL": "DEL CARDENAL", "SENTIDO": "UN SENTIDO", "LONGITUD": 80.73, "UNIDAD": "e14" }, "geometry": { "type": "LineString", "coordinates": [ [ -103.3405343, 20.2868002 ], [ -103.3405384, 20.2867596 ], [ -103.3406237, 20.2863153 ], [ -103.3406554, 20.2860774 ] ] } },
{ "type": "Feature", "properties": { "ID": 1728742, "TIPOVIA": "CALLE", "TIPO": "N/A", "NUMERO": "N/A", "DERE_TRAN": "N/A", "ADMINISTRA": "N/A", "NUME_CARR": "N/A", "CONDICION": "N/A", "ORIGEN": "BCU", "CALI_REPR": "N/A", "CVEGEO": "140500011", "NOMVIAL": "PORFIRIO DÍAZ", "SENTIDO": "UN SENTIDO", "LONGITUD": 15.52, "UNIDAD": "e14" }, "geometry": { "type": "LineString", "coordinates": [ [ -103.3403886, 20.2867699 ], [ -103.3405343, 20.2868002 ] ] } },
{ "type": "Feature", "properties": { "ID": 1728743, "TIPOVIA": "CARRETERA", "TIPO": "N/A", "NUMERO": "23", "DERE_TRAN": "LIBRE", "ADMINISTRA": "FEDERAL", "NUME_CARR": "N/A", "CONDICION": "N/A", "ORIGEN": "BCU", "CALI_REPR": "N/A", "CVEGEO": "140500011", "NOMVIAL": "JOCOTEPEC-CHAPALA", "SENTIDO": "UN SENTIDO", "LONGITUD": 375.85, "UNIDAD": "e14" }, "geometry": { "type": "LineString", "coordinates": [ [ -103.3227176, 20.2869315 ], [ -103.3230938, 20.2868292 ], [ -103.3232649, 20.2868191 ], [ -103.3237169, 20.2868563 ], [ -103.3246295, 20.2869434 ], [ -103.3249757, 20.2869421 ], [ -103.3254208, 20.2869056 ], [ -103.3259124, 20.2867776 ], [ -103.3262626, 20.2866501 ] ] } },
{ "type": "Feature", "properties": { "ID": 1728745, "TIPOVIA": "CALLE", "TIPO": "N/A", "NUMERO": "N/A", "DERE_TRAN": "N/A", "ADMINISTRA": "N/A", "NUME_CARR": "N/A", "CONDICION": "N/A", "ORIGEN": "BCU", "CALI_REPR": "N/A", "CVEGEO": "140500001", "NOMVIAL": "PASEO DE LAS VIOLETAS", "SENTIDO": "UN SENTIDO", "LONGITUD": 132.92, "UNIDAD": "e14" }, "geometry": { "type": "LineString", "coordinates": [ [ -103.4408747, 20.2858908 ], [ -103.4411902, 20.2847228 ] ] } },
{ "type": "Feature", "properties": { "ID": 1728746, "TIPOVIA": "CALLE", "TIPO": "N/A", "NUMERO": "N/A", "DERE_TRAN": "N/A", "ADMINISTRA": "N/A", "NUME_CARR": "N/A", "CONDICION": "N/A", "ORIGEN": "BCU", "CALI_REPR": "N/A", "CVEGEO": "140500001", "NOMVIAL": "BENITO JUÁREZ", "SENTIDO": "UN SENTIDO", "LONGITUD": 49.64, "UNIDAD": "e14" }, "geometry": { "type": "LineString", "coordinates": [ [ -103.4408747, 20.2858908 ], [ -103.4404185, 20.2857589 ] ] } },
{ "type": "Feature", "properties": { "ID": 1728754, "TIPOVIA": "PROLONGACION", "TIPO": "N/A", "NUMERO": "N/A", "DERE_TRAN": "N/A", "ADMINISTRA": "N/A", "NUME_CARR": "N/A", "CONDICION": "N/A", "ORIGEN": "BCU", "CALI_REPR": "N/A", "CVEGEO": "140500001", "NOMVIAL": "JOSÉ SANTANA", "SENTIDO": "UN SENTIDO", "LONGITUD": 80.2, "UNIDAD": "e14" }, "geometry": { "type": "LineString", "coordinates": [ [ -103.4372529, 20.2859396 ], [ -103.4364859, 20.2858677 ] ] } },
{ "type": "Feature", "properties": { "ID": 1728760, "TIPOVIA": "PRIVADA", "TIPO": "N/A", "NUMERO": "N/A", "DERE_TRAN": "N/A", "ADMINISTRA": "N/A", "NUME_CARR": "N/A", "CONDICION": "N/A", "ORIGEN": "BCU", "CALI_REPR": "N/A", "CVEGEO": "140500011", "NOMVIAL": "NINGUNO", "SENTIDO": "UN SENTIDO", "LONGITUD": 79.64, "UNIDAD": "e14" }, "geometry": { "type": "LineString", "coordinates": [ [ -103.3417922, 20.2866278 ], [ -103.3425255, 20.2868349 ] ] } },
{ "type": "Feature", "properties": { "ID": 1728761, "TIPOVIA": "CALLE", "TIPO": "N/A", "NUMERO": "N/A", "DERE_TRAN": "N/A", "ADMINISTRA": "N/A", "NUME_CARR": "N/A", "CONDICION": "N/A", "ORIGEN": "BCU", "CALI_REPR": "N/A", "CVEGEO": "140500001", "NOMVIAL": "INDEPENDENCIA SUR", "SENTIDO": "UN SENTIDO", "LONGITUD": 113.04, "UNIDAD": "e14" }, "geometry": { "type": "LineString", "coordinates": [ [ -103.4326712, 20.2850048 ], [ -103.4324848, 20.2860147 ] ] } },
{ "type": "Feature", "properties": { "ID": 1728762, "TIPOVIA": "CALLE", "TIPO": "N/A", "NUMERO": "N/A", "DERE_TRAN": "N/A", "ADMINISTRA": "N/A", "NUME_CARR": "N/A", "CONDICION": "N/A", "ORIGEN": "BCU", "CALI_REPR": "N/A", "CVEGEO": "140500001", "NOMVIAL": "RAMÓN CORONA", "SENTIDO": "UN SENTIDO", "LONGITUD": 222.4, "UNIDAD": "e14" }, "geometry": { "type": "LineString", "coordinates": [ [ -103.4303922, 20.285604 ], [ -103.4324848, 20.2860147 ] ] } },
{ "type": "Feature", "properties": { "ID": 1728775, "TIPOVIA": "CALLE", "TIPO": "N/A", "NUMERO": "N/A", "DERE_TRAN": "N/A", "ADMINISTRA": "N/A", "NUME_CARR": "N/A", "CONDICION": "N/A", "ORIGEN": "BCU", "CALI_REPR": "N/A", "CVEGEO": "140500011", "NOMVIAL": "NARCISO MENDOZA", "SENTIDO": "UN SENTIDO", "LONGITUD": 88.46, "UNIDAD": "e14" }, "geometry": { "type": "LineString", "coordinates": [ [ -103.3372172, 20.2869314 ], [ -103.3372502, 20.2867415 ], [ -103.3373898, 20.2861461 ] ] } },
{ "type": "Feature", "properties": { "ID": 1728776, "TIPOVIA": "CARRETERA", "TIPO": "N/A", "NUMERO": "23", "DERE_TRAN": "LIBRE", "ADMINISTRA": "FEDERAL", "NUME_CARR": "N/A", "CONDICION": "N/A", "ORIGEN": "BCU", "CALI_REPR": "N/A", "CVEGEO": "140500011", "NOMVIAL": "JOCOTEPEC-CHAPALA", "SENTIDO": "UN SENTIDO", "LONGITUD": 87.2, "UNIDAD": "e14" }, "geometry": { "type": "LineString", "coordinates": [ [ -103.3365225, 20.2864891 ], [ -103.3372172, 20.2869314 ] ] } },
{ "type": "Feature", "properties": { "ID": 1728781, "TIPOVIA": "PROLONGACION", "TIPO": "N/A", "NUMERO": "N/A", "DERE_TRAN": "N/A", "ADMINISTRA": "N/A", "NUME_CARR": "N/A", "CONDICION": "N/A", "ORIGEN": "BCU", "CALI_REPR": "N/A", "CVEGEO": "140500001", "NOMVIAL": "JOSÉ SANTANA", "SENTIDO": "UN SENTIDO", "LONGITUD": 81.41, "UNIDAD": "e14" }, "geometry": { "type": "LineString", "coordinates": [ [ -103.4380303, 20.2860229 ], [ -103.4372529, 20.2859396 ] ] } },
{ "type": "Feature", "properties": { "ID": 1728789, "TIPOVIA": "CALLE", "TIPO": "N/A", "NUMERO": "N/A", "DERE_TRAN": "N/A", "ADMINISTRA": "N/A", "NUME_CARR": "N/A", "CONDICION": "N/A", "ORIGEN": "BCU", "CALI_REPR": "N/A", "CVEGEO": "140500011", "NOMVIAL": "RAÚL RAMÍREZ", "SENTIDO": "UN SENTIDO", "LONGITUD": 148.47, "UNIDAD": "e14" }, "geometry": { "type": "LineString", "coordinates": [ [ -103.3332331, 20.2870113 ], [ -103.3334112, 20.2856755 ] ] } },
{ "type": "Feature", "properties": { "ID": 1728806, "TIPOVIA": "PRIVADA", "TIPO": "N/A", "NUMERO": "N/A", "DERE_TRAN": "N/A", "ADMINISTRA": "N/A", "NUME_CARR": "N/A", "CONDICION": "N/A", "ORIGEN": "BCU", "CALI_REPR": "N/A", "CVEGEO": "140500011", "NOMVIAL": "LA PAZ", "SENTIDO": "UN SENTIDO", "LONGITUD": 48.0, "UNIDAD": "e14" }, "geometry": { "type": "LineString", "coordinates": [ [ -103.343201, 20.2866196 ], [ -103.3430624, 20.2870348 ] ] } },
{ "type": "Feature", "properties": { "ID": 1728809, "TIPOVIA": "CALLE", "TIPO": "N/A", "NUMERO": "N/A", "DERE_TRAN": "N/A", "ADMINISTRA": "N/A", "NUME_CARR": "N/A", "CONDICION": "N/A", "ORIGEN": "BCU", "CALI_REPR": "N/A", "CVEGEO": "140500001", "NOMVIAL": "ZARAGOZA SUR", "SENTIDO": "UN SENTIDO", "LONGITUD": 36.1, "UNIDAD": "e14" }, "geometry": { "type": "LineString", "coordinates": [ [ -103.4364859, 20.2858677 ], [ -103.4363962, 20.286184 ] ] } },
{ "type": "Feature", "properties": { "ID": 1728815, "TIPOVIA": "CALLE", "TIPO": "N/A", "NUMERO": "N/A", "DERE_TRAN": "N/A", "ADMINISTRA": "N/A", "NUME_CARR": "N/A", "CONDICION": "N/A", "ORIGEN": "BCU", "CALI_REPR": "N/A", "CVEGEO": "140500001", "NOMVIAL": "INDEPENDENCIA SUR", "SENTIDO": "UN SENTIDO", "LONGITUD": 25.18, "UNIDAD": "e14" }, "geometry": { "type": "LineString", "coordinates": [ [ -103.4324848, 20.2860147 ], [ -103.4324337, 20.2862379 ] ] } },
{ "type": "Feature", "properties": { "ID": 1728819, "TIPOVIA": "CALLE", "TIPO": "N/A", "NUMERO": "N/A", "DERE_TRAN": "N/A", "ADMINISTRA": "N/A", "NUME_CARR": "N/A", "CONDICION": "N/A", "ORIGEN": "BCU", "CALI_REPR": "N/A", "CVEGEO": "140500001", "NOMVIAL": "CRISTÓBAL COLÓN", "SENTIDO": "UN SENTIDO", "LONGITUD": 270.07, "UNIDAD": "e14" }, "geometry": { "type": "LineString", "coordinates": [ [ -103.4193062, 20.2840145 ], [ -103.4190216, 20.2849278 ], [ -103.4187258, 20.2859779 ], [ -103.4186617, 20.2863838 ] ] } },
{ "type": "Feature", "properties": { "ID": 1728820, "TIPOVIA": "PRIVADA", "TIPO": "N/A", "NUMERO": "N/A", "DERE_TRAN": "N/A", "ADMINISTRA": "N/A", "NUME_CARR": "N/A", "CONDICION": "N/A", "ORIGEN": "BCU", "CALI_REPR": "N/A", "CVEGEO": "140500001", "NOMVIAL": "JOSÉ VACA FLORES", "SENTIDO": "UN SENTIDO", "LONGITUD": 90.23, "UNIDAD": "e14" }, "geometry": { "type": "LineString", "coordinates": [ [ -103.4186617, 20.2863838 ], [ -103.4178, 20.2862911 ] ] } },
{ "type": "Feature", "properties": { "ID": 1728823, "TIPOVIA": "CALLE", "TIPO": "N/A", "NUMERO": "N/A", "DERE_TRAN": "N/A", "ADMINISTRA": "N/A", "NUME_CARR": "N/A", "CONDICION": "N/A", "ORIGEN": "BCU", "CALI_REPR": "N/A", "CVEGEO": "140500001", "NOMVIAL": "ALLENDE NORTE", "SENTIDO": "UN SENTIDO", "LONGITUD": 58.46, "UNIDAD": "e14" }, "geometry": { "type": "LineString", "coordinates": [ [ -103.429571, 20.2863176 ], [ -103.4296826, 20.285798 ] ] } },
{ "type": "Feature", "properties": { "ID": 1728828, "TIPOVIA": "PRIVADA", "TIPO": "N/A", "NUMERO": "N/A", "DERE_TRAN": "N/A", "ADMINISTRA": "N/A", "NUME_CARR": "N/A", "CONDICION": "N/A", "ORIGEN": "BCU", "CALI_REPR": "N/A", "CVEGEO": "140500001", "NOMVIAL": "NINGUNO", "SENTIDO": "UN SENTIDO", "LONGITUD": 58.94, "UNIDAD": "e14" }, "geometry": { "type": "LineString", "coordinates": [ [ -103.4387178, 20.2862522 ], [ -103.4388075, 20.2857244 ] ] } },
{ "type": "Feature", "properties": { "ID": 1728829, "TIPOVIA": "PROLONGACION", "TIPO": "N/A", "NUMERO": "N/A", "DERE_TRAN": "N/A", "ADMINISTRA": "N/A", "NUME_CARR": "N/A", "CONDICION": "N/A", "ORIGEN": "BCU", "CALI_REPR": "N/A", "CVEGEO": "140500001", "NOMVIAL": "JOSÉ SANTANA", "SENTIDO": "UN SENTIDO", "LONGITUD": 75.87, "UNIDAD": "e14" }, "geometry": { "type": "LineString", "coordinates": [ [ -103.4387178, 20.2862522 ], [ -103.4380303, 20.2860229 ] ] } },
{ "type": "Feature", "properties": { "ID": 1728834, "TIPOVIA": "CALLE", "TIPO": "N/A", "NUMERO": "N/A", "DERE_TRAN": "N/A", "ADMINISTRA": "N/A", "NUME_CARR": "N/A", "CONDICION": "N/A", "ORIGEN": "BCU", "CALI_REPR": "N/A", "CVEGEO": "140500001", "NOMVIAL": "JUAN ESCUTIA", "SENTIDO": "UN SENTIDO", "LONGITUD": 39.59, "UNIDAD": "e14" }, "geometry": { "type": "LineString", "coordinates": [ [ -103.4372529, 20.2859396 ], [ -103.4372015, 20.2862954 ] ] } },
{ "type": "Feature", "properties": { "ID": 1728835, "TIPOVIA": "CALLE", "TIPO": "N/A", "NUMERO": "N/A", "DERE_TRAN": "N/A", "ADMINISTRA": "N/A", "NUME_CARR": "N/A", "CONDICION": "N/A", "ORIGEN": "BCU", "CALI_REPR": "N/A", "CVEGEO": "140500001", "NOMVIAL": "5 DE MAYO", "SENTIDO": "UN SENTIDO", "LONGITUD": 84.69, "UNIDAD": "e14" }, "geometry": { "type": "LineString", "coordinates": [ [ -103.4363962, 20.286184 ], [ -103.4372015, 20.2862954 ] ] } },
{ "type": "Feature", "properties": { "ID": 1728836, "TIPOVIA": "CALLE", "TIPO": "N/A", "NUMERO": "N/A", "DERE_TRAN": "N/A", "ADMINISTRA": "N/A", "NUME_CARR": "N/A", "CONDICION": "N/A", "ORIGEN": "BCU", "CALI_REPR": "N/A", "CVEGEO": "140500001", "NOMVIAL": "ABASOLO", "SENTIDO": "UN SENTIDO", "LONGITUD": 59.49, "UNIDAD": "e14" }, "geometry": { "type": "LineString", "coordinates": [ [ -103.429571, 20.2863176 ], [ -103.4301395, 20.2863758 ] ] } },
{ "type": "Feature", "properties": { "ID": 1728842, "TIPOVIA": "CALLE", "TIPO": "N/A", "NUMERO": "N/A", "DERE_TRAN": "N/A", "ADMINISTRA": "N/A", "NUME_CARR": "N/A", "CONDICION": "N/A", "ORIGEN": "BCU", "CALI_REPR": "N/A", "CVEGEO": "140500001", "NOMVIAL": "HIDALGO", "SENTIDO": "UN SENTIDO", "LONGITUD": 51.05, "UNIDAD": "e14" }, "geometry": { "type": "LineString", "coordinates": [ [ -103.4302556, 20.2863921 ], [ -103.4303424, 20.2859365 ] ] } },
{ "type": "Feature", "properties": { "ID": 1728843, "TIPOVIA": "CALLE", "TIPO": "N/A", "NUMERO": "N/A", "DERE_TRAN": "N/A", "ADMINISTRA": "N/A", "NUME_CARR": "N/A", "CONDICION": "N/A", "ORIGEN": "BCU", "CALI_REPR": "N/A", "CVEGEO": "140500001", "NOMVIAL": "ABASOLO", "SENTIDO": "UN SENTIDO", "LONGITUD": 12.21, "UNIDAD": "e14" }, "geometry": { "type": "LineString", "coordinates": [ [ -103.4301395, 20.2863758 ], [ -103.4302556, 20.2863921 ] ] } },
{ "type": "Feature", "properties": { "ID": 1728844, "TIPOVIA": "CALLE", "TIPO": "N/A", "NUMERO": "N/A", "DERE_TRAN": "N/A", "ADMINISTRA": "N/A", "NUME_CARR": "N/A", "CONDICION": "N/A", "ORIGEN": "BCU", "CALI_REPR": "N/A", "CVEGEO": "140500001", "NOMVIAL": "MORELOS PONIENTE", "SENTIDO": "UN SENTIDO", "LONGITUD": 92.09, "UNIDAD": "e14" }, "geometry": { "type": "LineString", "coordinates": [ [ -103.4324337, 20.2862379 ], [ -103.4326741, 20.2862401 ], [ -103.4333022, 20.2863769 ] ] } },
{ "type": "Feature", "properties": { "ID": 1728845, "TIPOVIA": "CALLE", "TIPO": "N/A", "NUMERO": "N/A", "DERE_TRAN": "N/A", "ADMINISTRA": "N/A", "NUME_CARR": "N/A", "CONDICION": "N/A", "ORIGEN": "BCU", "CALI_REPR": "N/A", "CVEGEO": "140500011", "NOMVIAL": "HIDALGO", "SENTIDO": "UN SENTIDO", "LONGITUD": 98.94, "UNIDAD": "e14" }, "geometry": { "type": "LineString", "coordinates": [ [ -103.3443176, 20.2863499 ], [ -103.3440359, 20.2871257 ], [ -103.3440351, 20.2872028 ] ] } },
{ "type": "Feature", "properties": { "ID": 1728846, "TIPOVIA": "CALLE", "TIPO": "N/A", "NUMERO": "N/A", "DERE_TRAN": "N/A", "ADMINISTRA": "N/A", "NUME_CARR": "N/A", "CONDICION": "N/A", "ORIGEN": "BCU", "CALI_REPR": "N/A", "CVEGEO": "140500011", "NOMVIAL": "LA PAZ", "SENTIDO": "UN SENTIDO", "LONGITUD": 108.02, "UNIDAD": "e14" }, "geometry": { "type": "LineString", "coordinates": [ [ -103.3440351, 20.2872028 ], [ -103.343201, 20.2866196 ] ] } },
{ "type": "Feature", "properties": { "ID": 1728849, "TIPOVIA": "CALLE", "TIPO": "N/A", "NUMERO": "N/A", "DERE_TRAN": "N/A", "ADMINISTRA": "N/A", "NUME_CARR": "N/A", "CONDICION": "N/A", "ORIGEN": "BCU", "CALI_REPR": "N/A", "CVEGEO": "140500001", "NOMVIAL": "PASEO DE LAS VIOLETAS", "SENTIDO": "UN SENTIDO", "LONGITUD": 79.28, "UNIDAD": "e14" }, "geometry": { "type": "LineString", "coordinates": [ [ -103.4397935, 20.2863411 ], [ -103.4399107, 20.2859373 ], [ -103.4399867, 20.2856457 ] ] } },
{ "type": "Feature", "properties": { "ID": 1728850, "TIPOVIA": "CALLE", "TIPO": "N/A", "NUMERO": "N/A", "DERE_TRAN": "N/A", "ADMINISTRA": "N/A", "NUME_CARR": "N/A", "CONDICION": "N/A", "ORIGEN": "BCU", "CALI_REPR": "N/A", "CVEGEO": "140500001", "NOMVIAL": "5 DE MAYO", "SENTIDO": "UN SENTIDO", "LONGITUD": 81.76, "UNIDAD": "e14" }, "geometry": { "type": "LineString", "coordinates": [ [ -103.4372015, 20.2862954 ], [ -103.4379823, 20.2863787 ] ] } },
{ "type": "Feature", "properties": { "ID": 1728851, "TIPOVIA": "CALLE", "TIPO": "N/A", "NUMERO": "N/A", "DERE_TRAN": "N/A", "ADMINISTRA": "N/A", "NUME_CARR": "N/A", "CONDICION": "N/A", "ORIGEN": "BCU", "CALI_REPR": "N/A", "CVEGEO": "140500011", "NOMVIAL": "ITURBIDE", "SENTIDO": "UN SENTIDO", "LONGITUD": 71.37, "UNIDAD": "e14" }, "geometry": { "type": "LineString", "coordinates": [ [ -103.3416498, 20.2872609 ], [ -103.3417486, 20.2868371 ], [ -103.3417922, 20.2866278 ] ] } },
{ "type": "Feature", "properties": { "ID": 1728852, "TIPOVIA": "CALLE", "TIPO": "N/A", "NUMERO": "N/A", "DERE_TRAN": "N/A", "ADMINISTRA": "N/A", "NUME_CARR": "N/A", "CONDICION": "N/A", "ORIGEN": "BCU", "CALI_REPR": "N/A", "CVEGEO": "140500011", "NOMVIAL": "PORFIRIO DÍAZ", "SENTIDO": "UN SENTIDO", "LONGITUD": 128.76, "UNIDAD": "e14" }, "geometry": { "type": "LineString", "coordinates": [ [ -103.3405343, 20.2868002 ], [ -103.34056, 20.2868056 ], [ -103.3407302, 20.2869035 ], [ -103.3410803, 20.2871331 ], [ -103.3415978, 20.2872481 ], [ -103.3416498, 20.2872609 ] ] } },
{ "type": "Feature", "properties": { "ID": 1728865, "TIPOVIA": "CALLE", "TIPO": "N/A", "NUMERO": "N/A", "DERE_TRAN": "N/A", "ADMINISTRA": "N/A", "NUME_CARR": "N/A", "CONDICION": "N/A", "ORIGEN": "BCU", "CALI_REPR": "N/A", "CVEGEO": "140500011", "NOMVIAL": "PORFIRIO DÍAZ", "SENTIDO": "UN SENTIDO", "LONGITUD": 55.67, "UNIDAD": "e14" }, "geometry": { "type": "LineString", "coordinates": [ [ -103.3416498, 20.2872609 ], [ -103.3417029, 20.2872739 ], [ -103.3421803, 20.2873229 ] ] } },
{ "type": "Feature", "properties": { "ID": 1728870, "TIPOVIA": "CALLE", "TIPO": "N/A", "NUMERO": "N/A", "DERE_TRAN": "N/A", "ADMINISTRA": "N/A", "NUME_CARR": "N/A", "CONDICION": "N/A", "ORIGEN": "BCU", "CALI_REPR": "N/A", "CVEGEO": "140500001", "NOMVIAL": "CRISTÓBAL COLÓN", "SENTIDO": "UN SENTIDO", "LONGITUD": 29.32, "UNIDAD": "e14" }, "geometry": { "type": "LineString", "coordinates": [ [ -103.4186617, 20.2863838 ], [ -103.4186274, 20.2866478 ] ] } },
{ "type": "Feature", "properties": { "ID": 1728871, "TIPOVIA": "PRIVADA", "TIPO": "N/A", "NUMERO": "N/A", "DERE_TRAN": "N/A", "ADMINISTRA": "N/A", "NUME_CARR": "N/A", "CONDICION": "N/A", "ORIGEN": "BCU", "CALI_REPR": "N/A", "CVEGEO": "140500001", "NOMVIAL": "NINGUNO", "SENTIDO": "UN SENTIDO", "LONGITUD": 90.26, "UNIDAD": "e14" }, "geometry": { "type": "LineString", "coordinates": [ [ -103.4186274, 20.2866478 ], [ -103.4177646, 20.2865627 ] ] } },
{ "type": "Feature", "properties": { "ID": 1728872, "TIPOVIA": "CALLE", "TIPO": "N/A", "NUMERO": "N/A", "DERE_TRAN": "N/A", "ADMINISTRA": "N/A", "NUME_CARR": "N/A", "CONDICION": "N/A", "ORIGEN": "BCU", "CALI_REPR": "N/A", "CVEGEO": "140500001", "NOMVIAL": "5 DE MAYO", "SENTIDO": "UN SENTIDO", "LONGITUD": 45.3, "UNIDAD": "e14" }, "geometry": { "type": "LineString", "coordinates": [ [ -103.4379823, 20.2863787 ], [ -103.4384023, 20.2864872 ] ] } },
{ "type": "Feature", "properties": { "ID": 1728873, "TIPOVIA": "CALLE", "TIPO": "N/A", "NUMERO": "N/A", "DERE_TRAN": "N/A", "ADMINISTRA": "N/A", "NUME_CARR": "N/A", "CONDICION": "N/A", "ORIGEN": "BCU", "CALI_REPR": "N/A", "CVEGEO": "140500011", "NOMVIAL": "NINGUNO", "SENTIDO": "UN SENTIDO", "LONGITUD": 179.74, "UNIDAD": "e14" }, "geometry": { "type": "LineString", "coordinates": [ [ -103.3332331, 20.2870113 ], [ -103.3349009, 20.287436 ] ] } },
{ "type": "Feature", "properties": { "ID": 1728880, "TIPOVIA": "CALLE", "TIPO": "N/A", "NUMERO": "N/A", "DERE_TRAN": "N/A", "ADMINISTRA": "N/A", "NUME_CARR": "N/A", "CONDICION": "N/A", "ORIGEN": "BCU", "CALI_REPR": "N/A", "CVEGEO": "140500001", "NOMVIAL": "PASEO DE LOS CLAVELES", "SENTIDO": "UN SENTIDO", "LONGITUD": 82.56, "UNIDAD": "e14" }, "geometry": { "type": "LineString", "coordinates": [ [ -103.4404185, 20.2857589 ], [ -103.4402333, 20.286487 ] ] } },
{ "type": "Feature", "properties": { "ID": 1728881, "TIPOVIA": "CALLE", "TIPO": "N/A", "NUMERO": "N/A", "DERE_TRAN": "N/A", "ADMINISTRA": "N/A", "NUME_CARR": "N/A", "CONDICION": "N/A", "ORIGEN": "BCU", "CALI_REPR": "N/A", "CVEGEO": "140500001", "NOMVIAL": "BENITO JUÁREZ PONIENTE", "SENTIDO": "UN SENTIDO", "LONGITUD": 48.51, "UNIDAD": "e14" }, "geometry": { "type": "LineString", "coordinates": [ [ -103.4402333, 20.286487 ], [ -103.4397935, 20.2863411 ] ] } },
{ "type": "Feature", "properties": { "ID": 1728882, "TIPOVIA": "CALLE", "TIPO": "N/A", "NUMERO": "N/A", "DERE_TRAN": "N/A", "ADMINISTRA": "N/A", "NUME_CARR": "N/A", "CONDICION": "N/A", "ORIGEN": "BCU", "CALI_REPR": "N/A", "CVEGEO": "140500001", "NOMVIAL": "NICOLÁS BRAVO SUR", "SENTIDO": "UN SENTIDO", "LONGITUD": 174.53, "UNIDAD": "e14" }, "geometry": { "type": "LineString", "coordinates": [ [ -103.4252647, 20.2866314 ], [ -103.4255342, 20.2850693 ] ] } },
{ "type": "Feature", "properties": { "ID": 1728884, "TIPOVIA": "CALLE", "TIPO": "N/A", "NUMERO": "N/A", "DERE_TRAN": "N/A", "ADMINISTRA": "N/A", "NUME_CARR": "N/A", "CONDICION": "N/A", "ORIGEN": "BCU", "CALI_REPR": "N/A", "CVEGEO": "140500001", "NOMVIAL": "MORELOS PONIENTE", "SENTIDO": "UN SENTIDO", "LONGITUD": 149.64, "UNIDAD": "e14" }, "geometry": { "type": "LineString", "coordinates": [ [ -103.4310478, 20.2865955 ], [ -103.4315223, 20.2865027 ], [ -103.4324337, 20.2862379 ] ] } },
{ "type": "Feature", "properties": { "ID": 1728888, "TIPOVIA": "CALLE", "TIPO": "N/A", "NUMERO": "N/A", "DERE_TRAN": "N/A", "ADMINISTRA": "N/A", "NUME_CARR": "N/A", "CONDICION": "N/A", "ORIGEN": "BCU", "CALI_REPR": "N/A", "CVEGEO": "140500001", "NOMVIAL": "MORELOS PONIENTE", "SENTIDO": "UN SENTIDO", "LONGITUD": 3.51, "UNIDAD": "e14" }, "geometry": { "type": "LineString", "coordinates": [ [ -103.4310141, 20.2865983 ], [ -103.4310478, 20.2865955 ] ] } },
{ "type": "Feature", "properties": { "ID": 1728889, "TIPOVIA": "PRIVADA", "TIPO": "N/A", "NUMERO": "N/A", "DERE_TRAN": "N/A", "ADMINISTRA": "N/A", "NUME_CARR": "N/A", "CONDICION": "N/A", "ORIGEN": "BCU", "CALI_REPR": "N/A", "CVEGEO": "140500001", "NOMVIAL": "JOSEFA ORTIZ DE DOMÍNGUEZ", "SENTIDO": "UN SENTIDO", "LONGITUD": 58.53, "UNIDAD": "e14" }, "geometry": { "type": "LineString", "coordinates": [ [ -103.4310141, 20.2865983 ], [ -103.4311048, 20.2860745 ] ] } },
{ "type": "Feature", "properties": { "ID": 1728892, "TIPOVIA": "PROLONGACION", "TIPO": "N/A", "NUMERO": "N/A", "DERE_TRAN": "N/A", "ADMINISTRA": "N/A", "NUME_CARR": "N/A", "CONDICION": "N/A", "ORIGEN": "BCU", "CALI_REPR": "N/A", "CVEGEO": "140500001", "NOMVIAL": "JOSÉ SANTANA", "SENTIDO": "UN SENTIDO", "LONGITUD": 88.97, "UNIDAD": "e14" }, "geometry": { "type": "LineString", "coordinates": [ [ -103.4395227, 20.2865245 ], [ -103.4387178, 20.2862522 ] ] } },
{ "type": "Feature", "properties": { "ID": 1728893, "TIPOVIA": "CALLE", "TIPO": "N/A", "NUMERO": "N/A", "DERE_TRAN": "N/A", "ADMINISTRA": "N/A", "NUME_CARR": "N/A", "CONDICION": "N/A", "ORIGEN": "BCU", "CALI_REPR": "N/A", "CVEGEO": "140500001", "NOMVIAL": "NINGUNO", "SENTIDO": "UN SENTIDO", "LONGITUD": 830.89, "UNIDAD": "e14" }, "geometry": { "type": "MultiLineString", "coordinates": [ [ [ -103.4160339, 20.2806866 ], [ -103.4158149, 20.2811547 ], [ -103.4152017, 20.2824546 ], [ -103.4151288, 20.2826246 ] ], [ [ -103.4139644, 20.2848166 ], [ -103.4138415, 20.2850488 ], [ -103.4137149, 20.2852378 ] ], [ [ -103.4136581, 20.2853201 ], [ -103.4135376, 20.2854885 ], [ -103.413404, 20.285664 ], [ -103.4128438, 20.2864554 ] ], [ [ -103.412979, 20.2866155 ], [ -103.413112, 20.286773 ] ] ] } },
{ "type": "Feature", "properties": { "ID": 1728896, "TIPOVIA": "CALLE", "TIPO": "N/A", "NUMERO": "N/A", "DERE_TRAN": "N/A", "ADMINISTRA": "N/A", "NUME_CARR": "N/A", "CONDICION": "N/A", "ORIGEN": "BCU", "CALI_REPR": "N/A", "CVEGEO": "140500001", "NOMVIAL": "PEDRO MORENO SUR", "SENTIDO": "UN SENTIDO", "LONGITUD": 156.72, "UNIDAD": "e14" }, "geometry": { "type": "LineString", "coordinates": [ [ -103.4266901, 20.2852498 ], [ -103.4264884, 20.2863697 ], [ -103.4264927, 20.2866549 ] ] } },
{ "type": "Feature", "properties": { "ID": 1728897, "TIPOVIA": "CALLE", "TIPO": "N/A", "NUMERO": "N/A", "DERE_TRAN": "N/A", "ADMINISTRA": "N/A", "NUME_CARR": "N/A", "CONDICION": "N/A", "ORIGEN": "BCU", "CALI_REPR": "N/A", "CVEGEO": "140500001", "NOMVIAL": "MORELOS PONIENTE", "SENTIDO": "UN SENTIDO", "LONGITUD": 127.8, "UNIDAD": "e14" }, "geometry": { "type": "LineString", "coordinates": [ [ -103.4252647, 20.2866314 ], [ -103.4264927, 20.2866549 ] ] } },
{ "type": "Feature", "properties": { "ID": 1728898, "TIPOVIA": "CALLE", "TIPO": "N/A", "NUMERO": "N/A", "DERE_TRAN": "N/A", "ADMINISTRA": "N/A", "NUME_CARR": "N/A", "CONDICION": "N/A", "ORIGEN": "BCU", "CALI_REPR": "N/A", "CVEGEO": "140500001", "NOMVIAL": "PASEO DE LAS VIOLETAS", "SENTIDO": "UN SENTIDO", "LONGITUD": 32.93, "UNIDAD": "e14" }, "geometry": { "type": "LineString", "coordinates": [ [ -103.4395875, 20.2865465 ], [ -103.4396307, 20.2864918 ], [ -103.4397091, 20.286364 ], [ -103.4397935, 20.2863411 ] ] } },
{ "type": "Feature", "properties": { "ID": 1728899, "TIPOVIA": "PROLONGACION", "TIPO": "N/A", "NUMERO": "N/A", "DERE_TRAN": "N/A", "ADMINISTRA": "N/A", "NUME_CARR": "N/A", "CONDICION": "N/A", "ORIGEN": "BCU", "CALI_REPR": "N/A", "CVEGEO": "140500001", "NOMVIAL": "JOSÉ SANTANA", "SENTIDO": "UN SENTIDO", "LONGITUD": 7.16, "UNIDAD": "e14" }, "geometry": { "type": "LineString", "coordinates": [ [ -103.4395875, 20.2865465 ], [ -103.4395227, 20.2865245 ] ] } },
{ "type": "Feature", "properties": { "ID": 1728902, "TIPOVIA": "CALLE", "TIPO": "N/A", "NUMERO": "N/A", "DERE_TRAN": "N/A", "ADMINISTRA": "N/A", "NUME_CARR": "N/A", "CONDICION": "N/A", "ORIGEN": "BCU", "CALI_REPR": "N/A", "CVEGEO": "140500001", "NOMVIAL": "MORELOS PONIENTE", "SENTIDO": "UN SENTIDO", "LONGITUD": 82.04, "UNIDAD": "e14" }, "geometry": { "type": "LineString", "coordinates": [ [ -103.4264927, 20.2866549 ], [ -103.427281, 20.2866721 ] ] } },
{ "type": "Feature", "properties": { "ID": 1728903, "TIPOVIA": "CALLE", "TIPO": "N/A", "NUMERO": "N/A", "DERE_TRAN": "N/A", "ADMINISTRA": "N/A", "NUME_CARR": "N/A", "CONDICION": "N/A", "ORIGEN": "BCU", "CALI_REPR": "N/A", "CVEGEO": "140500001", "NOMVIAL": "MATAMOROS SUR", "SENTIDO": "UN SENTIDO", "LONGITUD": 131.53, "UNIDAD": "e14" }, "geometry": { "type": "LineString", "coordinates": [ [ -103.4282319, 20.2854908 ], [ -103.4280124, 20.2866654 ] ] } },
{ "type": "Feature", "properties": { "ID": 1728904, "TIPOVIA": "CARRETERA", "TIPO": "N/A", "NUMERO": "23", "DERE_TRAN": "LIBRE", "ADMINISTRA": "FEDERAL", "NUME_CARR": "N/A", "CONDICION": "N/A", "ORIGEN": "BCU", "CALI_REPR": "N/A", "CVEGEO": "140500011", "NOMVIAL": "JOCOTEPEC-CHAPALA", "SENTIDO": "UN SENTIDO", "LONGITUD": 113.09, "UNIDAD": "e14" }, "geometry": { "type": "LineString", "coordinates": [ [ -103.3372172, 20.2869314 ], [ -103.3372319, 20.2869407 ], [ -103.3381333, 20.2874833 ] ] } },
{ "type": "Feature", "properties": { "ID": 1728907, "TIPOVIA": "CALLE", "TIPO": "N/A", "NUMERO": "N/A", "DERE_TRAN": "N/A", "ADMINISTRA": "N/A", "NUME_CARR": "N/A", "CONDICION": "N/A", "ORIGEN": "BCU", "CALI_REPR": "N/A", "CVEGEO": "140500011", "NOMVIAL": "VICENTE GUERRERO", "SENTIDO": "UN SENTIDO", "LONGITUD": 99.98, "UNIDAD": "e14" }, "geometry": { "type": "LineString", "coordinates": [ [ -103.3427659, 20.2874497 ], [ -103.3428274, 20.2871262 ], [ -103.3429202, 20.2865549 ] ] } },
{ "type": "Feature", "properties": { "ID": 1728908, "TIPOVIA": "CALLE", "TIPO": "N/A", "NUMERO": "N/A", "DERE_TRAN": "N/A", "ADMINISTRA": "N/A", "NUME_CARR": "N/A", "CONDICION": "N/A", "ORIGEN": "BCU", "CALI_REPR": "N/A", "CVEGEO": "140500011", "NOMVIAL": "PORFIRIO DÍAZ", "SENTIDO": "UN SENTIDO", "LONGITUD": 62.52, "UNIDAD": "e14" }, "geometry": { "type": "LineString", "coordinates": [ [ -103.3421803, 20.2873229 ], [ -103.3426566, 20.287429 ], [ -103.3427659, 20.2874497 ] ] } },
{ "type": "Feature", "properties": { "ID": 1728910, "TIPOVIA": "CALLE", "TIPO": "N/A", "NUMERO": "N/A", "DERE_TRAN": "N/A", "ADMINISTRA": "N/A", "NUME_CARR": "N/A", "CONDICION": "N/A", "ORIGEN": "BCU", "CALI_REPR": "N/A", "CVEGEO": "140500001", "NOMVIAL": "ZARAGOZA SUR", "SENTIDO": "UN SENTIDO", "LONGITUD": 46.96, "UNIDAD": "e14" }, "geometry": { "type": "LineString", "coordinates": [ [ -103.4363962, 20.286184 ], [ -103.4363025, 20.2866006 ] ] } },
{ "type": "Feature", "properties": { "ID": 1728913, "TIPOVIA": "CALLE", "TIPO": "N/A", "NUMERO": "N/A", "DERE_TRAN": "N/A", "ADMINISTRA": "N/A", "NUME_CARR": "N/A", "CONDICION": "N/A", "ORIGEN": "BCU", "CALI_REPR": "N/A", "CVEGEO": "140500001", "NOMVIAL": "MATAMOROS NORTE", "SENTIDO": "UN SENTIDO", "LONGITUD": 2.53, "UNIDAD": "e14" }, "geometry": { "type": "LineString", "coordinates": [ [ -103.4280082, 20.2866881 ], [ -103.4280124, 20.2866654 ] ] } },
{ "type": "Feature", "properties": { "ID": 1728914, "TIPOVIA": "CALLE", "TIPO": "N/A", "NUMERO": "N/A", "DERE_TRAN": "N/A", "ADMINISTRA": "N/A", "NUME_CARR": "N/A", "CONDICION": "N/A", "ORIGEN": "BCU", "CALI_REPR": "N/A", "CVEGEO": "140500001", "NOMVIAL": "MORELOS PONIENTE", "SENTIDO": "UN SENTIDO", "LONGITUD": 75.68, "UNIDAD": "e14" }, "geometry": { "type": "LineString", "coordinates": [ [ -103.427281, 20.2866721 ], [ -103.4280082, 20.2866881 ] ] } },
{ "type": "Feature", "properties": { "ID": 1728917, "TIPOVIA": "PROLONGACION", "TIPO": "N/A", "NUMERO": "N/A", "DERE_TRAN": "N/A", "ADMINISTRA": "N/A", "NUME_CARR": "N/A", "CONDICION": "N/A", "ORIGEN": "BCU", "CALI_REPR": "N/A", "CVEGEO": "140500001", "NOMVIAL": "JOSÉ SANTANA", "SENTIDO": "UN SENTIDO", "LONGITUD": 16.55, "UNIDAD": "e14" }, "geometry": { "type": "LineString", "coordinates": [ [ -103.4397372, 20.2865971 ], [ -103.4395875, 20.2865465 ] ] } },
{ "type": "Feature", "properties": { "ID": 1728918, "TIPOVIA": "CALLE", "TIPO": "N/A", "NUMERO": "N/A", "DERE_TRAN": "N/A", "ADMINISTRA": "N/A", "NUME_CARR": "N/A", "CONDICION": "N/A", "ORIGEN": "BCU", "CALI_REPR": "N/A", "CVEGEO": "140500001", "NOMVIAL": "GUADALUPE VICTORIA SUR", "SENTIDO": "UN SENTIDO", "LONGITUD": 116.5, "UNIDAD": "e14" }, "geometry": { "type": "LineString", "coordinates": [ [ -103.4290891, 20.2856733 ], [ -103.4288558, 20.2867066 ] ] } },
{ "type": "Feature", "properties": { "ID": 1728919, "TIPOVIA": "CALLE", "TIPO": "N/A", "NUMERO": "N/A", "DERE_TRAN": "N/A", "ADMINISTRA": "N/A", "NUME_CARR": "N/A", "CONDICION": "N/A", "ORIGEN": "BCU", "CALI_REPR": "N/A", "CVEGEO": "140500001", "NOMVIAL": "MORELOS PONIENTE", "SENTIDO": "UN SENTIDO", "LONGITUD": 88.22, "UNIDAD": "e14" }, "geometry": { "type": "LineString", "coordinates": [ [ -103.4280082, 20.2866881 ], [ -103.4288558, 20.2867066 ] ] } },
{ "type": "Feature", "properties": { "ID": 1728920, "TIPOVIA": "CALLE", "TIPO": "N/A", "NUMERO": "N/A", "DERE_TRAN": "N/A", "ADMINISTRA": "N/A", "NUME_CARR": "N/A", "CONDICION": "N/A", "ORIGEN": "BCU", "CALI_REPR": "N/A", "CVEGEO": "140500001", "NOMVIAL": "MORELOS PONIENTE", "SENTIDO": "UN SENTIDO", "LONGITUD": 95.51, "UNIDAD": "e14" }, "geometry": { "type": "LineString", "coordinates": [ [ -103.4301024, 20.286699 ], [ -103.4310141, 20.2865983 ] ] } },
{ "type": "Feature", "properties": { "ID": 1728921, "TIPOVIA": "CALLE", "TIPO": "N/A", "NUMERO": "N/A", "DERE_TRAN": "N/A", "ADMINISTRA": "N/A", "NUME_CARR": "N/A", "CONDICION": "N/A", "ORIGEN": "BCU", "CALI_REPR": "N/A", "CVEGEO": "140500001", "NOMVIAL": "HIDALGO NORTE", "SENTIDO": "UN SENTIDO", "LONGITUD": 35.84, "UNIDAD": "e14" }, "geometry": { "type": "LineString", "coordinates": [ [ -103.4301395, 20.2863758 ], [ -103.4301024, 20.286699 ] ] } },
{ "type": "Feature", "properties": { "ID": 1728922, "TIPOVIA": "CALLE", "TIPO": "N/A", "NUMERO": "N/A", "DERE_TRAN": "N/A", "ADMINISTRA": "N/A", "NUME_CARR": "N/A", "CONDICION": "N/A", "ORIGEN": "BCU", "CALI_REPR": "N/A", "CVEGEO": "140500001", "NOMVIAL": "MORELOS PONIENTE", "SENTIDO": "UN SENTIDO", "LONGITUD": 70.2, "UNIDAD": "e14" }, "geometry": { "type": "LineString", "coordinates": [ [ -103.429428, 20.2867191 ], [ -103.4301024, 20.286699 ] ] } },
{ "type": "Feature", "properties": { "ID": 1728923, "TIPOVIA": "CALLE", "TIPO": "N/A", "NUMERO": "N/A", "DERE_TRAN": "N/A", "ADMINISTRA": "N/A", "NUME_CARR": "N/A", "CONDICION": "N/A", "ORIGEN": "BCU", "CALI_REPR": "N/A", "CVEGEO": "140500001", "NOMVIAL": "ALLENDE NORTE", "SENTIDO": "UN SENTIDO", "LONGITUD": 48.87, "UNIDAD": "e14" }, "geometry": { "type": "LineString", "coordinates": [ [ -103.429428, 20.2867191 ], [ -103.4295064, 20.2863546 ], [ -103.429571, 20.2863176 ] ] } },
{ "type": "Feature", "properties": { "ID": 1728924, "TIPOVIA": "CALLE", "TIPO": "N/A", "NUMERO": "N/A", "DERE_TRAN": "N/A", "ADMINISTRA": "N/A", "NUME_CARR": "N/A", "CONDICION": "N/A", "ORIGEN": "BCU", "CALI_REPR": "N/A", "CVEGEO": "140500001", "NOMVIAL": "MORELOS PONIENTE", "SENTIDO": "UN SENTIDO", "LONGITUD": 59.54, "UNIDAD": "e14" }, "geometry": { "type": "LineString", "coordinates": [ [ -103.4288558, 20.2867066 ], [ -103.429428, 20.2867191 ] ] } },
{ "type": "Feature", "properties": { "ID": 1728927, "TIPOVIA": "CALLE", "TIPO": "N/A", "NUMERO": "N/A", "DERE_TRAN": "N/A", "ADMINISTRA": "N/A", "NUME_CARR": "N/A", "CONDICION": "N/A", "ORIGEN": "BCU", "CALI_REPR": "N/A", "CVEGEO": "140500011", "NOMVIAL": "PORFIRIO DÍAZ", "SENTIDO": "UN SENTIDO", "LONGITUD": 37.42, "UNIDAD": "e14" }, "geometry": { "type": "LineString", "coordinates": [ [ -103.3427659, 20.2874497 ], [ -103.3431185, 20.2875167 ] ] } },
{ "type": "Feature", "properties": { "ID": 1728930, "TIPOVIA": "CALLE", "TIPO": "N/A", "NUMERO": "N/A", "DERE_TRAN": "N/A", "ADMINISTRA": "N/A", "NUME_CARR": "N/A", "CONDICION": "N/A", "ORIGEN": "BCU", "CALI_REPR": "N/A", "CVEGEO": "140500001", "NOMVIAL": "PASEO DE LAS VIOLETAS", "SENTIDO": "UN SENTIDO", "LONGITUD": 82.98, "UNIDAD": "e14" }, "geometry": { "type": "LineString", "coordinates": [ [ -103.4407069, 20.2866264 ], [ -103.4408747, 20.2858908 ] ] } },
{ "type": "Feature", "properties": { "ID": 1728931, "TIPOVIA": "CALLE", "TIPO": "N/A", "NUMERO": "N/A", "DERE_TRAN": "N/A", "ADMINISTRA": "N/A", "NUME_CARR": "N/A", "CONDICION": "N/A", "ORIGEN": "BCU", "CALI_REPR": "N/A", "CVEGEO": "140500001", "NOMVIAL": "BENITO JUÁREZ PONIENTE", "SENTIDO": "UN SENTIDO", "LONGITUD": 51.61, "UNIDAD": "e14" }, "geometry": { "type": "LineString", "coordinates": [ [ -103.4407069, 20.2866264 ], [ -103.4402333, 20.286487 ] ] } },
{ "type": "Feature", "properties": { "ID": 1728932, "TIPOVIA": "PRIVADA", "TIPO": "N/A", "NUMERO": "N/A", "DERE_TRAN": "N/A", "ADMINISTRA": "N/A", "NUME_CARR": "N/A", "CONDICION": "N/A", "ORIGEN": "BCU", "CALI_REPR": "N/A", "CVEGEO": "140500011", "NOMVIAL": "PORFIRIO DÍAZ", "SENTIDO": "UN SENTIDO", "LONGITUD": 24.13, "UNIDAD": "e14" }, "geometry": { "type": "LineString", "coordinates": [ [ -103.3421199, 20.2875342 ], [ -103.3421803, 20.2873229 ] ] } },
{ "type": "Feature", "properties": { "ID": 1728938, "TIPOVIA": "CALLE", "TIPO": "N/A", "NUMERO": "N/A", "DERE_TRAN": "N/A", "ADMINISTRA": "N/A", "NUME_CARR": "N/A", "CONDICION": "N/A", "ORIGEN": "BCU", "CALI_REPR": "N/A", "CVEGEO": "140500001", "NOMVIAL": "PASEO DE LAS VIOLETAS", "SENTIDO": "UN SENTIDO", "LONGITUD": 15.98, "UNIDAD": "e14" }, "geometry": { "type": "LineString", "coordinates": [ [ -103.4394796, 20.2866637 ], [ -103.4395227, 20.2865245 ] ] } },
{ "type": "Feature", "properties": { "ID": 1728939, "TIPOVIA": "CALLE", "TIPO": "N/A", "NUMERO": "N/A", "DERE_TRAN": "N/A", "ADMINISTRA": "N/A", "NUME_CARR": "N/A", "CONDICION": "N/A", "ORIGEN": "BCU", "CALI_REPR": "N/A", "CVEGEO": "140500001", "NOMVIAL": "MORELOS PONIENTE", "SENTIDO": "UN SENTIDO", "LONGITUD": 128.84, "UNIDAD": "e14" }, "geometry": { "type": "LineString", "coordinates": [ [ -103.4240415, 20.2868113 ], [ -103.4249038, 20.2866734 ], [ -103.4252647, 20.2866314 ] ] } },
{ "type": "Feature", "properties": { "ID": 1728942, "TIPOVIA": "CALLE", "TIPO": "N/A", "NUMERO": "N/A", "DERE_TRAN": "N/A", "ADMINISTRA": "N/A", "NUME_CARR": "N/A", "CONDICION": "N/A", "ORIGEN": "BCU", "CALI_REPR": "N/A", "CVEGEO": "140500001", "NOMVIAL": "JUAN ESCUTIA", "SENTIDO": "UN SENTIDO", "LONGITUD": 45.94, "UNIDAD": "e14" }, "geometry": { "type": "LineString", "coordinates": [ [ -103.4372015, 20.2862954 ], [ -103.4371265, 20.2867059 ] ] } },
{ "type": "Feature", "properties": { "ID": 1728943, "TIPOVIA": "CALLE", "TIPO": "N/A", "NUMERO": "N/A", "DERE_TRAN": "N/A", "ADMINISTRA": "N/A", "NUME_CARR": "N/A", "CONDICION": "N/A", "ORIGEN": "BCU", "CALI_REPR": "N/A", "CVEGEO": "140500001", "NOMVIAL": "P. ZARAGOZA", "SENTIDO": "UN SENTIDO", "LONGITUD": 86.52, "UNIDAD": "e14" }, "geometry": { "type": "LineString", "coordinates": [ [ -103.4371265, 20.2867059 ], [ -103.4363025, 20.2866006 ] ] } },
{ "type": "Feature", "properties": { "ID": 1728949, "TIPOVIA": "CALLE", "TIPO": "N/A", "NUMERO": "N/A", "DERE_TRAN": "N/A", "ADMINISTRA": "N/A", "NUME_CARR": "N/A", "CONDICION": "N/A", "ORIGEN": "BCU", "CALI_REPR": "N/A", "CVEGEO": "140500001", "NOMVIAL": "MORELOS PONIENTE", "SENTIDO": "UN SENTIDO", "LONGITUD": 26.99, "UNIDAD": "e14" }, "geometry": { "type": "LineString", "coordinates": [ [ -103.4237864, 20.2868562 ], [ -103.4240415, 20.2868113 ] ] } },
{ "type": "Feature", "properties": { "ID": 1728950, "TIPOVIA": "CALLE", "TIPO": "N/A", "NUMERO": "N/A", "DERE_TRAN": "N/A", "ADMINISTRA": "N/A", "NUME_CARR": "N/A", "CONDICION": "N/A", "ORIGEN": "BCU", "CALI_REPR": "N/A", "CVEGEO": "140500001", "NOMVIAL": "GONZÁLEZ ORTEGA SUR", "SENTIDO": "UN SENTIDO", "LONGITUD": 100.79, "UNIDAD": "e14" }, "geometry": { "type": "LineString", "coordinates": [ [ -103.4238894, 20.2859474 ], [ -103.4237864, 20.2868562 ] ] } },
{ "type": "Feature", "properties": { "ID": 1728951, "TIPOVIA": "CALLE", "TIPO": "N/A", "NUMERO": "N/A", "DERE_TRAN": "N/A", "ADMINISTRA": "N/A", "NUME_CARR": "N/A", "CONDICION": "N/A", "ORIGEN": "BCU", "CALI_REPR": "N/A", "CVEGEO": "140500011", "NOMVIAL": "INDEPENDENCIA", "SENTIDO": "UN SENTIDO", "LONGITUD": 139.86, "UNIDAD": "e14" }, "geometry": { "type": "LineString", "coordinates": [ [ -103.3384676, 20.287633 ], [ -103.3386531, 20.2864805 ], [ -103.3386753, 20.2863801 ] ] } },
{ "type": "Feature", "properties": { "ID": 1728952, "TIPOVIA": "CARRETERA", "TIPO": "N/A", "NUMERO": "23", "DERE_TRAN": "LIBRE", "ADMINISTRA": "FEDERAL", "NUME_CARR": "N/A", "CONDICION": "N/A", "ORIGEN": "BCU", "CALI_REPR": "N/A", "CVEGEO": "140500011", "NOMVIAL": "JOCOTEPEC-CHAPALA", "SENTIDO": "UN SENTIDO", "LONGITUD": 38.49, "UNIDAD": "e14" }, "geometry": { "type": "LineString", "coordinates": [ [ -103.3381333, 20.2874833 ], [ -103.3384096, 20.287607 ], [ -103.3384676, 20.287633 ] ] } },
{ "type": "Feature", "properties": { "ID": 1728953, "TIPOVIA": "CALLE", "TIPO": "N/A", "NUMERO": "N/A", "DERE_TRAN": "N/A", "ADMINISTRA": "N/A", "NUME_CARR": "N/A", "CONDICION": "N/A", "ORIGEN": "BCU", "CALI_REPR": "N/A", "CVEGEO": "140500001", "NOMVIAL": "NIÑOS HÉROES SUR", "SENTIDO": "UN SENTIDO", "LONGITUD": 129.07, "UNIDAD": "e14" }, "geometry": { "type": "LineString", "coordinates": [ [ -103.435202, 20.285604 ], [ -103.4349673, 20.2867532 ] ] } },
{ "type": "Feature", "properties": { "ID": 1728954, "TIPOVIA": "CALLE", "TIPO": "N/A", "NUMERO": "N/A", "DERE_TRAN": "N/A", "ADMINISTRA": "N/A", "NUME_CARR": "N/A", "CONDICION": "N/A", "ORIGEN": "BCU", "CALI_REPR": "N/A", "CVEGEO": "140500001", "NOMVIAL": "MORELOS PONIENTE", "SENTIDO": "UN SENTIDO", "LONGITUD": 178.16, "UNIDAD": "e14" }, "geometry": { "type": "LineString", "coordinates": [ [ -103.4333022, 20.2863769 ], [ -103.4349673, 20.2867532 ] ] } },
{ "type": "Feature", "properties": { "ID": 1728957, "TIPOVIA": "CALLE", "TIPO": "N/A", "NUMERO": "23", "DERE_TRAN": "LIBRE", "ADMINISTRA": "FEDERAL", "NUME_CARR": "N/A", "CONDICION": "N/A", "ORIGEN": "BCU", "CALI_REPR": "N/A", "CVEGEO": "140500001", "NOMVIAL": "EL CHANTE", "SENTIDO": "UN SENTIDO", "LONGITUD": 292.04, "UNIDAD": "e14" }, "geometry": { "type": "LineString", "coordinates": [ [ -103.4176209, 20.2846229 ], [ -103.4174424, 20.2849653 ], [ -103.4171195, 20.285489 ], [ -103.4162526, 20.2869344 ] ] } },
{ "type": "Feature", "properties": { "ID": 1728962, "TIPOVIA": "OTRO", "TIPO": "N/A", "NUMERO": "N/A", "DERE_TRAN": "N/A", "ADMINISTRA": "N/A", "NUME_CARR": "N/A", "CONDICION": "N/A", "ORIGEN": "BCU", "CALI_REPR": "N/A", "CVEGEO": "140500011", "NOMVIAL": "LÍMITE PREDIAL", "SENTIDO": "N/A", "LONGITUD": 191.62, "UNIDAD": "e14" }, "geometry": { "type": "LineString", "coordinates": [ [ -103.3455168, 20.2876562 ], [ -103.3452497, 20.2872414 ], [ -103.3447184, 20.2867371 ], [ -103.3445193, 20.2865447 ] ] } },
{ "type": "Feature", "properties": { "ID": 1728963, "TIPOVIA": "CALLE", "TIPO": "N/A", "NUMERO": "N/A", "DERE_TRAN": "N/A", "ADMINISTRA": "N/A", "NUME_CARR": "N/A", "CONDICION": "N/A", "ORIGEN": "BCU", "CALI_REPR": "N/A", "CVEGEO": "140500001", "NOMVIAL": "P. ZARAGOZA", "SENTIDO": "UN SENTIDO", "LONGITUD": 80.16, "UNIDAD": "e14" }, "geometry": { "type": "LineString", "coordinates": [ [ -103.4378885, 20.2868133 ], [ -103.4371265, 20.2867059 ] ] } },
{ "type": "Feature", "properties": { "ID": 1728968, "TIPOVIA": "CALLE", "TIPO": "N/A", "NUMERO": "N/A", "DERE_TRAN": "N/A", "ADMINISTRA": "N/A", "NUME_CARR": "N/A", "CONDICION": "N/A", "ORIGEN": "BCU", "CALI_REPR": "N/A", "CVEGEO": "140500001", "NOMVIAL": "MORELOS PONIENTE", "SENTIDO": "UN SENTIDO", "LONGITUD": 66.75, "UNIDAD": "e14" }, "geometry": { "type": "LineString", "coordinates": [ [ -103.4231536, 20.286956 ], [ -103.4237864, 20.2868562 ] ] } },
{ "type": "Feature", "properties": { "ID": 1728976, "TIPOVIA": "CALLE", "TIPO": "N/A", "NUMERO": "N/A", "DERE_TRAN": "N/A", "ADMINISTRA": "N/A", "NUME_CARR": "N/A", "CONDICION": "N/A", "ORIGEN": "BCU", "CALI_REPR": "N/A", "CVEGEO": "140500001", "NOMVIAL": "MORELOS PONIENTE", "SENTIDO": "UN SENTIDO", "LONGITUD": 22.15, "UNIDAD": "e14" }, "geometry": { "type": "LineString", "coordinates": [ [ -103.4229437, 20.2869891 ], [ -103.4231536, 20.286956 ] ] } },
{ "type": "Feature", "properties": { "ID": 1728977, "TIPOVIA": "PRIVADA", "TIPO": "N/A", "NUMERO": "N/A", "DERE_TRAN": "N/A", "ADMINISTRA": "N/A", "NUME_CARR": "N/A", "CONDICION": "N/A", "ORIGEN": "BCU", "CALI_REPR": "N/A", "CVEGEO": "140500001", "NOMVIAL": "GONZÁLEZ ORTEGA", "SENTIDO": "UN SENTIDO", "LONGITUD": 18.12, "UNIDAD": "e14" }, "geometry": { "type": "LineString", "coordinates": [ [ -103.4229139, 20.2868272 ], [ -103.4229437, 20.2869891 ] ] } },
{ "type": "Feature", "properties": { "ID": 1728979, "TIPOVIA": "PRIVADA", "TIPO": "N/A", "NUMERO": "N/A", "DERE_TRAN": "N/A", "ADMINISTRA": "N/A", "NUME_CARR": "N/A", "CONDICION": "N/A", "ORIGEN": "BCU", "CALI_REPR": "N/A", "CVEGEO": "140500001", "NOMVIAL": "NINGUNO", "SENTIDO": "UN SENTIDO", "LONGITUD": 90.7, "UNIDAD": "e14" }, "geometry": { "type": "LineString", "coordinates": [ [ -103.4171135, 20.2870632 ], [ -103.4162526, 20.2869344 ] ] } },
{ "type": "Feature", "properties": { "ID": 1728981, "TIPOVIA": "PRIVADA", "TIPO": "N/A", "NUMERO": "N/A", "DERE_TRAN": "N/A", "ADMINISTRA": "N/A", "NUME_CARR": "N/A", "CONDICION": "N/A", "ORIGEN": "BCU", "CALI_REPR": "N/A", "CVEGEO": "140500001", "NOMVIAL": "MORELOS", "SENTIDO": "UN SENTIDO", "LONGITUD": 33.88, "UNIDAD": "e14" }, "geometry": { "type": "LineString", "coordinates": [ [ -103.4272526, 20.2869782 ], [ -103.427281, 20.2866721 ] ] } },
{ "type": "Feature", "properties": { "ID": 1728983, "TIPOVIA": "CALLE", "TIPO": "N/A", "NUMERO": "N/A", "DERE_TRAN": "N/A", "ADMINISTRA": "N/A", "NUME_CARR": "N/A", "CONDICION": "N/A", "ORIGEN": "BCU", "CALI_REPR": "N/A", "CVEGEO": "140500001", "NOMVIAL": "P. ZARAGOZA", "SENTIDO": "UN SENTIDO", "LONGITUD": 42.5, "UNIDAD": "e14" }, "geometry": { "type": "LineString", "coordinates": [ [ -103.4382898, 20.2868852 ], [ -103.4378885, 20.2868133 ] ] } },
{ "type": "Feature", "properties": { "ID": 1728987, "TIPOVIA": "CALLE", "TIPO": "N/A", "NUMERO": "N/A", "DERE_TRAN": "N/A", "ADMINISTRA": "N/A", "NUME_CARR": "N/A", "CONDICION": "N/A", "ORIGEN": "BCU", "CALI_REPR": "N/A", "CVEGEO": "140500011", "NOMVIAL": "HIDALGO", "SENTIDO": "UN SENTIDO", "LONGITUD": 65.07, "UNIDAD": "e14" }, "geometry": { "type": "LineString", "coordinates": [ [ -103.3440351, 20.2872028 ], [ -103.3440345, 20.2872639 ], [ -103.3439182, 20.2875925 ], [ -103.3438492, 20.287763 ] ] } },
{ "type": "Feature", "properties": { "ID": 1728988, "TIPOVIA": "CALLE", "TIPO": "N/A", "NUMERO": "N/A", "DERE_TRAN": "N/A", "ADMINISTRA": "N/A", "NUME_CARR": "N/A", "CONDICION": "N/A", "ORIGEN": "BCU", "CALI_REPR": "N/A", "CVEGEO": "140500011", "NOMVIAL": "PORFIRIO DÍAZ", "SENTIDO": "UN SENTIDO", "LONGITUD": 81.22, "UNIDAD": "e14" }, "geometry": { "type": "LineString", "coordinates": [ [ -103.3431185, 20.2875167 ], [ -103.3433963, 20.2875695 ], [ -103.3437617, 20.2877214 ], [ -103.3438492, 20.287763 ] ] } },
{ "type": "Feature", "properties": { "ID": 1728993, "TIPOVIA": "CALLE", "TIPO": "N/A", "NUMERO": "N/A", "DERE_TRAN": "N/A", "ADMINISTRA": "N/A", "NUME_CARR": "N/A", "CONDICION": "N/A", "ORIGEN": "BCU", "CALI_REPR": "N/A", "CVEGEO": "140500001", "NOMVIAL": "MORELOS PONIENTE", "SENTIDO": "UN SENTIDO", "LONGITUD": 45.14, "UNIDAD": "e14" }, "geometry": { "type": "LineString", "coordinates": [ [ -103.4225161, 20.2870586 ], [ -103.4229437, 20.2869891 ] ] } },
{ "type": "Feature", "properties": { "ID": 1728994, "TIPOVIA": "CALLE", "TIPO": "N/A", "NUMERO": "N/A", "DERE_TRAN": "N/A", "ADMINISTRA": "N/A", "NUME_CARR": "N/A", "CONDICION": "N/A", "ORIGEN": "BCU", "CALI_REPR": "N/A", "CVEGEO": "140500001", "NOMVIAL": "MORELOS", "SENTIDO": "UN SENTIDO", "LONGITUD": 120.88, "UNIDAD": "e14" }, "geometry": { "type": "LineString", "coordinates": [ [ -103.4225161, 20.2870586 ], [ -103.4225816, 20.2859642 ] ] } },
{ "type": "Feature", "properties": { "ID": 1728998, "TIPOVIA": "CALLE", "TIPO": "N/A", "NUMERO": "N/A", "DERE_TRAN": "N/A", "ADMINISTRA": "N/A", "NUME_CARR": "N/A", "CONDICION": "N/A", "ORIGEN": "BCU", "CALI_REPR": "N/A", "CVEGEO": "140500001", "NOMVIAL": "LÓPEZ RAYÓN", "SENTIDO": "UN SENTIDO", "LONGITUD": 65.66, "UNIDAD": "e14" }, "geometry": { "type": "LineString", "coordinates": [ [ -103.4332427, 20.2869697 ], [ -103.4333022, 20.2863769 ] ] } },
{ "type": "Feature", "properties": { "ID": 1728999, "TIPOVIA": "CALLE", "TIPO": "N/A", "NUMERO": "N/A", "DERE_TRAN": "N/A", "ADMINISTRA": "N/A", "NUME_CARR": "N/A", "CONDICION": "N/A", "ORIGEN": "BCU", "CALI_REPR": "N/A", "CVEGEO": "140500001", "NOMVIAL": "CRISTÓBAL COLÓN", "SENTIDO": "UN SENTIDO", "LONGITUD": 52.02, "UNIDAD": "e14" }, "geometry": { "type": "LineString", "coordinates": [ [ -103.4186274, 20.2866478 ], [ -103.4185938, 20.2868614 ], [ -103.4185558, 20.2871147 ] ] } },
{ "type": "Feature", "properties": { "ID": 1729000, "TIPOVIA": "PRIVADA", "TIPO": "N/A", "NUMERO": "N/A", "DERE_TRAN": "N/A", "ADMINISTRA": "N/A", "NUME_CARR": "N/A", "CONDICION": "N/A", "ORIGEN": "BCU", "CALI_REPR": "N/A", "CVEGEO": "140500001", "NOMVIAL": "COLÓN", "SENTIDO": "UN SENTIDO", "LONGITUD": 83.72, "UNIDAD": "e14" }, "geometry": { "type": "LineString", "coordinates": [ [ -103.417756, 20.2870321 ], [ -103.4185558, 20.2871147 ] ] } },
{ "type": "Feature", "properties": { "ID": 1729002, "TIPOVIA": "CALLE", "TIPO": "N/A", "NUMERO": "N/A", "DERE_TRAN": "N/A", "ADMINISTRA": "N/A", "NUME_CARR": "N/A", "CONDICION": "N/A", "ORIGEN": "BCU", "CALI_REPR": "N/A", "CVEGEO": "140500011", "NOMVIAL": "NARCISO MENDOZA", "SENTIDO": "UN SENTIDO", "LONGITUD": 105.11, "UNIDAD": "e14" }, "geometry": { "type": "LineString", "coordinates": [ [ -103.337024, 20.2878665 ], [ -103.3371393, 20.2873803 ], [ -103.3372172, 20.2869314 ] ] } },
{ "type": "Feature", "properties": { "ID": 1729003, "TIPOVIA": "PRIVADA", "TIPO": "N/A", "NUMERO": "N/A", "DERE_TRAN": "N/A", "ADMINISTRA": "N/A", "NUME_CARR": "N/A", "CONDICION": "N/A", "ORIGEN": "BCU", "CALI_REPR": "N/A", "CVEGEO": "140500011", "NOMVIAL": "NINGUNO", "SENTIDO": "UN SENTIDO", "LONGITUD": 39.12, "UNIDAD": "e14" }, "geometry": { "type": "LineString", "coordinates": [ [ -103.337024, 20.2878665 ], [ -103.3366576, 20.2877866 ] ] } },
{ "type": "Feature", "properties": { "ID": 1729004, "TIPOVIA": "CALLE", "TIPO": "N/A", "NUMERO": "N/A", "DERE_TRAN": "N/A", "ADMINISTRA": "N/A", "NUME_CARR": "N/A", "CONDICION": "N/A", "ORIGEN": "BCU", "CALI_REPR": "N/A", "CVEGEO": "140500001", "NOMVIAL": "MORELOS PONIENTE", "SENTIDO": "UN SENTIDO", "LONGITUD": 89.12, "UNIDAD": "e14" }, "geometry": { "type": "LineString", "coordinates": [ [ -103.4349673, 20.2867532 ], [ -103.4357929, 20.2869683 ] ] } },
{ "type": "Feature", "properties": { "ID": 1729008, "TIPOVIA": "OTRO", "TIPO": "N/A", "NUMERO": "N/A", "DERE_TRAN": "N/A", "ADMINISTRA": "N/A", "NUME_CARR": "N/A", "CONDICION": "N/A", "ORIGEN": "BCU", "CALI_REPR": "N/A", "CVEGEO": "140500002", "NOMVIAL": "NINGUNO", "SENTIDO": "N/A", "LONGITUD": 237.19, "UNIDAD": "e14" }, "geometry": { "type": "MultiLineString", "coordinates": [ [ [ -103.4001769, 20.2871582 ], [ -103.400177, 20.2871582 ], [ -103.4003317, 20.2870515 ] ], [ [ -103.4003389, 20.2870563 ], [ -103.4003556, 20.2870676 ] ], [ [ -103.4004048, 20.2871006 ], [ -103.4004847, 20.2871542 ], [ -103.40056, 20.2870528 ] ], [ [ -103.400708, 20.2869204 ], [ -103.4007091, 20.2869193 ] ] ] } },
{ "type": "Feature", "properties": { "ID": 1729012, "TIPOVIA": "PRIVADA", "TIPO": "N/A", "NUMERO": "N/A", "DERE_TRAN": "N/A", "ADMINISTRA": "N/A", "NUME_CARR": "N/A", "CONDICION": "N/A", "ORIGEN": "BCU", "CALI_REPR": "N/A", "CVEGEO": "140500011", "NOMVIAL": "INDEPENDENCIA", "SENTIDO": "UN SENTIDO", "LONGITUD": 47.41, "UNIDAD": "e14" }, "geometry": { "type": "LineString", "coordinates": [ [ -103.3380227, 20.2878998 ], [ -103.3380936, 20.2875927 ], [ -103.3381333, 20.2874833 ] ] } },
{ "type": "Feature", "properties": { "ID": 1729013, "TIPOVIA": "PRIVADA", "TIPO": "N/A", "NUMERO": "N/A", "DERE_TRAN": "N/A", "ADMINISTRA": "N/A", "NUME_CARR": "N/A", "CONDICION": "N/A", "ORIGEN": "BCU", "CALI_REPR": "N/A", "CVEGEO": "140500011", "NOMVIAL": "INDEPENDENCIA", "SENTIDO": "UN SENTIDO", "LONGITUD": 25.45, "UNIDAD": "e14" }, "geometry": { "type": "LineString", "coordinates": [ [ -103.337791, 20.2878258 ], [ -103.3380227, 20.2878998 ] ] } },
{ "type": "Feature", "properties": { "ID": 1729016, "TIPOVIA": "PRIVADA", "TIPO": "N/A", "NUMERO": "N/A", "DERE_TRAN": "N/A", "ADMINISTRA": "N/A", "NUME_CARR": "N/A", "CONDICION": "N/A", "ORIGEN": "BCU", "CALI_REPR": "N/A", "CVEGEO": "140500001", "NOMVIAL": "NINGUNO", "SENTIDO": "UN SENTIDO", "LONGITUD": 34.98, "UNIDAD": "e14" }, "geometry": { "type": "LineString", "coordinates": [ [ -103.4332427, 20.2869697 ], [ -103.4335722, 20.2870334 ] ] } },
{ "type": "Feature", "properties": { "ID": 1729019, "TIPOVIA": "PRIVADA", "TIPO": "N/A", "NUMERO": "N/A", "DERE_TRAN": "N/A", "ADMINISTRA": "N/A", "NUME_CARR": "N/A", "CONDICION": "N/A", "ORIGEN": "BCU", "CALI_REPR": "N/A", "CVEGEO": "140500011", "NOMVIAL": "NINGUNO", "SENTIDO": "UN SENTIDO", "LONGITUD": 39.46, "UNIDAD": "e14" }, "geometry": { "type": "LineString", "coordinates": [ [ -103.3431185, 20.2875167 ], [ -103.3430563, 20.2878697 ] ] } },
{ "type": "Feature", "properties": { "ID": 1729022, "TIPOVIA": "OTRO", "TIPO": "N/A", "NUMERO": "N/A", "DERE_TRAN": "N/A", "ADMINISTRA": "N/A", "NUME_CARR": "N/A", "CONDICION": "N/A", "ORIGEN": "BCU", "CALI_REPR": "N/A", "CVEGEO": "140500002", "NOMVIAL": "NINGUNO", "SENTIDO": "N/A", "LONGITUD": 281.98, "UNIDAD": "e14" }, "geometry": { "type": "MultiLineString", "coordinates": [ [ [ -103.397548, 20.2872952 ], [ -103.3977255, 20.2873031 ], [ -103.3977914, 20.2873339 ] ], [ [ -103.3978333, 20.2873535 ], [ -103.3978333, 20.2873535 ], [ -103.3982533, 20.287337 ], [ -103.3985265, 20.2873549 ], [ -103.3986739, 20.2873818 ], [ -103.3990278, 20.2873452 ], [ -103.3991136, 20.2873244 ] ], [ [ -103.3991785, 20.2873086 ], [ -103.3991791, 20.2873084 ], [ -103.3992433, 20.2871232 ] ], [ [ -103.3994124, 20.2870693 ], [ -103.3994128, 20.2870692 ], [ -103.3994699, 20.2870697 ] ], [ [ -103.3997101, 20.2871004 ], [ -103.3998794, 20.2871451 ], [ -103.4000381, 20.2871834 ] ] ] } },
{ "type": "Feature", "properties": { "ID": 1729023, "TIPOVIA": "CALLE", "TIPO": "N/A", "NUMERO": "N/A", "DERE_TRAN": "N/A", "ADMINISTRA": "N/A", "NUME_CARR": "N/A", "CONDICION": "N/A", "ORIGEN": "BCU", "CALI_REPR": "N/A", "CVEGEO": "140500011", "NOMVIAL": "ITURBIDE", "SENTIDO": "UN SENTIDO", "LONGITUD": 73.33, "UNIDAD": "e14" }, "geometry": { "type": "LineString", "coordinates": [ [ -103.3415056, 20.2879117 ], [ -103.3415405, 20.2877295 ], [ -103.3416498, 20.2872609 ] ] } },
{ "type": "Feature", "properties": { "ID": 1729024, "TIPOVIA": "CALLE", "TIPO": "N/A", "NUMERO": "N/A", "DERE_TRAN": "N/A", "ADMINISTRA": "N/A", "NUME_CARR": "N/A", "CONDICION": "N/A", "ORIGEN": "BCU", "CALI_REPR": "N/A", "CVEGEO": "140500011", "NOMVIAL": "JUÁREZ", "SENTIDO": "UN SENTIDO", "LONGITUD": 153.35, "UNIDAD": "e14" }, "geometry": { "type": "LineString", "coordinates": [ [ -103.3394522, 20.2879323 ], [ -103.3395643, 20.2878492 ], [ -103.3396489, 20.2876707 ], [ -103.3397755, 20.2866169 ] ] } },
{ "type": "Feature", "properties": { "ID": 1729025, "TIPOVIA": "CARRETERA", "TIPO": "N/A", "NUMERO": "23", "DERE_TRAN": "LIBRE", "ADMINISTRA": "FEDERAL", "NUME_CARR": "N/A", "CONDICION": "N/A", "ORIGEN": "BCU", "CALI_REPR": "N/A", "CVEGEO": "140500011", "NOMVIAL": "JOCOTEPEC-CHAPALA", "SENTIDO": "UN SENTIDO", "LONGITUD": 107.64, "UNIDAD": "e14" }, "geometry": { "type": "LineString", "coordinates": [ [ -103.3384676, 20.287633 ], [ -103.3389323, 20.2877697 ], [ -103.3394522, 20.2879323 ] ] } },
{ "type": "Feature", "properties": { "ID": 1729028, "TIPOVIA": "CALLE", "TIPO": "N/A", "NUMERO": "N/A", "DERE_TRAN": "N/A", "ADMINISTRA": "N/A", "NUME_CARR": "N/A", "CONDICION": "N/A", "ORIGEN": "BCU", "CALI_REPR": "N/A", "CVEGEO": "140500001", "NOMVIAL": "MORELOS PONIENTE", "SENTIDO": "UN SENTIDO", "LONGITUD": 77.56, "UNIDAD": "e14" }, "geometry": { "type": "LineString", "coordinates": [ [ -103.4217859, 20.2872002 ], [ -103.4225161, 20.2870586 ] ] } },
{ "type": "Feature", "properties": { "ID": 1729029, "TIPOVIA": "PRIVADA", "TIPO": "N/A", "NUMERO": "N/A", "DERE_TRAN": "N/A", "ADMINISTRA": "N/A", "NUME_CARR": "N/A", "CONDICION": "N/A", "ORIGEN": "BCU", "CALI_REPR": "N/A", "CVEGEO": "140500001", "NOMVIAL": "NINGUNO", "SENTIDO": "UN SENTIDO", "LONGITUD": 99.05, "UNIDAD": "e14" }, "geometry": { "type": "LineString", "coordinates": [ [ -103.4217859, 20.2872002 ], [ -103.4218811, 20.2863064 ] ] } },
{ "type": "Feature", "properties": { "ID": 1729030, "TIPOVIA": "CALLE", "TIPO": "N/A", "NUMERO": "N/A", "DERE_TRAN": "N/A", "ADMINISTRA": "N/A", "NUME_CARR": "N/A", "CONDICION": "N/A", "ORIGEN": "BCU", "CALI_REPR": "N/A", "CVEGEO": "140500001", "NOMVIAL": "ZARAGOZA SUR", "SENTIDO": "UN SENTIDO", "LONGITUD": 53.31, "UNIDAD": "e14" }, "geometry": { "type": "LineString", "coordinates": [ [ -103.4363025, 20.2866006 ], [ -103.4362003, 20.2870743 ] ] } },
{ "type": "Feature", "properties": { "ID": 1729031, "TIPOVIA": "CALLE", "TIPO": "N/A", "NUMERO": "N/A", "DERE_TRAN": "N/A", "ADMINISTRA": "N/A", "NUME_CARR": "N/A", "CONDICION": "N/A", "ORIGEN": "BCU", "CALI_REPR": "N/A", "CVEGEO": "140500001", "NOMVIAL": "MORELOS PONIENTE", "SENTIDO": "UN SENTIDO", "LONGITUD": 43.97, "UNIDAD": "e14" }, "geometry": { "type": "LineString", "coordinates": [ [ -103.4357929, 20.2869683 ], [ -103.4362003, 20.2870743 ] ] } },
{ "type": "Feature", "properties": { "ID": 1729037, "TIPOVIA": "PRIVADA", "TIPO": "N/A", "NUMERO": "N/A", "DERE_TRAN": "N/A", "ADMINISTRA": "N/A", "NUME_CARR": "N/A", "CONDICION": "N/A", "ORIGEN": "BCU", "CALI_REPR": "N/A", "CVEGEO": "140500011", "NOMVIAL": "ITURBIDE", "SENTIDO": "UN SENTIDO", "LONGITUD": 16.57, "UNIDAD": "e14" }, "geometry": { "type": "LineString", "coordinates": [ [ -103.3416575, 20.2879569 ], [ -103.3415056, 20.2879117 ] ] } },
{ "type": "Feature", "properties": { "ID": 1729045, "TIPOVIA": "CALLE", "TIPO": "N/A", "NUMERO": "N/A", "DERE_TRAN": "N/A", "ADMINISTRA": "N/A", "NUME_CARR": "N/A", "CONDICION": "N/A", "ORIGEN": "BCU", "CALI_REPR": "N/A", "CVEGEO": "140500001", "NOMVIAL": "MORELOS PONIENTE", "SENTIDO": "UN SENTIDO", "LONGITUD": 40.21, "UNIDAD": "e14" }, "geometry": { "type": "LineString", "coordinates": [ [ -103.421407, 20.2872721 ], [ -103.4217859, 20.2872002 ] ] } },
{ "type": "Feature", "properties": { "ID": 1729055, "TIPOVIA": "CALLE", "TIPO": "N/A", "NUMERO": "N/A", "DERE_TRAN": "N/A", "ADMINISTRA": "N/A", "NUME_CARR": "N/A", "CONDICION": "N/A", "ORIGEN": "BCU", "CALI_REPR": "N/A", "CVEGEO": "140500011", "NOMVIAL": "TACUBA", "SENTIDO": "UN SENTIDO", "LONGITUD": 45.02, "UNIDAD": "e14" }, "geometry": { "type": "LineString", "coordinates": [ [ -103.3455168, 20.2876562 ], [ -103.3453799, 20.2879102 ], [ -103.3453342, 20.2880257 ] ] } },
{ "type": "Feature", "properties": { "ID": 1729056, "TIPOVIA": "CALLE", "TIPO": "N/A", "NUMERO": "N/A", "DERE_TRAN": "N/A", "ADMINISTRA": "N/A", "NUME_CARR": "N/A", "CONDICION": "N/A", "ORIGEN": "BCU", "CALI_REPR": "N/A", "CVEGEO": "140500011", "NOMVIAL": "LA PAZ", "SENTIDO": "UN SENTIDO", "LONGITUD": 162.81, "UNIDAD": "e14" }, "geometry": { "type": "LineString", "coordinates": [ [ -103.3453342, 20.2880257 ], [ -103.3440505, 20.2872136 ], [ -103.3440351, 20.2872028 ] ] } },
{ "type": "Feature", "properties": { "ID": 1729058, "TIPOVIA": "CALLE", "TIPO": "N/A", "NUMERO": "N/A", "DERE_TRAN": "N/A", "ADMINISTRA": "N/A", "NUME_CARR": "N/A", "CONDICION": "N/A", "ORIGEN": "BCU", "CALI_REPR": "N/A", "CVEGEO": "140500011", "NOMVIAL": "DEL CARDENAL", "SENTIDO": "UN SENTIDO", "LONGITUD": 142.66, "UNIDAD": "e14" }, "geometry": { "type": "LineString", "coordinates": [ [ -103.3403718, 20.2880845 ], [ -103.340487, 20.2872639 ], [ -103.3405343, 20.2868002 ] ] } },
{ "type": "Feature", "properties": { "ID": 1729059, "TIPOVIA": "CARRETERA", "TIPO": "N/A", "NUMERO": "23", "DERE_TRAN": "LIBRE", "ADMINISTRA": "FEDERAL", "NUME_CARR": "N/A", "CONDICION": "N/A", "ORIGEN": "BCU", "CALI_REPR": "N/A", "CVEGEO": "140500011", "NOMVIAL": "JOCOTEPEC-CHAPALA", "SENTIDO": "UN SENTIDO", "LONGITUD": 97.14, "UNIDAD": "e14" }, "geometry": { "type": "LineString", "coordinates": [ [ -103.3394522, 20.2879323 ], [ -103.3403718, 20.2880845 ] ] } },
{ "type": "Feature", "properties": { "ID": 1729068, "TIPOVIA": "PRIVADA", "TIPO": "N/A", "NUMERO": "N/A", "DERE_TRAN": "N/A", "ADMINISTRA": "N/A", "NUME_CARR": "N/A", "CONDICION": "N/A", "ORIGEN": "BCU", "CALI_REPR": "N/A", "CVEGEO": "140500011", "NOMVIAL": "INDEPENDENCIA", "SENTIDO": "UN SENTIDO", "LONGITUD": 26.51, "UNIDAD": "e14" }, "geometry": { "type": "LineString", "coordinates": [ [ -103.3379685, 20.2881348 ], [ -103.3380227, 20.2878998 ] ] } },
{ "type": "Feature", "properties": { "ID": 1729069, "TIPOVIA": "CALLE", "TIPO": "N/A", "NUMERO": "N/A", "DERE_TRAN": "N/A", "ADMINISTRA": "N/A", "NUME_CARR": "N/A", "CONDICION": "N/A", "ORIGEN": "BCU", "CALI_REPR": "N/A", "CVEGEO": "140500001", "NOMVIAL": "ZARAGOZA NORTE", "SENTIDO": "UN SENTIDO", "LONGITUD": 18.3, "UNIDAD": "e14" }, "geometry": { "type": "LineString", "coordinates": [ [ -103.436209, 20.2872401 ], [ -103.4362003, 20.2870743 ] ] } },
{ "type": "Feature", "properties": { "ID": 1729071, "TIPOVIA": "PROLONGACION", "TIPO": "N/A", "NUMERO": "N/A", "DERE_TRAN": "N/A", "ADMINISTRA": "N/A", "NUME_CARR": "N/A", "CONDICION": "N/A", "ORIGEN": "BCU", "CALI_REPR": "N/A", "CVEGEO": "140500001", "NOMVIAL": "GONZÁLEZ ORTEGA", "SENTIDO": "UN SENTIDO", "LONGITUD": 61.49, "UNIDAD": "e14" }, "geometry": { "type": "LineString", "coordinates": [ [ -103.4240415, 20.2868113 ], [ -103.4240368, 20.2873689 ] ] } },
{ "type": "Feature", "properties": { "ID": 1729081, "TIPOVIA": "CALLE", "TIPO": "N/A", "NUMERO": "N/A", "DERE_TRAN": "N/A", "ADMINISTRA": "N/A", "NUME_CARR": "N/A", "CONDICION": "N/A", "ORIGEN": "BCU", "CALI_REPR": "N/A", "CVEGEO": "140500001", "NOMVIAL": "DEGOLLADO", "SENTIDO": "UN SENTIDO", "LONGITUD": 118.42, "UNIDAD": "e14" }, "geometry": { "type": "LineString", "coordinates": [ [ -103.425174, 20.2874106 ], [ -103.4240368, 20.2873689 ] ] } },
{ "type": "Feature", "properties": { "ID": 1729083, "TIPOVIA": "OTRO", "TIPO": "N/A", "NUMERO": "N/A", "DERE_TRAN": "N/A", "ADMINISTRA": "N/A", "NUME_CARR": "N/A", "CONDICION": "N/A", "ORIGEN": "BCU", "CALI_REPR": "N/A", "CVEGEO": "140500002", "NOMVIAL": "NINGUNO", "SENTIDO": "N/A", "LONGITUD": 549.12, "UNIDAD": "e14" }, "geometry": { "type": "GeometryCollection", "geometries": [ { "type": "Point", "coordinates": [ -103.397548, 20.2872952 ] }, { "type": "MultiLineString", "coordinates": [ [ [ -103.392908, 20.2877139 ], [ -103.3929694, 20.2876575 ] ], [ [ -103.3931731, 20.2874319 ], [ -103.3935114, 20.2872534 ], [ -103.3936156, 20.2872421 ], [ -103.3940173, 20.2871431 ] ], [ [ -103.3942662, 20.2871359 ], [ -103.3944925, 20.287169 ], [ -103.3948276, 20.2871078 ], [ -103.3948941, 20.2870681 ] ], [ [ -103.3960247, 20.2867655 ], [ -103.3960253, 20.2867652 ] ] ] } ] } },
{ "type": "Feature", "properties": { "ID": 1729084, "TIPOVIA": "CALLE", "TIPO": "N/A", "NUMERO": "N/A", "DERE_TRAN": "N/A", "ADMINISTRA": "N/A", "NUME_CARR": "N/A", "CONDICION": "N/A", "ORIGEN": "BCU", "CALI_REPR": "N/A", "CVEGEO": "140500001", "NOMVIAL": "NICOLÁS BRAVO SUR", "SENTIDO": "UN SENTIDO", "LONGITUD": 86.43, "UNIDAD": "e14" }, "geometry": { "type": "LineString", "coordinates": [ [ -103.4252372, 20.2874147 ], [ -103.4252647, 20.2866314 ] ] } },
{ "type": "Feature", "properties": { "ID": 1729085, "TIPOVIA": "CALLE", "TIPO": "N/A", "NUMERO": "N/A", "DERE_TRAN": "N/A", "ADMINISTRA": "N/A", "NUME_CARR": "N/A", "CONDICION": "N/A", "ORIGEN": "BCU", "CALI_REPR": "N/A", "CVEGEO": "140500001", "NOMVIAL": "DEGOLLADO", "SENTIDO": "UN SENTIDO", "LONGITUD": 6.58, "UNIDAD": "e14" }, "geometry": { "type": "LineString", "coordinates": [ [ -103.4252372, 20.2874147 ], [ -103.425174, 20.2874106 ] ] } },
{ "type": "Feature", "properties": { "ID": 1729086, "TIPOVIA": "OTRO", "TIPO": "N/A", "NUMERO": "N/A", "DERE_TRAN": "N/A", "ADMINISTRA": "N/A", "NUME_CARR": "N/A", "CONDICION": "N/A", "ORIGEN": "BCU", "CALI_REPR": "N/A", "CVEGEO": "140500001", "NOMVIAL": "LÍMITE PREDIAL", "SENTIDO": "N/A", "LONGITUD": 126.86, "UNIDAD": "e14" }, "geometry": { "type": "LineString", "coordinates": [ [ -103.413112, 20.286773 ], [ -103.4122007, 20.2875373 ] ] } },
{ "type": "Feature", "properties": { "ID": 1729087, "TIPOVIA": "CALLE", "TIPO": "N/A", "NUMERO": "N/A", "DERE_TRAN": "N/A", "ADMINISTRA": "N/A", "NUME_CARR": "N/A", "CONDICION": "N/A", "ORIGEN": "BCU", "CALI_REPR": "N/A", "CVEGEO": "140500011", "NOMVIAL": "DEL CARDENAL NORTE", "SENTIDO": "UN SENTIDO", "LONGITUD": 12.07, "UNIDAD": "e14" }, "geometry": { "type": "LineString", "coordinates": [ [ -103.3403718, 20.2880845 ], [ -103.3403402, 20.2881899 ] ] } },
{ "type": "Feature", "properties": { "ID": 1729088, "TIPOVIA": "CALLE", "TIPO": "N/A", "NUMERO": "N/A", "DERE_TRAN": "N/A", "ADMINISTRA": "N/A", "NUME_CARR": "N/A", "CONDICION": "N/A", "ORIGEN": "BCU", "CALI_REPR": "N/A", "CVEGEO": "140500011", "NOMVIAL": "FRANCISCO I. MADERO", "SENTIDO": "UN SENTIDO", "LONGITUD": 96.66, "UNIDAD": "e14" }, "geometry": { "type": "LineString", "coordinates": [ [ -103.3394522, 20.2879323 ], [ -103.3403402, 20.2881899 ] ] } },
{ "type": "Feature", "properties": { "ID": 1729091, "TIPOVIA": "CALLE", "TIPO": "N/A", "NUMERO": "N/A", "DERE_TRAN": "N/A", "ADMINISTRA": "N/A", "NUME_CARR": "N/A", "CONDICION": "N/A", "ORIGEN": "BCU", "CALI_REPR": "N/A", "CVEGEO": "140500001", "NOMVIAL": "MORELOS PONIENTE", "SENTIDO": "UN SENTIDO", "LONGITUD": 119.49, "UNIDAD": "e14" }, "geometry": { "type": "LineString", "coordinates": [ [ -103.4202836, 20.2874965 ], [ -103.421407, 20.2872721 ] ] } },
{ "type": "Feature", "properties": { "ID": 1729103, "TIPOVIA": "OTRO", "TIPO": "N/A", "NUMERO": "N/A", "DERE_TRAN": "N/A", "ADMINISTRA": "N/A", "NUME_CARR": "N/A", "CONDICION": "N/A", "ORIGEN": "BCU", "CALI_REPR": "N/A", "CVEGEO": "140500011", "NOMVIAL": "LÍMITE PREDIAL", "SENTIDO": "N/A", "LONGITUD": 120.13, "UNIDAD": "e14" }, "geometry": { "type": "LineString", "coordinates": [ [ -103.3456241, 20.2877476 ], [ -103.3455168, 20.2876562 ] ] } },
{ "type": "Feature", "properties": { "ID": 1729104, "TIPOVIA": "CALLE", "TIPO": "N/A", "NUMERO": "N/A", "DERE_TRAN": "N/A", "ADMINISTRA": "N/A", "NUME_CARR": "N/A", "CONDICION": "N/A", "ORIGEN": "BCU", "CALI_REPR": "N/A", "CVEGEO": "140500011", "NOMVIAL": "ITURBIDE", "SENTIDO": "UN SENTIDO", "LONGITUD": 39.18, "UNIDAD": "e14" }, "geometry": { "type": "LineString", "coordinates": [ [ -103.3414385, 20.2882613 ], [ -103.3415056, 20.2879117 ] ] } },
{ "type": "Feature", "properties": { "ID": 1729105, "TIPOVIA": "CARRETERA", "TIPO": "N/A", "NUMERO": "23", "DERE_TRAN": "LIBRE", "ADMINISTRA": "FEDERAL", "NUME_CARR": "N/A", "CONDICION": "N/A", "ORIGEN": "BCU", "CALI_REPR": "N/A", "CVEGEO": "140500011", "NOMVIAL": "JOCOTEPEC-CHAPALA", "SENTIDO": "UN SENTIDO", "LONGITUD": 112.7, "UNIDAD": "e14" }, "geometry": { "type": "LineString", "coordinates": [ [ -103.3403718, 20.2880845 ], [ -103.3414385, 20.2882613 ] ] } },
{ "type": "Feature", "properties": { "ID": 1729106, "TIPOVIA": "PRIVADA", "TIPO": "N/A", "NUMERO": "N/A", "DERE_TRAN": "N/A", "ADMINISTRA": "N/A", "NUME_CARR": "N/A", "CONDICION": "N/A", "ORIGEN": "BCU", "CALI_REPR": "N/A", "CVEGEO": "140500001", "NOMVIAL": "LOS PINOS", "SENTIDO": "UN SENTIDO", "LONGITUD": 49.22, "UNIDAD": "e14" }, "geometry": { "type": "LineString", "coordinates": [ [ -103.4357929, 20.2869683 ], [ -103.4356931, 20.2874046 ] ] } },
{ "type": "Feature", "properties": { "ID": 1729107, "TIPOVIA": "CALLE", "TIPO": "N/A", "NUMERO": "N/A", "DERE_TRAN": "N/A", "ADMINISTRA": "N/A", "NUME_CARR": "N/A", "CONDICION": "N/A", "ORIGEN": "BCU", "CALI_REPR": "N/A", "CVEGEO": "140500001", "NOMVIAL": "DEGOLLADO", "SENTIDO": "UN SENTIDO", "LONGITUD": 121.43, "UNIDAD": "e14" }, "geometry": { "type": "LineString", "coordinates": [ [ -103.4264008, 20.2874984 ], [ -103.4252372, 20.2874147 ] ] } },
{ "type": "Feature", "properties": { "ID": 1729110, "TIPOVIA": "CALLE", "TIPO": "N/A", "NUMERO": "N/A", "DERE_TRAN": "N/A", "ADMINISTRA": "N/A", "NUME_CARR": "N/A", "CONDICION": "N/A", "ORIGEN": "BCU", "CALI_REPR": "N/A", "CVEGEO": "140500001", "NOMVIAL": "RIVERA DEL LAGO", "SENTIDO": "UN SENTIDO", "LONGITUD": 162.66, "UNIDAD": "e14" }, "geometry": { "type": "LineString", "coordinates": [ [ -103.4162526, 20.2869344 ], [ -103.4157979, 20.2871698 ], [ -103.4150474, 20.2875309 ], [ -103.4148763, 20.2876324 ] ] } },
{ "type": "Feature", "properties": { "ID": 1729114, "TIPOVIA": "CIRCUITO", "TIPO": "N/A", "NUMERO": "N/A", "DERE_TRAN": "N/A", "ADMINISTRA": "N/A", "NUME_CARR": "N/A", "CONDICION": "N/A", "ORIGEN": "BCU", "CALI_REPR": "N/A", "CVEGEO": "140500001", "NOMVIAL": "NINGUNO", "SENTIDO": "UN SENTIDO", "LONGITUD": 108.18, "UNIDAD": "e14" }, "geometry": { "type": "LineString", "coordinates": [ [ -103.4225942, 20.2875701 ], [ -103.4215546, 20.2875833 ] ] } },
{ "type": "Feature", "properties": { "ID": 1729115, "TIPOVIA": "CIRCUITO", "TIPO": "N/A", "NUMERO": "N/A", "DERE_TRAN": "N/A", "ADMINISTRA": "N/A", "NUME_CARR": "N/A", "CONDICION": "N/A", "ORIGEN": "BCU", "CALI_REPR": "N/A", "CVEGEO": "140500001", "NOMVIAL": "NINGUNO", "SENTIDO": "UN SENTIDO", "LONGITUD": 44.8, "UNIDAD": "e14" }, "geometry": { "type": "LineString", "coordinates": [ [ -103.421407, 20.2872721 ], [ -103.4214455, 20.2875728 ], [ -103.4215546, 20.2875833 ] ] } },
{ "type": "Feature", "properties": { "ID": 1729117, "TIPOVIA": "CALLE", "TIPO": "N/A", "NUMERO": "N/A", "DERE_TRAN": "N/A", "ADMINISTRA": "N/A", "NUME_CARR": "N/A", "CONDICION": "N/A", "ORIGEN": "BCU", "CALI_REPR": "N/A", "CVEGEO": "140500002", "NOMVIAL": "HUIHUAZOYO", "SENTIDO": "UN SENTIDO", "LONGITUD": 57.49, "UNIDAD": "e14" }, "geometry": { "type": "LineString", "coordinates": [ [ -103.397548, 20.2872952 ], [ -103.3975434, 20.2876745 ], [ -103.397531, 20.287816 ] ] } },
{ "type": "Feature", "properties": { "ID": 1729118, "TIPOVIA": "CALLE", "TIPO": "N/A", "NUMERO": "N/A", "DERE_TRAN": "N/A", "ADMINISTRA": "N/A", "NUME_CARR": "N/A", "CONDICION": "N/A", "ORIGEN": "BCU", "CALI_REPR": "N/A", "CVEGEO": "140500002", "NOMVIAL": "MORELOS", "SENTIDO": "UN SENTIDO", "LONGITUD": 66.51, "UNIDAD": "e14" }, "geometry": { "type": "LineString", "coordinates": [ [ -103.397531, 20.287816 ], [ -103.3974334, 20.2877485 ], [ -103.3973157, 20.2876864 ], [ -103.3971888, 20.287649 ], [ -103.3969978, 20.2875933 ], [ -103.3969554, 20.2875675 ] ] } },
{ "type": "Feature", "properties": { "ID": 1729119, "TIPOVIA": "CALLE", "TIPO": "N/A", "NUMERO": "N/A", "DERE_TRAN": "N/A", "ADMINISTRA": "N/A", "NUME_CARR": "N/A", "CONDICION": "N/A", "ORIGEN": "BCU", "CALI_REPR": "N/A", "CVEGEO": "140500001", "NOMVIAL": "MORELOS PONIENTE", "SENTIDO": "UN SENTIDO", "LONGITUD": 211.87, "UNIDAD": "e14" }, "geometry": { "type": "LineString", "coordinates": [ [ -103.4362003, 20.2870743 ], [ -103.4363479, 20.2870527 ], [ -103.4381889, 20.287443 ] ] } },
{ "type": "Feature", "properties": { "ID": 1729120, "TIPOVIA": "CALLE", "TIPO": "N/A", "NUMERO": "N/A", "DERE_TRAN": "N/A", "ADMINISTRA": "N/A", "NUME_CARR": "N/A", "CONDICION": "N/A", "ORIGEN": "BCU", "CALI_REPR": "N/A", "CVEGEO": "140500002", "NOMVIAL": "MOCTEZUMA", "SENTIDO": "UN SENTIDO", "LONGITUD": 17.12, "UNIDAD": "e14" }, "geometry": { "type": "LineString", "coordinates": [ [ -103.39291, 20.2877279 ], [ -103.392908, 20.2877139 ] ] } },
{ "type": "Feature", "properties": { "ID": 1729127, "TIPOVIA": "CALLE", "TIPO": "N/A", "NUMERO": "N/A", "DERE_TRAN": "N/A", "ADMINISTRA": "N/A", "NUME_CARR": "N/A", "CONDICION": "N/A", "ORIGEN": "BCU", "CALI_REPR": "N/A", "CVEGEO": "140500001", "NOMVIAL": "MATAMOROS NORTE", "SENTIDO": "UN SENTIDO", "LONGITUD": 101.73, "UNIDAD": "e14" }, "geometry": { "type": "LineString", "coordinates": [ [ -103.4278385, 20.2875965 ], [ -103.4280082, 20.2866881 ] ] } },
{ "type": "Feature", "properties": { "ID": 1729128, "TIPOVIA": "CALLE", "TIPO": "N/A", "NUMERO": "N/A", "DERE_TRAN": "N/A", "ADMINISTRA": "N/A", "NUME_CARR": "N/A", "CONDICION": "N/A", "ORIGEN": "BCU", "CALI_REPR": "N/A", "CVEGEO": "140500001", "NOMVIAL": "DEGOLLADO", "SENTIDO": "UN SENTIDO", "LONGITUD": 149.98, "UNIDAD": "e14" }, "geometry": { "type": "LineString", "coordinates": [ [ -103.4278385, 20.2875965 ], [ -103.4264008, 20.2874984 ] ] } },
{ "type": "Feature", "properties": { "ID": 1729135, "TIPOVIA": "PRIVADA", "TIPO": "N/A", "NUMERO": "N/A", "DERE_TRAN": "N/A", "ADMINISTRA": "N/A", "NUME_CARR": "N/A", "CONDICION": "N/A", "ORIGEN": "BCU", "CALI_REPR": "N/A", "CVEGEO": "140500002", "NOMVIAL": "NINGUNO", "SENTIDO": "UN SENTIDO", "LONGITUD": 37.95, "UNIDAD": "e14" }, "geometry": { "type": "LineString", "coordinates": [ [ -103.3969674, 20.2879013 ], [ -103.3969999, 20.2878382 ], [ -103.3969888, 20.2877415 ], [ -103.3969672, 20.28763 ], [ -103.3969554, 20.2875675 ] ] } },
{ "type": "Feature", "properties": { "ID": 1729136, "TIPOVIA": "CALLE", "TIPO": "N/A", "NUMERO": "N/A", "DERE_TRAN": "N/A", "ADMINISTRA": "N/A", "NUME_CARR": "N/A", "CONDICION": "N/A", "ORIGEN": "BCU", "CALI_REPR": "N/A", "CVEGEO": "140500001", "NOMVIAL": "MORELOS PONIENTE", "SENTIDO": "UN SENTIDO", "LONGITUD": 190.39, "UNIDAD": "e14" }, "geometry": { "type": "LineString", "coordinates": [ [ -103.418468, 20.2877114 ], [ -103.4202836, 20.2874965 ] ] } },
{ "type": "Feature", "properties": { "ID": 1729137, "TIPOVIA": "CALLE", "TIPO": "N/A", "NUMERO": "N/A", "DERE_TRAN": "N/A", "ADMINISTRA": "N/A", "NUME_CARR": "N/A", "CONDICION": "N/A", "ORIGEN": "BCU", "CALI_REPR": "N/A", "CVEGEO": "140500001", "NOMVIAL": "CRISTÓBAL COLÓN", "SENTIDO": "UN SENTIDO", "LONGITUD": 66.43, "UNIDAD": "e14" }, "geometry": { "type": "LineString", "coordinates": [ [ -103.4185558, 20.2871147 ], [ -103.418468, 20.2877114 ] ] } },
{ "type": "Feature", "properties": { "ID": 1729148, "TIPOVIA": "CALLE", "TIPO": "N/A", "NUMERO": "N/A", "DERE_TRAN": "N/A", "ADMINISTRA": "N/A", "NUME_CARR": "N/A", "CONDICION": "N/A", "ORIGEN": "BCU", "CALI_REPR": "N/A", "CVEGEO": "140500011", "NOMVIAL": "TACUBA", "SENTIDO": "UN SENTIDO", "LONGITUD": 43.65, "UNIDAD": "e14" }, "geometry": { "type": "LineString", "coordinates": [ [ -103.3453342, 20.2880257 ], [ -103.3452375, 20.2882705 ], [ -103.345196, 20.2883992 ] ] } },
{ "type": "Feature", "properties": { "ID": 1729149, "TIPOVIA": "CALLE", "TIPO": "N/A", "NUMERO": "N/A", "DERE_TRAN": "N/A", "ADMINISTRA": "N/A", "NUME_CARR": "N/A", "CONDICION": "N/A", "ORIGEN": "BCU", "CALI_REPR": "N/A", "CVEGEO": "140500011", "NOMVIAL": "PORFIRIO DÍAZ", "SENTIDO": "UN SENTIDO", "LONGITUD": 156.71, "UNIDAD": "e14" }, "geometry": { "type": "LineString", "coordinates": [ [ -103.3438492, 20.287763 ], [ -103.3444205, 20.2880351 ], [ -103.3449417, 20.2882792 ], [ -103.345196, 20.2883992 ] ] } },
{ "type": "Feature", "properties": { "ID": 1729150, "TIPOVIA": "CALLE", "TIPO": "N/A", "NUMERO": "N/A", "DERE_TRAN": "N/A", "ADMINISTRA": "N/A", "NUME_CARR": "N/A", "CONDICION": "N/A", "ORIGEN": "BCU", "CALI_REPR": "N/A", "CVEGEO": "140500011", "NOMVIAL": "ITURBIDE", "SENTIDO": "UN SENTIDO", "LONGITUD": 19.35, "UNIDAD": "e14" }, "geometry": { "type": "LineString", "coordinates": [ [ -103.3414263, 20.2884365 ], [ -103.3414385, 20.2882613 ] ] } },
{ "type": "Feature", "properties": { "ID": 1729151, "TIPOVIA": "CALLE", "TIPO": "N/A", "NUMERO": "N/A", "DERE_TRAN": "N/A", "ADMINISTRA": "N/A", "NUME_CARR": "N/A", "CONDICION": "N/A", "ORIGEN": "BCU", "CALI_REPR": "N/A", "CVEGEO": "140500011", "NOMVIAL": "FRANCISCO I. MADERO", "SENTIDO": "UN SENTIDO", "LONGITUD": 116.22, "UNIDAD": "e14" }, "geometry": { "type": "LineString", "coordinates": [ [ -103.3403402, 20.2881899 ], [ -103.3414263, 20.2884365 ] ] } },
{ "type": "Feature", "properties": { "ID": 1729152, "TIPOVIA": "CALLE", "TIPO": "N/A", "NUMERO": "N/A", "DERE_TRAN": "N/A", "ADMINISTRA": "N/A", "NUME_CARR": "N/A", "CONDICION": "N/A", "ORIGEN": "BCU", "CALI_REPR": "N/A", "CVEGEO": "140500001", "NOMVIAL": "MORELOS PONIENTE", "SENTIDO": "UN SENTIDO", "LONGITUD": 82.29, "UNIDAD": "e14" }, "geometry": { "type": "LineString", "coordinates": [ [ -103.4176778, 20.2877446 ], [ -103.418468, 20.2877114 ] ] } },
{ "type": "Feature", "properties": { "ID": 1729153, "TIPOVIA": "CALLE", "TIPO": "N/A", "NUMERO": "23", "DERE_TRAN": "LIBRE", "ADMINISTRA": "FEDERAL", "NUME_CARR": "N/A", "CONDICION": "N/A", "ORIGEN": "BCU", "CALI_REPR": "N/A", "CVEGEO": "140500001", "NOMVIAL": "EL CHANTE", "SENTIDO": "UN SENTIDO", "LONGITUD": 101.29, "UNIDAD": "e14" }, "geometry": { "type": "LineString", "coordinates": [ [ -103.4162526, 20.2869344 ], [ -103.4158313, 20.2877625 ] ] } },
{ "type": "Feature", "properties": { "ID": 1729154, "TIPOVIA": "OTRO", "TIPO": "N/A", "NUMERO": "N/A", "DERE_TRAN": "N/A", "ADMINISTRA": "N/A", "NUME_CARR": "N/A", "CONDICION": "N/A", "ORIGEN": "BCU", "CALI_REPR": "N/A", "CVEGEO": "140500011", "NOMVIAL": "LÍMITE PREDIAL", "SENTIDO": "N/A", "LONGITUD": 108.81, "UNIDAD": "e14" }, "geometry": { "type": "LineString", "coordinates": [ [ -103.3475336, 20.2883908 ], [ -103.3470499, 20.2882983 ] ] } },
{ "type": "Feature", "properties": { "ID": 1729155, "TIPOVIA": "CALLE", "TIPO": "N/A", "NUMERO": "N/A", "DERE_TRAN": "N/A", "ADMINISTRA": "N/A", "NUME_CARR": "N/A", "CONDICION": "N/A", "ORIGEN": "BCU", "CALI_REPR": "N/A", "CVEGEO": "140500011", "NOMVIAL": "VICENTE GUERRERO", "SENTIDO": "UN SENTIDO", "LONGITUD": 110.61, "UNIDAD": "e14" }, "geometry": { "type": "LineString", "coordinates": [ [ -103.3425957, 20.2884383 ], [ -103.3425944, 20.288349 ], [ -103.3427207, 20.2876877 ], [ -103.3427659, 20.2874497 ] ] } },
{ "type": "Feature", "properties": { "ID": 1729156, "TIPOVIA": "CARRETERA", "TIPO": "N/A", "NUMERO": "23", "DERE_TRAN": "LIBRE", "ADMINISTRA": "FEDERAL", "NUME_CARR": "N/A", "CONDICION": "N/A", "ORIGEN": "BCU", "CALI_REPR": "N/A", "CVEGEO": "140500011", "NOMVIAL": "JOCOTEPEC-CHAPALA", "SENTIDO": "UN SENTIDO", "LONGITUD": 121.97, "UNIDAD": "e14" }, "geometry": { "type": "LineString", "coordinates": [ [ -103.3414385, 20.2882613 ], [ -103.3425957, 20.2884383 ] ] } },
{ "type": "Feature", "properties": { "ID": 1729157, "TIPOVIA": "CALLE", "TIPO": "N/A", "NUMERO": "N/A", "DERE_TRAN": "N/A", "ADMINISTRA": "N/A", "NUME_CARR": "N/A", "CONDICION": "N/A", "ORIGEN": "BCU", "CALI_REPR": "N/A", "CVEGEO": "140500001", "NOMVIAL": "GUADALUPE VICTORIA NORTE", "SENTIDO": "UN SENTIDO", "LONGITUD": 105.69, "UNIDAD": "e14" }, "geometry": { "type": "LineString", "coordinates": [ [ -103.4288558, 20.2867066 ], [ -103.4287251, 20.2876571 ] ] } },
{ "type": "Feature", "properties": { "ID": 1729158, "TIPOVIA": "CALLE", "TIPO": "N/A", "NUMERO": "N/A", "DERE_TRAN": "N/A", "ADMINISTRA": "N/A", "NUME_CARR": "N/A", "CONDICION": "N/A", "ORIGEN": "BCU", "CALI_REPR": "N/A", "CVEGEO": "140500001", "NOMVIAL": "DEGOLLADO", "SENTIDO": "UN SENTIDO", "LONGITUD": 92.48, "UNIDAD": "e14" }, "geometry": { "type": "LineString", "coordinates": [ [ -103.4287251, 20.2876571 ], [ -103.4278385, 20.2875965 ] ] } },
{ "type": "Feature", "properties": { "ID": 1729159, "TIPOVIA": "CALLE", "TIPO": "N/A", "NUMERO": "N/A", "DERE_TRAN": "N/A", "ADMINISTRA": "N/A", "NUME_CARR": "N/A", "CONDICION": "N/A", "ORIGEN": "BCU", "CALI_REPR": "N/A", "CVEGEO": "140500001", "NOMVIAL": "MORELOS PONIENTE", "SENTIDO": "UN SENTIDO", "LONGITUD": 192.18, "UNIDAD": "e14" }, "geometry": { "type": "LineString", "coordinates": [ [ -103.4158313, 20.2877625 ], [ -103.4170931, 20.2877665 ], [ -103.4176778, 20.2877446 ] ] } },
{ "type": "Feature", "properties": { "ID": 1729166, "TIPOVIA": "CALLE", "TIPO": "N/A", "NUMERO": "N/A", "DERE_TRAN": "N/A", "ADMINISTRA": "N/A", "NUME_CARR": "N/A", "CONDICION": "N/A", "ORIGEN": "BCU", "CALI_REPR": "N/A", "CVEGEO": "140500001", "NOMVIAL": "ALLENDE NORTE", "SENTIDO": "UN SENTIDO", "LONGITUD": 106.69, "UNIDAD": "e14" }, "geometry": { "type": "LineString", "coordinates": [ [ -103.4292991, 20.2876789 ], [ -103.429428, 20.2867191 ] ] } },
{ "type": "Feature", "properties": { "ID": 1729167, "TIPOVIA": "CALLE", "TIPO": "N/A", "NUMERO": "N/A", "DERE_TRAN": "N/A", "ADMINISTRA": "N/A", "NUME_CARR": "N/A", "CONDICION": "N/A", "ORIGEN": "BCU", "CALI_REPR": "N/A", "CVEGEO": "140500001", "NOMVIAL": "DEGOLLADO", "SENTIDO": "UN SENTIDO", "LONGITUD": 59.77, "UNIDAD": "e14" }, "geometry": { "type": "LineString", "coordinates": [ [ -103.4292991, 20.2876789 ], [ -103.429298, 20.2876789 ], [ -103.4287251, 20.2876571 ] ] } },
{ "type": "Feature", "properties": { "ID": 1729170, "TIPOVIA": "CALLE", "TIPO": "N/A", "NUMERO": "N/A", "DERE_TRAN": "N/A", "ADMINISTRA": "N/A", "NUME_CARR": "N/A", "CONDICION": "N/A", "ORIGEN": "BCU", "CALI_REPR": "N/A", "CVEGEO": "140500001", "NOMVIAL": "ÁNIMA SOLA", "SENTIDO": "UN SENTIDO", "LONGITUD": 62.2, "UNIDAD": "e14" }, "geometry": { "type": "LineString", "coordinates": [ [ -103.436209, 20.2872401 ], [ -103.4366516, 20.2876194 ] ] } },
{ "type": "Feature", "properties": { "ID": 1729172, "TIPOVIA": "CALLE", "TIPO": "N/A", "NUMERO": "N/A", "DERE_TRAN": "N/A", "ADMINISTRA": "N/A", "NUME_CARR": "N/A", "CONDICION": "N/A", "ORIGEN": "BCU", "CALI_REPR": "N/A", "CVEGEO": "140500001", "NOMVIAL": "MORELOS PONIENTE", "SENTIDO": "UN SENTIDO", "LONGITUD": 54.92, "UNIDAD": "e14" }, "geometry": { "type": "LineString", "coordinates": [ [ -103.4148763, 20.2876324 ], [ -103.4153562, 20.2878397 ] ] } },
{ "type": "Feature", "properties": { "ID": 1729177, "TIPOVIA": "CALLE", "TIPO": "N/A", "NUMERO": "N/A", "DERE_TRAN": "N/A", "ADMINISTRA": "N/A", "NUME_CARR": "N/A", "CONDICION": "N/A", "ORIGEN": "BCU", "CALI_REPR": "N/A", "CVEGEO": "140500011", "NOMVIAL": "FRANCISCO I. MADERO", "SENTIDO": "UN SENTIDO", "LONGITUD": 44.17, "UNIDAD": "e14" }, "geometry": { "type": "LineString", "coordinates": [ [ -103.3414263, 20.2884365 ], [ -103.3418404, 20.2885246 ] ] } },
{ "type": "Feature", "properties": { "ID": 1729181, "TIPOVIA": "CALLE", "TIPO": "N/A", "NUMERO": "N/A", "DERE_TRAN": "N/A", "ADMINISTRA": "N/A", "NUME_CARR": "N/A", "CONDICION": "N/A", "ORIGEN": "BCU", "CALI_REPR": "N/A", "CVEGEO": "140500001", "NOMVIAL": "MORELOS PONIENTE", "SENTIDO": "UN SENTIDO", "LONGITUD": 51.69, "UNIDAD": "e14" }, "geometry": { "type": "LineString", "coordinates": [ [ -103.4153562, 20.2878397 ], [ -103.4154496, 20.2878696 ], [ -103.4158313, 20.2877625 ] ] } },
{ "type": "Feature", "properties": { "ID": 1729184, "TIPOVIA": "CALLE", "TIPO": "N/A", "NUMERO": "N/A", "DERE_TRAN": "N/A", "ADMINISTRA": "N/A", "NUME_CARR": "N/A", "CONDICION": "N/A", "ORIGEN": "BCU", "CALI_REPR": "N/A", "CVEGEO": "140500001", "NOMVIAL": "HIDALGO NORTE", "SENTIDO": "UN SENTIDO", "LONGITUD": 115.86, "UNIDAD": "e14" }, "geometry": { "type": "LineString", "coordinates": [ [ -103.4301024, 20.286699 ], [ -103.4300115, 20.2877461 ] ] } },
{ "type": "Feature", "properties": { "ID": 1729185, "TIPOVIA": "CALLE", "TIPO": "N/A", "NUMERO": "N/A", "DERE_TRAN": "N/A", "ADMINISTRA": "N/A", "NUME_CARR": "N/A", "CONDICION": "N/A", "ORIGEN": "BCU", "CALI_REPR": "N/A", "CVEGEO": "140500001", "NOMVIAL": "DEGOLLADO", "SENTIDO": "UN SENTIDO", "LONGITUD": 74.49, "UNIDAD": "e14" }, "geometry": { "type": "LineString", "coordinates": [ [ -103.4300115, 20.2877461 ], [ -103.4292991, 20.2876789 ] ] } },
{ "type": "Feature", "properties": { "ID": 1729186, "TIPOVIA": "OTRO", "TIPO": "N/A", "NUMERO": "N/A", "DERE_TRAN": "N/A", "ADMINISTRA": "N/A", "NUME_CARR": "N/A", "CONDICION": "N/A", "ORIGEN": "BCU", "CALI_REPR": "N/A", "CVEGEO": "140500011", "NOMVIAL": "LÍMITE PREDIAL", "SENTIDO": "N/A", "LONGITUD": 116.79, "UNIDAD": "e14" }, "geometry": { "type": "LineString", "coordinates": [ [ -103.3486501, 20.2885003 ], [ -103.3475336, 20.2883908 ] ] } },
{ "type": "Feature", "properties": { "ID": 1729187, "TIPOVIA": "CALLE", "TIPO": "N/A", "NUMERO": "N/A", "DERE_TRAN": "N/A", "ADMINISTRA": "N/A", "NUME_CARR": "N/A", "CONDICION": "N/A", "ORIGEN": "BCU", "CALI_REPR": "N/A", "CVEGEO": "140500011", "NOMVIAL": "CUAUHTÉMOC", "SENTIDO": "UN SENTIDO", "LONGITUD": 39.22, "UNIDAD": "e14" }, "geometry": { "type": "LineString", "coordinates": [ [ -103.3463624, 20.2885227 ], [ -103.3465087, 20.2881949 ] ] } },
{ "type": "Feature", "properties": { "ID": 1729188, "TIPOVIA": "CALLE", "TIPO": "N/A", "NUMERO": "N/A", "DERE_TRAN": "N/A", "ADMINISTRA": "N/A", "NUME_CARR": "N/A", "CONDICION": "N/A", "ORIGEN": "BCU", "CALI_REPR": "N/A", "CVEGEO": "140500011", "NOMVIAL": "LA PAZ", "SENTIDO": "UN SENTIDO", "LONGITUD": 120.45, "UNIDAD": "e14" }, "geometry": { "type": "LineString", "coordinates": [ [ -103.3463624, 20.2885227 ], [ -103.3459198, 20.288347 ], [ -103.3453532, 20.2880377 ], [ -103.3453342, 20.2880257 ] ] } },
{ "type": "Feature", "properties": { "ID": 1729197, "TIPOVIA": "CALLE", "TIPO": "N/A", "NUMERO": "N/A", "DERE_TRAN": "N/A", "ADMINISTRA": "N/A", "NUME_CARR": "N/A", "CONDICION": "N/A", "ORIGEN": "BCU", "CALI_REPR": "N/A", "CVEGEO": "140500001", "NOMVIAL": "LÓPEZ RAYÓN", "SENTIDO": "UN SENTIDO", "LONGITUD": 87.04, "UNIDAD": "e14" }, "geometry": { "type": "LineString", "coordinates": [ [ -103.4331402, 20.2877531 ], [ -103.4332427, 20.2869697 ] ] } },
{ "type": "Feature", "properties": { "ID": 1729198, "TIPOVIA": "CALLE", "TIPO": "N/A", "NUMERO": "N/A", "DERE_TRAN": "N/A", "ADMINISTRA": "N/A", "NUME_CARR": "N/A", "CONDICION": "N/A", "ORIGEN": "BCU", "CALI_REPR": "N/A", "CVEGEO": "140500011", "NOMVIAL": "HIDALGO", "SENTIDO": "UN SENTIDO", "LONGITUD": 95.59, "UNIDAD": "e14" }, "geometry": { "type": "LineString", "coordinates": [ [ -103.3438492, 20.287763 ], [ -103.3435216, 20.2885729 ] ] } },
{ "type": "Feature", "properties": { "ID": 1729199, "TIPOVIA": "OTRO", "TIPO": "N/A", "NUMERO": "N/A", "DERE_TRAN": "N/A", "ADMINISTRA": "N/A", "NUME_CARR": "N/A", "CONDICION": "N/A", "ORIGEN": "BCU", "CALI_REPR": "N/A", "CVEGEO": "140500011", "NOMVIAL": "LÍMITE PREDIAL", "SENTIDO": "N/A", "LONGITUD": 84.41, "UNIDAD": "e14" }, "geometry": { "type": "LineString", "coordinates": [ [ -103.3494258, 20.2887244 ], [ -103.3486501, 20.2885003 ] ] } },
{ "type": "Feature", "properties": { "ID": 1729200, "TIPOVIA": "CALLE", "TIPO": "N/A", "NUMERO": "N/A", "DERE_TRAN": "N/A", "ADMINISTRA": "N/A", "NUME_CARR": "N/A", "CONDICION": "N/A", "ORIGEN": "BCU", "CALI_REPR": "N/A", "CVEGEO": "140500011", "NOMVIAL": "TACUBA", "SENTIDO": "UN SENTIDO", "LONGITUD": 48.05, "UNIDAD": "e14" }, "geometry": { "type": "LineString", "coordinates": [ [ -103.345196, 20.2883992 ], [ -103.3451246, 20.288424 ], [ -103.3450176, 20.2887737 ] ] } },
{ "type": "Feature", "properties": { "ID": 1729201, "TIPOVIA": "CARRETERA", "TIPO": "N/A", "NUMERO": "23", "DERE_TRAN": "LIBRE", "ADMINISTRA": "FEDERAL", "NUME_CARR": "N/A", "CONDICION": "N/A", "ORIGEN": "BCU", "CALI_REPR": "N/A", "CVEGEO": "140500011", "NOMVIAL": "JOCOTEPEC-CHAPALA", "SENTIDO": "UN SENTIDO", "LONGITUD": 157.23, "UNIDAD": "e14" }, "geometry": { "type": "LineString", "coordinates": [ [ -103.3435216, 20.2885729 ], [ -103.3450176, 20.2887737 ] ] } },
{ "type": "Feature", "properties": { "ID": 1729204, "TIPOVIA": "CALLE", "TIPO": "N/A", "NUMERO": "N/A", "DERE_TRAN": "N/A", "ADMINISTRA": "N/A", "NUME_CARR": "N/A", "CONDICION": "N/A", "ORIGEN": "BCU", "CALI_REPR": "N/A", "CVEGEO": "140500011", "NOMVIAL": "GALEANA", "SENTIDO": "UN SENTIDO", "LONGITUD": 42.65, "UNIDAD": "e14" }, "geometry": { "type": "LineString", "coordinates": [ [ -103.3474123, 20.2887602 ], [ -103.3475336, 20.2883908 ] ] } },
{ "type": "Feature", "properties": { "ID": 1729205, "TIPOVIA": "CALLE", "TIPO": "N/A", "NUMERO": "N/A", "DERE_TRAN": "N/A", "ADMINISTRA": "N/A", "NUME_CARR": "N/A", "CONDICION": "N/A", "ORIGEN": "BCU", "CALI_REPR": "N/A", "CVEGEO": "140500011", "NOMVIAL": "LA PAZ", "SENTIDO": "UN SENTIDO", "LONGITUD": 112.33, "UNIDAD": "e14" }, "geometry": { "type": "LineString", "coordinates": [ [ -103.3474123, 20.2887602 ], [ -103.3463624, 20.2885227 ] ] } },
{ "type": "Feature", "properties": { "ID": 1729210, "TIPOVIA": "PRIVADA", "TIPO": "N/A", "NUMERO": "N/A", "DERE_TRAN": "N/A", "ADMINISTRA": "N/A", "NUME_CARR": "N/A", "CONDICION": "N/A", "ORIGEN": "BCU", "CALI_REPR": "N/A", "CVEGEO": "140500011", "NOMVIAL": "MADERO", "SENTIDO": "UN SENTIDO", "LONGITUD": 25.53, "UNIDAD": "e14" }, "geometry": { "type": "LineString", "coordinates": [ [ -103.3420895, 20.2888149 ], [ -103.3421503, 20.2885906 ] ] } },
{ "type": "Feature", "properties": { "ID": 1729211, "TIPOVIA": "PRIVADA", "TIPO": "N/A", "NUMERO": "N/A", "DERE_TRAN": "N/A", "ADMINISTRA": "N/A", "NUME_CARR": "N/A", "CONDICION": "N/A", "ORIGEN": "BCU", "CALI_REPR": "N/A", "CVEGEO": "140500011", "NOMVIAL": "NINGUNO", "SENTIDO": "UN SENTIDO", "LONGITUD": 33.87, "UNIDAD": "e14" }, "geometry": { "type": "LineString", "coordinates": [ [ -103.3417478, 20.2888191 ], [ -103.3418404, 20.2885246 ] ] } },
{ "type": "Feature", "properties": { "ID": 1729212, "TIPOVIA": "PROLONGACION", "TIPO": "N/A", "NUMERO": "N/A", "DERE_TRAN": "N/A", "ADMINISTRA": "N/A", "NUME_CARR": "N/A", "CONDICION": "N/A", "ORIGEN": "BCU", "CALI_REPR": "N/A", "CVEGEO": "140500001", "NOMVIAL": "PEDRO MORENO", "SENTIDO": "UN SENTIDO", "LONGITUD": 60.68, "UNIDAD": "e14" }, "geometry": { "type": "LineString", "coordinates": [ [ -103.4263956, 20.2880487 ], [ -103.4264008, 20.2874984 ] ] } },
{ "type": "Feature", "properties": { "ID": 1729213, "TIPOVIA": "CALLE", "TIPO": "N/A", "NUMERO": "N/A", "DERE_TRAN": "N/A", "ADMINISTRA": "N/A", "NUME_CARR": "N/A", "CONDICION": "N/A", "ORIGEN": "BCU", "CALI_REPR": "N/A", "CVEGEO": "140500001", "NOMVIAL": "LÁZARO CÁRDENAS", "SENTIDO": "UN SENTIDO", "LONGITUD": 133.17, "UNIDAD": "e14" }, "geometry": { "type": "LineString", "coordinates": [ [ -103.4251199, 20.2879507 ], [ -103.4263956, 20.2880487 ] ] } },
{ "type": "Feature", "properties": { "ID": 1729218, "TIPOVIA": "CALLE", "TIPO": "N/A", "NUMERO": "N/A", "DERE_TRAN": "N/A", "ADMINISTRA": "N/A", "NUME_CARR": "N/A", "CONDICION": "N/A", "ORIGEN": "BCU", "CALI_REPR": "N/A", "CVEGEO": "140500002", "NOMVIAL": "CALLEJÓN MAYA", "SENTIDO": "UN SENTIDO", "LONGITUD": 126.24, "UNIDAD": "e14" }, "geometry": { "type": "LineString", "coordinates": [ [ -103.4000014, 20.2883315 ], [ -103.4000638, 20.2877116 ], [ -103.4000734, 20.2876013 ], [ -103.4000655, 20.28719 ] ] } },
{ "type": "Feature", "properties": { "ID": 1729219, "TIPOVIA": "CALLE", "TIPO": "N/A", "NUMERO": "N/A", "DERE_TRAN": "N/A", "ADMINISTRA": "N/A", "NUME_CARR": "N/A", "CONDICION": "N/A", "ORIGEN": "BCU", "CALI_REPR": "N/A", "CVEGEO": "140500002", "NOMVIAL": "MORELOS", "SENTIDO": "UN SENTIDO", "LONGITUD": 263.26, "UNIDAD": "e14" }, "geometry": { "type": "LineString", "coordinates": [ [ -103.4000014, 20.2883315 ], [ -103.397531, 20.287816 ] ] } },
{ "type": "Feature", "properties": { "ID": 1729220, "TIPOVIA": "PRIVADA", "TIPO": "N/A", "NUMERO": "N/A", "DERE_TRAN": "N/A", "ADMINISTRA": "N/A", "NUME_CARR": "N/A", "CONDICION": "N/A", "ORIGEN": "BCU", "CALI_REPR": "N/A", "CVEGEO": "140500001", "NOMVIAL": "ÁNIMA SOLA", "SENTIDO": "UN SENTIDO", "LONGITUD": 42.14, "UNIDAD": "e14" }, "geometry": { "type": "LineString", "coordinates": [ [ -103.4366516, 20.2876194 ], [ -103.4365672, 20.2879931 ] ] } },
{ "type": "Feature", "properties": { "ID": 1729223, "TIPOVIA": "CARRETERA", "TIPO": "N/A", "NUMERO": "23", "DERE_TRAN": "LIBRE", "ADMINISTRA": "FEDERAL", "NUME_CARR": "N/A", "CONDICION": "N/A", "ORIGEN": "BCU", "CALI_REPR": "N/A", "CVEGEO": "140500011", "NOMVIAL": "JOCOTEPEC-CHAPALA", "SENTIDO": "UN SENTIDO", "LONGITUD": 50.63, "UNIDAD": "e14" }, "geometry": { "type": "LineString", "coordinates": [ [ -103.3450176, 20.2887737 ], [ -103.3454987, 20.2888426 ] ] } },
{ "type": "Feature", "properties": { "ID": 1729228, "TIPOVIA": "CALLE", "TIPO": "N/A", "NUMERO": "N/A", "DERE_TRAN": "N/A", "ADMINISTRA": "N/A", "NUME_CARR": "N/A", "CONDICION": "N/A", "ORIGEN": "BCU", "CALI_REPR": "N/A", "CVEGEO": "140500001", "NOMVIAL": "DEGOLLADO ORIENTE", "SENTIDO": "UN SENTIDO", "LONGITUD": 75.57, "UNIDAD": "e14" }, "geometry": { "type": "LineString", "coordinates": [ [ -103.4321395, 20.2879274 ], [ -103.4328494, 20.2880721 ] ] } },
{ "type": "Feature", "properties": { "ID": 1729233, "TIPOVIA": "CALLE", "TIPO": "N/A", "NUMERO": "N/A", "DERE_TRAN": "N/A", "ADMINISTRA": "N/A", "NUME_CARR": "N/A", "CONDICION": "N/A", "ORIGEN": "BCU", "CALI_REPR": "N/A", "CVEGEO": "140500001", "NOMVIAL": "NIÑOS HÉROES NORTE", "SENTIDO": "UN SENTIDO", "LONGITUD": 148.07, "UNIDAD": "e14" }, "geometry": { "type": "LineString", "coordinates": [ [ -103.4346834, 20.2880689 ], [ -103.4349673, 20.2867532 ] ] } },
{ "type": "Feature", "properties": { "ID": 1729234, "TIPOVIA": "CALLE", "TIPO": "N/A", "NUMERO": "N/A", "DERE_TRAN": "N/A", "ADMINISTRA": "N/A", "NUME_CARR": "N/A", "CONDICION": "N/A", "ORIGEN": "BCU", "CALI_REPR": "N/A", "CVEGEO": "140500001", "NOMVIAL": "JAVIER MINA", "SENTIDO": "UN SENTIDO", "LONGITUD": 164.3, "UNIDAD": "e14" }, "geometry": { "type": "LineString", "coordinates": [ [ -103.4331402, 20.2877531 ], [ -103.4346834, 20.2880689 ] ] } },
{ "type": "Feature", "properties": { "ID": 1729235, "TIPOVIA": "PRIVADA", "TIPO": "N/A", "NUMERO": "N/A", "DERE_TRAN": "N/A", "ADMINISTRA": "N/A", "NUME_CARR": "N/A", "CONDICION": "N/A", "ORIGEN": "BCU", "CALI_REPR": "N/A", "CVEGEO": "140500001", "NOMVIAL": "MORELOS", "SENTIDO": "UN SENTIDO", "LONGITUD": 135.25, "UNIDAD": "e14" }, "geometry": { "type": "LineString", "coordinates": [ [ -103.4231536, 20.286956 ], [ -103.4231815, 20.2876477 ], [ -103.4231305, 20.2881798 ] ] } },
{ "type": "Feature", "properties": { "ID": 1729236, "TIPOVIA": "CALLE", "TIPO": "N/A", "NUMERO": "N/A", "DERE_TRAN": "N/A", "ADMINISTRA": "N/A", "NUME_CARR": "N/A", "CONDICION": "N/A", "ORIGEN": "BCU", "CALI_REPR": "N/A", "CVEGEO": "140500001", "NOMVIAL": "ÁNIMA SOLA", "SENTIDO": "UN SENTIDO", "LONGITUD": 96.49, "UNIDAD": "e14" }, "geometry": { "type": "LineString", "coordinates": [ [ -103.4369271, 20.2878339 ], [ -103.4378275, 20.2880437 ] ] } },
{ "type": "Feature", "properties": { "ID": 1729237, "TIPOVIA": "PRIVADA", "TIPO": "N/A", "NUMERO": "N/A", "DERE_TRAN": "N/A", "ADMINISTRA": "N/A", "NUME_CARR": "N/A", "CONDICION": "N/A", "ORIGEN": "BCU", "CALI_REPR": "N/A", "CVEGEO": "140500011", "NOMVIAL": "JEAN KING", "SENTIDO": "UN SENTIDO", "LONGITUD": 42.31, "UNIDAD": "e14" }, "geometry": { "type": "LineString", "coordinates": [ [ -103.3344276, 20.2886131 ], [ -103.3344785, 20.2888599 ], [ -103.3345199, 20.2889863 ] ] } },
{ "type": "Feature", "properties": { "ID": 1729243, "TIPOVIA": "CALLE", "TIPO": "N/A", "NUMERO": "N/A", "DERE_TRAN": "N/A", "ADMINISTRA": "N/A", "NUME_CARR": "N/A", "CONDICION": "N/A", "ORIGEN": "BCU", "CALI_REPR": "N/A", "CVEGEO": "140500011", "NOMVIAL": "ITURBIDE NORTE", "SENTIDO": "UN SENTIDO", "LONGITUD": 59.56, "UNIDAD": "e14" }, "geometry": { "type": "LineString", "coordinates": [ [ -103.3412812, 20.288959 ], [ -103.3414263, 20.2884365 ] ] } },
{ "type": "Feature", "properties": { "ID": 1729245, "TIPOVIA": "CALLE", "TIPO": "N/A", "NUMERO": "N/A", "DERE_TRAN": "N/A", "ADMINISTRA": "N/A", "NUME_CARR": "N/A", "CONDICION": "N/A", "ORIGEN": "BCU", "CALI_REPR": "N/A", "CVEGEO": "140500011", "NOMVIAL": "CUAUHTÉMOC", "SENTIDO": "UN SENTIDO", "LONGITUD": 47.73, "UNIDAD": "e14" }, "geometry": { "type": "LineString", "coordinates": [ [ -103.3461832, 20.2889212 ], [ -103.3463624, 20.2885227 ] ] } },
{ "type": "Feature", "properties": { "ID": 1729246, "TIPOVIA": "CALLE", "TIPO": "N/A", "NUMERO": "N/A", "DERE_TRAN": "N/A", "ADMINISTRA": "N/A", "NUME_CARR": "N/A", "CONDICION": "N/A", "ORIGEN": "BCU", "CALI_REPR": "N/A", "CVEGEO": "140500011", "NOMVIAL": "PORFIRIO DÍAZ", "SENTIDO": "UN SENTIDO", "LONGITUD": 117.77, "UNIDAD": "e14" }, "geometry": { "type": "LineString", "coordinates": [ [ -103.345196, 20.2883992 ], [ -103.345358, 20.2884757 ], [ -103.3461832, 20.2889212 ] ] } },
{ "type": "Feature", "properties": { "ID": 1729247, "TIPOVIA": "CARRETERA", "TIPO": "N/A", "NUMERO": "23", "DERE_TRAN": "LIBRE", "ADMINISTRA": "FEDERAL", "NUME_CARR": "N/A", "CONDICION": "N/A", "ORIGEN": "BCU", "CALI_REPR": "N/A", "CVEGEO": "140500011", "NOMVIAL": "JOCOTEPEC-CHAPALA", "SENTIDO": "UN SENTIDO", "LONGITUD": 71.74, "UNIDAD": "e14" }, "geometry": { "type": "LineString", "coordinates": [ [ -103.3454987, 20.2888426 ], [ -103.3461832, 20.2889212 ] ] } },
{ "type": "Feature", "properties": { "ID": 1729250, "TIPOVIA": "CALLE", "TIPO": "N/A", "NUMERO": "N/A", "DERE_TRAN": "N/A", "ADMINISTRA": "N/A", "NUME_CARR": "N/A", "CONDICION": "N/A", "ORIGEN": "BCU", "CALI_REPR": "N/A", "CVEGEO": "140500002", "NOMVIAL": "MORELOS", "SENTIDO": "UN SENTIDO", "LONGITUD": 420.62, "UNIDAD": "e14" }, "geometry": { "type": "LineString", "coordinates": [ [ -103.3969554, 20.2875675 ], [ -103.3968537, 20.2875706 ], [ -103.3963251, 20.2876173 ], [ -103.3960842, 20.2876498 ], [ -103.3953371, 20.2877907 ], [ -103.3951014, 20.2878468 ], [ -103.393889, 20.2881802 ], [ -103.3937449, 20.2882234 ], [ -103.3936563, 20.2882471 ], [ -103.3935451, 20.2882924 ], [ -103.3934388, 20.2883253 ], [ -103.3933974, 20.2883418 ], [ -103.3930628, 20.2885064 ] ] } },
{ "type": "Feature", "properties": { "ID": 1729251, "TIPOVIA": "CALLE", "TIPO": "N/A", "NUMERO": "N/A", "DERE_TRAN": "N/A", "ADMINISTRA": "N/A", "NUME_CARR": "N/A", "CONDICION": "N/A", "ORIGEN": "BCU", "CALI_REPR": "N/A", "CVEGEO": "140500002", "NOMVIAL": "MOCTEZUMA", "SENTIDO": "UN SENTIDO", "LONGITUD": 71.77, "UNIDAD": "e14" }, "geometry": { "type": "LineString", "coordinates": [ [ -103.3930628, 20.2885064 ], [ -103.3929298, 20.2878678 ] ] } },
{ "type": "Feature", "properties": { "ID": 1729256, "TIPOVIA": "CALLE", "TIPO": "N/A", "NUMERO": "N/A", "DERE_TRAN": "N/A", "ADMINISTRA": "N/A", "NUME_CARR": "N/A", "CONDICION": "N/A", "ORIGEN": "BCU", "CALI_REPR": "N/A", "CVEGEO": "140500001", "NOMVIAL": "LÓPEZ RAYÓN", "SENTIDO": "UN SENTIDO", "LONGITUD": 43.4, "UNIDAD": "e14" }, "geometry": { "type": "LineString", "coordinates": [ [ -103.4330834, 20.288143 ], [ -103.4331402, 20.2877531 ] ] } },
{ "type": "Feature", "properties": { "ID": 1729257, "TIPOVIA": "CALLE", "TIPO": "N/A", "NUMERO": "N/A", "DERE_TRAN": "N/A", "ADMINISTRA": "N/A", "NUME_CARR": "N/A", "CONDICION": "N/A", "ORIGEN": "BCU", "CALI_REPR": "N/A", "CVEGEO": "140500001", "NOMVIAL": "DEGOLLADO ORIENTE", "SENTIDO": "UN SENTIDO", "LONGITUD": 25.57, "UNIDAD": "e14" }, "geometry": { "type": "LineString", "coordinates": [ [ -103.4328494, 20.2880721 ], [ -103.4330834, 20.288143 ] ] } },
{ "type": "Feature", "properties": { "ID": 1729258, "TIPOVIA": "PROLONGACION", "TIPO": "N/A", "NUMERO": "N/A", "DERE_TRAN": "N/A", "ADMINISTRA": "N/A", "NUME_CARR": "N/A", "CONDICION": "N/A", "ORIGEN": "BCU", "CALI_REPR": "N/A", "CVEGEO": "140500001", "NOMVIAL": "GONZÁLEZ ORTEGA", "SENTIDO": "UN SENTIDO", "LONGITUD": 95.24, "UNIDAD": "e14" }, "geometry": { "type": "LineString", "coordinates": [ [ -103.4240368, 20.2873689 ], [ -103.4239558, 20.2882292 ] ] } },
{ "type": "Feature", "properties": { "ID": 1729259, "TIPOVIA": "CALLE", "TIPO": "N/A", "NUMERO": "N/A", "DERE_TRAN": "N/A", "ADMINISTRA": "N/A", "NUME_CARR": "N/A", "CONDICION": "N/A", "ORIGEN": "BCU", "CALI_REPR": "N/A", "CVEGEO": "140500001", "NOMVIAL": "MORELOS", "SENTIDO": "UN SENTIDO", "LONGITUD": 86.04, "UNIDAD": "e14" }, "geometry": { "type": "LineString", "coordinates": [ [ -103.4231305, 20.2881798 ], [ -103.4239558, 20.2882292 ] ] } },
{ "type": "Feature", "properties": { "ID": 1729272, "TIPOVIA": "CALLE", "TIPO": "N/A", "NUMERO": "N/A", "DERE_TRAN": "N/A", "ADMINISTRA": "N/A", "NUME_CARR": "N/A", "CONDICION": "N/A", "ORIGEN": "BCU", "CALI_REPR": "N/A", "CVEGEO": "140500011", "NOMVIAL": "NARCISO MENDOZA", "SENTIDO": "UN SENTIDO", "LONGITUD": 159.3, "UNIDAD": "e14" }, "geometry": { "type": "LineString", "coordinates": [ [ -103.3362895, 20.2890734 ], [ -103.3362968, 20.2890101 ], [ -103.3364538, 20.2887163 ], [ -103.3366135, 20.2885163 ], [ -103.3368461, 20.2883424 ], [ -103.3369125, 20.288299 ], [ -103.3369466, 20.2881931 ], [ -103.337024, 20.2878665 ] ] } },
{ "type": "Feature", "properties": { "ID": 1729273, "TIPOVIA": "CALLE", "TIPO": "N/A", "NUMERO": "N/A", "DERE_TRAN": "N/A", "ADMINISTRA": "N/A", "NUME_CARR": "N/A", "CONDICION": "N/A", "ORIGEN": "BCU", "CALI_REPR": "N/A", "CVEGEO": "140500011", "NOMVIAL": "NINGUNO", "SENTIDO": "UN SENTIDO", "LONGITUD": 73.67, "UNIDAD": "e14" }, "geometry": { "type": "LineString", "coordinates": [ [ -103.3355967, 20.2889355 ], [ -103.3362895, 20.2890734 ] ] } },
{ "type": "Feature", "properties": { "ID": 1729274, "TIPOVIA": "CARRETERA", "TIPO": "N/A", "NUMERO": "23", "DERE_TRAN": "LIBRE", "ADMINISTRA": "FEDERAL", "NUME_CARR": "N/A", "CONDICION": "N/A", "ORIGEN": "BCU", "CALI_REPR": "N/A", "CVEGEO": "140500011", "NOMVIAL": "JOCOTEPEC-CHAPALA", "SENTIDO": "UN SENTIDO", "LONGITUD": 45.07, "UNIDAD": "e14" }, "geometry": { "type": "LineString", "coordinates": [ [ -103.3461832, 20.2889212 ], [ -103.3466109, 20.2889858 ] ] } },
{ "type": "Feature", "properties": { "ID": 1729280, "TIPOVIA": "CALLE", "TIPO": "N/A", "NUMERO": "N/A", "DERE_TRAN": "N/A", "ADMINISTRA": "N/A", "NUME_CARR": "N/A", "CONDICION": "N/A", "ORIGEN": "BCU", "CALI_REPR": "N/A", "CVEGEO": "140500011", "NOMVIAL": "MATAMOROS", "SENTIDO": "UN SENTIDO", "LONGITUD": 56.8, "UNIDAD": "e14" }, "geometry": { "type": "LineString", "coordinates": [ [ -103.3484712, 20.288987 ], [ -103.3486501, 20.2885003 ] ] } },
{ "type": "Feature", "properties": { "ID": 1729281, "TIPOVIA": "CALLE", "TIPO": "N/A", "NUMERO": "N/A", "DERE_TRAN": "N/A", "ADMINISTRA": "N/A", "NUME_CARR": "N/A", "CONDICION": "N/A", "ORIGEN": "BCU", "CALI_REPR": "N/A", "CVEGEO": "140500011", "NOMVIAL": "LA PAZ", "SENTIDO": "UN SENTIDO", "LONGITUD": 112.98, "UNIDAD": "e14" }, "geometry": { "type": "LineString", "coordinates": [ [ -103.3484712, 20.288987 ], [ -103.3477074, 20.288827 ], [ -103.3474123, 20.2887602 ] ] } },
{ "type": "Feature", "properties": { "ID": 1729284, "TIPOVIA": "CALLE", "TIPO": "N/A", "NUMERO": "N/A", "DERE_TRAN": "N/A", "ADMINISTRA": "N/A", "NUME_CARR": "N/A", "CONDICION": "N/A", "ORIGEN": "BCU", "CALI_REPR": "N/A", "CVEGEO": "140500002", "NOMVIAL": "HUIHUAZOYO", "SENTIDO": "UN SENTIDO", "LONGITUD": 80.8, "UNIDAD": "e14" }, "geometry": { "type": "LineString", "coordinates": [ [ -103.397531, 20.287816 ], [ -103.3974882, 20.2885476 ] ] } },
{ "type": "Feature", "properties": { "ID": 1729299, "TIPOVIA": "PROLONGACION", "TIPO": "N/A", "NUMERO": "N/A", "DERE_TRAN": "N/A", "ADMINISTRA": "N/A", "NUME_CARR": "N/A", "CONDICION": "N/A", "ORIGEN": "BCU", "CALI_REPR": "N/A", "CVEGEO": "140500001", "NOMVIAL": "MORELOS", "SENTIDO": "UN SENTIDO", "LONGITUD": 105.23, "UNIDAD": "e14" }, "geometry": { "type": "LineString", "coordinates": [ [ -103.414587, 20.2884585 ], [ -103.4146699, 20.2883809 ], [ -103.4148415, 20.2882518 ], [ -103.4150681, 20.2880738 ], [ -103.4153562, 20.2878397 ] ] } },
{ "type": "Feature", "properties": { "ID": 1729300, "TIPOVIA": "CALLE", "TIPO": "N/A", "NUMERO": "N/A", "DERE_TRAN": "N/A", "ADMINISTRA": "N/A", "NUME_CARR": "N/A", "CONDICION": "N/A", "ORIGEN": "BCU", "CALI_REPR": "N/A", "CVEGEO": "140500001", "NOMVIAL": "ÁNIMA SOLA", "SENTIDO": "UN SENTIDO", "LONGITUD": 120.14, "UNIDAD": "e14" }, "geometry": { "type": "LineString", "coordinates": [ [ -103.4378275, 20.2880437 ], [ -103.4382481, 20.2881153 ], [ -103.4389645, 20.2882336 ] ] } },
{ "type": "Feature", "properties": { "ID": 1729303, "TIPOVIA": "CALLE", "TIPO": "N/A", "NUMERO": "N/A", "DERE_TRAN": "N/A", "ADMINISTRA": "N/A", "NUME_CARR": "N/A", "CONDICION": "N/A", "ORIGEN": "BCU", "CALI_REPR": "N/A", "CVEGEO": "140500001", "NOMVIAL": "DEGOLLADO ORIENTE", "SENTIDO": "UN SENTIDO", "LONGITUD": 65.46, "UNIDAD": "e14" }, "geometry": { "type": "LineString", "coordinates": [ [ -103.4330834, 20.288143 ], [ -103.4336932, 20.2882889 ] ] } },
{ "type": "Feature", "properties": { "ID": 1729314, "TIPOVIA": "CALLE", "TIPO": "N/A", "NUMERO": "N/A", "DERE_TRAN": "N/A", "ADMINISTRA": "N/A", "NUME_CARR": "N/A", "CONDICION": "N/A", "ORIGEN": "BCU", "CALI_REPR": "N/A", "CVEGEO": "140500011", "NOMVIAL": "GALEANA", "SENTIDO": "UN SENTIDO", "LONGITUD": 39.31, "UNIDAD": "e14" }, "geometry": { "type": "LineString", "coordinates": [ [ -103.3473171, 20.2891053 ], [ -103.3473196, 20.289094 ], [ -103.347412, 20.2887611 ], [ -103.3474123, 20.2887602 ] ] } },
{ "type": "Feature", "properties": { "ID": 1729315, "TIPOVIA": "CARRETERA", "TIPO": "N/A", "NUMERO": "23", "DERE_TRAN": "LIBRE", "ADMINISTRA": "FEDERAL", "NUME_CARR": "N/A", "CONDICION": "N/A", "ORIGEN": "BCU", "CALI_REPR": "N/A", "CVEGEO": "140500011", "NOMVIAL": "JOCOTEPEC-CHAPALA", "SENTIDO": "UN SENTIDO", "LONGITUD": 74.64, "UNIDAD": "e14" }, "geometry": { "type": "LineString", "coordinates": [ [ -103.3466109, 20.2889858 ], [ -103.3473171, 20.2891053 ] ] } },
{ "type": "Feature", "properties": { "ID": 1729322, "TIPOVIA": "CALLE", "TIPO": "N/A", "NUMERO": "23", "DERE_TRAN": "LIBRE", "ADMINISTRA": "FEDERAL", "NUME_CARR": "N/A", "CONDICION": "N/A", "ORIGEN": "BCU", "CALI_REPR": "N/A", "CVEGEO": "140500001", "NOMVIAL": "EL CHANTE", "SENTIDO": "UN SENTIDO", "LONGITUD": 97.73, "UNIDAD": "e14" }, "geometry": { "type": "LineString", "coordinates": [ [ -103.4158313, 20.2877625 ], [ -103.4153177, 20.2885045 ] ] } },
{ "type": "Feature", "properties": { "ID": 1729323, "TIPOVIA": "CALLE", "TIPO": "N/A", "NUMERO": "N/A", "DERE_TRAN": "N/A", "ADMINISTRA": "N/A", "NUME_CARR": "N/A", "CONDICION": "N/A", "ORIGEN": "BCU", "CALI_REPR": "N/A", "CVEGEO": "140500001", "NOMVIAL": "RIVERA DEL AGUA", "SENTIDO": "UN SENTIDO", "LONGITUD": 76.2, "UNIDAD": "e14" }, "geometry": { "type": "LineString", "coordinates": [ [ -103.414587, 20.2884585 ], [ -103.4153177, 20.2885045 ] ] } },
{ "type": "Feature", "properties": { "ID": 1729330, "TIPOVIA": "CALLE", "TIPO": "N/A", "NUMERO": "N/A", "DERE_TRAN": "N/A", "ADMINISTRA": "N/A", "NUME_CARR": "N/A", "CONDICION": "N/A", "ORIGEN": "BCU", "CALI_REPR": "N/A", "CVEGEO": "140500001", "NOMVIAL": "ZARAGOZA NORTE", "SENTIDO": "UN SENTIDO", "LONGITUD": 122.58, "UNIDAD": "e14" }, "geometry": { "type": "LineString", "coordinates": [ [ -103.4359377, 20.2883218 ], [ -103.436209, 20.2872401 ] ] } },
{ "type": "Feature", "properties": { "ID": 1729331, "TIPOVIA": "CALLE", "TIPO": "N/A", "NUMERO": "N/A", "DERE_TRAN": "N/A", "ADMINISTRA": "N/A", "NUME_CARR": "N/A", "CONDICION": "N/A", "ORIGEN": "BCU", "CALI_REPR": "N/A", "CVEGEO": "140500001", "NOMVIAL": "JAVIER MINA", "SENTIDO": "UN SENTIDO", "LONGITUD": 133.46, "UNIDAD": "e14" }, "geometry": { "type": "LineString", "coordinates": [ [ -103.4346834, 20.2880689 ], [ -103.4359377, 20.2883218 ] ] } },
{ "type": "Feature", "properties": { "ID": 1729332, "TIPOVIA": "OTRO", "TIPO": "N/A", "NUMERO": "N/A", "DERE_TRAN": "N/A", "ADMINISTRA": "N/A", "NUME_CARR": "N/A", "CONDICION": "N/A", "ORIGEN": "BCU", "CALI_REPR": "N/A", "CVEGEO": "140500002", "NOMVIAL": "NINGUNO", "SENTIDO": "N/A", "LONGITUD": 177.79, "UNIDAD": "e14" }, "geometry": { "type": "LineString", "coordinates": [ [ -103.3915007, 20.2887368 ], [ -103.391509, 20.2887306 ] ] } },
{ "type": "Feature", "properties": { "ID": 1729340, "TIPOVIA": "PRIVADA", "TIPO": "N/A", "NUMERO": "N/A", "DERE_TRAN": "N/A", "ADMINISTRA": "N/A", "NUME_CARR": "N/A", "CONDICION": "N/A", "ORIGEN": "BCU", "CALI_REPR": "N/A", "CVEGEO": "140500011", "NOMVIAL": "TOÑA PRADO", "SENTIDO": "UN SENTIDO", "LONGITUD": 65.47, "UNIDAD": "e14" }, "geometry": { "type": "LineString", "coordinates": [ [ -103.335078, 20.2892573 ], [ -103.3349135, 20.2891563 ], [ -103.3345199, 20.2889863 ] ] } },
{ "type": "Feature", "properties": { "ID": 1729341, "TIPOVIA": "CALLE", "TIPO": "N/A", "NUMERO": "N/A", "DERE_TRAN": "N/A", "ADMINISTRA": "N/A", "NUME_CARR": "N/A", "CONDICION": "N/A", "ORIGEN": "BCU", "CALI_REPR": "N/A", "CVEGEO": "140500001", "NOMVIAL": "PORVENIR", "SENTIDO": "UN SENTIDO", "LONGITUD": 85.31, "UNIDAD": "e14" }, "geometry": { "type": "LineString", "coordinates": [ [ -103.4157351, 20.2885307 ], [ -103.4158313, 20.2877625 ] ] } },
{ "type": "Feature", "properties": { "ID": 1729342, "TIPOVIA": "CALLE", "TIPO": "N/A", "NUMERO": "N/A", "DERE_TRAN": "N/A", "ADMINISTRA": "N/A", "NUME_CARR": "N/A", "CONDICION": "N/A", "ORIGEN": "BCU", "CALI_REPR": "N/A", "CVEGEO": "140500001", "NOMVIAL": "RIVERA DEL AGUA", "SENTIDO": "UN SENTIDO", "LONGITUD": 43.53, "UNIDAD": "e14" }, "geometry": { "type": "LineString", "coordinates": [ [ -103.4153177, 20.2885045 ], [ -103.4157351, 20.2885307 ] ] } },
{ "type": "Feature", "properties": { "ID": 1729347, "TIPOVIA": "CIRCUITO", "TIPO": "N/A", "NUMERO": "N/A", "DERE_TRAN": "N/A", "ADMINISTRA": "N/A", "NUME_CARR": "N/A", "CONDICION": "N/A", "ORIGEN": "BCU", "CALI_REPR": "N/A", "CVEGEO": "140500001", "NOMVIAL": "NINGUNO", "SENTIDO": "UN SENTIDO", "LONGITUD": 305.35, "UNIDAD": "e14" }, "geometry": { "type": "LineString", "coordinates": [ [ -103.4215546, 20.2875833 ], [ -103.4215371, 20.2884577 ], [ -103.4225798, 20.2884803 ], [ -103.4225942, 20.2875701 ] ] } },
{ "type": "Feature", "properties": { "ID": 1729348, "TIPOVIA": "OTRO", "TIPO": "N/A", "NUMERO": "N/A", "DERE_TRAN": "N/A", "ADMINISTRA": "N/A", "NUME_CARR": "N/A", "CONDICION": "N/A", "ORIGEN": "BCU", "CALI_REPR": "N/A", "CVEGEO": "140500011", "NOMVIAL": "LÍMITE PREDIAL", "SENTIDO": "N/A", "LONGITUD": 130.7, "UNIDAD": "e14" }, "geometry": { "type": "LineString", "coordinates": [ [ -103.3518976, 20.2890445 ], [ -103.35165, 20.2890907 ], [ -103.3509246, 20.2891347 ] ] } },
{ "type": "Feature", "properties": { "ID": 1729349, "TIPOVIA": "OTRO", "TIPO": "N/A", "NUMERO": "N/A", "DERE_TRAN": "N/A", "ADMINISTRA": "N/A", "NUME_CARR": "N/A", "CONDICION": "N/A", "ORIGEN": "BCU", "CALI_REPR": "N/A", "CVEGEO": "140500011", "NOMVIAL": "LÍMITE PREDIAL", "SENTIDO": "N/A", "LONGITUD": 163.06, "UNIDAD": "e14" }, "geometry": { "type": "MultiLineString", "coordinates": [ [ [ -103.3509246, 20.2891347 ], [ -103.3508465, 20.2891205 ] ], [ [ -103.3496168, 20.2887949 ], [ -103.3494258, 20.2887244 ] ] ] } },
{ "type": "Feature", "properties": { "ID": 1729350, "TIPOVIA": "PRIVADA", "TIPO": "N/A", "NUMERO": "N/A", "DERE_TRAN": "N/A", "ADMINISTRA": "N/A", "NUME_CARR": "N/A", "CONDICION": "N/A", "ORIGEN": "BCU", "CALI_REPR": "N/A", "CVEGEO": "140500011", "NOMVIAL": "ROTARIO", "SENTIDO": "UN SENTIDO", "LONGITUD": 49.87, "UNIDAD": "e14" }, "geometry": { "type": "LineString", "coordinates": [ [ -103.3492659, 20.2891507 ], [ -103.3494258, 20.2887244 ] ] } },
{ "type": "Feature", "properties": { "ID": 1729351, "TIPOVIA": "CALLE", "TIPO": "N/A", "NUMERO": "N/A", "DERE_TRAN": "N/A", "ADMINISTRA": "N/A", "NUME_CARR": "N/A", "CONDICION": "N/A", "ORIGEN": "BCU", "CALI_REPR": "N/A", "CVEGEO": "140500011", "NOMVIAL": "LA PAZ", "SENTIDO": "UN SENTIDO", "LONGITUD": 84.63, "UNIDAD": "e14" }, "geometry": { "type": "LineString", "coordinates": [ [ -103.3492659, 20.2891507 ], [ -103.3488034, 20.2890565 ], [ -103.3484712, 20.288987 ] ] } },
{ "type": "Feature", "properties": { "ID": 1729352, "TIPOVIA": "CALLE", "TIPO": "N/A", "NUMERO": "N/A", "DERE_TRAN": "N/A", "ADMINISTRA": "N/A", "NUME_CARR": "N/A", "CONDICION": "N/A", "ORIGEN": "BCU", "CALI_REPR": "N/A", "CVEGEO": "140500002", "NOMVIAL": "NINGUNO", "SENTIDO": "UN SENTIDO", "LONGITUD": 168.25, "UNIDAD": "e14" }, "geometry": { "type": "LineString", "coordinates": [ [ -103.4018939, 20.2886772 ], [ -103.4019323, 20.2875148 ], [ -103.4019347, 20.2874481 ], [ -103.4019365, 20.2874015 ], [ -103.4019389, 20.2873348 ], [ -103.4019437, 20.2872115 ], [ -103.401946, 20.2871523 ] ] } },
{ "type": "Feature", "properties": { "ID": 1729353, "TIPOVIA": "CALLE", "TIPO": "N/A", "NUMERO": "N/A", "DERE_TRAN": "N/A", "ADMINISTRA": "N/A", "NUME_CARR": "N/A", "CONDICION": "N/A", "ORIGEN": "BCU", "CALI_REPR": "N/A", "CVEGEO": "140500002", "NOMVIAL": "MORELOS", "SENTIDO": "UN SENTIDO", "LONGITUD": 200.57, "UNIDAD": "e14" }, "geometry": { "type": "LineString", "coordinates": [ [ -103.4018939, 20.2886772 ], [ -103.4000014, 20.2883315 ] ] } },
{ "type": "Feature", "properties": { "ID": 1729360, "TIPOVIA": "PRIVADA", "TIPO": "N/A", "NUMERO": "N/A", "DERE_TRAN": "N/A", "ADMINISTRA": "N/A", "NUME_CARR": "N/A", "CONDICION": "N/A", "ORIGEN": "BCU", "CALI_REPR": "N/A", "CVEGEO": "140500011", "NOMVIAL": "NINGUNO", "SENTIDO": "UN SENTIDO", "LONGITUD": 49.53, "UNIDAD": "e14" }, "geometry": { "type": "LineString", "coordinates": [ [ -103.3455832, 20.2892046 ], [ -103.3454833, 20.289197 ], [ -103.3454987, 20.2888426 ] ] } },
{ "type": "Feature", "properties": { "ID": 1729370, "TIPOVIA": "CALLE", "TIPO": "N/A", "NUMERO": "N/A", "DERE_TRAN": "N/A", "ADMINISTRA": "N/A", "NUME_CARR": "N/A", "CONDICION": "N/A", "ORIGEN": "BCU", "CALI_REPR": "N/A", "CVEGEO": "140500001", "NOMVIAL": "DEGOLLADO ORIENTE", "SENTIDO": "UN SENTIDO", "LONGITUD": 60.59, "UNIDAD": "e14" }, "geometry": { "type": "LineString", "coordinates": [ [ -103.4336932, 20.2882889 ], [ -103.4342611, 20.2884104 ] ] } },
{ "type": "Feature", "properties": { "ID": 1729375, "TIPOVIA": "PRIVADA", "TIPO": "N/A", "NUMERO": "N/A", "DERE_TRAN": "N/A", "ADMINISTRA": "N/A", "NUME_CARR": "N/A", "CONDICION": "N/A", "ORIGEN": "BCU", "CALI_REPR": "N/A", "CVEGEO": "140500001", "NOMVIAL": "DEGOLLADO", "SENTIDO": "UN SENTIDO", "LONGITUD": 57.04, "UNIDAD": "e14" }, "geometry": { "type": "LineString", "coordinates": [ [ -103.4328494, 20.2880721 ], [ -103.4328201, 20.2884318 ], [ -103.4326544, 20.2884252 ] ] } },
{ "type": "Feature", "properties": { "ID": 1729387, "TIPOVIA": "CALLE", "TIPO": "N/A", "NUMERO": "N/A", "DERE_TRAN": "N/A", "ADMINISTRA": "N/A", "NUME_CARR": "N/A", "CONDICION": "N/A", "ORIGEN": "BCU", "CALI_REPR": "N/A", "CVEGEO": "140500011", "NOMVIAL": "MATAMOROS", "SENTIDO": "UN SENTIDO", "LONGITUD": 41.97, "UNIDAD": "e14" }, "geometry": { "type": "LineString", "coordinates": [ [ -103.3482478, 20.2892627 ], [ -103.3484029, 20.2891979 ], [ -103.3484712, 20.288987 ] ] } },
{ "type": "Feature", "properties": { "ID": 1729388, "TIPOVIA": "CARRETERA", "TIPO": "N/A", "NUMERO": "23", "DERE_TRAN": "LIBRE", "ADMINISTRA": "FEDERAL", "NUME_CARR": "N/A", "CONDICION": "N/A", "ORIGEN": "BCU", "CALI_REPR": "N/A", "CVEGEO": "140500011", "NOMVIAL": "JOCOTEPEC-CHAPALA", "SENTIDO": "UN SENTIDO", "LONGITUD": 98.39, "UNIDAD": "e14" }, "geometry": { "type": "LineString", "coordinates": [ [ -103.3473171, 20.2891053 ], [ -103.3482478, 20.2892627 ] ] } },
{ "type": "Feature", "properties": { "ID": 1729389, "TIPOVIA": "PROLONGACION", "TIPO": "N/A", "NUMERO": "N/A", "DERE_TRAN": "N/A", "ADMINISTRA": "N/A", "NUME_CARR": "N/A", "CONDICION": "N/A", "ORIGEN": "BCU", "CALI_REPR": "N/A", "CVEGEO": "140500001", "NOMVIAL": "NICOLÁS BRAVO NORTE", "SENTIDO": "UN SENTIDO", "LONGITUD": 67.46, "UNIDAD": "e14" }, "geometry": { "type": "LineString", "coordinates": [ [ -103.4250908, 20.2885618 ], [ -103.4251199, 20.2879507 ] ] } },
{ "type": "Feature", "properties": { "ID": 1729390, "TIPOVIA": "CALLE", "TIPO": "N/A", "NUMERO": "N/A", "DERE_TRAN": "N/A", "ADMINISTRA": "N/A", "NUME_CARR": "N/A", "CONDICION": "N/A", "ORIGEN": "BCU", "CALI_REPR": "N/A", "CVEGEO": "140500001", "NOMVIAL": "NIÑOS HÉROES NORTE", "SENTIDO": "UN SENTIDO", "LONGITUD": 45.79, "UNIDAD": "e14" }, "geometry": { "type": "LineString", "coordinates": [ [ -103.434596, 20.2884759 ], [ -103.4346834, 20.2880689 ] ] } },
{ "type": "Feature", "properties": { "ID": 1729391, "TIPOVIA": "CALLE", "TIPO": "N/A", "NUMERO": "N/A", "DERE_TRAN": "N/A", "ADMINISTRA": "N/A", "NUME_CARR": "N/A", "CONDICION": "N/A", "ORIGEN": "BCU", "CALI_REPR": "N/A", "CVEGEO": "140500001", "NOMVIAL": "DEGOLLADO ORIENTE", "SENTIDO": "UN SENTIDO", "LONGITUD": 35.58, "UNIDAD": "e14" }, "geometry": { "type": "LineString", "coordinates": [ [ -103.4342611, 20.2884104 ], [ -103.434596, 20.2884759 ] ] } },
{ "type": "Feature", "properties": { "ID": 1729394, "TIPOVIA": "OTRO", "TIPO": "N/A", "NUMERO": "N/A", "DERE_TRAN": "N/A", "ADMINISTRA": "N/A", "NUME_CARR": "N/A", "CONDICION": "N/A", "ORIGEN": "BCU", "CALI_REPR": "N/A", "CVEGEO": "140500001", "NOMVIAL": "LÍMITE PREDIAL", "SENTIDO": "N/A", "LONGITUD": 264.71, "UNIDAD": "e14" }, "geometry": { "type": "GeometryCollection", "geometries": [ { "type": "Point", "coordinates": [ -103.4104392, 20.2887063 ] }, { "type": "MultiLineString", "coordinates": [ [ [ -103.410414, 20.2881163 ], [ -103.4104129, 20.2880895 ] ], [ [ -103.4111245, 20.2879569 ], [ -103.4122007, 20.2875373 ] ] ] } ] } },
{ "type": "Feature", "properties": { "ID": 1729395, "TIPOVIA": "OTRO", "TIPO": "N/A", "NUMERO": "N/A", "DERE_TRAN": "N/A", "ADMINISTRA": "N/A", "NUME_CARR": "N/A", "CONDICION": "N/A", "ORIGEN": "BCU", "CALI_REPR": "N/A", "CVEGEO": "140500002", "NOMVIAL": "NINGUNO", "SENTIDO": "N/A", "LONGITUD": 986.6, "UNIDAD": "e14" }, "geometry": { "type": "MultiLineString", "coordinates": [ [ [ -103.4022199, 20.2870114 ], [ -103.4024289, 20.2869039 ], [ -103.4026193, 20.2869209 ] ], [ [ -103.4043658, 20.28707 ], [ -103.4043702, 20.2870693 ] ], [ [ -103.4054296, 20.2877964 ], [ -103.4056795, 20.2879567 ], [ -103.4059766, 20.2880279 ], [ -103.4061036, 20.2880148 ] ], [ [ -103.4066584, 20.2880742 ], [ -103.4068302, 20.2881488 ], [ -103.4071014, 20.2881819 ] ], [ [ -103.4077417, 20.2879422 ], [ -103.4078932, 20.2878146 ], [ -103.4081527, 20.2876547 ], [ -103.4082444, 20.287678 ] ], [ [ -103.408796, 20.287915 ], [ -103.4088238, 20.2879328 ], [ -103.4088238, 20.2879328 ] ], [ [ -103.4101295, 20.2885644 ], [ -103.4104392, 20.2887063 ] ] ] } },
{ "type": "Feature", "properties": { "ID": 1729396, "TIPOVIA": "CALLE", "TIPO": "N/A", "NUMERO": "N/A", "DERE_TRAN": "N/A", "ADMINISTRA": "N/A", "NUME_CARR": "N/A", "CONDICION": "N/A", "ORIGEN": "BCU", "CALI_REPR": "N/A", "CVEGEO": "140500001", "NOMVIAL": "ALDAMA ORIENTE", "SENTIDO": "UN SENTIDO", "LONGITUD": 65.45, "UNIDAD": "e14" }, "geometry": { "type": "LineString", "coordinates": [ [ -103.4257199, 20.2885659 ], [ -103.4250908, 20.2885618 ] ] } },
{ "type": "Feature", "properties": { "ID": 1729397, "TIPOVIA": "PRIVADA", "TIPO": "N/A", "NUMERO": "N/A", "DERE_TRAN": "N/A", "ADMINISTRA": "N/A", "NUME_CARR": "N/A", "CONDICION": "N/A", "ORIGEN": "BCU", "CALI_REPR": "N/A", "CVEGEO": "140500001", "NOMVIAL": "NINGUNO", "SENTIDO": "UN SENTIDO", "LONGITUD": 233.26, "UNIDAD": "e14" }, "geometry": { "type": "LineString", "coordinates": [ [ -103.4214267, 20.2886121 ], [ -103.4202834, 20.2885298 ], [ -103.4202836, 20.2874965 ] ] } },
{ "type": "Feature", "properties": { "ID": 1729398, "TIPOVIA": "PROLONGACION", "TIPO": "N/A", "NUMERO": "N/A", "DERE_TRAN": "N/A", "ADMINISTRA": "N/A", "NUME_CARR": "N/A", "CONDICION": "N/A", "ORIGEN": "BCU", "CALI_REPR": "N/A", "CVEGEO": "140500001", "NOMVIAL": "PEDRO MORENO", "SENTIDO": "UN SENTIDO", "LONGITUD": 57.1, "UNIDAD": "e14" }, "geometry": { "type": "LineString", "coordinates": [ [ -103.426384, 20.2885663 ], [ -103.4263956, 20.2880487 ] ] } },
{ "type": "Feature", "properties": { "ID": 1729399, "TIPOVIA": "CALLE", "TIPO": "N/A", "NUMERO": "N/A", "DERE_TRAN": "N/A", "ADMINISTRA": "N/A", "NUME_CARR": "N/A", "CONDICION": "N/A", "ORIGEN": "BCU", "CALI_REPR": "N/A", "CVEGEO": "140500001", "NOMVIAL": "ALDAMA ORIENTE", "SENTIDO": "UN SENTIDO", "LONGITUD": 69.1, "UNIDAD": "e14" }, "geometry": { "type": "LineString", "coordinates": [ [ -103.426384, 20.2885663 ], [ -103.4257199, 20.2885659 ] ] } },
{ "type": "Feature", "properties": { "ID": 1729400, "TIPOVIA": "PRIVADA", "TIPO": "N/A", "NUMERO": "N/A", "DERE_TRAN": "N/A", "ADMINISTRA": "N/A", "NUME_CARR": "N/A", "CONDICION": "N/A", "ORIGEN": "BCU", "CALI_REPR": "N/A", "CVEGEO": "140500001", "NOMVIAL": "MORELOS", "SENTIDO": "UN SENTIDO", "LONGITUD": 46.46, "UNIDAD": "e14" }, "geometry": { "type": "LineString", "coordinates": [ [ -103.4231305, 20.2881798 ], [ -103.4230996, 20.2886002 ] ] } },
{ "type": "Feature", "properties": { "ID": 1729404, "TIPOVIA": "CALLE", "TIPO": "N/A", "NUMERO": "N/A", "DERE_TRAN": "N/A", "ADMINISTRA": "N/A", "NUME_CARR": "N/A", "CONDICION": "N/A", "ORIGEN": "BCU", "CALI_REPR": "N/A", "CVEGEO": "140500001", "NOMVIAL": "ALDAMA ORIENTE", "SENTIDO": "UN SENTIDO", "LONGITUD": 49.41, "UNIDAD": "e14" }, "geometry": { "type": "LineString", "coordinates": [ [ -103.4250908, 20.2885618 ], [ -103.4246178, 20.2886018 ] ] } },
{ "type": "Feature", "properties": { "ID": 1729405, "TIPOVIA": "CALLE", "TIPO": "N/A", "NUMERO": "N/A", "DERE_TRAN": "N/A", "ADMINISTRA": "N/A", "NUME_CARR": "N/A", "CONDICION": "N/A", "ORIGEN": "BCU", "CALI_REPR": "N/A", "CVEGEO": "140500001", "NOMVIAL": "LÁZARO CÁRDENAS", "SENTIDO": "UN SENTIDO", "LONGITUD": 72.48, "UNIDAD": "e14" }, "geometry": { "type": "LineString", "coordinates": [ [ -103.4368573, 20.2884879 ], [ -103.4369271, 20.2878339 ] ] } },
{ "type": "Feature", "properties": { "ID": 1729406, "TIPOVIA": "CALLE", "TIPO": "N/A", "NUMERO": "N/A", "DERE_TRAN": "N/A", "ADMINISTRA": "N/A", "NUME_CARR": "N/A", "CONDICION": "N/A", "ORIGEN": "BCU", "CALI_REPR": "N/A", "CVEGEO": "140500001", "NOMVIAL": "JAVIER MINA", "SENTIDO": "UN SENTIDO", "LONGITUD": 97.42, "UNIDAD": "e14" }, "geometry": { "type": "LineString", "coordinates": [ [ -103.4359377, 20.2883218 ], [ -103.4365825, 20.2884423 ], [ -103.4368573, 20.2884879 ] ] } },
{ "type": "Feature", "properties": { "ID": 1729411, "TIPOVIA": "CALLE", "TIPO": "N/A", "NUMERO": "N/A", "DERE_TRAN": "N/A", "ADMINISTRA": "N/A", "NUME_CARR": "N/A", "CONDICION": "N/A", "ORIGEN": "BCU", "CALI_REPR": "N/A", "CVEGEO": "140500001", "NOMVIAL": "MATAMOROS NORTE", "SENTIDO": "UN SENTIDO", "LONGITUD": 111.7, "UNIDAD": "e14" }, "geometry": { "type": "LineString", "coordinates": [ [ -103.4276522, 20.2885941 ], [ -103.4278385, 20.2875965 ] ] } },
{ "type": "Feature", "properties": { "ID": 1729412, "TIPOVIA": "CALLE", "TIPO": "N/A", "NUMERO": "N/A", "DERE_TRAN": "N/A", "ADMINISTRA": "N/A", "NUME_CARR": "N/A", "CONDICION": "N/A", "ORIGEN": "BCU", "CALI_REPR": "N/A", "CVEGEO": "140500001", "NOMVIAL": "ALDAMA ORIENTE", "SENTIDO": "UN SENTIDO", "LONGITUD": 131.99, "UNIDAD": "e14" }, "geometry": { "type": "LineString", "coordinates": [ [ -103.4276522, 20.2885941 ], [ -103.426384, 20.2885663 ] ] } },
{ "type": "Feature", "properties": { "ID": 1729413, "TIPOVIA": "CALLE", "TIPO": "N/A", "NUMERO": "N/A", "DERE_TRAN": "N/A", "ADMINISTRA": "N/A", "NUME_CARR": "N/A", "CONDICION": "N/A", "ORIGEN": "BCU", "CALI_REPR": "N/A", "CVEGEO": "140500011", "NOMVIAL": "ARTHUR ASHE", "SENTIDO": "UN SENTIDO", "LONGITUD": 89.89, "UNIDAD": "e14" }, "geometry": { "type": "LineString", "coordinates": [ [ -103.3312135, 20.28947 ], [ -103.3312903, 20.2892562 ], [ -103.3314487, 20.2886862 ] ] } },
{ "type": "Feature", "properties": { "ID": 1729417, "TIPOVIA": "CALLE", "TIPO": "N/A", "NUMERO": "N/A", "DERE_TRAN": "N/A", "ADMINISTRA": "N/A", "NUME_CARR": "N/A", "CONDICION": "N/A", "ORIGEN": "BCU", "CALI_REPR": "N/A", "CVEGEO": "140500001", "NOMVIAL": "ALDAMA ORIENTE", "SENTIDO": "UN SENTIDO", "LONGITUD": 51.73, "UNIDAD": "e14" }, "geometry": { "type": "LineString", "coordinates": [ [ -103.4246178, 20.2886018 ], [ -103.4241226, 20.2886436 ] ] } },
{ "type": "Feature", "properties": { "ID": 1729418, "TIPOVIA": "CALLE", "TIPO": "N/A", "NUMERO": "N/A", "DERE_TRAN": "N/A", "ADMINISTRA": "N/A", "NUME_CARR": "N/A", "CONDICION": "N/A", "ORIGEN": "BCU", "CALI_REPR": "N/A", "CVEGEO": "140500001", "NOMVIAL": "ALDAMA ORIENTE", "SENTIDO": "UN SENTIDO", "LONGITUD": 106.56, "UNIDAD": "e14" }, "geometry": { "type": "LineString", "coordinates": [ [ -103.4241226, 20.2886436 ], [ -103.4233824, 20.2886193 ], [ -103.4230996, 20.2886002 ] ] } },
{ "type": "Feature", "properties": { "ID": 1729421, "TIPOVIA": "CALLE", "TIPO": "N/A", "NUMERO": "N/A", "DERE_TRAN": "N/A", "ADMINISTRA": "N/A", "NUME_CARR": "N/A", "CONDICION": "N/A", "ORIGEN": "BCU", "CALI_REPR": "N/A", "CVEGEO": "140500011", "NOMVIAL": "GALEANA", "SENTIDO": "UN SENTIDO", "LONGITUD": 27.7, "UNIDAD": "e14" }, "geometry": { "type": "LineString", "coordinates": [ [ -103.3472621, 20.2893511 ], [ -103.3473171, 20.2891053 ] ] } },
{ "type": "Feature", "properties": { "ID": 1729422, "TIPOVIA": "CALLE", "TIPO": "N/A", "NUMERO": "N/A", "DERE_TRAN": "N/A", "ADMINISTRA": "N/A", "NUME_CARR": "N/A", "CONDICION": "N/A", "ORIGEN": "BCU", "CALI_REPR": "N/A", "CVEGEO": "140500011", "NOMVIAL": "ZARAGOZA", "SENTIDO": "UN SENTIDO", "LONGITUD": 79.51, "UNIDAD": "e14" }, "geometry": { "type": "LineString", "coordinates": [ [ -103.3466109, 20.2889858 ], [ -103.3467393, 20.2891042 ], [ -103.3472621, 20.2893511 ] ] } },
{ "type": "Feature", "properties": { "ID": 1729424, "TIPOVIA": "CALLE", "TIPO": "N/A", "NUMERO": "N/A", "DERE_TRAN": "N/A", "ADMINISTRA": "N/A", "NUME_CARR": "N/A", "CONDICION": "N/A", "ORIGEN": "BCU", "CALI_REPR": "N/A", "CVEGEO": "140500001", "NOMVIAL": "ÁNIMA SOLA", "SENTIDO": "UN SENTIDO", "LONGITUD": 172.59, "UNIDAD": "e14" }, "geometry": { "type": "LineString", "coordinates": [ [ -103.4389645, 20.2882336 ], [ -103.4405976, 20.2885078 ] ] } },
{ "type": "Feature", "properties": { "ID": 1729425, "TIPOVIA": "CALLE", "TIPO": "N/A", "NUMERO": "N/A", "DERE_TRAN": "N/A", "ADMINISTRA": "N/A", "NUME_CARR": "N/A", "CONDICION": "N/A", "ORIGEN": "BCU", "CALI_REPR": "N/A", "CVEGEO": "140500001", "NOMVIAL": "RICO NORTE", "SENTIDO": "UN SENTIDO", "LONGITUD": 109.12, "UNIDAD": "e14" }, "geometry": { "type": "LineString", "coordinates": [ [ -103.4175332, 20.2887247 ], [ -103.4176778, 20.2877446 ] ] } },
{ "type": "Feature", "properties": { "ID": 1729426, "TIPOVIA": "CALLE", "TIPO": "N/A", "NUMERO": "N/A", "DERE_TRAN": "N/A", "ADMINISTRA": "N/A", "NUME_CARR": "N/A", "CONDICION": "N/A", "ORIGEN": "BCU", "CALI_REPR": "N/A", "CVEGEO": "140500001", "NOMVIAL": "RIVERA DEL AGUA", "SENTIDO": "UN SENTIDO", "LONGITUD": 188.3, "UNIDAD": "e14" }, "geometry": { "type": "LineString", "coordinates": [ [ -103.4157351, 20.2885307 ], [ -103.4175332, 20.2887247 ] ] } },
{ "type": "Feature", "properties": { "ID": 1729427, "TIPOVIA": "CALLE", "TIPO": "N/A", "NUMERO": "N/A", "DERE_TRAN": "N/A", "ADMINISTRA": "N/A", "NUME_CARR": "N/A", "CONDICION": "N/A", "ORIGEN": "BCU", "CALI_REPR": "N/A", "CVEGEO": "140500001", "NOMVIAL": "DEGOLLADO ORIENTE", "SENTIDO": "UN SENTIDO", "LONGITUD": 43.75, "UNIDAD": "e14" }, "geometry": { "type": "LineString", "coordinates": [ [ -103.434596, 20.2884759 ], [ -103.4350068, 20.288561 ] ] } },
{ "type": "Feature", "properties": { "ID": 1729428, "TIPOVIA": "CALLE", "TIPO": "N/A", "NUMERO": "N/A", "DERE_TRAN": "N/A", "ADMINISTRA": "N/A", "NUME_CARR": "N/A", "CONDICION": "N/A", "ORIGEN": "BCU", "CALI_REPR": "N/A", "CVEGEO": "140500011", "NOMVIAL": "HIDALGO", "SENTIDO": "UN SENTIDO", "LONGITUD": 124.29, "UNIDAD": "e14" }, "geometry": { "type": "LineString", "coordinates": [ [ -103.3435216, 20.2885729 ], [ -103.3433645, 20.2889162 ], [ -103.3433073, 20.2890405 ], [ -103.3431259, 20.2893498 ], [ -103.3428525, 20.2894065 ] ] } },
{ "type": "Feature", "properties": { "ID": 1729429, "TIPOVIA": "PRIVADA", "TIPO": "N/A", "NUMERO": "N/A", "DERE_TRAN": "N/A", "ADMINISTRA": "N/A", "NUME_CARR": "N/A", "CONDICION": "N/A", "ORIGEN": "BCU", "CALI_REPR": "N/A", "CVEGEO": "140500011", "NOMVIAL": "HIDALGO", "SENTIDO": "UN SENTIDO", "LONGITUD": 15.23, "UNIDAD": "e14" }, "geometry": { "type": "LineString", "coordinates": [ [ -103.3428525, 20.2894065 ], [ -103.3428581, 20.2892685 ] ] } },
{ "type": "Feature", "properties": { "ID": 1729433, "TIPOVIA": "PRIVADA", "TIPO": "N/A", "NUMERO": "N/A", "DERE_TRAN": "N/A", "ADMINISTRA": "N/A", "NUME_CARR": "N/A", "CONDICION": "N/A", "ORIGEN": "BCU", "CALI_REPR": "N/A", "CVEGEO": "140500011", "NOMVIAL": "JEAN KING", "SENTIDO": "UN SENTIDO", "LONGITUD": 57.06, "UNIDAD": "e14" }, "geometry": { "type": "LineString", "coordinates": [ [ -103.3345199, 20.2889863 ], [ -103.3345127, 20.2891575 ], [ -103.3344833, 20.2894092 ], [ -103.3344452, 20.2894693 ], [ -103.3344355, 20.2894902 ] ] } },
{ "type": "Feature", "properties": { "ID": 1729437, "TIPOVIA": "PRIVADA", "TIPO": "N/A", "NUMERO": "N/A", "DERE_TRAN": "N/A", "ADMINISTRA": "N/A", "NUME_CARR": "N/A", "CONDICION": "N/A", "ORIGEN": "BCU", "CALI_REPR": "N/A", "CVEGEO": "140500011", "NOMVIAL": "ROTARIO", "SENTIDO": "UN SENTIDO", "LONGITUD": 28.59, "UNIDAD": "e14" }, "geometry": { "type": "LineString", "coordinates": [ [ -103.3491505, 20.2893858 ], [ -103.3492483, 20.2891952 ], [ -103.3492659, 20.2891507 ] ] } },
{ "type": "Feature", "properties": { "ID": 1729438, "TIPOVIA": "CARRETERA", "TIPO": "N/A", "NUMERO": "23", "DERE_TRAN": "LIBRE", "ADMINISTRA": "FEDERAL", "NUME_CARR": "N/A", "CONDICION": "N/A", "ORIGEN": "BCU", "CALI_REPR": "N/A", "CVEGEO": "140500011", "NOMVIAL": "JOCOTEPEC-CHAPALA", "SENTIDO": "UN SENTIDO", "LONGITUD": 94.89, "UNIDAD": "e14" }, "geometry": { "type": "LineString", "coordinates": [ [ -103.3482478, 20.2892627 ], [ -103.3488295, 20.289343 ], [ -103.3491505, 20.2893858 ] ] } },
{ "type": "Feature", "properties": { "ID": 1729451, "TIPOVIA": "CALLE", "TIPO": "N/A", "NUMERO": "N/A", "DERE_TRAN": "N/A", "ADMINISTRA": "N/A", "NUME_CARR": "N/A", "CONDICION": "N/A", "ORIGEN": "BCU", "CALI_REPR": "N/A", "CVEGEO": "140500011", "NOMVIAL": "CHRIS EVERT", "SENTIDO": "UN SENTIDO", "LONGITUD": 270.92, "UNIDAD": "e14" }, "geometry": { "type": "LineString", "coordinates": [ [ -103.3394522, 20.2879323 ], [ -103.339364, 20.2880343 ], [ -103.3390601, 20.2890134 ], [ -103.3386539, 20.2891226 ], [ -103.3384138, 20.2893258 ], [ -103.3383337, 20.2894692 ], [ -103.3380152, 20.2895013 ], [ -103.3378719, 20.2895268 ] ] } },
{ "type": "Feature", "properties": { "ID": 1729452, "TIPOVIA": "CALLE", "TIPO": "N/A", "NUMERO": "N/A", "DERE_TRAN": "N/A", "ADMINISTRA": "N/A", "NUME_CARR": "N/A", "CONDICION": "N/A", "ORIGEN": "BCU", "CALI_REPR": "N/A", "CVEGEO": "140500011", "NOMVIAL": "NINGUNO", "SENTIDO": "UN SENTIDO", "LONGITUD": 172.13, "UNIDAD": "e14" }, "geometry": { "type": "LineString", "coordinates": [ [ -103.3362895, 20.2890734 ], [ -103.3372541, 20.2893294 ], [ -103.3378719, 20.2895268 ] ] } },
{ "type": "Feature", "properties": { "ID": 1729460, "TIPOVIA": "CALLE", "TIPO": "N/A", "NUMERO": "N/A", "DERE_TRAN": "N/A", "ADMINISTRA": "N/A", "NUME_CARR": "N/A", "CONDICION": "N/A", "ORIGEN": "BCU", "CALI_REPR": "N/A", "CVEGEO": "140500011", "NOMVIAL": "JEAN KING", "SENTIDO": "UN SENTIDO", "LONGITUD": 66.45, "UNIDAD": "e14" }, "geometry": { "type": "LineString", "coordinates": [ [ -103.3344355, 20.2894902 ], [ -103.3344072, 20.2895294 ], [ -103.3343964, 20.2895394 ], [ -103.3343803, 20.2895493 ], [ -103.3343106, 20.2895688 ], [ -103.3342517, 20.2895733 ], [ -103.3341234, 20.2895771 ], [ -103.3338299, 20.2895622 ] ] } },
{ "type": "Feature", "properties": { "ID": 1729463, "TIPOVIA": "CALLE", "TIPO": "N/A", "NUMERO": "N/A", "DERE_TRAN": "N/A", "ADMINISTRA": "N/A", "NUME_CARR": "N/A", "CONDICION": "N/A", "ORIGEN": "BCU", "CALI_REPR": "N/A", "CVEGEO": "140500001", "NOMVIAL": "FRANCISCO VILLA", "SENTIDO": "UN SENTIDO", "LONGITUD": 66.9, "UNIDAD": "e14" }, "geometry": { "type": "LineString", "coordinates": [ [ -103.4378275, 20.2880437 ], [ -103.4376808, 20.2886344 ] ] } },
{ "type": "Feature", "properties": { "ID": 1729464, "TIPOVIA": "CALLE", "TIPO": "N/A", "NUMERO": "N/A", "DERE_TRAN": "N/A", "ADMINISTRA": "N/A", "NUME_CARR": "N/A", "CONDICION": "N/A", "ORIGEN": "BCU", "CALI_REPR": "N/A", "CVEGEO": "140500001", "NOMVIAL": "JAVIER MINA", "SENTIDO": "UN SENTIDO", "LONGITUD": 87.19, "UNIDAD": "e14" }, "geometry": { "type": "LineString", "coordinates": [ [ -103.4368573, 20.2884879 ], [ -103.4376808, 20.2886344 ] ] } },
{ "type": "Feature", "properties": { "ID": 1729473, "TIPOVIA": "PRIVADA", "TIPO": "N/A", "NUMERO": "N/A", "DERE_TRAN": "N/A", "ADMINISTRA": "N/A", "NUME_CARR": "N/A", "CONDICION": "N/A", "ORIGEN": "BCU", "CALI_REPR": "N/A", "CVEGEO": "140500001", "NOMVIAL": "NINGUNO", "SENTIDO": "UN SENTIDO", "LONGITUD": 31.2, "UNIDAD": "e14" }, "geometry": { "type": "LineString", "coordinates": [ [ -103.4342611, 20.2884104 ], [ -103.4342053, 20.2886884 ] ] } },
{ "type": "Feature", "properties": { "ID": 1729474, "TIPOVIA": "PRIVADA", "TIPO": "N/A", "NUMERO": "N/A", "DERE_TRAN": "N/A", "ADMINISTRA": "N/A", "NUME_CARR": "N/A", "CONDICION": "N/A", "ORIGEN": "BCU", "CALI_REPR": "N/A", "CVEGEO": "140500001", "NOMVIAL": "NINGUNO", "SENTIDO": "UN SENTIDO", "LONGITUD": 8.4, "UNIDAD": "e14" }, "geometry": { "type": "LineString", "coordinates": [ [ -103.4342053, 20.2886884 ], [ -103.4341251, 20.2886787 ] ] } },
{ "type": "Feature", "properties": { "ID": 1729477, "TIPOVIA": "CALLE", "TIPO": "N/A", "NUMERO": "N/A", "DERE_TRAN": "N/A", "ADMINISTRA": "N/A", "NUME_CARR": "N/A", "CONDICION": "N/A", "ORIGEN": "BCU", "CALI_REPR": "N/A", "CVEGEO": "140500011", "NOMVIAL": "ZARAGOZA", "SENTIDO": "UN SENTIDO", "LONGITUD": 38.51, "UNIDAD": "e14" }, "geometry": { "type": "LineString", "coordinates": [ [ -103.3472621, 20.2893511 ], [ -103.3476043, 20.2894841 ] ] } },
{ "type": "Feature", "properties": { "ID": 1729480, "TIPOVIA": "CALLE", "TIPO": "N/A", "NUMERO": "N/A", "DERE_TRAN": "N/A", "ADMINISTRA": "N/A", "NUME_CARR": "N/A", "CONDICION": "N/A", "ORIGEN": "BCU", "CALI_REPR": "N/A", "CVEGEO": "140500011", "NOMVIAL": "HIDALGO", "SENTIDO": "UN SENTIDO", "LONGITUD": 51.72, "UNIDAD": "e14" }, "geometry": { "type": "LineString", "coordinates": [ [ -103.3428525, 20.2894065 ], [ -103.3423748, 20.2895363 ] ] } },
{ "type": "Feature", "properties": { "ID": 1729481, "TIPOVIA": "CALLE", "TIPO": "N/A", "NUMERO": "N/A", "DERE_TRAN": "N/A", "ADMINISTRA": "N/A", "NUME_CARR": "N/A", "CONDICION": "N/A", "ORIGEN": "BCU", "CALI_REPR": "N/A", "CVEGEO": "140500011", "NOMVIAL": "VICENTE GUERRERO", "SENTIDO": "UN SENTIDO", "LONGITUD": 97.04, "UNIDAD": "e14" }, "geometry": { "type": "LineString", "coordinates": [ [ -103.3423748, 20.2895363 ], [ -103.3424634, 20.2891175 ], [ -103.3425499, 20.288672 ] ] } },
{ "type": "Feature", "properties": { "ID": 1729484, "TIPOVIA": "CALLE", "TIPO": "N/A", "NUMERO": "N/A", "DERE_TRAN": "N/A", "ADMINISTRA": "N/A", "NUME_CARR": "N/A", "CONDICION": "N/A", "ORIGEN": "BCU", "CALI_REPR": "N/A", "CVEGEO": "140500002", "NOMVIAL": "MORELOS", "SENTIDO": "UN SENTIDO", "LONGITUD": 322.77, "UNIDAD": "e14" }, "geometry": { "type": "LineString", "coordinates": [ [ -103.4049782, 20.28899 ], [ -103.4018939, 20.2886772 ] ] } },
{ "type": "Feature", "properties": { "ID": 1729488, "TIPOVIA": "CALLE", "TIPO": "N/A", "NUMERO": "N/A", "DERE_TRAN": "N/A", "ADMINISTRA": "N/A", "NUME_CARR": "N/A", "CONDICION": "N/A", "ORIGEN": "BCU", "CALI_REPR": "N/A", "CVEGEO": "140500001", "NOMVIAL": "CRISTÓBAL COLÓN NORTE", "SENTIDO": "UN SENTIDO", "LONGITUD": 131.61, "UNIDAD": "e14" }, "geometry": { "type": "LineString", "coordinates": [ [ -103.418468, 20.2877114 ], [ -103.4182828, 20.2888919 ] ] } },
{ "type": "Feature", "properties": { "ID": 1729489, "TIPOVIA": "PRIVADA", "TIPO": "N/A", "NUMERO": "N/A", "DERE_TRAN": "N/A", "ADMINISTRA": "N/A", "NUME_CARR": "N/A", "CONDICION": "N/A", "ORIGEN": "BCU", "CALI_REPR": "N/A", "CVEGEO": "140500001", "NOMVIAL": "RIBERA DEL AGUA", "SENTIDO": "UN SENTIDO", "LONGITUD": 38.71, "UNIDAD": "e14" }, "geometry": { "type": "LineString", "coordinates": [ [ -103.4182828, 20.2888919 ], [ -103.4179148, 20.2888403 ] ] } },
{ "type": "Feature", "properties": { "ID": 1729492, "TIPOVIA": "CALLE", "TIPO": "N/A", "NUMERO": "N/A", "DERE_TRAN": "N/A", "ADMINISTRA": "N/A", "NUME_CARR": "N/A", "CONDICION": "N/A", "ORIGEN": "BCU", "CALI_REPR": "N/A", "CVEGEO": "140500001", "NOMVIAL": "ZARAGOZA NORTE", "SENTIDO": "UN SENTIDO", "LONGITUD": 45.96, "UNIDAD": "e14" }, "geometry": { "type": "LineString", "coordinates": [ [ -103.4358513, 20.2887306 ], [ -103.4359377, 20.2883218 ] ] } },
{ "type": "Feature", "properties": { "ID": 1729493, "TIPOVIA": "CALLE", "TIPO": "N/A", "NUMERO": "N/A", "DERE_TRAN": "N/A", "ADMINISTRA": "N/A", "NUME_CARR": "N/A", "CONDICION": "N/A", "ORIGEN": "BCU", "CALI_REPR": "N/A", "CVEGEO": "140500001", "NOMVIAL": "DEGOLLADO ORIENTE", "SENTIDO": "UN SENTIDO", "LONGITUD": 89.84, "UNIDAD": "e14" }, "geometry": { "type": "LineString", "coordinates": [ [ -103.4350068, 20.288561 ], [ -103.4358513, 20.2887306 ] ] } },
{ "type": "Feature", "properties": { "ID": 1729494, "TIPOVIA": "CALLE", "TIPO": "N/A", "NUMERO": "N/A", "DERE_TRAN": "N/A", "ADMINISTRA": "N/A", "NUME_CARR": "N/A", "CONDICION": "N/A", "ORIGEN": "BCU", "CALI_REPR": "N/A", "CVEGEO": "140500001", "NOMVIAL": "GUADALUPE VICTORIA NORTE", "SENTIDO": "UN SENTIDO", "LONGITUD": 128.07, "UNIDAD": "e14" }, "geometry": { "type": "LineString", "coordinates": [ [ -103.4287251, 20.2876571 ], [ -103.4287043, 20.2878898 ], [ -103.4286348, 20.2881416 ], [ -103.42855, 20.2888044 ] ] } },
{ "type": "Feature", "properties": { "ID": 1729495, "TIPOVIA": "CALLE", "TIPO": "N/A", "NUMERO": "N/A", "DERE_TRAN": "N/A", "ADMINISTRA": "N/A", "NUME_CARR": "N/A", "CONDICION": "N/A", "ORIGEN": "BCU", "CALI_REPR": "N/A", "CVEGEO": "140500001", "NOMVIAL": "ALDAMA ORIENTE", "SENTIDO": "UN SENTIDO", "LONGITUD": 96.25, "UNIDAD": "e14" }, "geometry": { "type": "LineString", "coordinates": [ [ -103.42855, 20.2888044 ], [ -103.4276522, 20.2885941 ] ] } },
{ "type": "Feature", "properties": { "ID": 1729496, "TIPOVIA": "CALLE", "TIPO": "N/A", "NUMERO": "N/A", "DERE_TRAN": "N/A", "ADMINISTRA": "N/A", "NUME_CARR": "N/A", "CONDICION": "N/A", "ORIGEN": "BCU", "CALI_REPR": "N/A", "CVEGEO": "140500011", "NOMVIAL": "TACUBA", "SENTIDO": "UN SENTIDO", "LONGITUD": 92.78, "UNIDAD": "e14" }, "geometry": { "type": "LineString", "coordinates": [ [ -103.3450176, 20.2887737 ], [ -103.3447421, 20.2895739 ] ] } },
{ "type": "Feature", "properties": { "ID": 1729500, "TIPOVIA": "CALLE", "TIPO": "N/A", "NUMERO": "N/A", "DERE_TRAN": "N/A", "ADMINISTRA": "N/A", "NUME_CARR": "N/A", "CONDICION": "N/A", "ORIGEN": "BCU", "CALI_REPR": "N/A", "CVEGEO": "140500002", "NOMVIAL": "MORELOS", "SENTIDO": "UN SENTIDO", "LONGITUD": 111.59, "UNIDAD": "e14" }, "geometry": { "type": "LineString", "coordinates": [ [ -103.3930628, 20.2885064 ], [ -103.3922401, 20.2891556 ] ] } },
{ "type": "Feature", "properties": { "ID": 1729501, "TIPOVIA": "CALLE", "TIPO": "N/A", "NUMERO": "N/A", "DERE_TRAN": "N/A", "ADMINISTRA": "N/A", "NUME_CARR": "N/A", "CONDICION": "N/A", "ORIGEN": "BCU", "CALI_REPR": "N/A", "CVEGEO": "140500002", "NOMVIAL": "CUITLÁHUAC", "SENTIDO": "UN SENTIDO", "LONGITUD": 89.73, "UNIDAD": "e14" }, "geometry": { "type": "LineString", "coordinates": [ [ -103.3922401, 20.2891556 ], [ -103.3915007, 20.2887368 ] ] } },
{ "type": "Feature", "properties": { "ID": 1729503, "TIPOVIA": "PRIVADA", "TIPO": "N/A", "NUMERO": "N/A", "DERE_TRAN": "N/A", "ADMINISTRA": "N/A", "NUME_CARR": "N/A", "CONDICION": "N/A", "ORIGEN": "BCU", "CALI_REPR": "N/A", "CVEGEO": "140500001", "NOMVIAL": "MORELOS", "SENTIDO": "UN SENTIDO", "LONGITUD": 24.91, "UNIDAD": "e14" }, "geometry": { "type": "LineString", "coordinates": [ [ -103.4241172, 20.2888694 ], [ -103.4241226, 20.2886436 ] ] } },
{ "type": "Feature", "properties": { "ID": 1729504, "TIPOVIA": "PRIVADA", "TIPO": "N/A", "NUMERO": "N/A", "DERE_TRAN": "N/A", "ADMINISTRA": "N/A", "NUME_CARR": "N/A", "CONDICION": "N/A", "ORIGEN": "BCU", "CALI_REPR": "N/A", "CVEGEO": "140500001", "NOMVIAL": "NINGUNO", "SENTIDO": "UN SENTIDO", "LONGITUD": 40.51, "UNIDAD": "e14" }, "geometry": { "type": "LineString", "coordinates": [ [ -103.4190673, 20.2889247 ], [ -103.419082, 20.2885575 ] ] } },
{ "type": "Feature", "properties": { "ID": 1729505, "TIPOVIA": "PRIVADA", "TIPO": "N/A", "NUMERO": "N/A", "DERE_TRAN": "N/A", "ADMINISTRA": "N/A", "NUME_CARR": "N/A", "CONDICION": "N/A", "ORIGEN": "BCU", "CALI_REPR": "N/A", "CVEGEO": "140500001", "NOMVIAL": "RIBERA DEL AGUA", "SENTIDO": "UN SENTIDO", "LONGITUD": 81.7, "UNIDAD": "e14" }, "geometry": { "type": "LineString", "coordinates": [ [ -103.4190673, 20.2889247 ], [ -103.4182828, 20.2888919 ] ] } },
{ "type": "Feature", "properties": { "ID": 1729507, "TIPOVIA": "CALLE", "TIPO": "N/A", "NUMERO": "23", "DERE_TRAN": "LIBRE", "ADMINISTRA": "FEDERAL", "NUME_CARR": "N/A", "CONDICION": "N/A", "ORIGEN": "BCU", "CALI_REPR": "N/A", "CVEGEO": "140500001", "NOMVIAL": "EL CHANTE", "SENTIDO": "UN SENTIDO", "LONGITUD": 64.2, "UNIDAD": "e14" }, "geometry": { "type": "LineString", "coordinates": [ [ -103.4153177, 20.2885045 ], [ -103.415271, 20.2885834 ], [ -103.4149541, 20.2889739 ] ] } },
{ "type": "Feature", "properties": { "ID": 1729508, "TIPOVIA": "PRIVADA", "TIPO": "N/A", "NUMERO": "N/A", "DERE_TRAN": "N/A", "ADMINISTRA": "N/A", "NUME_CARR": "N/A", "CONDICION": "N/A", "ORIGEN": "BCU", "CALI_REPR": "N/A", "CVEGEO": "140500001", "NOMVIAL": "RIBERA DEL AGUA", "SENTIDO": "UN SENTIDO", "LONGITUD": 49.51, "UNIDAD": "e14" }, "geometry": { "type": "LineString", "coordinates": [ [ -103.419543, 20.2889379 ], [ -103.4190673, 20.2889247 ] ] } },
{ "type": "Feature", "properties": { "ID": 1729518, "TIPOVIA": "CALLE", "TIPO": "N/A", "NUMERO": "N/A", "DERE_TRAN": "N/A", "ADMINISTRA": "N/A", "NUME_CARR": "N/A", "CONDICION": "N/A", "ORIGEN": "BCU", "CALI_REPR": "N/A", "CVEGEO": "140500011", "NOMVIAL": "RAÚL RAMÍREZ", "SENTIDO": "UN SENTIDO", "LONGITUD": 319.85, "UNIDAD": "e14" }, "geometry": { "type": "LineString", "coordinates": [ [ -103.3322689, 20.289765 ], [ -103.3326829, 20.2886439 ], [ -103.3332331, 20.2870113 ] ] } },
{ "type": "Feature", "properties": { "ID": 1729519, "TIPOVIA": "CALLE", "TIPO": "N/A", "NUMERO": "N/A", "DERE_TRAN": "N/A", "ADMINISTRA": "N/A", "NUME_CARR": "N/A", "CONDICION": "N/A", "ORIGEN": "BCU", "CALI_REPR": "N/A", "CVEGEO": "140500011", "NOMVIAL": "ROD LOVER", "SENTIDO": "UN SENTIDO", "LONGITUD": 114.55, "UNIDAD": "e14" }, "geometry": { "type": "LineString", "coordinates": [ [ -103.3312135, 20.28947 ], [ -103.3315889, 20.2895837 ], [ -103.3322689, 20.289765 ] ] } },
{ "type": "Feature", "properties": { "ID": 1729520, "TIPOVIA": "CALLE", "TIPO": "N/A", "NUMERO": "N/A", "DERE_TRAN": "N/A", "ADMINISTRA": "N/A", "NUME_CARR": "N/A", "CONDICION": "N/A", "ORIGEN": "BCU", "CALI_REPR": "N/A", "CVEGEO": "140500001", "NOMVIAL": "20 DE NOVIEMBRE", "SENTIDO": "UN SENTIDO", "LONGITUD": 62.82, "UNIDAD": "e14" }, "geometry": { "type": "LineString", "coordinates": [ [ -103.4388756, 20.288797 ], [ -103.4389645, 20.2882336 ] ] } },
{ "type": "Feature", "properties": { "ID": 1729521, "TIPOVIA": "CALLE", "TIPO": "N/A", "NUMERO": "N/A", "DERE_TRAN": "N/A", "ADMINISTRA": "N/A", "NUME_CARR": "N/A", "CONDICION": "N/A", "ORIGEN": "BCU", "CALI_REPR": "N/A", "CVEGEO": "140500001", "NOMVIAL": "JAVIER MINA", "SENTIDO": "UN SENTIDO", "LONGITUD": 125.6, "UNIDAD": "e14" }, "geometry": { "type": "LineString", "coordinates": [ [ -103.4376808, 20.2886344 ], [ -103.4388756, 20.288797 ] ] } },
{ "type": "Feature", "properties": { "ID": 1729523, "TIPOVIA": "CALLE", "TIPO": "N/A", "NUMERO": "N/A", "DERE_TRAN": "N/A", "ADMINISTRA": "N/A", "NUME_CARR": "N/A", "CONDICION": "N/A", "ORIGEN": "BCU", "CALI_REPR": "N/A", "CVEGEO": "140500011", "NOMVIAL": "MINA", "SENTIDO": "UN SENTIDO", "LONGITUD": 53.07, "UNIDAD": "e14" }, "geometry": { "type": "LineString", "coordinates": [ [ -103.3508435, 20.2896098 ], [ -103.3509246, 20.2891347 ] ] } },
{ "type": "Feature", "properties": { "ID": 1729524, "TIPOVIA": "CARRETERA", "TIPO": "N/A", "NUMERO": "23", "DERE_TRAN": "LIBRE", "ADMINISTRA": "FEDERAL", "NUME_CARR": "N/A", "CONDICION": "N/A", "ORIGEN": "BCU", "CALI_REPR": "N/A", "CVEGEO": "140500011", "NOMVIAL": "JOCOTEPEC-CHAPALA", "SENTIDO": "UN SENTIDO", "LONGITUD": 177.88, "UNIDAD": "e14" }, "geometry": { "type": "LineString", "coordinates": [ [ -103.3491505, 20.2893858 ], [ -103.349953, 20.2894928 ], [ -103.3508435, 20.2896098 ] ] } },
{ "type": "Feature", "properties": { "ID": 1729525, "TIPOVIA": "CALLE", "TIPO": "N/A", "NUMERO": "N/A", "DERE_TRAN": "N/A", "ADMINISTRA": "N/A", "NUME_CARR": "N/A", "CONDICION": "N/A", "ORIGEN": "BCU", "CALI_REPR": "N/A", "CVEGEO": "140500011", "NOMVIAL": "MATAMOROS", "SENTIDO": "UN SENTIDO", "LONGITUD": 45.8, "UNIDAD": "e14" }, "geometry": { "type": "LineString", "coordinates": [ [ -103.3480619, 20.2896392 ], [ -103.3482478, 20.2892627 ] ] } },
{ "type": "Feature", "properties": { "ID": 1729526, "TIPOVIA": "CALLE", "TIPO": "N/A", "NUMERO": "N/A", "DERE_TRAN": "N/A", "ADMINISTRA": "N/A", "NUME_CARR": "N/A", "CONDICION": "N/A", "ORIGEN": "BCU", "CALI_REPR": "N/A", "CVEGEO": "140500011", "NOMVIAL": "ZARAGOZA", "SENTIDO": "UN SENTIDO", "LONGITUD": 50.59, "UNIDAD": "e14" }, "geometry": { "type": "LineString", "coordinates": [ [ -103.3476043, 20.2894841 ], [ -103.3480619, 20.2896392 ] ] } },
{ "type": "Feature", "properties": { "ID": 1729527, "TIPOVIA": "CALLE", "TIPO": "N/A", "NUMERO": "N/A", "DERE_TRAN": "N/A", "ADMINISTRA": "N/A", "NUME_CARR": "N/A", "CONDICION": "N/A", "ORIGEN": "BCU", "CALI_REPR": "N/A", "CVEGEO": "140500011", "NOMVIAL": "CUAUHTÉMOC", "SENTIDO": "UN SENTIDO", "LONGITUD": 88.2, "UNIDAD": "e14" }, "geometry": { "type": "LineString", "coordinates": [ [ -103.3458682, 20.2896637 ], [ -103.3461832, 20.2889212 ] ] } },
{ "type": "Feature", "properties": { "ID": 1729530, "TIPOVIA": "PRIVADA", "TIPO": "N/A", "NUMERO": "N/A", "DERE_TRAN": "N/A", "ADMINISTRA": "N/A", "NUME_CARR": "N/A", "CONDICION": "N/A", "ORIGEN": "BCU", "CALI_REPR": "N/A", "CVEGEO": "140500011", "NOMVIAL": "NINGUNO", "SENTIDO": "UN SENTIDO", "LONGITUD": 36.9, "UNIDAD": "e14" }, "geometry": { "type": "LineString", "coordinates": [ [ -103.3447421, 20.2895739 ], [ -103.3450763, 20.2896862 ] ] } },
{ "type": "Feature", "properties": { "ID": 1729532, "TIPOVIA": "CALLE", "TIPO": "N/A", "NUMERO": "N/A", "DERE_TRAN": "N/A", "ADMINISTRA": "N/A", "NUME_CARR": "N/A", "CONDICION": "N/A", "ORIGEN": "BCU", "CALI_REPR": "N/A", "CVEGEO": "140500001", "NOMVIAL": "PORVENIR", "SENTIDO": "UN SENTIDO", "LONGITUD": 59.45, "UNIDAD": "e14" }, "geometry": { "type": "LineString", "coordinates": [ [ -103.4156222, 20.2890592 ], [ -103.4157351, 20.2885307 ] ] } },
{ "type": "Feature", "properties": { "ID": 1729533, "TIPOVIA": "CALLE", "TIPO": "N/A", "NUMERO": "N/A", "DERE_TRAN": "N/A", "ADMINISTRA": "N/A", "NUME_CARR": "N/A", "CONDICION": "N/A", "ORIGEN": "BCU", "CALI_REPR": "N/A", "CVEGEO": "140500001", "NOMVIAL": "16 DE SEPTIEMBRE", "SENTIDO": "UN SENTIDO", "LONGITUD": 70.14, "UNIDAD": "e14" }, "geometry": { "type": "LineString", "coordinates": [ [ -103.4149541, 20.2889739 ], [ -103.4156222, 20.2890592 ] ] } },
{ "type": "Feature", "properties": { "ID": 1729536, "TIPOVIA": "CALLE", "TIPO": "N/A", "NUMERO": "N/A", "DERE_TRAN": "N/A", "ADMINISTRA": "N/A", "NUME_CARR": "N/A", "CONDICION": "N/A", "ORIGEN": "BCU", "CALI_REPR": "N/A", "CVEGEO": "140500011", "NOMVIAL": "DEL CARDENAL NORTE", "SENTIDO": "UN SENTIDO", "LONGITUD": 174.77, "UNIDAD": "e14" }, "geometry": { "type": "LineString", "coordinates": [ [ -103.3403402, 20.2881899 ], [ -103.3402354, 20.2889694 ], [ -103.3401232, 20.2897614 ] ] } },
{ "type": "Feature", "properties": { "ID": 1729539, "TIPOVIA": "CALLE", "TIPO": "N/A", "NUMERO": "N/A", "DERE_TRAN": "N/A", "ADMINISTRA": "N/A", "NUME_CARR": "N/A", "CONDICION": "N/A", "ORIGEN": "BCU", "CALI_REPR": "N/A", "CVEGEO": "140500002", "NOMVIAL": "TIZOC", "SENTIDO": "UN SENTIDO", "LONGITUD": 309.58, "UNIDAD": "e14" }, "geometry": { "type": "LineString", "coordinates": [ [ -103.3974882, 20.2885476 ], [ -103.3973082, 20.28856 ], [ -103.3970602, 20.2885895 ], [ -103.3963175, 20.2889002 ], [ -103.3954041, 20.2891638 ], [ -103.395293, 20.2891785 ], [ -103.3948165, 20.2892372 ], [ -103.3946366, 20.2892756 ] ] } },
{ "type": "Feature", "properties": { "ID": 1729541, "TIPOVIA": "CALLE", "TIPO": "N/A", "NUMERO": "N/A", "DERE_TRAN": "N/A", "ADMINISTRA": "N/A", "NUME_CARR": "N/A", "CONDICION": "N/A", "ORIGEN": "BCU", "CALI_REPR": "N/A", "CVEGEO": "140500002", "NOMVIAL": "CALLEJÓN MAYA", "SENTIDO": "UN SENTIDO", "LONGITUD": 100.89, "UNIDAD": "e14" }, "geometry": { "type": "LineString", "coordinates": [ [ -103.3999518, 20.2892453 ], [ -103.4000014, 20.2883315 ] ] } },
{ "type": "Feature", "properties": { "ID": 1729542, "TIPOVIA": "CALLE", "TIPO": "N/A", "NUMERO": "N/A", "DERE_TRAN": "N/A", "ADMINISTRA": "N/A", "NUME_CARR": "N/A", "CONDICION": "N/A", "ORIGEN": "BCU", "CALI_REPR": "N/A", "CVEGEO": "140500002", "NOMVIAL": "TIZOC", "SENTIDO": "UN SENTIDO", "LONGITUD": 271.99, "UNIDAD": "e14" }, "geometry": { "type": "LineString", "coordinates": [ [ -103.3999518, 20.2892453 ], [ -103.3990805, 20.2891693 ], [ -103.3990168, 20.2891408 ], [ -103.3985102, 20.2888377 ], [ -103.3984101, 20.2887933 ], [ -103.3974882, 20.2885476 ] ] } },
{ "type": "Feature", "properties": { "ID": 1729543, "TIPOVIA": "CALLE", "TIPO": "N/A", "NUMERO": "N/A", "DERE_TRAN": "N/A", "ADMINISTRA": "N/A", "NUME_CARR": "N/A", "CONDICION": "N/A", "ORIGEN": "BCU", "CALI_REPR": "N/A", "CVEGEO": "140500001", "NOMVIAL": "LÁZARO CÁRDENAS", "SENTIDO": "UN SENTIDO", "LONGITUD": 47.22, "UNIDAD": "e14" }, "geometry": { "type": "LineString", "coordinates": [ [ -103.4367961, 20.2889122 ], [ -103.4368573, 20.2884879 ] ] } },
{ "type": "Feature", "properties": { "ID": 1729544, "TIPOVIA": "CALLE", "TIPO": "N/A", "NUMERO": "N/A", "DERE_TRAN": "N/A", "ADMINISTRA": "N/A", "NUME_CARR": "N/A", "CONDICION": "N/A", "ORIGEN": "BCU", "CALI_REPR": "N/A", "CVEGEO": "140500001", "NOMVIAL": "DEGOLLADO ORIENTE", "SENTIDO": "UN SENTIDO", "LONGITUD": 100.32, "UNIDAD": "e14" }, "geometry": { "type": "LineString", "coordinates": [ [ -103.4358513, 20.2887306 ], [ -103.4367961, 20.2889122 ] ] } },
{ "type": "Feature", "properties": { "ID": 1729546, "TIPOVIA": "CALLE", "TIPO": "N/A", "NUMERO": "N/A", "DERE_TRAN": "N/A", "ADMINISTRA": "N/A", "NUME_CARR": "N/A", "CONDICION": "N/A", "ORIGEN": "BCU", "CALI_REPR": "N/A", "CVEGEO": "140500011", "NOMVIAL": "5 DE MAYO", "SENTIDO": "UN SENTIDO", "LONGITUD": 30.84, "UNIDAD": "e14" }, "geometry": { "type": "LineString", "coordinates": [ [ -103.3476043, 20.2894841 ], [ -103.3475024, 20.2897467 ] ] } },
{ "type": "Feature", "properties": { "ID": 1729547, "TIPOVIA": "CALLE", "TIPO": "N/A", "NUMERO": "N/A", "DERE_TRAN": "N/A", "ADMINISTRA": "N/A", "NUME_CARR": "N/A", "CONDICION": "N/A", "ORIGEN": "BCU", "CALI_REPR": "N/A", "CVEGEO": "140500001", "NOMVIAL": "ALLENDE NORTE", "SENTIDO": "UN SENTIDO", "LONGITUD": 146.87, "UNIDAD": "e14" }, "geometry": { "type": "LineString", "coordinates": [ [ -103.4291395, 20.2890021 ], [ -103.4292635, 20.287934 ], [ -103.4292991, 20.2876789 ] ] } },
{ "type": "Feature", "properties": { "ID": 1729548, "TIPOVIA": "CALLE", "TIPO": "N/A", "NUMERO": "N/A", "DERE_TRAN": "N/A", "ADMINISTRA": "N/A", "NUME_CARR": "N/A", "CONDICION": "N/A", "ORIGEN": "BCU", "CALI_REPR": "N/A", "CVEGEO": "140500001", "NOMVIAL": "ALDAMA ORIENTE", "SENTIDO": "UN SENTIDO", "LONGITUD": 65.1, "UNIDAD": "e14" }, "geometry": { "type": "LineString", "coordinates": [ [ -103.4291395, 20.2890021 ], [ -103.42855, 20.2888044 ] ] } },
{ "type": "Feature", "properties": { "ID": 1729551, "TIPOVIA": "CALLE", "TIPO": "N/A", "NUMERO": "N/A", "DERE_TRAN": "N/A", "ADMINISTRA": "N/A", "NUME_CARR": "N/A", "CONDICION": "N/A", "ORIGEN": "BCU", "CALI_REPR": "N/A", "CVEGEO": "140500002", "NOMVIAL": "TIZOC", "SENTIDO": "UN SENTIDO", "LONGITUD": 8.9, "UNIDAD": "e14" }, "geometry": { "type": "LineString", "coordinates": [ [ -103.4000077, 20.2893064 ], [ -103.3999518, 20.2892453 ] ] } },
{ "type": "Feature", "properties": { "ID": 1729554, "TIPOVIA": "OTRO", "TIPO": "N/A", "NUMERO": "N/A", "DERE_TRAN": "N/A", "ADMINISTRA": "N/A", "NUME_CARR": "N/A", "CONDICION": "N/A", "ORIGEN": "BCU", "CALI_REPR": "N/A", "CVEGEO": "140500001", "NOMVIAL": "LÍMITE PREDIAL", "SENTIDO": "N/A", "LONGITUD": 629.06, "UNIDAD": "e14" }, "geometry": { "type": "LineString", "coordinates": [ [ -103.4405976, 20.2885078 ], [ -103.4429393, 20.2889107 ], [ -103.4434871, 20.2860571 ], [ -103.4435212, 20.2854997 ] ] } },
{ "type": "Feature", "properties": { "ID": 1729559, "TIPOVIA": "CALLE", "TIPO": "N/A", "NUMERO": "N/A", "DERE_TRAN": "N/A", "ADMINISTRA": "N/A", "NUME_CARR": "N/A", "CONDICION": "N/A", "ORIGEN": "BCU", "CALI_REPR": "N/A", "CVEGEO": "140500011", "NOMVIAL": "LA PUERTA", "SENTIDO": "UN SENTIDO", "LONGITUD": 88.21, "UNIDAD": "e14" }, "geometry": { "type": "LineString", "coordinates": [ [ -103.3519286, 20.2897608 ], [ -103.3521692, 20.2889938 ] ] } },
{ "type": "Feature", "properties": { "ID": 1729560, "TIPOVIA": "CALLE", "TIPO": "N/A", "NUMERO": "N/A", "DERE_TRAN": "N/A", "ADMINISTRA": "N/A", "NUME_CARR": "N/A", "CONDICION": "N/A", "ORIGEN": "BCU", "CALI_REPR": "N/A", "CVEGEO": "140500011", "NOMVIAL": "ARTHUR ASHE", "SENTIDO": "UN SENTIDO", "LONGITUD": 70.31, "UNIDAD": "e14" }, "geometry": { "type": "LineString", "coordinates": [ [ -103.3304048, 20.2916965 ], [ -103.3305874, 20.2910826 ] ] } },
{ "type": "Feature", "properties": { "ID": 1729561, "TIPOVIA": "CALLE", "TIPO": "N/A", "NUMERO": "N/A", "DERE_TRAN": "N/A", "ADMINISTRA": "N/A", "NUME_CARR": "N/A", "CONDICION": "N/A", "ORIGEN": "BCU", "CALI_REPR": "N/A", "CVEGEO": "140500011", "NOMVIAL": "MARGARET COURT", "SENTIDO": "UN SENTIDO", "LONGITUD": 390.83, "UNIDAD": "e14" }, "geometry": { "type": "LineString", "coordinates": [ [ -103.3282195, 20.2902733 ], [ -103.3279802, 20.2913709 ], [ -103.3285431, 20.2915191 ], [ -103.3290086, 20.2916672 ], [ -103.329154, 20.291679 ], [ -103.3293162, 20.2916477 ], [ -103.3296275, 20.2914654 ], [ -103.3300121, 20.2915771 ], [ -103.3304048, 20.2916965 ] ] } },
{ "type": "Feature", "properties": { "ID": 1729564, "TIPOVIA": "CALLE", "TIPO": "N/A", "NUMERO": "N/A", "DERE_TRAN": "N/A", "ADMINISTRA": "N/A", "NUME_CARR": "N/A", "CONDICION": "N/A", "ORIGEN": "BCU", "CALI_REPR": "N/A", "CVEGEO": "140500001", "NOMVIAL": "NINGUNO", "SENTIDO": "UN SENTIDO", "LONGITUD": 87.52, "UNIDAD": "e14" }, "geometry": { "type": "LineString", "coordinates": [ [ -103.4186608, 20.2909026 ], [ -103.4187928, 20.2901188 ] ] } },
{ "type": "Feature", "properties": { "ID": 1729565, "TIPOVIA": "OTRO", "TIPO": "N/A", "NUMERO": "N/A", "DERE_TRAN": "N/A", "ADMINISTRA": "N/A", "NUME_CARR": "N/A", "CONDICION": "N/A", "ORIGEN": "BCU", "CALI_REPR": "N/A", "CVEGEO": "140500001", "NOMVIAL": "LÍMITE PREDIAL", "SENTIDO": "N/A", "LONGITUD": 64.32, "UNIDAD": "e14" }, "geometry": { "type": "LineString", "coordinates": [ [ -103.4186608, 20.2909026 ], [ -103.4180426, 20.2909003 ] ] } },
{ "type": "Feature", "properties": { "ID": 1729567, "TIPOVIA": "CALLE", "TIPO": "N/A", "NUMERO": "N/A", "DERE_TRAN": "N/A", "ADMINISTRA": "N/A", "NUME_CARR": "N/A", "CONDICION": "N/A", "ORIGEN": "BCU", "CALI_REPR": "N/A", "CVEGEO": "140500011", "NOMVIAL": "TOÑO PALAFOX", "SENTIDO": "UN SENTIDO", "LONGITUD": 101.3, "UNIDAD": "e14" }, "geometry": { "type": "LineString", "coordinates": [ [ -103.3332584, 20.2916898 ], [ -103.3333938, 20.291204 ], [ -103.3335063, 20.2908015 ] ] } },
{ "type": "Feature", "properties": { "ID": 1729568, "TIPOVIA": "CALLE", "TIPO": "N/A", "NUMERO": "N/A", "DERE_TRAN": "N/A", "ADMINISTRA": "N/A", "NUME_CARR": "N/A", "CONDICION": "N/A", "ORIGEN": "BCU", "CALI_REPR": "N/A", "CVEGEO": "140500011", "NOMVIAL": "RAFAEL OSUNA", "SENTIDO": "UN SENTIDO", "LONGITUD": 168.06, "UNIDAD": "e14" }, "geometry": { "type": "LineString", "coordinates": [ [ -103.331671, 20.291415 ], [ -103.3323703, 20.291567 ], [ -103.3328995, 20.291644 ], [ -103.3332584, 20.2916898 ] ] } },
{ "type": "Feature", "properties": { "ID": 1729581, "TIPOVIA": "CALLE", "TIPO": "N/A", "NUMERO": "N/A", "DERE_TRAN": "N/A", "ADMINISTRA": "N/A", "NUME_CARR": "N/A", "CONDICION": "N/A", "ORIGEN": "BCU", "CALI_REPR": "N/A", "CVEGEO": "140500001", "NOMVIAL": "VENUSTIANO CARRANZA", "SENTIDO": "UN SENTIDO", "LONGITUD": 68.88, "UNIDAD": "e14" }, "geometry": { "type": "LineString", "coordinates": [ [ -103.4376316, 20.2923981 ], [ -103.4377033, 20.2917771 ] ] } },
{ "type": "Feature", "properties": { "ID": 1729582, "TIPOVIA": "CALLE", "TIPO": "N/A", "NUMERO": "N/A", "DERE_TRAN": "N/A", "ADMINISTRA": "N/A", "NUME_CARR": "N/A", "CONDICION": "N/A", "ORIGEN": "BCU", "CALI_REPR": "N/A", "CVEGEO": "140500001", "NOMVIAL": "OTOÑO", "SENTIDO": "UN SENTIDO", "LONGITUD": 75.26, "UNIDAD": "e14" }, "geometry": { "type": "LineString", "coordinates": [ [ -103.4376316, 20.2923981 ], [ -103.4369169, 20.2922928 ] ] } },
{ "type": "Feature", "properties": { "ID": 1729589, "TIPOVIA": "CALLE", "TIPO": "N/A", "NUMERO": "N/A", "DERE_TRAN": "N/A", "ADMINISTRA": "N/A", "NUME_CARR": "N/A", "CONDICION": "N/A", "ORIGEN": "BCU", "CALI_REPR": "N/A", "CVEGEO": "140500011", "NOMVIAL": "RINCONADA EL LIMÓN", "SENTIDO": "UN SENTIDO", "LONGITUD": 9.36, "UNIDAD": "e14" }, "geometry": { "type": "LineString", "coordinates": [ [ -103.3527725, 20.2931954 ], [ -103.3528024, 20.2931153 ] ] } },
{ "type": "Feature", "properties": { "ID": 1729590, "TIPOVIA": "CALLE", "TIPO": "N/A", "NUMERO": "N/A", "DERE_TRAN": "N/A", "ADMINISTRA": "N/A", "NUME_CARR": "N/A", "CONDICION": "N/A", "ORIGEN": "BCU", "CALI_REPR": "N/A", "CVEGEO": "140500011", "NOMVIAL": "RINCONADA EL LIMÓN", "SENTIDO": "UN SENTIDO", "LONGITUD": 136.68, "UNIDAD": "e14" }, "geometry": { "type": "LineString", "coordinates": [ [ -103.3514852, 20.2929483 ], [ -103.3527725, 20.2931954 ] ] } },
{ "type": "Feature", "properties": { "ID": 1729600, "TIPOVIA": "PRIVADA", "TIPO": "N/A", "NUMERO": "N/A", "DERE_TRAN": "N/A", "ADMINISTRA": "N/A", "NUME_CARR": "N/A", "CONDICION": "N/A", "ORIGEN": "BCU", "CALI_REPR": "N/A", "CVEGEO": "140500011", "NOMVIAL": "NINGUNO", "SENTIDO": "UN SENTIDO", "LONGITUD": 42.01, "UNIDAD": "e14" }, "geometry": { "type": "LineString", "coordinates": [ [ -103.3276179, 20.2933179 ], [ -103.3275611, 20.2933552 ], [ -103.3274647, 20.2933828 ], [ -103.3272776, 20.2935151 ] ] } },
{ "type": "Feature", "properties": { "ID": 1729605, "TIPOVIA": "CALLE", "TIPO": "N/A", "NUMERO": "N/A", "DERE_TRAN": "N/A", "ADMINISTRA": "N/A", "NUME_CARR": "N/A", "CONDICION": "N/A", "ORIGEN": "BCU", "CALI_REPR": "N/A", "CVEGEO": "140500001", "NOMVIAL": "ZARAGOZA NORTE", "SENTIDO": "UN SENTIDO", "LONGITUD": 54.07, "UNIDAD": "e14" }, "geometry": { "type": "LineString", "coordinates": [ [ -103.4350663, 20.2925467 ], [ -103.4351644, 20.2920652 ] ] } },
{ "type": "Feature", "properties": { "ID": 1729606, "TIPOVIA": "CALLE", "TIPO": "N/A", "NUMERO": "N/A", "DERE_TRAN": "N/A", "ADMINISTRA": "N/A", "NUME_CARR": "N/A", "CONDICION": "N/A", "ORIGEN": "BCU", "CALI_REPR": "N/A", "CVEGEO": "140500001", "NOMVIAL": "INVIERNO", "SENTIDO": "UN SENTIDO", "LONGITUD": 132.75, "UNIDAD": "e14" }, "geometry": { "type": "LineString", "coordinates": [ [ -103.4338152, 20.2923101 ], [ -103.4350663, 20.2925467 ] ] } },
{ "type": "Feature", "properties": { "ID": 1729607, "TIPOVIA": "CALLE", "TIPO": "N/A", "NUMERO": "N/A", "DERE_TRAN": "N/A", "ADMINISTRA": "N/A", "NUME_CARR": "N/A", "CONDICION": "N/A", "ORIGEN": "BCU", "CALI_REPR": "N/A", "CVEGEO": "140500001", "NOMVIAL": "20 DE NOVIEMBRE", "SENTIDO": "UN SENTIDO", "LONGITUD": 70.85, "UNIDAD": "e14" }, "geometry": { "type": "LineString", "coordinates": [ [ -103.4384012, 20.2925176 ], [ -103.438376, 20.2925053 ], [ -103.4384414, 20.2918926 ] ] } },
{ "type": "Feature", "properties": { "ID": 1729608, "TIPOVIA": "CALLE", "TIPO": "N/A", "NUMERO": "N/A", "DERE_TRAN": "N/A", "ADMINISTRA": "N/A", "NUME_CARR": "N/A", "CONDICION": "N/A", "ORIGEN": "BCU", "CALI_REPR": "N/A", "CVEGEO": "140500001", "NOMVIAL": "OTOÑO", "SENTIDO": "UN SENTIDO", "LONGITUD": 81.27, "UNIDAD": "e14" }, "geometry": { "type": "LineString", "coordinates": [ [ -103.4384012, 20.2925176 ], [ -103.4383755, 20.2925062 ], [ -103.4376316, 20.2923981 ] ] } },
{ "type": "Feature", "properties": { "ID": 1729617, "TIPOVIA": "CALLE", "TIPO": "N/A", "NUMERO": "23", "DERE_TRAN": "LIBRE", "ADMINISTRA": "FEDERAL", "NUME_CARR": "N/A", "CONDICION": "N/A", "ORIGEN": "BCU", "CALI_REPR": "N/A", "CVEGEO": "140500002", "NOMVIAL": "EL CHANTE", "SENTIDO": "UN SENTIDO", "LONGITUD": 80.29, "UNIDAD": "e14" }, "geometry": { "type": "LineString", "coordinates": [ [ -103.3908285, 20.2935989 ], [ -103.3902185, 20.2936849 ], [ -103.3900652, 20.2937065 ] ] } },
{ "type": "Feature", "properties": { "ID": 1729618, "TIPOVIA": "PRIVADA", "TIPO": "N/A", "NUMERO": "N/A", "DERE_TRAN": "N/A", "ADMINISTRA": "N/A", "NUME_CARR": "N/A", "CONDICION": "N/A", "ORIGEN": "BCU", "CALI_REPR": "N/A", "CVEGEO": "140500002", "NOMVIAL": "NINGUNO", "SENTIDO": "UN SENTIDO", "LONGITUD": 59.34, "UNIDAD": "e14" }, "geometry": { "type": "LineString", "coordinates": [ [ -103.4026108, 20.2935961 ], [ -103.4031774, 20.2935338 ] ] } },
{ "type": "Feature", "properties": { "ID": 1729619, "TIPOVIA": "PRIVADA", "TIPO": "N/A", "NUMERO": "N/A", "DERE_TRAN": "N/A", "ADMINISTRA": "N/A", "NUME_CARR": "N/A", "CONDICION": "N/A", "ORIGEN": "BCU", "CALI_REPR": "N/A", "CVEGEO": "140500002", "NOMVIAL": "CHULA VISTA", "SENTIDO": "UN SENTIDO", "LONGITUD": 176.52, "UNIDAD": "e14" }, "geometry": { "type": "LineString", "coordinates": [ [ -103.4022996, 20.2920225 ], [ -103.4026108, 20.2935961 ] ] } },
{ "type": "Feature", "properties": { "ID": 1729622, "TIPOVIA": "CALLE", "TIPO": "N/A", "NUMERO": "23", "DERE_TRAN": "LIBRE", "ADMINISTRA": "FEDERAL", "NUME_CARR": "N/A", "CONDICION": "N/A", "ORIGEN": "BCU", "CALI_REPR": "N/A", "CVEGEO": "140500002", "NOMVIAL": "EL CHANTE", "SENTIDO": "UN SENTIDO", "LONGITUD": 14.77, "UNIDAD": "e14" }, "geometry": { "type": "LineString", "coordinates": [ [ -103.3900652, 20.2937065 ], [ -103.3899248, 20.2937265 ] ] } },
{ "type": "Feature", "properties": { "ID": 1729627, "TIPOVIA": "PRIVADA", "TIPO": "N/A", "NUMERO": "N/A", "DERE_TRAN": "N/A", "ADMINISTRA": "N/A", "NUME_CARR": "N/A", "CONDICION": "N/A", "ORIGEN": "BCU", "CALI_REPR": "N/A", "CVEGEO": "140500002", "NOMVIAL": "LOMAS ALTAS", "SENTIDO": "UN SENTIDO", "LONGITUD": 55.36, "UNIDAD": "e14" }, "geometry": { "type": "LineString", "coordinates": [ [ -103.4081082, 20.2930675 ], [ -103.4080172, 20.2935622 ] ] } },
{ "type": "Feature", "properties": { "ID": 1729628, "TIPOVIA": "CALLE", "TIPO": "N/A", "NUMERO": "N/A", "DERE_TRAN": "N/A", "ADMINISTRA": "N/A", "NUME_CARR": "N/A", "CONDICION": "N/A", "ORIGEN": "BCU", "CALI_REPR": "N/A", "CVEGEO": "140500002", "NOMVIAL": "LOMAS ALTAS", "SENTIDO": "UN SENTIDO", "LONGITUD": 123.89, "UNIDAD": "e14" }, "geometry": { "type": "LineString", "coordinates": [ [ -103.4068702, 20.2932702 ], [ -103.4071418, 20.2933718 ], [ -103.4075664, 20.2934552 ], [ -103.4080172, 20.2935622 ] ] } },
{ "type": "Feature", "properties": { "ID": 1729648, "TIPOVIA": "CALLE", "TIPO": "N/A", "NUMERO": "N/A", "DERE_TRAN": "N/A", "ADMINISTRA": "N/A", "NUME_CARR": "N/A", "CONDICION": "N/A", "ORIGEN": "BCU", "CALI_REPR": "N/A", "CVEGEO": "140500002", "NOMVIAL": "NINGUNO", "SENTIDO": "UN SENTIDO", "LONGITUD": 116.37, "UNIDAD": "e14" }, "geometry": { "type": "LineString", "coordinates": [ [ -103.4065688, 20.2973928 ], [ -103.4067692, 20.2970882 ], [ -103.4068841, 20.2969748 ], [ -103.4071345, 20.2968942 ], [ -103.4073487, 20.2968313 ], [ -103.4074235, 20.2967966 ] ] } },
{ "type": "Feature", "properties": { "ID": 1729649, "TIPOVIA": "PRIVADA", "TIPO": "N/A", "NUMERO": "N/A", "DERE_TRAN": "N/A", "ADMINISTRA": "N/A", "NUME_CARR": "N/A", "CONDICION": "N/A", "ORIGEN": "BCU", "CALI_REPR": "N/A", "CVEGEO": "140500002", "NOMVIAL": "NINGUNO", "SENTIDO": "UN SENTIDO", "LONGITUD": 124.59, "UNIDAD": "e14" }, "geometry": { "type": "LineString", "coordinates": [ [ -103.4053798, 20.2972582 ], [ -103.4065688, 20.2973928 ] ] } },
{ "type": "Feature", "properties": { "ID": 1729668, "TIPOVIA": "CARRETERA", "TIPO": "N/A", "NUMERO": "23", "DERE_TRAN": "LIBRE", "ADMINISTRA": "FEDERAL", "NUME_CARR": "N/A", "CONDICION": "N/A", "ORIGEN": "BCU", "CALI_REPR": "N/A", "CVEGEO": "140500011", "NOMVIAL": "JOCOTEPEC-CHAPALA", "SENTIDO": "UN SENTIDO", "LONGITUD": 114.13, "UNIDAD": "e14" }, "geometry": { "type": "LineString", "coordinates": [ [ -103.3508435, 20.2896098 ], [ -103.351694, 20.2897208 ], [ -103.3519286, 20.2897608 ] ] } },
{ "type": "Feature", "properties": { "ID": 1729673, "TIPOVIA": "PRIVADA", "TIPO": "N/A", "NUMERO": "N/A", "DERE_TRAN": "N/A", "ADMINISTRA": "N/A", "NUME_CARR": "N/A", "CONDICION": "N/A", "ORIGEN": "BCU", "CALI_REPR": "N/A", "CVEGEO": "140500011", "NOMVIAL": "NINGUNO", "SENTIDO": "UN SENTIDO", "LONGITUD": 68.77, "UNIDAD": "e14" }, "geometry": { "type": "LineString", "coordinates": [ [ -103.3407722, 20.2898797 ], [ -103.3401232, 20.2897614 ] ] } },
{ "type": "Feature", "properties": { "ID": 1729674, "TIPOVIA": "PRIVADA", "TIPO": "N/A", "NUMERO": "N/A", "DERE_TRAN": "N/A", "ADMINISTRA": "N/A", "NUME_CARR": "N/A", "CONDICION": "N/A", "ORIGEN": "BCU", "CALI_REPR": "N/A", "CVEGEO": "140500011", "NOMVIAL": "EL ZAPOTILLO", "SENTIDO": "UN SENTIDO", "LONGITUD": 21.18, "UNIDAD": "e14" }, "geometry": { "type": "LineString", "coordinates": [ [ -103.347689, 20.2898237 ], [ -103.3475024, 20.2897467 ] ] } },
{ "type": "Feature", "properties": { "ID": 1729677, "TIPOVIA": "PRIVADA", "TIPO": "N/A", "NUMERO": "N/A", "DERE_TRAN": "N/A", "ADMINISTRA": "N/A", "NUME_CARR": "N/A", "CONDICION": "N/A", "ORIGEN": "BCU", "CALI_REPR": "N/A", "CVEGEO": "140500002", "NOMVIAL": "NINGUNO", "SENTIDO": "UN SENTIDO", "LONGITUD": 43.81, "UNIDAD": "e14" }, "geometry": { "type": "LineString", "coordinates": [ [ -103.4003508, 20.2889646 ], [ -103.4003538, 20.289362 ] ] } },
{ "type": "Feature", "properties": { "ID": 1729678, "TIPOVIA": "CALLE", "TIPO": "N/A", "NUMERO": "N/A", "DERE_TRAN": "N/A", "ADMINISTRA": "N/A", "NUME_CARR": "N/A", "CONDICION": "N/A", "ORIGEN": "BCU", "CALI_REPR": "N/A", "CVEGEO": "140500002", "NOMVIAL": "TIZOC", "SENTIDO": "UN SENTIDO", "LONGITUD": 36.61, "UNIDAD": "e14" }, "geometry": { "type": "LineString", "coordinates": [ [ -103.4003538, 20.289362 ], [ -103.4000664, 20.2893248 ], [ -103.4000077, 20.2893064 ] ] } },
{ "type": "Feature", "properties": { "ID": 1729680, "TIPOVIA": "PRIVADA", "TIPO": "N/A", "NUMERO": "N/A", "DERE_TRAN": "N/A", "ADMINISTRA": "N/A", "NUME_CARR": "N/A", "CONDICION": "N/A", "ORIGEN": "BCU", "CALI_REPR": "N/A", "CVEGEO": "140500001", "NOMVIAL": "DEGOLLADO PONIENTE", "SENTIDO": "UN SENTIDO", "LONGITUD": 58.32, "UNIDAD": "e14" }, "geometry": { "type": "LineString", "coordinates": [ [ -103.4367961, 20.2889122 ], [ -103.4373441, 20.2890234 ] ] } },
{ "type": "Feature", "properties": { "ID": 1729681, "TIPOVIA": "CALLE", "TIPO": "N/A", "NUMERO": "N/A", "DERE_TRAN": "N/A", "ADMINISTRA": "N/A", "NUME_CARR": "N/A", "CONDICION": "N/A", "ORIGEN": "BCU", "CALI_REPR": "N/A", "CVEGEO": "140500002", "NOMVIAL": "TIZOC", "SENTIDO": "UN SENTIDO", "LONGITUD": 22.71, "UNIDAD": "e14" }, "geometry": { "type": "LineString", "coordinates": [ [ -103.4005713, 20.2893794 ], [ -103.4003538, 20.289362 ] ] } },
{ "type": "Feature", "properties": { "ID": 1729682, "TIPOVIA": "CALLE", "TIPO": "N/A", "NUMERO": "N/A", "DERE_TRAN": "N/A", "ADMINISTRA": "N/A", "NUME_CARR": "N/A", "CONDICION": "N/A", "ORIGEN": "BCU", "CALI_REPR": "N/A", "CVEGEO": "140500002", "NOMVIAL": "MOCTEZUMA", "SENTIDO": "UN SENTIDO", "LONGITUD": 107.32, "UNIDAD": "e14" }, "geometry": { "type": "LineString", "coordinates": [ [ -103.3932948, 20.2894523 ], [ -103.3932982, 20.2894015 ], [ -103.3930628, 20.2885064 ] ] } },
{ "type": "Feature", "properties": { "ID": 1729683, "TIPOVIA": "CALLE", "TIPO": "N/A", "NUMERO": "N/A", "DERE_TRAN": "N/A", "ADMINISTRA": "N/A", "NUME_CARR": "N/A", "CONDICION": "N/A", "ORIGEN": "BCU", "CALI_REPR": "N/A", "CVEGEO": "140500002", "NOMVIAL": "CUITLÁHUAC", "SENTIDO": "UN SENTIDO", "LONGITUD": 114.87, "UNIDAD": "e14" }, "geometry": { "type": "LineString", "coordinates": [ [ -103.3932948, 20.2894523 ], [ -103.3923254, 20.2891572 ], [ -103.3922401, 20.2891556 ] ] } },
{ "type": "Feature", "properties": { "ID": 1729685, "TIPOVIA": "PRIVADA", "TIPO": "N/A", "NUMERO": "N/A", "DERE_TRAN": "N/A", "ADMINISTRA": "N/A", "NUME_CARR": "N/A", "CONDICION": "N/A", "ORIGEN": "BCU", "CALI_REPR": "N/A", "CVEGEO": "140500011", "NOMVIAL": "NINGUNO", "SENTIDO": "UN SENTIDO", "LONGITUD": 67.25, "UNIDAD": "e14" }, "geometry": { "type": "LineString", "coordinates": [ [ -103.3458682, 20.2896637 ], [ -103.3464736, 20.2898772 ] ] } },
{ "type": "Feature", "properties": { "ID": 1729686, "TIPOVIA": "PROLONGACION", "TIPO": "N/A", "NUMERO": "N/A", "DERE_TRAN": "N/A", "ADMINISTRA": "N/A", "NUME_CARR": "N/A", "CONDICION": "N/A", "ORIGEN": "BCU", "CALI_REPR": "N/A", "CVEGEO": "140500001", "NOMVIAL": "PEDRO MORENO", "SENTIDO": "UN SENTIDO", "LONGITUD": 64.7, "UNIDAD": "e14" }, "geometry": { "type": "LineString", "coordinates": [ [ -103.4263523, 20.2891523 ], [ -103.426384, 20.2885663 ] ] } },
{ "type": "Feature", "properties": { "ID": 1729687, "TIPOVIA": "CALLE", "TIPO": "N/A", "NUMERO": "N/A", "DERE_TRAN": "N/A", "ADMINISTRA": "N/A", "NUME_CARR": "N/A", "CONDICION": "N/A", "ORIGEN": "BCU", "CALI_REPR": "N/A", "CVEGEO": "140500011", "NOMVIAL": "TOÑO PALAFOX", "SENTIDO": "UN SENTIDO", "LONGITUD": 49.44, "UNIDAD": "e14" }, "geometry": { "type": "LineString", "coordinates": [ [ -103.3337178, 20.2899979 ], [ -103.3338299, 20.2895622 ] ] } },
{ "type": "Feature", "properties": { "ID": 1729688, "TIPOVIA": "CALLE", "TIPO": "N/A", "NUMERO": "N/A", "DERE_TRAN": "N/A", "ADMINISTRA": "N/A", "NUME_CARR": "N/A", "CONDICION": "N/A", "ORIGEN": "BCU", "CALI_REPR": "N/A", "CVEGEO": "140500011", "NOMVIAL": "ROD LOVER", "SENTIDO": "UN SENTIDO", "LONGITUD": 152.93, "UNIDAD": "e14" }, "geometry": { "type": "LineString", "coordinates": [ [ -103.3322689, 20.289765 ], [ -103.3337178, 20.2899979 ] ] } },
{ "type": "Feature", "properties": { "ID": 1729689, "TIPOVIA": "PRIVADA", "TIPO": "N/A", "NUMERO": "N/A", "DERE_TRAN": "N/A", "ADMINISTRA": "N/A", "NUME_CARR": "N/A", "CONDICION": "N/A", "ORIGEN": "BCU", "CALI_REPR": "N/A", "CVEGEO": "140500001", "NOMVIAL": "ALDAMA", "SENTIDO": "UN SENTIDO", "LONGITUD": 232.06, "UNIDAD": "e14" }, "geometry": { "type": "LineString", "coordinates": [ [ -103.4225091, 20.2887614 ], [ -103.4229694, 20.2887784 ], [ -103.4229631, 20.2888564 ], [ -103.4237442, 20.2888869 ], [ -103.4238152, 20.2888933 ], [ -103.4238404, 20.2891812 ], [ -103.4239645, 20.2891125 ], [ -103.4240447, 20.2890187 ], [ -103.4240146, 20.2888773 ], [ -103.4241172, 20.2888694 ] ] } },
{ "type": "Feature", "properties": { "ID": 1729690, "TIPOVIA": "CALLE", "TIPO": "N/A", "NUMERO": "N/A", "DERE_TRAN": "N/A", "ADMINISTRA": "N/A", "NUME_CARR": "N/A", "CONDICION": "N/A", "ORIGEN": "BCU", "CALI_REPR": "N/A", "CVEGEO": "140500002", "NOMVIAL": "TIZOC", "SENTIDO": "UN SENTIDO", "LONGITUD": 38.4, "UNIDAD": "e14" }, "geometry": { "type": "LineString", "coordinates": [ [ -103.4009398, 20.2893994 ], [ -103.4005713, 20.2893794 ] ] } },
{ "type": "Feature", "properties": { "ID": 1729693, "TIPOVIA": "PRIVADA", "TIPO": "N/A", "NUMERO": "N/A", "DERE_TRAN": "N/A", "ADMINISTRA": "N/A", "NUME_CARR": "N/A", "CONDICION": "N/A", "ORIGEN": "BCU", "CALI_REPR": "N/A", "CVEGEO": "140500001", "NOMVIAL": "NINGUNO", "SENTIDO": "UN SENTIDO", "LONGITUD": 35.51, "UNIDAD": "e14" }, "geometry": { "type": "LineString", "coordinates": [ [ -103.4190534, 20.2892465 ], [ -103.4190673, 20.2889247 ] ] } },
{ "type": "Feature", "properties": { "ID": 1729698, "TIPOVIA": "PRIVADA", "TIPO": "N/A", "NUMERO": "N/A", "DERE_TRAN": "N/A", "ADMINISTRA": "N/A", "NUME_CARR": "N/A", "CONDICION": "N/A", "ORIGEN": "BCU", "CALI_REPR": "N/A", "CVEGEO": "140500001", "NOMVIAL": "ÁNIMA SOLA", "SENTIDO": "UN SENTIDO", "LONGITUD": 62.41, "UNIDAD": "e14" }, "geometry": { "type": "LineString", "coordinates": [ [ -103.4350068, 20.288561 ], [ -103.4349041, 20.2891186 ] ] } },
{ "type": "Feature", "properties": { "ID": 1729699, "TIPOVIA": "CALLE", "TIPO": "N/A", "NUMERO": "N/A", "DERE_TRAN": "N/A", "ADMINISTRA": "N/A", "NUME_CARR": "N/A", "CONDICION": "N/A", "ORIGEN": "BCU", "CALI_REPR": "N/A", "CVEGEO": "140500001", "NOMVIAL": "RICO NORTE", "SENTIDO": "UN SENTIDO", "LONGITUD": 62.42, "UNIDAD": "e14" }, "geometry": { "type": "LineString", "coordinates": [ [ -103.4174534, 20.2892858 ], [ -103.4175332, 20.2887247 ] ] } },
{ "type": "Feature", "properties": { "ID": 1729700, "TIPOVIA": "CALLE", "TIPO": "N/A", "NUMERO": "N/A", "DERE_TRAN": "N/A", "ADMINISTRA": "N/A", "NUME_CARR": "N/A", "CONDICION": "N/A", "ORIGEN": "BCU", "CALI_REPR": "N/A", "CVEGEO": "140500001", "NOMVIAL": "16 DE SEPTIEMBRE", "SENTIDO": "UN SENTIDO", "LONGITUD": 192.17, "UNIDAD": "e14" }, "geometry": { "type": "LineString", "coordinates": [ [ -103.4156222, 20.2890592 ], [ -103.4166094, 20.2891772 ], [ -103.4174534, 20.2892858 ] ] } },
{ "type": "Feature", "properties": { "ID": 1729701, "TIPOVIA": "PRIVADA", "TIPO": "N/A", "NUMERO": "N/A", "DERE_TRAN": "N/A", "ADMINISTRA": "N/A", "NUME_CARR": "N/A", "CONDICION": "N/A", "ORIGEN": "BCU", "CALI_REPR": "N/A", "CVEGEO": "140500011", "NOMVIAL": "ROTARIO", "SENTIDO": "UN SENTIDO", "LONGITUD": 65.38, "UNIDAD": "e14" }, "geometry": { "type": "LineString", "coordinates": [ [ -103.3488702, 20.2899164 ], [ -103.3491175, 20.2894499 ], [ -103.3491505, 20.2893858 ] ] } },
{ "type": "Feature", "properties": { "ID": 1729702, "TIPOVIA": "CALLE", "TIPO": "N/A", "NUMERO": "N/A", "DERE_TRAN": "N/A", "ADMINISTRA": "N/A", "NUME_CARR": "N/A", "CONDICION": "N/A", "ORIGEN": "BCU", "CALI_REPR": "N/A", "CVEGEO": "140500011", "NOMVIAL": "ZARAGOZA", "SENTIDO": "UN SENTIDO", "LONGITUD": 89.48, "UNIDAD": "e14" }, "geometry": { "type": "LineString", "coordinates": [ [ -103.3480619, 20.2896392 ], [ -103.3488702, 20.2899164 ] ] } },
{ "type": "Feature", "properties": { "ID": 1729703, "TIPOVIA": "OTRO", "TIPO": "N/A", "NUMERO": "N/A", "DERE_TRAN": "N/A", "ADMINISTRA": "N/A", "NUME_CARR": "N/A", "CONDICION": "N/A", "ORIGEN": "BCU", "CALI_REPR": "N/A", "CVEGEO": "140500011", "NOMVIAL": "LÍMITE PREDIAL", "SENTIDO": "N/A", "LONGITUD": 692.17, "UNIDAD": "e14" }, "geometry": { "type": "MultiLineString", "coordinates": [ [ [ -103.3584733, 20.2898345 ], [ -103.3582137, 20.2897879 ], [ -103.3580374, 20.2896649 ], [ -103.3579765, 20.2895222 ], [ -103.3572439, 20.2894108 ] ], [ [ -103.3567538, 20.2895802 ], [ -103.3563262, 20.2895983 ], [ -103.355994, 20.289676 ], [ -103.3551271, 20.2897003 ], [ -103.3542498, 20.2896399 ], [ -103.353578, 20.2894435 ], [ -103.3533965, 20.2894308 ] ] ] } },
{ "type": "Feature", "properties": { "ID": 1729708, "TIPOVIA": "CALLE", "TIPO": "N/A", "NUMERO": "N/A", "DERE_TRAN": "N/A", "ADMINISTRA": "N/A", "NUME_CARR": "N/A", "CONDICION": "N/A", "ORIGEN": "BCU", "CALI_REPR": "N/A", "CVEGEO": "140500002", "NOMVIAL": "NINGUNO", "SENTIDO": "UN SENTIDO", "LONGITUD": 85.55, "UNIDAD": "e14" }, "geometry": { "type": "LineString", "coordinates": [ [ -103.4019464, 20.2894514 ], [ -103.4018939, 20.2886772 ] ] } },
{ "type": "Feature", "properties": { "ID": 1729709, "TIPOVIA": "CALLE", "TIPO": "N/A", "NUMERO": "N/A", "DERE_TRAN": "N/A", "ADMINISTRA": "N/A", "NUME_CARR": "N/A", "CONDICION": "N/A", "ORIGEN": "BCU", "CALI_REPR": "N/A", "CVEGEO": "140500002", "NOMVIAL": "TIZOC", "SENTIDO": "UN SENTIDO", "LONGITUD": 104.9, "UNIDAD": "e14" }, "geometry": { "type": "LineString", "coordinates": [ [ -103.4019464, 20.2894514 ], [ -103.4018977, 20.2894513 ], [ -103.4009398, 20.2893994 ] ] } },
{ "type": "Feature", "properties": { "ID": 1729718, "TIPOVIA": "CALLE", "TIPO": "N/A", "NUMERO": "N/A", "DERE_TRAN": "N/A", "ADMINISTRA": "N/A", "NUME_CARR": "N/A", "CONDICION": "N/A", "ORIGEN": "BCU", "CALI_REPR": "N/A", "CVEGEO": "140500002", "NOMVIAL": "CUAUHTÉMOC", "SENTIDO": "UN SENTIDO", "LONGITUD": 105.35, "UNIDAD": "e14" }, "geometry": { "type": "LineString", "coordinates": [ [ -103.3946366, 20.2892756 ], [ -103.3936682, 20.2895547 ] ] } },
{ "type": "Feature", "properties": { "ID": 1729719, "TIPOVIA": "CALLE", "TIPO": "N/A", "NUMERO": "N/A", "DERE_TRAN": "N/A", "ADMINISTRA": "N/A", "NUME_CARR": "N/A", "CONDICION": "N/A", "ORIGEN": "BCU", "CALI_REPR": "N/A", "CVEGEO": "140500001", "NOMVIAL": "MATAMOROS NORTE", "SENTIDO": "UN SENTIDO", "LONGITUD": 72.55, "UNIDAD": "e14" }, "geometry": { "type": "LineString", "coordinates": [ [ -103.4275269, 20.2892411 ], [ -103.4275839, 20.2889185 ], [ -103.4276522, 20.2885941 ] ] } },
{ "type": "Feature", "properties": { "ID": 1729720, "TIPOVIA": "CALLE", "TIPO": "N/A", "NUMERO": "N/A", "DERE_TRAN": "N/A", "ADMINISTRA": "N/A", "NUME_CARR": "N/A", "CONDICION": "N/A", "ORIGEN": "BCU", "CALI_REPR": "N/A", "CVEGEO": "140500001", "NOMVIAL": "GUADALUPE", "SENTIDO": "UN SENTIDO", "LONGITUD": 122.6, "UNIDAD": "e14" }, "geometry": { "type": "LineString", "coordinates": [ [ -103.4263523, 20.2891523 ], [ -103.4275269, 20.2892411 ] ] } },
{ "type": "Feature", "properties": { "ID": 1729723, "TIPOVIA": "CALLE", "TIPO": "N/A", "NUMERO": "N/A", "DERE_TRAN": "N/A", "ADMINISTRA": "N/A", "NUME_CARR": "N/A", "CONDICION": "N/A", "ORIGEN": "BCU", "CALI_REPR": "N/A", "CVEGEO": "140500001", "NOMVIAL": "JOSEFA ORTIZ DE DOMÍNGUEZ NORTE", "SENTIDO": "UN SENTIDO", "LONGITUD": 156.0, "UNIDAD": "e14" }, "geometry": { "type": "LineString", "coordinates": [ [ -103.4308147, 20.2892138 ], [ -103.4309101, 20.287802 ] ] } },
{ "type": "Feature", "properties": { "ID": 1729724, "TIPOVIA": "PRIVADA", "TIPO": "N/A", "NUMERO": "N/A", "DERE_TRAN": "N/A", "ADMINISTRA": "N/A", "NUME_CARR": "N/A", "CONDICION": "N/A", "ORIGEN": "BCU", "CALI_REPR": "N/A", "CVEGEO": "140500001", "NOMVIAL": "NICOLÁS BRAVO", "SENTIDO": "UN SENTIDO", "LONGITUD": 82.14, "UNIDAD": "e14" }, "geometry": { "type": "LineString", "coordinates": [ [ -103.4244122, 20.2892788 ], [ -103.4245177, 20.2892225 ], [ -103.4245902, 20.2889602 ], [ -103.4246178, 20.2886018 ] ] } },
{ "type": "Feature", "properties": { "ID": 1729727, "TIPOVIA": "CALLE", "TIPO": "N/A", "NUMERO": "N/A", "DERE_TRAN": "N/A", "ADMINISTRA": "N/A", "NUME_CARR": "N/A", "CONDICION": "N/A", "ORIGEN": "BCU", "CALI_REPR": "N/A", "CVEGEO": "140500001", "NOMVIAL": "HIDALGO NORTE", "SENTIDO": "UN SENTIDO", "LONGITUD": 166.87, "UNIDAD": "e14" }, "geometry": { "type": "LineString", "coordinates": [ [ -103.4300115, 20.2877461 ], [ -103.429829, 20.2892495 ] ] } },
{ "type": "Feature", "properties": { "ID": 1729728, "TIPOVIA": "CALLE", "TIPO": "N/A", "NUMERO": "N/A", "DERE_TRAN": "N/A", "ADMINISTRA": "N/A", "NUME_CARR": "N/A", "CONDICION": "N/A", "ORIGEN": "BCU", "CALI_REPR": "N/A", "CVEGEO": "140500001", "NOMVIAL": "ALDAMA ORIENTE", "SENTIDO": "UN SENTIDO", "LONGITUD": 76.74, "UNIDAD": "e14" }, "geometry": { "type": "LineString", "coordinates": [ [ -103.429829, 20.2892495 ], [ -103.4291395, 20.2890021 ] ] } },
{ "type": "Feature", "properties": { "ID": 1729731, "TIPOVIA": "CALLE", "TIPO": "N/A", "NUMERO": "N/A", "DERE_TRAN": "N/A", "ADMINISTRA": "N/A", "NUME_CARR": "N/A", "CONDICION": "N/A", "ORIGEN": "BCU", "CALI_REPR": "N/A", "CVEGEO": "140500011", "NOMVIAL": "CUAUHTÉMOC", "SENTIDO": "UN SENTIDO", "LONGITUD": 43.13, "UNIDAD": "e14" }, "geometry": { "type": "LineString", "coordinates": [ [ -103.3457141, 20.2900269 ], [ -103.3458682, 20.2896637 ] ] } },
{ "type": "Feature", "properties": { "ID": 1729732, "TIPOVIA": "CALLE", "TIPO": "N/A", "NUMERO": "N/A", "DERE_TRAN": "N/A", "ADMINISTRA": "N/A", "NUME_CARR": "N/A", "CONDICION": "N/A", "ORIGEN": "BCU", "CALI_REPR": "N/A", "CVEGEO": "140500002", "NOMVIAL": "CUAUHTÉMOC", "SENTIDO": "UN SENTIDO", "LONGITUD": 38.22, "UNIDAD": "e14" }, "geometry": { "type": "LineString", "coordinates": [ [ -103.3936682, 20.2895547 ], [ -103.3933042, 20.2896016 ] ] } },
{ "type": "Feature", "properties": { "ID": 1729733, "TIPOVIA": "CALLE", "TIPO": "N/A", "NUMERO": "N/A", "DERE_TRAN": "N/A", "ADMINISTRA": "N/A", "NUME_CARR": "N/A", "CONDICION": "N/A", "ORIGEN": "BCU", "CALI_REPR": "N/A", "CVEGEO": "140500002", "NOMVIAL": "MOCTEZUMA", "SENTIDO": "UN SENTIDO", "LONGITUD": 16.63, "UNIDAD": "e14" }, "geometry": { "type": "LineString", "coordinates": [ [ -103.3933042, 20.2896016 ], [ -103.3932895, 20.2895342 ], [ -103.3932948, 20.2894523 ] ] } },
{ "type": "Feature", "properties": { "ID": 1729734, "TIPOVIA": "CALLE", "TIPO": "N/A", "NUMERO": "N/A", "DERE_TRAN": "N/A", "ADMINISTRA": "N/A", "NUME_CARR": "N/A", "CONDICION": "N/A", "ORIGEN": "BCU", "CALI_REPR": "N/A", "CVEGEO": "140500001", "NOMVIAL": "CHUECA", "SENTIDO": "UN SENTIDO", "LONGITUD": 81.96, "UNIDAD": "e14" }, "geometry": { "type": "LineString", "coordinates": [ [ -103.4104392, 20.2887063 ], [ -103.4104392, 20.2894495 ] ] } },
{ "type": "Feature", "properties": { "ID": 1729735, "TIPOVIA": "CALLE", "TIPO": "N/A", "NUMERO": "N/A", "DERE_TRAN": "N/A", "ADMINISTRA": "N/A", "NUME_CARR": "N/A", "CONDICION": "N/A", "ORIGEN": "BCU", "CALI_REPR": "N/A", "CVEGEO": "140500002", "NOMVIAL": "MORELOS", "SENTIDO": "UN SENTIDO", "LONGITUD": 574.74, "UNIDAD": "e14" }, "geometry": { "type": "LineString", "coordinates": [ [ -103.4104392, 20.2894495 ], [ -103.4094722, 20.289395 ], [ -103.4088133, 20.2893506 ], [ -103.4079135, 20.2893041 ], [ -103.4078257, 20.2893001 ], [ -103.4073364, 20.2893259 ], [ -103.4070072, 20.2893737 ], [ -103.4067795, 20.2893415 ], [ -103.4066402, 20.2893189 ], [ -103.4062966, 20.2891791 ], [ -103.405898, 20.2890835 ], [ -103.4049782, 20.28899 ] ] } },
{ "type": "Feature", "properties": { "ID": 1729736, "TIPOVIA": "CALLE", "TIPO": "N/A", "NUMERO": "N/A", "DERE_TRAN": "N/A", "ADMINISTRA": "N/A", "NUME_CARR": "N/A", "CONDICION": "N/A", "ORIGEN": "BCU", "CALI_REPR": "N/A", "CVEGEO": "140500001", "NOMVIAL": "RIVERA DEL LAGO", "SENTIDO": "UN SENTIDO", "LONGITUD": 308.97, "UNIDAD": "e14" }, "geometry": { "type": "LineString", "coordinates": [ [ -103.4148763, 20.2876324 ], [ -103.4147753, 20.2877399 ], [ -103.4142647, 20.2882506 ], [ -103.4139682, 20.288549 ], [ -103.4137015, 20.2888253 ], [ -103.4132508, 20.2890912 ], [ -103.412853, 20.2893177 ], [ -103.4126364, 20.2894303 ] ] } },
{ "type": "Feature", "properties": { "ID": 1729737, "TIPOVIA": "CALLE", "TIPO": "N/A", "NUMERO": "N/A", "DERE_TRAN": "N/A", "ADMINISTRA": "N/A", "NUME_CARR": "N/A", "CONDICION": "N/A", "ORIGEN": "BCU", "CALI_REPR": "N/A", "CVEGEO": "140500001", "NOMVIAL": "NINGUNO", "SENTIDO": "UN SENTIDO", "LONGITUD": 213.62, "UNIDAD": "e14" }, "geometry": { "type": "LineString", "coordinates": [ [ -103.4126364, 20.2894303 ], [ -103.4122007, 20.2875373 ] ] } },
{ "type": "Feature", "properties": { "ID": 1729738, "TIPOVIA": "CALLE", "TIPO": "N/A", "NUMERO": "N/A", "DERE_TRAN": "N/A", "ADMINISTRA": "N/A", "NUME_CARR": "N/A", "CONDICION": "N/A", "ORIGEN": "BCU", "CALI_REPR": "N/A", "CVEGEO": "140500002", "NOMVIAL": "NINGUNO", "SENTIDO": "UN SENTIDO", "LONGITUD": 57.79, "UNIDAD": "e14" }, "geometry": { "type": "LineString", "coordinates": [ [ -103.4048896, 20.2895074 ], [ -103.4049782, 20.28899 ] ] } },
{ "type": "Feature", "properties": { "ID": 1729739, "TIPOVIA": "CALLE", "TIPO": "N/A", "NUMERO": "N/A", "DERE_TRAN": "N/A", "ADMINISTRA": "N/A", "NUME_CARR": "N/A", "CONDICION": "N/A", "ORIGEN": "BCU", "CALI_REPR": "N/A", "CVEGEO": "140500002", "NOMVIAL": "PROLONGACIÓN MORELOS", "SENTIDO": "UN SENTIDO", "LONGITUD": 306.42, "UNIDAD": "e14" }, "geometry": { "type": "LineString", "coordinates": [ [ -103.4019464, 20.2894514 ], [ -103.4025853, 20.289485 ], [ -103.403145, 20.2895123 ], [ -103.4032678, 20.2895137 ], [ -103.4048896, 20.2895074 ] ] } },
{ "type": "Feature", "properties": { "ID": 1729740, "TIPOVIA": "CALLE", "TIPO": "N/A", "NUMERO": "N/A", "DERE_TRAN": "N/A", "ADMINISTRA": "N/A", "NUME_CARR": "N/A", "CONDICION": "N/A", "ORIGEN": "BCU", "CALI_REPR": "N/A", "CVEGEO": "140500002", "NOMVIAL": "CUAUHTÉMOC", "SENTIDO": "UN SENTIDO", "LONGITUD": 13.6, "UNIDAD": "e14" }, "geometry": { "type": "LineString", "coordinates": [ [ -103.3933042, 20.2896016 ], [ -103.3931751, 20.289621 ] ] } },
{ "type": "Feature", "properties": { "ID": 1729744, "TIPOVIA": "CALLE", "TIPO": "N/A", "NUMERO": "N/A", "DERE_TRAN": "N/A", "ADMINISTRA": "N/A", "NUME_CARR": "N/A", "CONDICION": "N/A", "ORIGEN": "BCU", "CALI_REPR": "N/A", "CVEGEO": "140500011", "NOMVIAL": "CHRIS EVERT", "SENTIDO": "UN SENTIDO", "LONGITUD": 69.23, "UNIDAD": "e14" }, "geometry": { "type": "LineString", "coordinates": [ [ -103.3378719, 20.2895268 ], [ -103.3377954, 20.2900524 ], [ -103.3377392, 20.2901339 ] ] } },
{ "type": "Feature", "properties": { "ID": 1729745, "TIPOVIA": "PRIVADA", "TIPO": "N/A", "NUMERO": "N/A", "DERE_TRAN": "N/A", "ADMINISTRA": "N/A", "NUME_CARR": "N/A", "CONDICION": "N/A", "ORIGEN": "BCU", "CALI_REPR": "N/A", "CVEGEO": "140500011", "NOMVIAL": "SUBIRATS", "SENTIDO": "UN SENTIDO", "LONGITUD": 65.93, "UNIDAD": "e14" }, "geometry": { "type": "LineString", "coordinates": [ [ -103.3371688, 20.2898736 ], [ -103.3377392, 20.2901339 ] ] } },
{ "type": "Feature", "properties": { "ID": 1729755, "TIPOVIA": "CALLE", "TIPO": "N/A", "NUMERO": "N/A", "DERE_TRAN": "N/A", "ADMINISTRA": "N/A", "NUME_CARR": "N/A", "CONDICION": "N/A", "ORIGEN": "BCU", "CALI_REPR": "N/A", "CVEGEO": "140500011", "NOMVIAL": "ARTHUR ASHE", "SENTIDO": "UN SENTIDO", "LONGITUD": 88.84, "UNIDAD": "e14" }, "geometry": { "type": "LineString", "coordinates": [ [ -103.3308841, 20.2902133 ], [ -103.3310411, 20.2898662 ], [ -103.3312135, 20.28947 ] ] } },
{ "type": "Feature", "properties": { "ID": 1729756, "TIPOVIA": "CALLE", "TIPO": "N/A", "NUMERO": "N/A", "DERE_TRAN": "N/A", "ADMINISTRA": "N/A", "NUME_CARR": "N/A", "CONDICION": "N/A", "ORIGEN": "BCU", "CALI_REPR": "N/A", "CVEGEO": "140500001", "NOMVIAL": "INDEPENDENCIA NORTE", "SENTIDO": "UN SENTIDO", "LONGITUD": 152.85, "UNIDAD": "e14" }, "geometry": { "type": "LineString", "coordinates": [ [ -103.4321395, 20.2879274 ], [ -103.4319665, 20.2893038 ] ] } },
{ "type": "Feature", "properties": { "ID": 1729757, "TIPOVIA": "CALLE", "TIPO": "N/A", "NUMERO": "N/A", "DERE_TRAN": "N/A", "ADMINISTRA": "N/A", "NUME_CARR": "N/A", "CONDICION": "N/A", "ORIGEN": "BCU", "CALI_REPR": "N/A", "CVEGEO": "140500001", "NOMVIAL": "ITURBIDE", "SENTIDO": "UN SENTIDO", "LONGITUD": 120.25, "UNIDAD": "e14" }, "geometry": { "type": "LineString", "coordinates": [ [ -103.4308147, 20.2892138 ], [ -103.4319665, 20.2893038 ] ] } },
{ "type": "Feature", "properties": { "ID": 1729758, "TIPOVIA": "CALLE", "TIPO": "N/A", "NUMERO": "N/A", "DERE_TRAN": "N/A", "ADMINISTRA": "N/A", "NUME_CARR": "N/A", "CONDICION": "N/A", "ORIGEN": "BCU", "CALI_REPR": "N/A", "CVEGEO": "140500001", "NOMVIAL": "RIVERA DEL LAGO", "SENTIDO": "UN SENTIDO", "LONGITUD": 229.02, "UNIDAD": "e14" }, "geometry": { "type": "LineString", "coordinates": [ [ -103.4126364, 20.2894303 ], [ -103.4121925, 20.2894709 ], [ -103.4114435, 20.2894975 ], [ -103.4104392, 20.2894495 ] ] } },
{ "type": "Feature", "properties": { "ID": 1729765, "TIPOVIA": "CALLE", "TIPO": "N/A", "NUMERO": "N/A", "DERE_TRAN": "N/A", "ADMINISTRA": "N/A", "NUME_CARR": "N/A", "CONDICION": "N/A", "ORIGEN": "BCU", "CALI_REPR": "N/A", "CVEGEO": "140500011", "NOMVIAL": "ROD LOVER", "SENTIDO": "UN SENTIDO", "LONGITUD": 158.63, "UNIDAD": "e14" }, "geometry": { "type": "LineString", "coordinates": [ [ -103.3337178, 20.2899979 ], [ -103.3348866, 20.2901654 ], [ -103.3352244, 20.2902182 ] ] } },
{ "type": "Feature", "properties": { "ID": 1729766, "TIPOVIA": "CALLE", "TIPO": "N/A", "NUMERO": "N/A", "DERE_TRAN": "N/A", "ADMINISTRA": "N/A", "NUME_CARR": "N/A", "CONDICION": "N/A", "ORIGEN": "BCU", "CALI_REPR": "N/A", "CVEGEO": "140500011", "NOMVIAL": "5 DE MAYO", "SENTIDO": "UN SENTIDO", "LONGITUD": 43.12, "UNIDAD": "e14" }, "geometry": { "type": "LineString", "coordinates": [ [ -103.3475024, 20.2897467 ], [ -103.34736, 20.290114 ] ] } },
{ "type": "Feature", "properties": { "ID": 1729777, "TIPOVIA": "CALLE", "TIPO": "N/A", "NUMERO": "N/A", "DERE_TRAN": "N/A", "ADMINISTRA": "N/A", "NUME_CARR": "N/A", "CONDICION": "N/A", "ORIGEN": "BCU", "CALI_REPR": "N/A", "CVEGEO": "140500011", "NOMVIAL": "DEL CARDENAL NORTE", "SENTIDO": "UN SENTIDO", "LONGITUD": 50.94, "UNIDAD": "e14" }, "geometry": { "type": "LineString", "coordinates": [ [ -103.3401232, 20.2897614 ], [ -103.3400676, 20.2902204 ] ] } },
{ "type": "Feature", "properties": { "ID": 1729778, "TIPOVIA": "PRIVADA", "TIPO": "N/A", "NUMERO": "N/A", "DERE_TRAN": "N/A", "ADMINISTRA": "N/A", "NUME_CARR": "N/A", "CONDICION": "N/A", "ORIGEN": "BCU", "CALI_REPR": "N/A", "CVEGEO": "140500011", "NOMVIAL": "NINGUNO", "SENTIDO": "UN SENTIDO", "LONGITUD": 57.78, "UNIDAD": "e14" }, "geometry": { "type": "LineString", "coordinates": [ [ -103.3395307, 20.2900866 ], [ -103.3400676, 20.2902204 ] ] } },
{ "type": "Feature", "properties": { "ID": 1729780, "TIPOVIA": "CALLE", "TIPO": "N/A", "NUMERO": "23", "DERE_TRAN": "LIBRE", "ADMINISTRA": "FEDERAL", "NUME_CARR": "N/A", "CONDICION": "N/A", "ORIGEN": "BCU", "CALI_REPR": "N/A", "CVEGEO": "140500001", "NOMVIAL": "EL CHANTE", "SENTIDO": "UN SENTIDO", "LONGITUD": 92.12, "UNIDAD": "e14" }, "geometry": { "type": "LineString", "coordinates": [ [ -103.4149541, 20.2889739 ], [ -103.4148082, 20.2891539 ], [ -103.4143287, 20.2895612 ] ] } },
{ "type": "Feature", "properties": { "ID": 1729783, "TIPOVIA": "CALLE", "TIPO": "N/A", "NUMERO": "N/A", "DERE_TRAN": "N/A", "ADMINISTRA": "N/A", "NUME_CARR": "N/A", "CONDICION": "N/A", "ORIGEN": "BCU", "CALI_REPR": "N/A", "CVEGEO": "140500001", "NOMVIAL": "LÓPEZ RAYÓN", "SENTIDO": "UN SENTIDO", "LONGITUD": 138.93, "UNIDAD": "e14" }, "geometry": { "type": "LineString", "coordinates": [ [ -103.4329063, 20.2893917 ], [ -103.4330834, 20.288143 ] ] } },
{ "type": "Feature", "properties": { "ID": 1729784, "TIPOVIA": "CALLE", "TIPO": "N/A", "NUMERO": "N/A", "DERE_TRAN": "N/A", "ADMINISTRA": "N/A", "NUME_CARR": "N/A", "CONDICION": "N/A", "ORIGEN": "BCU", "CALI_REPR": "N/A", "CVEGEO": "140500001", "NOMVIAL": "ITURBIDE", "SENTIDO": "UN SENTIDO", "LONGITUD": 98.26, "UNIDAD": "e14" }, "geometry": { "type": "LineString", "coordinates": [ [ -103.4319665, 20.2893038 ], [ -103.4329063, 20.2893917 ] ] } },
{ "type": "Feature", "properties": { "ID": 1729786, "TIPOVIA": "PROLONGACION", "TIPO": "N/A", "NUMERO": "N/A", "DERE_TRAN": "N/A", "ADMINISTRA": "N/A", "NUME_CARR": "N/A", "CONDICION": "N/A", "ORIGEN": "BCU", "CALI_REPR": "N/A", "CVEGEO": "140500001", "NOMVIAL": "NICOLÁS BRAVO NORTE", "SENTIDO": "UN SENTIDO", "LONGITUD": 100.82, "UNIDAD": "e14" }, "geometry": { "type": "LineString", "coordinates": [ [ -103.4250654, 20.2894758 ], [ -103.4250908, 20.2885618 ] ] } },
{ "type": "Feature", "properties": { "ID": 1729787, "TIPOVIA": "PRIVADA", "TIPO": "N/A", "NUMERO": "N/A", "DERE_TRAN": "N/A", "ADMINISTRA": "N/A", "NUME_CARR": "N/A", "CONDICION": "N/A", "ORIGEN": "BCU", "CALI_REPR": "N/A", "CVEGEO": "140500001", "NOMVIAL": "NINGUNO", "SENTIDO": "UN SENTIDO", "LONGITUD": 53.67, "UNIDAD": "e14" }, "geometry": { "type": "LineString", "coordinates": [ [ -103.4245499, 20.2894587 ], [ -103.4250654, 20.2894758 ] ] } },
{ "type": "Feature", "properties": { "ID": 1729788, "TIPOVIA": "PRIVADA", "TIPO": "N/A", "NUMERO": "N/A", "DERE_TRAN": "N/A", "ADMINISTRA": "N/A", "NUME_CARR": "N/A", "CONDICION": "N/A", "ORIGEN": "BCU", "CALI_REPR": "N/A", "CVEGEO": "140500011", "NOMVIAL": "NINGUNO", "SENTIDO": "UN SENTIDO", "LONGITUD": 20.26, "UNIDAD": "e14" }, "geometry": { "type": "LineString", "coordinates": [ [ -103.3475391, 20.2901862 ], [ -103.34736, 20.290114 ] ] } },
{ "type": "Feature", "properties": { "ID": 1729789, "TIPOVIA": "CALLE", "TIPO": "N/A", "NUMERO": "N/A", "DERE_TRAN": "N/A", "ADMINISTRA": "N/A", "NUME_CARR": "N/A", "CONDICION": "N/A", "ORIGEN": "BCU", "CALI_REPR": "N/A", "CVEGEO": "140500001", "NOMVIAL": "LIBERTAD", "SENTIDO": "UN SENTIDO", "LONGITUD": 18.76, "UNIDAD": "e14" }, "geometry": { "type": "LineString", "coordinates": [ [ -103.4145072, 20.2895854 ], [ -103.4143287, 20.2895612 ] ] } },
{ "type": "Feature", "properties": { "ID": 1729794, "TIPOVIA": "PRIVADA", "TIPO": "N/A", "NUMERO": "N/A", "DERE_TRAN": "N/A", "ADMINISTRA": "N/A", "NUME_CARR": "N/A", "CONDICION": "N/A", "ORIGEN": "BCU", "CALI_REPR": "N/A", "CVEGEO": "140500011", "NOMVIAL": "NINGUNO", "SENTIDO": "UN SENTIDO", "LONGITUD": 67.36, "UNIDAD": "e14" }, "geometry": { "type": "LineString", "coordinates": [ [ -103.3457141, 20.2900269 ], [ -103.3463263, 20.2902259 ] ] } },
{ "type": "Feature", "properties": { "ID": 1729809, "TIPOVIA": "PRIVADA", "TIPO": "N/A", "NUMERO": "N/A", "DERE_TRAN": "N/A", "ADMINISTRA": "N/A", "NUME_CARR": "N/A", "CONDICION": "N/A", "ORIGEN": "BCU", "CALI_REPR": "N/A", "CVEGEO": "140500001", "NOMVIAL": "ALDAMA", "SENTIDO": "UN SENTIDO", "LONGITUD": 109.63, "UNIDAD": "e14" }, "geometry": { "type": "LineString", "coordinates": [ [ -103.4257199, 20.2885659 ], [ -103.4256584, 20.2895584 ] ] } },
{ "type": "Feature", "properties": { "ID": 1729817, "TIPOVIA": "PROLONGACION", "TIPO": "N/A", "NUMERO": "N/A", "DERE_TRAN": "N/A", "ADMINISTRA": "N/A", "NUME_CARR": "N/A", "CONDICION": "N/A", "ORIGEN": "BCU", "CALI_REPR": "N/A", "CVEGEO": "140500001", "NOMVIAL": "MORELOS", "SENTIDO": "UN SENTIDO", "LONGITUD": 239.33, "UNIDAD": "e14" }, "geometry": { "type": "LineString", "coordinates": [ [ -103.4127202, 20.2897062 ], [ -103.4131474, 20.2895203 ], [ -103.4134971, 20.2892804 ], [ -103.413735, 20.2891293 ], [ -103.4139301, 20.2889959 ], [ -103.414065, 20.2888815 ], [ -103.4142304, 20.2887461 ], [ -103.4143854, 20.2886134 ], [ -103.414587, 20.2884585 ] ] } },
{ "type": "Feature", "properties": { "ID": 1729818, "TIPOVIA": "CALLE", "TIPO": "N/A", "NUMERO": "N/A", "DERE_TRAN": "N/A", "ADMINISTRA": "N/A", "NUME_CARR": "N/A", "CONDICION": "N/A", "ORIGEN": "BCU", "CALI_REPR": "N/A", "CVEGEO": "140500001", "NOMVIAL": "NINGUNO", "SENTIDO": "UN SENTIDO", "LONGITUD": 31.64, "UNIDAD": "e14" }, "geometry": { "type": "LineString", "coordinates": [ [ -103.4127202, 20.2897062 ], [ -103.4126364, 20.2894303 ] ] } },
{ "type": "Feature", "properties": { "ID": 1729820, "TIPOVIA": "CALLE", "TIPO": "N/A", "NUMERO": "N/A", "DERE_TRAN": "N/A", "ADMINISTRA": "N/A", "NUME_CARR": "N/A", "CONDICION": "N/A", "ORIGEN": "BCU", "CALI_REPR": "N/A", "CVEGEO": "140500011", "NOMVIAL": "CHRIS EVERT", "SENTIDO": "UN SENTIDO", "LONGITUD": 30.62, "UNIDAD": "e14" }, "geometry": { "type": "LineString", "coordinates": [ [ -103.3377392, 20.2901339 ], [ -103.3376257, 20.2903902 ] ] } },
{ "type": "Feature", "properties": { "ID": 1729821, "TIPOVIA": "OTRO", "TIPO": "N/A", "NUMERO": "N/A", "DERE_TRAN": "N/A", "ADMINISTRA": "N/A", "NUME_CARR": "N/A", "CONDICION": "N/A", "ORIGEN": "BCU", "CALI_REPR": "N/A", "CVEGEO": "140500002", "NOMVIAL": "NINGUNO", "SENTIDO": "N/A", "LONGITUD": 401.18, "UNIDAD": "e14" }, "geometry": { "type": "MultiLineString", "coordinates": [ [ [ -103.3886071, 20.2894425 ], [ -103.388756, 20.2894578 ], [ -103.3887813, 20.2894743 ] ], [ [ -103.3888881, 20.2896683 ], [ -103.3889058, 20.2897304 ], [ -103.3889591, 20.2897606 ] ], [ [ -103.3901659, 20.2897347 ], [ -103.390327, 20.2896422 ], [ -103.3908485, 20.2897569 ], [ -103.3909808, 20.2896647 ], [ -103.3912733, 20.2891317 ], [ -103.3915007, 20.2887368 ] ] ] } },
{ "type": "Feature", "properties": { "ID": 1729824, "TIPOVIA": "CALLE", "TIPO": "N/A", "NUMERO": "N/A", "DERE_TRAN": "N/A", "ADMINISTRA": "N/A", "NUME_CARR": "N/A", "CONDICION": "N/A", "ORIGEN": "BCU", "CALI_REPR": "N/A", "CVEGEO": "140500011", "NOMVIAL": "VICENTE GUERRERO", "SENTIDO": "UN SENTIDO", "LONGITUD": 94.64, "UNIDAD": "e14" }, "geometry": { "type": "LineString", "coordinates": [ [ -103.34216, 20.2903702 ], [ -103.3423748, 20.2895363 ] ] } },
{ "type": "Feature", "properties": { "ID": 1729825, "TIPOVIA": "CALLE", "TIPO": "N/A", "NUMERO": "N/A", "DERE_TRAN": "N/A", "ADMINISTRA": "N/A", "NUME_CARR": "N/A", "CONDICION": "N/A", "ORIGEN": "BCU", "CALI_REPR": "N/A", "CVEGEO": "140500001", "NOMVIAL": "NINGUNO", "SENTIDO": "UN SENTIDO", "LONGITUD": 2.98, "UNIDAD": "e14" }, "geometry": { "type": "LineString", "coordinates": [ [ -103.4127261, 20.2897327 ], [ -103.4127202, 20.2897062 ] ] } },
{ "type": "Feature", "properties": { "ID": 1729826, "TIPOVIA": "CALLE", "TIPO": "N/A", "NUMERO": "N/A", "DERE_TRAN": "N/A", "ADMINISTRA": "N/A", "NUME_CARR": "N/A", "CONDICION": "N/A", "ORIGEN": "BCU", "CALI_REPR": "N/A", "CVEGEO": "140500001", "NOMVIAL": "PORVENIR", "SENTIDO": "UN SENTIDO", "LONGITUD": 74.8, "UNIDAD": "e14" }, "geometry": { "type": "LineString", "coordinates": [ [ -103.4154143, 20.2897086 ], [ -103.4156222, 20.2890592 ] ] } },
{ "type": "Feature", "properties": { "ID": 1729827, "TIPOVIA": "CALLE", "TIPO": "N/A", "NUMERO": "N/A", "DERE_TRAN": "N/A", "ADMINISTRA": "N/A", "NUME_CARR": "N/A", "CONDICION": "N/A", "ORIGEN": "BCU", "CALI_REPR": "N/A", "CVEGEO": "140500001", "NOMVIAL": "LIBERTAD", "SENTIDO": "UN SENTIDO", "LONGITUD": 95.36, "UNIDAD": "e14" }, "geometry": { "type": "LineString", "coordinates": [ [ -103.4154143, 20.2897086 ], [ -103.4145072, 20.2895854 ] ] } },
{ "type": "Feature", "properties": { "ID": 1729840, "TIPOVIA": "PROLONGACION", "TIPO": "N/A", "NUMERO": "N/A", "DERE_TRAN": "N/A", "ADMINISTRA": "N/A", "NUME_CARR": "N/A", "CONDICION": "N/A", "ORIGEN": "BCU", "CALI_REPR": "N/A", "CVEGEO": "140500001", "NOMVIAL": "PEDRO MORENO", "SENTIDO": "UN SENTIDO", "LONGITUD": 51.7, "UNIDAD": "e14" }, "geometry": { "type": "LineString", "coordinates": [ [ -103.4263258, 20.2896205 ], [ -103.4263523, 20.2891523 ] ] } },
{ "type": "Feature", "properties": { "ID": 1729841, "TIPOVIA": "CALLE", "TIPO": "N/A", "NUMERO": "N/A", "DERE_TRAN": "N/A", "ADMINISTRA": "N/A", "NUME_CARR": "N/A", "CONDICION": "N/A", "ORIGEN": "BCU", "CALI_REPR": "N/A", "CVEGEO": "140500001", "NOMVIAL": "ÁNGELES", "SENTIDO": "UN SENTIDO", "LONGITUD": 69.78, "UNIDAD": "e14" }, "geometry": { "type": "LineString", "coordinates": [ [ -103.4256584, 20.2895584 ], [ -103.4263258, 20.2896205 ] ] } },
{ "type": "Feature", "properties": { "ID": 1729843, "TIPOVIA": "CALLE", "TIPO": "N/A", "NUMERO": "N/A", "DERE_TRAN": "N/A", "ADMINISTRA": "N/A", "NUME_CARR": "N/A", "CONDICION": "N/A", "ORIGEN": "BCU", "CALI_REPR": "N/A", "CVEGEO": "140500001", "NOMVIAL": "NIÑOS HÉROES NORTE", "SENTIDO": "UN SENTIDO", "LONGITUD": 119.78, "UNIDAD": "e14" }, "geometry": { "type": "LineString", "coordinates": [ [ -103.4343948, 20.2895455 ], [ -103.434596, 20.2884759 ] ] } },
{ "type": "Feature", "properties": { "ID": 1729844, "TIPOVIA": "CALLE", "TIPO": "N/A", "NUMERO": "N/A", "DERE_TRAN": "N/A", "ADMINISTRA": "N/A", "NUME_CARR": "N/A", "CONDICION": "N/A", "ORIGEN": "BCU", "CALI_REPR": "N/A", "CVEGEO": "140500001", "NOMVIAL": "ITURBIDE", "SENTIDO": "UN SENTIDO", "LONGITUD": 155.8, "UNIDAD": "e14" }, "geometry": { "type": "LineString", "coordinates": [ [ -103.4329063, 20.2893917 ], [ -103.4334362, 20.2894454 ], [ -103.4343948, 20.2895455 ] ] } },
{ "type": "Feature", "properties": { "ID": 1729846, "TIPOVIA": "PRIVADA", "TIPO": "N/A", "NUMERO": "N/A", "DERE_TRAN": "N/A", "ADMINISTRA": "N/A", "NUME_CARR": "N/A", "CONDICION": "N/A", "ORIGEN": "BCU", "CALI_REPR": "N/A", "CVEGEO": "140500002", "NOMVIAL": "NINGUNO", "SENTIDO": "UN SENTIDO", "LONGITUD": 36.87, "UNIDAD": "e14" }, "geometry": { "type": "LineString", "coordinates": [ [ -103.3931751, 20.289621 ], [ -103.3931376, 20.289695 ], [ -103.3931496, 20.2899471 ] ] } },
{ "type": "Feature", "properties": { "ID": 1729847, "TIPOVIA": "CALLE", "TIPO": "N/A", "NUMERO": "N/A", "DERE_TRAN": "N/A", "ADMINISTRA": "N/A", "NUME_CARR": "N/A", "CONDICION": "N/A", "ORIGEN": "BCU", "CALI_REPR": "N/A", "CVEGEO": "140500011", "NOMVIAL": "5 DE MAYO", "SENTIDO": "UN SENTIDO", "LONGITUD": 29.54, "UNIDAD": "e14" }, "geometry": { "type": "LineString", "coordinates": [ [ -103.34736, 20.290114 ], [ -103.3472503, 20.2903611 ] ] } },
{ "type": "Feature", "properties": { "ID": 1729856, "TIPOVIA": "PROLONGACION", "TIPO": "N/A", "NUMERO": "N/A", "DERE_TRAN": "N/A", "ADMINISTRA": "N/A", "NUME_CARR": "N/A", "CONDICION": "N/A", "ORIGEN": "BCU", "CALI_REPR": "N/A", "CVEGEO": "140500001", "NOMVIAL": "NICOLÁS BRAVO NORTE", "SENTIDO": "UN SENTIDO", "LONGITUD": 20.48, "UNIDAD": "e14" }, "geometry": { "type": "LineString", "coordinates": [ [ -103.4250632, 20.2896615 ], [ -103.4250654, 20.2894758 ] ] } },
{ "type": "Feature", "properties": { "ID": 1729859, "TIPOVIA": "CALLE", "TIPO": "N/A", "NUMERO": "N/A", "DERE_TRAN": "N/A", "ADMINISTRA": "N/A", "NUME_CARR": "N/A", "CONDICION": "N/A", "ORIGEN": "BCU", "CALI_REPR": "N/A", "CVEGEO": "140500011", "NOMVIAL": "ZARAGOZA", "SENTIDO": "UN SENTIDO", "LONGITUD": 163.18, "UNIDAD": "e14" }, "geometry": { "type": "LineString", "coordinates": [ [ -103.3488702, 20.2899164 ], [ -103.3502128, 20.2903232 ], [ -103.3503685, 20.2903493 ] ] } },
{ "type": "Feature", "properties": { "ID": 1729860, "TIPOVIA": "PRIVADA", "TIPO": "N/A", "NUMERO": "N/A", "DERE_TRAN": "N/A", "ADMINISTRA": "N/A", "NUME_CARR": "N/A", "CONDICION": "N/A", "ORIGEN": "BCU", "CALI_REPR": "N/A", "CVEGEO": "140500001", "NOMVIAL": "ALDAMA", "SENTIDO": "UN SENTIDO", "LONGITUD": 11.97, "UNIDAD": "e14" }, "geometry": { "type": "LineString", "coordinates": [ [ -103.4256584, 20.2895584 ], [ -103.425656, 20.2896669 ] ] } },
{ "type": "Feature", "properties": { "ID": 1729861, "TIPOVIA": "CALLE", "TIPO": "N/A", "NUMERO": "N/A", "DERE_TRAN": "N/A", "ADMINISTRA": "N/A", "NUME_CARR": "N/A", "CONDICION": "N/A", "ORIGEN": "BCU", "CALI_REPR": "N/A", "CVEGEO": "140500001", "NOMVIAL": "NINGUNO", "SENTIDO": "UN SENTIDO", "LONGITUD": 61.68, "UNIDAD": "e14" }, "geometry": { "type": "LineString", "coordinates": [ [ -103.425656, 20.2896669 ], [ -103.4250632, 20.2896615 ] ] } },
{ "type": "Feature", "properties": { "ID": 1729863, "TIPOVIA": "CALLE", "TIPO": "N/A", "NUMERO": "N/A", "DERE_TRAN": "N/A", "ADMINISTRA": "N/A", "NUME_CARR": "N/A", "CONDICION": "N/A", "ORIGEN": "BCU", "CALI_REPR": "N/A", "CVEGEO": "140500002", "NOMVIAL": "CUAUHTÉMOC", "SENTIDO": "UN SENTIDO", "LONGITUD": 90.3, "UNIDAD": "e14" }, "geometry": { "type": "LineString", "coordinates": [ [ -103.3931751, 20.289621 ], [ -103.3923986, 20.2899867 ] ] } },
{ "type": "Feature", "properties": { "ID": 1729880, "TIPOVIA": "CALLE", "TIPO": "N/A", "NUMERO": "N/A", "DERE_TRAN": "N/A", "ADMINISTRA": "N/A", "NUME_CARR": "N/A", "CONDICION": "N/A", "ORIGEN": "BCU", "CALI_REPR": "N/A", "CVEGEO": "140500011", "NOMVIAL": "EL DOMINGUILLO", "SENTIDO": "UN SENTIDO", "LONGITUD": 47.1, "UNIDAD": "e14" }, "geometry": { "type": "LineString", "coordinates": [ [ -103.34216, 20.2903702 ], [ -103.3425991, 20.2904743 ] ] } },
{ "type": "Feature", "properties": { "ID": 1729882, "TIPOVIA": "CALLE", "TIPO": "N/A", "NUMERO": "N/A", "DERE_TRAN": "N/A", "ADMINISTRA": "N/A", "NUME_CARR": "N/A", "CONDICION": "N/A", "ORIGEN": "BCU", "CALI_REPR": "N/A", "CVEGEO": "140500001", "NOMVIAL": "CHUECA", "SENTIDO": "UN SENTIDO", "LONGITUD": 45.86, "UNIDAD": "e14" }, "geometry": { "type": "LineString", "coordinates": [ [ -103.4104392, 20.2894495 ], [ -103.4104264, 20.2898652 ] ] } },
{ "type": "Feature", "properties": { "ID": 1729883, "TIPOVIA": "CALLE", "TIPO": "N/A", "NUMERO": "N/A", "DERE_TRAN": "N/A", "ADMINISTRA": "N/A", "NUME_CARR": "N/A", "CONDICION": "N/A", "ORIGEN": "BCU", "CALI_REPR": "N/A", "CVEGEO": "140500002", "NOMVIAL": "PROLONGACIÓN MORELOS", "SENTIDO": "UN SENTIDO", "LONGITUD": 577.69, "UNIDAD": "e14" }, "geometry": { "type": "LineString", "coordinates": [ [ -103.4048896, 20.2895074 ], [ -103.4062403, 20.289599 ], [ -103.4066001, 20.2896189 ], [ -103.4086793, 20.2896925 ], [ -103.4104264, 20.2898652 ] ] } },
{ "type": "Feature", "properties": { "ID": 1729887, "TIPOVIA": "CALLE", "TIPO": "N/A", "NUMERO": "N/A", "DERE_TRAN": "N/A", "ADMINISTRA": "N/A", "NUME_CARR": "N/A", "CONDICION": "N/A", "ORIGEN": "BCU", "CALI_REPR": "N/A", "CVEGEO": "140500011", "NOMVIAL": "MINA", "SENTIDO": "UN SENTIDO", "LONGITUD": 89.08, "UNIDAD": "e14" }, "geometry": { "type": "LineString", "coordinates": [ [ -103.3507411, 20.2904118 ], [ -103.3508435, 20.2896098 ] ] } },
{ "type": "Feature", "properties": { "ID": 1729888, "TIPOVIA": "CALLE", "TIPO": "N/A", "NUMERO": "N/A", "DERE_TRAN": "N/A", "ADMINISTRA": "N/A", "NUME_CARR": "N/A", "CONDICION": "N/A", "ORIGEN": "BCU", "CALI_REPR": "N/A", "CVEGEO": "140500011", "NOMVIAL": "ZARAGOZA", "SENTIDO": "UN SENTIDO", "LONGITUD": 39.37, "UNIDAD": "e14" }, "geometry": { "type": "LineString", "coordinates": [ [ -103.3503685, 20.2903493 ], [ -103.3507411, 20.2904118 ] ] } },
{ "type": "Feature", "properties": { "ID": 1729893, "TIPOVIA": "CALLE", "TIPO": "N/A", "NUMERO": "N/A", "DERE_TRAN": "N/A", "ADMINISTRA": "N/A", "NUME_CARR": "N/A", "CONDICION": "N/A", "ORIGEN": "BCU", "CALI_REPR": "N/A", "CVEGEO": "140500011", "NOMVIAL": "RAÚL RAMÍREZ", "SENTIDO": "UN SENTIDO", "LONGITUD": 96.48, "UNIDAD": "e14" }, "geometry": { "type": "LineString", "coordinates": [ [ -103.3319591, 20.2905897 ], [ -103.3319761, 20.2905476 ], [ -103.3322689, 20.289765 ] ] } },
{ "type": "Feature", "properties": { "ID": 1729894, "TIPOVIA": "CALLE", "TIPO": "N/A", "NUMERO": "N/A", "DERE_TRAN": "N/A", "ADMINISTRA": "N/A", "NUME_CARR": "N/A", "CONDICION": "N/A", "ORIGEN": "BCU", "CALI_REPR": "N/A", "CVEGEO": "140500011", "NOMVIAL": "JIMMY CONNORS", "SENTIDO": "UN SENTIDO", "LONGITUD": 119.32, "UNIDAD": "e14" }, "geometry": { "type": "LineString", "coordinates": [ [ -103.3308841, 20.2902133 ], [ -103.3312251, 20.2903315 ], [ -103.3316156, 20.2904702 ], [ -103.3318875, 20.290568 ], [ -103.3319591, 20.2905897 ] ] } },
{ "type": "Feature", "properties": { "ID": 1729895, "TIPOVIA": "CALLE", "TIPO": "N/A", "NUMERO": "N/A", "DERE_TRAN": "N/A", "ADMINISTRA": "N/A", "NUME_CARR": "N/A", "CONDICION": "N/A", "ORIGEN": "BCU", "CALI_REPR": "N/A", "CVEGEO": "140500001", "NOMVIAL": "MATAMOROS NORTE", "SENTIDO": "UN SENTIDO", "LONGITUD": 54.3, "UNIDAD": "e14" }, "geometry": { "type": "LineString", "coordinates": [ [ -103.4274407, 20.2897268 ], [ -103.4275269, 20.2892411 ] ] } },
{ "type": "Feature", "properties": { "ID": 1729896, "TIPOVIA": "CALLE", "TIPO": "N/A", "NUMERO": "N/A", "DERE_TRAN": "N/A", "ADMINISTRA": "N/A", "NUME_CARR": "N/A", "CONDICION": "N/A", "ORIGEN": "BCU", "CALI_REPR": "N/A", "CVEGEO": "140500001", "NOMVIAL": "ÁNGELES", "SENTIDO": "UN SENTIDO", "LONGITUD": 116.6, "UNIDAD": "e14" }, "geometry": { "type": "LineString", "coordinates": [ [ -103.4263258, 20.2896205 ], [ -103.4271527, 20.2896975 ], [ -103.4274407, 20.2897268 ] ] } },
{ "type": "Feature", "properties": { "ID": 1729904, "TIPOVIA": "CALLE", "TIPO": "N/A", "NUMERO": "N/A", "DERE_TRAN": "N/A", "ADMINISTRA": "N/A", "NUME_CARR": "N/A", "CONDICION": "N/A", "ORIGEN": "BCU", "CALI_REPR": "N/A", "CVEGEO": "140500011", "NOMVIAL": "DEL CARDENAL NORTE", "SENTIDO": "UN SENTIDO", "LONGITUD": 35.67, "UNIDAD": "e14" }, "geometry": { "type": "LineString", "coordinates": [ [ -103.3400676, 20.2902204 ], [ -103.3400476, 20.2903864 ], [ -103.34003, 20.290542 ] ] } },
{ "type": "Feature", "properties": { "ID": 1729905, "TIPOVIA": "CALLE", "TIPO": "N/A", "NUMERO": "N/A", "DERE_TRAN": "N/A", "ADMINISTRA": "N/A", "NUME_CARR": "N/A", "CONDICION": "N/A", "ORIGEN": "BCU", "CALI_REPR": "N/A", "CVEGEO": "140500001", "NOMVIAL": "INDEPENDENCIA NORTE", "SENTIDO": "UN SENTIDO", "LONGITUD": 44.83, "UNIDAD": "e14" }, "geometry": { "type": "LineString", "coordinates": [ [ -103.4319665, 20.2893038 ], [ -103.4319081, 20.2897066 ] ] } },
{ "type": "Feature", "properties": { "ID": 1729916, "TIPOVIA": "CALLE", "TIPO": "N/A", "NUMERO": "N/A", "DERE_TRAN": "N/A", "ADMINISTRA": "N/A", "NUME_CARR": "N/A", "CONDICION": "N/A", "ORIGEN": "BCU", "CALI_REPR": "N/A", "CVEGEO": "140500011", "NOMVIAL": "NINGUNO", "SENTIDO": "UN SENTIDO", "LONGITUD": 50.19, "UNIDAD": "e14" }, "geometry": { "type": "LineString", "coordinates": [ [ -103.3425991, 20.2904743 ], [ -103.3421225, 20.2905443 ] ] } },
{ "type": "Feature", "properties": { "ID": 1729917, "TIPOVIA": "CALLE", "TIPO": "N/A", "NUMERO": "N/A", "DERE_TRAN": "N/A", "ADMINISTRA": "N/A", "NUME_CARR": "N/A", "CONDICION": "N/A", "ORIGEN": "BCU", "CALI_REPR": "N/A", "CVEGEO": "140500011", "NOMVIAL": "VICENTE GUERRERO", "SENTIDO": "UN SENTIDO", "LONGITUD": 19.58, "UNIDAD": "e14" }, "geometry": { "type": "LineString", "coordinates": [ [ -103.3421225, 20.2905443 ], [ -103.34216, 20.2903702 ] ] } },
{ "type": "Feature", "properties": { "ID": 1729923, "TIPOVIA": "PRIVADA", "TIPO": "N/A", "NUMERO": "N/A", "DERE_TRAN": "N/A", "ADMINISTRA": "N/A", "NUME_CARR": "N/A", "CONDICION": "N/A", "ORIGEN": "BCU", "CALI_REPR": "N/A", "CVEGEO": "140500001", "NOMVIAL": "DE LOS ÁNGELES", "SENTIDO": "UN SENTIDO", "LONGITUD": 40.51, "UNIDAD": "e14" }, "geometry": { "type": "LineString", "coordinates": [ [ -103.4274407, 20.2897268 ], [ -103.4278255, 20.289783 ] ] } },
{ "type": "Feature", "properties": { "ID": 1729924, "TIPOVIA": "PRIVADA", "TIPO": "N/A", "NUMERO": "N/A", "DERE_TRAN": "N/A", "ADMINISTRA": "N/A", "NUME_CARR": "N/A", "CONDICION": "N/A", "ORIGEN": "BCU", "CALI_REPR": "N/A", "CVEGEO": "140500011", "NOMVIAL": "NINGUNO", "SENTIDO": "UN SENTIDO", "LONGITUD": 34.3, "UNIDAD": "e14" }, "geometry": { "type": "LineString", "coordinates": [ [ -103.3403567, 20.2905845 ], [ -103.34003, 20.290542 ] ] } },
{ "type": "Feature", "properties": { "ID": 1729929, "TIPOVIA": "CALLE", "TIPO": "N/A", "NUMERO": "N/A", "DERE_TRAN": "N/A", "ADMINISTRA": "N/A", "NUME_CARR": "N/A", "CONDICION": "N/A", "ORIGEN": "BCU", "CALI_REPR": "N/A", "CVEGEO": "140500011", "NOMVIAL": "ROD LOVER", "SENTIDO": "UN SENTIDO", "LONGITUD": 163.96, "UNIDAD": "e14" }, "geometry": { "type": "LineString", "coordinates": [ [ -103.3352244, 20.2902182 ], [ -103.3353614, 20.2902405 ], [ -103.3359425, 20.290372 ], [ -103.3367383, 20.2906236 ] ] } },
{ "type": "Feature", "properties": { "ID": 1729935, "TIPOVIA": "CALLE", "TIPO": "N/A", "NUMERO": "N/A", "DERE_TRAN": "N/A", "ADMINISTRA": "N/A", "NUME_CARR": "N/A", "CONDICION": "N/A", "ORIGEN": "BCU", "CALI_REPR": "N/A", "CVEGEO": "140500001", "NOMVIAL": "ZARAGOZA NORTE", "SENTIDO": "UN SENTIDO", "LONGITUD": 113.03, "UNIDAD": "e14" }, "geometry": { "type": "LineString", "coordinates": [ [ -103.4356424, 20.2897364 ], [ -103.4358513, 20.2887306 ] ] } },
{ "type": "Feature", "properties": { "ID": 1729936, "TIPOVIA": "CALLE", "TIPO": "N/A", "NUMERO": "N/A", "DERE_TRAN": "N/A", "ADMINISTRA": "N/A", "NUME_CARR": "N/A", "CONDICION": "N/A", "ORIGEN": "BCU", "CALI_REPR": "N/A", "CVEGEO": "140500001", "NOMVIAL": "ITURBIDE", "SENTIDO": "UN SENTIDO", "LONGITUD": 131.5, "UNIDAD": "e14" }, "geometry": { "type": "LineString", "coordinates": [ [ -103.4343948, 20.2895455 ], [ -103.4356424, 20.2897364 ] ] } },
{ "type": "Feature", "properties": { "ID": 1729944, "TIPOVIA": "CALLE", "TIPO": "N/A", "NUMERO": "N/A", "DERE_TRAN": "N/A", "ADMINISTRA": "N/A", "NUME_CARR": "N/A", "CONDICION": "N/A", "ORIGEN": "BCU", "CALI_REPR": "N/A", "CVEGEO": "140500011", "NOMVIAL": "LA PUERTA", "SENTIDO": "UN SENTIDO", "LONGITUD": 86.18, "UNIDAD": "e14" }, "geometry": { "type": "LineString", "coordinates": [ [ -103.3517628, 20.2905256 ], [ -103.351808, 20.2903655 ], [ -103.3519084, 20.2898204 ], [ -103.3519286, 20.2897608 ] ] } },
{ "type": "Feature", "properties": { "ID": 1729945, "TIPOVIA": "CALLE", "TIPO": "N/A", "NUMERO": "N/A", "DERE_TRAN": "N/A", "ADMINISTRA": "N/A", "NUME_CARR": "N/A", "CONDICION": "N/A", "ORIGEN": "BCU", "CALI_REPR": "N/A", "CVEGEO": "140500011", "NOMVIAL": "ZARAGOZA", "SENTIDO": "UN SENTIDO", "LONGITUD": 107.15, "UNIDAD": "e14" }, "geometry": { "type": "LineString", "coordinates": [ [ -103.3507411, 20.2904118 ], [ -103.3513218, 20.2904978 ], [ -103.3517628, 20.2905256 ] ] } },
{ "type": "Feature", "properties": { "ID": 1729948, "TIPOVIA": "CALLE", "TIPO": "N/A", "NUMERO": "N/A", "DERE_TRAN": "N/A", "ADMINISTRA": "N/A", "NUME_CARR": "N/A", "CONDICION": "N/A", "ORIGEN": "BCU", "CALI_REPR": "N/A", "CVEGEO": "140500011", "NOMVIAL": "MATAMOROS", "SENTIDO": "UN SENTIDO", "LONGITUD": 114.11, "UNIDAD": "e14" }, "geometry": { "type": "LineString", "coordinates": [ [ -103.3475751, 20.2905665 ], [ -103.3480619, 20.2896392 ] ] } },
{ "type": "Feature", "properties": { "ID": 1729956, "TIPOVIA": "PRIVADA", "TIPO": "N/A", "NUMERO": "N/A", "DERE_TRAN": "N/A", "ADMINISTRA": "N/A", "NUME_CARR": "N/A", "CONDICION": "N/A", "ORIGEN": "BCU", "CALI_REPR": "N/A", "CVEGEO": "140500011", "NOMVIAL": "NINGUNO", "SENTIDO": "UN SENTIDO", "LONGITUD": 51.41, "UNIDAD": "e14" }, "geometry": { "type": "LineString", "coordinates": [ [ -103.3572014, 20.2900443 ], [ -103.3571708, 20.2904076 ], [ -103.3571281, 20.290501 ] ] } },
{ "type": "Feature", "properties": { "ID": 1729957, "TIPOVIA": "CARRETERA", "TIPO": "N/A", "NUMERO": "23", "DERE_TRAN": "LIBRE", "ADMINISTRA": "FEDERAL", "NUME_CARR": "N/A", "CONDICION": "N/A", "ORIGEN": "BCU", "CALI_REPR": "N/A", "CVEGEO": "140500011", "NOMVIAL": "JOCOTEPEC-CHAPALA", "SENTIDO": "UN SENTIDO", "LONGITUD": 547.28, "UNIDAD": "e14" }, "geometry": { "type": "LineString", "coordinates": [ [ -103.3519286, 20.2897608 ], [ -103.353511, 20.2900311 ], [ -103.3550763, 20.2902114 ], [ -103.3552466, 20.290231 ], [ -103.3571281, 20.290501 ] ] } },
{ "type": "Feature", "properties": { "ID": 1729963, "TIPOVIA": "CALLE", "TIPO": "N/A", "NUMERO": "N/A", "DERE_TRAN": "N/A", "ADMINISTRA": "N/A", "NUME_CARR": "N/A", "CONDICION": "N/A", "ORIGEN": "BCU", "CALI_REPR": "N/A", "CVEGEO": "140500001", "NOMVIAL": "RIVERA DEL LAGO", "SENTIDO": "UN SENTIDO", "LONGITUD": 245.42, "UNIDAD": "e14" }, "geometry": { "type": "LineString", "coordinates": [ [ -103.4104264, 20.2898652 ], [ -103.4118676, 20.2900145 ], [ -103.4122711, 20.2898809 ], [ -103.4127261, 20.2897327 ] ] } },
{ "type": "Feature", "properties": { "ID": 1729964, "TIPOVIA": "PRIVADA", "TIPO": "N/A", "NUMERO": "N/A", "DERE_TRAN": "N/A", "ADMINISTRA": "N/A", "NUME_CARR": "N/A", "CONDICION": "N/A", "ORIGEN": "BCU", "CALI_REPR": "N/A", "CVEGEO": "140500011", "NOMVIAL": "NINGUNO", "SENTIDO": "UN SENTIDO", "LONGITUD": 25.42, "UNIDAD": "e14" }, "geometry": { "type": "LineString", "coordinates": [ [ -103.3503685, 20.2903493 ], [ -103.3503409, 20.2905784 ] ] } },
{ "type": "Feature", "properties": { "ID": 1729965, "TIPOVIA": "CALLE", "TIPO": "N/A", "NUMERO": "N/A", "DERE_TRAN": "N/A", "ADMINISTRA": "N/A", "NUME_CARR": "N/A", "CONDICION": "N/A", "ORIGEN": "BCU", "CALI_REPR": "N/A", "CVEGEO": "140500001", "NOMVIAL": "RICO NORTE", "SENTIDO": "UN SENTIDO", "LONGITUD": 76.36, "UNIDAD": "e14" }, "geometry": { "type": "LineString", "coordinates": [ [ -103.4173558, 20.2899721 ], [ -103.4174534, 20.2892858 ] ] } },
{ "type": "Feature", "properties": { "ID": 1729966, "TIPOVIA": "CALLE", "TIPO": "N/A", "NUMERO": "N/A", "DERE_TRAN": "N/A", "ADMINISTRA": "N/A", "NUME_CARR": "N/A", "CONDICION": "N/A", "ORIGEN": "BCU", "CALI_REPR": "N/A", "CVEGEO": "140500001", "NOMVIAL": "LIBERTAD", "SENTIDO": "UN SENTIDO", "LONGITUD": 204.09, "UNIDAD": "e14" }, "geometry": { "type": "LineString", "coordinates": [ [ -103.4173558, 20.2899721 ], [ -103.4161352, 20.2898064 ], [ -103.4154143, 20.2897086 ] ] } },
{ "type": "Feature", "properties": { "ID": 1729967, "TIPOVIA": "CALLE", "TIPO": "N/A", "NUMERO": "23", "DERE_TRAN": "LIBRE", "ADMINISTRA": "FEDERAL", "NUME_CARR": "N/A", "CONDICION": "N/A", "ORIGEN": "BCU", "CALI_REPR": "N/A", "CVEGEO": "140500001", "NOMVIAL": "EL CHANTE", "SENTIDO": "UN SENTIDO", "LONGITUD": 84.2, "UNIDAD": "e14" }, "geometry": { "type": "LineString", "coordinates": [ [ -103.4143287, 20.2895612 ], [ -103.4141526, 20.2896785 ], [ -103.4136754, 20.2900117 ] ] } },
{ "type": "Feature", "properties": { "ID": 1729971, "TIPOVIA": "CALLE", "TIPO": "N/A", "NUMERO": "N/A", "DERE_TRAN": "N/A", "ADMINISTRA": "N/A", "NUME_CARR": "N/A", "CONDICION": "N/A", "ORIGEN": "BCU", "CALI_REPR": "N/A", "CVEGEO": "140500001", "NOMVIAL": "LÓPEZ RAYÓN", "SENTIDO": "UN SENTIDO", "LONGITUD": 49.46, "UNIDAD": "e14" }, "geometry": { "type": "LineString", "coordinates": [ [ -103.4328397, 20.2898358 ], [ -103.4329063, 20.2893917 ] ] } },
{ "type": "Feature", "properties": { "ID": 1729972, "TIPOVIA": "CALLE", "TIPO": "N/A", "NUMERO": "N/A", "DERE_TRAN": "N/A", "ADMINISTRA": "N/A", "NUME_CARR": "N/A", "CONDICION": "N/A", "ORIGEN": "BCU", "CALI_REPR": "N/A", "CVEGEO": "140500001", "NOMVIAL": "ITURBIDE", "SENTIDO": "UN SENTIDO", "LONGITUD": 97.97, "UNIDAD": "e14" }, "geometry": { "type": "LineString", "coordinates": [ [ -103.4319081, 20.2897066 ], [ -103.4328397, 20.2898358 ] ] } },
{ "type": "Feature", "properties": { "ID": 1729975, "TIPOVIA": "PRIVADA", "TIPO": "N/A", "NUMERO": "N/A", "DERE_TRAN": "N/A", "ADMINISTRA": "N/A", "NUME_CARR": "N/A", "CONDICION": "N/A", "ORIGEN": "BCU", "CALI_REPR": "N/A", "CVEGEO": "140500002", "NOMVIAL": "NINGUNO", "SENTIDO": "UN SENTIDO", "LONGITUD": 83.11, "UNIDAD": "e14" }, "geometry": { "type": "LineString", "coordinates": [ [ -103.4009146, 20.2901527 ], [ -103.4009398, 20.2893994 ] ] } },
{ "type": "Feature", "properties": { "ID": 1729978, "TIPOVIA": "PRIVADA", "TIPO": "N/A", "NUMERO": "N/A", "DERE_TRAN": "N/A", "ADMINISTRA": "N/A", "NUME_CARR": "N/A", "CONDICION": "N/A", "ORIGEN": "BCU", "CALI_REPR": "N/A", "CVEGEO": "140500002", "NOMVIAL": "NINGUNO", "SENTIDO": "UN SENTIDO", "LONGITUD": 87.13, "UNIDAD": "e14" }, "geometry": { "type": "LineString", "coordinates": [ [ -103.4004748, 20.2901642 ], [ -103.4005713, 20.2893794 ] ] } },
{ "type": "Feature", "properties": { "ID": 1729980, "TIPOVIA": "PRIVADA", "TIPO": "N/A", "NUMERO": "N/A", "DERE_TRAN": "N/A", "ADMINISTRA": "N/A", "NUME_CARR": "N/A", "CONDICION": "N/A", "ORIGEN": "BCU", "CALI_REPR": "N/A", "CVEGEO": "140500002", "NOMVIAL": "NINGUNO", "SENTIDO": "UN SENTIDO", "LONGITUD": 64.83, "UNIDAD": "e14" }, "geometry": { "type": "LineString", "coordinates": [ [ -103.3948804, 20.2896444 ], [ -103.3947784, 20.2902244 ] ] } },
{ "type": "Feature", "properties": { "ID": 1729981, "TIPOVIA": "CALLE", "TIPO": "N/A", "NUMERO": "N/A", "DERE_TRAN": "N/A", "ADMINISTRA": "N/A", "NUME_CARR": "N/A", "CONDICION": "N/A", "ORIGEN": "BCU", "CALI_REPR": "N/A", "CVEGEO": "140500001", "NOMVIAL": "CRISTÓBAL COLÓN NORTE", "SENTIDO": "UN SENTIDO", "LONGITUD": 125.96, "UNIDAD": "e14" }, "geometry": { "type": "LineString", "coordinates": [ [ -103.4182828, 20.2888919 ], [ -103.4182605, 20.2890578 ], [ -103.4181306, 20.2900251 ] ] } },
{ "type": "Feature", "properties": { "ID": 1729982, "TIPOVIA": "CALLE", "TIPO": "N/A", "NUMERO": "N/A", "DERE_TRAN": "N/A", "ADMINISTRA": "N/A", "NUME_CARR": "N/A", "CONDICION": "N/A", "ORIGEN": "BCU", "CALI_REPR": "N/A", "CVEGEO": "140500001", "NOMVIAL": "LIBERTAD", "SENTIDO": "UN SENTIDO", "LONGITUD": 80.82, "UNIDAD": "e14" }, "geometry": { "type": "LineString", "coordinates": [ [ -103.4181306, 20.2900251 ], [ -103.4173558, 20.2899721 ] ] } },
{ "type": "Feature", "properties": { "ID": 1729985, "TIPOVIA": "CALLE", "TIPO": "N/A", "NUMERO": "N/A", "DERE_TRAN": "N/A", "ADMINISTRA": "N/A", "NUME_CARR": "N/A", "CONDICION": "N/A", "ORIGEN": "BCU", "CALI_REPR": "N/A", "CVEGEO": "140500011", "NOMVIAL": "TOÑO PALAFOX", "SENTIDO": "UN SENTIDO", "LONGITUD": 91.3, "UNIDAD": "e14" }, "geometry": { "type": "LineString", "coordinates": [ [ -103.3335063, 20.2908015 ], [ -103.3337178, 20.2899979 ] ] } },
{ "type": "Feature", "properties": { "ID": 1729986, "TIPOVIA": "CALLE", "TIPO": "N/A", "NUMERO": "N/A", "DERE_TRAN": "N/A", "ADMINISTRA": "N/A", "NUME_CARR": "N/A", "CONDICION": "N/A", "ORIGEN": "BCU", "CALI_REPR": "N/A", "CVEGEO": "140500011", "NOMVIAL": "JIMMY CONNORS", "SENTIDO": "UN SENTIDO", "LONGITUD": 162.81, "UNIDAD": "e14" }, "geometry": { "type": "LineString", "coordinates": [ [ -103.3319591, 20.2905897 ], [ -103.332046, 20.290616 ], [ -103.3323839, 20.2906575 ], [ -103.3330137, 20.2907342 ], [ -103.3335063, 20.2908015 ] ] } },
{ "type": "Feature", "properties": { "ID": 1729989, "TIPOVIA": "CALLE", "TIPO": "N/A", "NUMERO": "N/A", "DERE_TRAN": "N/A", "ADMINISTRA": "N/A", "NUME_CARR": "N/A", "CONDICION": "N/A", "ORIGEN": "BCU", "CALI_REPR": "N/A", "CVEGEO": "140500001", "NOMVIAL": "JOSEFA ORTIZ DE DOMÍNGUEZ NORTE", "SENTIDO": "UN SENTIDO", "LONGITUD": 79.71, "UNIDAD": "e14" }, "geometry": { "type": "LineString", "coordinates": [ [ -103.4307473, 20.2899338 ], [ -103.4308147, 20.2892138 ] ] } },
{ "type": "Feature", "properties": { "ID": 1729990, "TIPOVIA": "CALLE", "TIPO": "N/A", "NUMERO": "N/A", "DERE_TRAN": "N/A", "ADMINISTRA": "N/A", "NUME_CARR": "N/A", "CONDICION": "N/A", "ORIGEN": "BCU", "CALI_REPR": "N/A", "CVEGEO": "140500001", "NOMVIAL": "ALDAMA PONIENTE", "SENTIDO": "UN SENTIDO", "LONGITUD": 121.76, "UNIDAD": "e14" }, "geometry": { "type": "LineString", "coordinates": [ [ -103.4307473, 20.2899338 ], [ -103.429829, 20.2892495 ] ] } },
{ "type": "Feature", "properties": { "ID": 1729995, "TIPOVIA": "CALLE", "TIPO": "N/A", "NUMERO": "N/A", "DERE_TRAN": "N/A", "ADMINISTRA": "N/A", "NUME_CARR": "N/A", "CONDICION": "N/A", "ORIGEN": "BCU", "CALI_REPR": "N/A", "CVEGEO": "140500011", "NOMVIAL": "EL DOMINGUILLO", "SENTIDO": "UN SENTIDO", "LONGITUD": 112.99, "UNIDAD": "e14" }, "geometry": { "type": "LineString", "coordinates": [ [ -103.3425991, 20.2904743 ], [ -103.3436486, 20.2907378 ] ] } },
{ "type": "Feature", "properties": { "ID": 1729996, "TIPOVIA": "CALLE", "TIPO": "N/A", "NUMERO": "N/A", "DERE_TRAN": "N/A", "ADMINISTRA": "N/A", "NUME_CARR": "N/A", "CONDICION": "N/A", "ORIGEN": "BCU", "CALI_REPR": "N/A", "CVEGEO": "140500001", "NOMVIAL": "LÁZARO CÁRDENAS", "SENTIDO": "UN SENTIDO", "LONGITUD": 108.97, "UNIDAD": "e14" }, "geometry": { "type": "LineString", "coordinates": [ [ -103.4366542, 20.2898913 ], [ -103.4367937, 20.2889319 ], [ -103.4367961, 20.2889122 ] ] } },
{ "type": "Feature", "properties": { "ID": 1729997, "TIPOVIA": "CALLE", "TIPO": "N/A", "NUMERO": "N/A", "DERE_TRAN": "N/A", "ADMINISTRA": "N/A", "NUME_CARR": "N/A", "CONDICION": "N/A", "ORIGEN": "BCU", "CALI_REPR": "N/A", "CVEGEO": "140500001", "NOMVIAL": "ITURBIDE", "SENTIDO": "UN SENTIDO", "LONGITUD": 106.65, "UNIDAD": "e14" }, "geometry": { "type": "LineString", "coordinates": [ [ -103.4356424, 20.2897364 ], [ -103.4366542, 20.2898913 ] ] } },
{ "type": "Feature", "properties": { "ID": 1730006, "TIPOVIA": "CARRETERA", "TIPO": "N/A", "NUMERO": "23", "DERE_TRAN": "LIBRE", "ADMINISTRA": "FEDERAL", "NUME_CARR": "N/A", "CONDICION": "N/A", "ORIGEN": "BCU", "CALI_REPR": "N/A", "CVEGEO": "140500011", "NOMVIAL": "JOCOTEPEC-CHAPALA", "SENTIDO": "UN SENTIDO", "LONGITUD": 84.01, "UNIDAD": "e14" }, "geometry": { "type": "LineString", "coordinates": [ [ -103.3571281, 20.290501 ], [ -103.3579228, 20.2906357 ] ] } },
{ "type": "Feature", "properties": { "ID": 1730008, "TIPOVIA": "CALLE", "TIPO": "N/A", "NUMERO": "N/A", "DERE_TRAN": "N/A", "ADMINISTRA": "N/A", "NUME_CARR": "N/A", "CONDICION": "N/A", "ORIGEN": "BCU", "CALI_REPR": "N/A", "CVEGEO": "140500011", "NOMVIAL": "CHRIS EVERT", "SENTIDO": "UN SENTIDO", "LONGITUD": 57.65, "UNIDAD": "e14" }, "geometry": { "type": "LineString", "coordinates": [ [ -103.3376257, 20.2903902 ], [ -103.3374037, 20.2908058 ], [ -103.3373467, 20.2908258 ] ] } },
{ "type": "Feature", "properties": { "ID": 1730009, "TIPOVIA": "CALLE", "TIPO": "N/A", "NUMERO": "N/A", "DERE_TRAN": "N/A", "ADMINISTRA": "N/A", "NUME_CARR": "N/A", "CONDICION": "N/A", "ORIGEN": "BCU", "CALI_REPR": "N/A", "CVEGEO": "140500011", "NOMVIAL": "ROD LOVER", "SENTIDO": "UN SENTIDO", "LONGITUD": 68.03, "UNIDAD": "e14" }, "geometry": { "type": "LineString", "coordinates": [ [ -103.3367383, 20.2906236 ], [ -103.3372309, 20.2908276 ], [ -103.3373467, 20.2908258 ] ] } },
{ "type": "Feature", "properties": { "ID": 1730010, "TIPOVIA": "PRIVADA", "TIPO": "N/A", "NUMERO": "N/A", "DERE_TRAN": "N/A", "ADMINISTRA": "N/A", "NUME_CARR": "N/A", "CONDICION": "N/A", "ORIGEN": "BCU", "CALI_REPR": "N/A", "CVEGEO": "140500001", "NOMVIAL": "DE INDEPENDENCIA NORTE", "SENTIDO": "UN SENTIDO", "LONGITUD": 83.75, "UNIDAD": "e14" }, "geometry": { "type": "LineString", "coordinates": [ [ -103.4328397, 20.2898358 ], [ -103.4336352, 20.2899518 ] ] } },
{ "type": "Feature", "properties": { "ID": 1730016, "TIPOVIA": "CALLE", "TIPO": "N/A", "NUMERO": "N/A", "DERE_TRAN": "N/A", "ADMINISTRA": "N/A", "NUME_CARR": "N/A", "CONDICION": "N/A", "ORIGEN": "BCU", "CALI_REPR": "N/A", "CVEGEO": "140500001", "NOMVIAL": "MATAMOROS NORTE", "SENTIDO": "UN SENTIDO", "LONGITUD": 33.44, "UNIDAD": "e14" }, "geometry": { "type": "LineString", "coordinates": [ [ -103.4273889, 20.2900261 ], [ -103.4274407, 20.2897268 ] ] } },
{ "type": "Feature", "properties": { "ID": 1730019, "TIPOVIA": "PRIVADA", "TIPO": "N/A", "NUMERO": "N/A", "DERE_TRAN": "N/A", "ADMINISTRA": "N/A", "NUME_CARR": "N/A", "CONDICION": "N/A", "ORIGEN": "BCU", "CALI_REPR": "N/A", "CVEGEO": "140500001", "NOMVIAL": "LIBERTAD", "SENTIDO": "UN SENTIDO", "LONGITUD": 84.95, "UNIDAD": "e14" }, "geometry": { "type": "LineString", "coordinates": [ [ -103.4188422, 20.2893498 ], [ -103.4187928, 20.2901188 ] ] } },
{ "type": "Feature", "properties": { "ID": 1730020, "TIPOVIA": "CALLE", "TIPO": "N/A", "NUMERO": "N/A", "DERE_TRAN": "N/A", "ADMINISTRA": "N/A", "NUME_CARR": "N/A", "CONDICION": "N/A", "ORIGEN": "BCU", "CALI_REPR": "N/A", "CVEGEO": "140500001", "NOMVIAL": "LIBERTAD", "SENTIDO": "UN SENTIDO", "LONGITUD": 69.67, "UNIDAD": "e14" }, "geometry": { "type": "LineString", "coordinates": [ [ -103.4187928, 20.2901188 ], [ -103.4181306, 20.2900251 ] ] } },
{ "type": "Feature", "properties": { "ID": 1730025, "TIPOVIA": "CARRETERA", "TIPO": "N/A", "NUMERO": "23", "DERE_TRAN": "LIBRE", "ADMINISTRA": "FEDERAL", "NUME_CARR": "N/A", "CONDICION": "N/A", "ORIGEN": "BCU", "CALI_REPR": "N/A", "CVEGEO": "140500011", "NOMVIAL": "JOCOTEPEC-CHAPALA", "SENTIDO": "UN SENTIDO", "LONGITUD": 41.74, "UNIDAD": "e14" }, "geometry": { "type": "LineString", "coordinates": [ [ -103.3579228, 20.2906357 ], [ -103.3581577, 20.2906755 ], [ -103.3583202, 20.2906796 ] ] } },
{ "type": "Feature", "properties": { "ID": 1730031, "TIPOVIA": "PRIVADA", "TIPO": "N/A", "NUMERO": "N/A", "DERE_TRAN": "N/A", "ADMINISTRA": "N/A", "NUME_CARR": "N/A", "CONDICION": "N/A", "ORIGEN": "BCU", "CALI_REPR": "N/A", "CVEGEO": "140500001", "NOMVIAL": "DEL ÁNGEL", "SENTIDO": "UN SENTIDO", "LONGITUD": 46.16, "UNIDAD": "e14" }, "geometry": { "type": "LineString", "coordinates": [ [ -103.4278295, 20.2900751 ], [ -103.4273889, 20.2900261 ] ] } },
{ "type": "Feature", "properties": { "ID": 1730032, "TIPOVIA": "CALLE", "TIPO": "N/A", "NUMERO": "N/A", "DERE_TRAN": "N/A", "ADMINISTRA": "N/A", "NUME_CARR": "N/A", "CONDICION": "N/A", "ORIGEN": "BCU", "CALI_REPR": "N/A", "CVEGEO": "140500001", "NOMVIAL": "FRANCISCO VILLA", "SENTIDO": "UN SENTIDO", "LONGITUD": 154.15, "UNIDAD": "e14" }, "geometry": { "type": "LineString", "coordinates": [ [ -103.4376808, 20.2886344 ], [ -103.4373618, 20.2899994 ] ] } },
{ "type": "Feature", "properties": { "ID": 1730033, "TIPOVIA": "CALLE", "TIPO": "N/A", "NUMERO": "N/A", "DERE_TRAN": "N/A", "ADMINISTRA": "N/A", "NUME_CARR": "N/A", "CONDICION": "N/A", "ORIGEN": "BCU", "CALI_REPR": "N/A", "CVEGEO": "140500001", "NOMVIAL": "ITURBIDE", "SENTIDO": "UN SENTIDO", "LONGITUD": 74.59, "UNIDAD": "e14" }, "geometry": { "type": "LineString", "coordinates": [ [ -103.4366542, 20.2898913 ], [ -103.4373618, 20.2899994 ] ] } },
{ "type": "Feature", "properties": { "ID": 1730034, "TIPOVIA": "CALLE", "TIPO": "N/A", "NUMERO": "N/A", "DERE_TRAN": "N/A", "ADMINISTRA": "N/A", "NUME_CARR": "N/A", "CONDICION": "N/A", "ORIGEN": "BCU", "CALI_REPR": "N/A", "CVEGEO": "140500011", "NOMVIAL": "CUAUHTÉMOC", "SENTIDO": "UN SENTIDO", "LONGITUD": 97.03, "UNIDAD": "e14" }, "geometry": { "type": "LineString", "coordinates": [ [ -103.3453676, 20.2908438 ], [ -103.3457141, 20.2900269 ] ] } },
{ "type": "Feature", "properties": { "ID": 1730035, "TIPOVIA": "PRIVADA", "TIPO": "N/A", "NUMERO": "N/A", "DERE_TRAN": "N/A", "ADMINISTRA": "N/A", "NUME_CARR": "N/A", "CONDICION": "N/A", "ORIGEN": "BCU", "CALI_REPR": "N/A", "CVEGEO": "140500011", "NOMVIAL": "NINGUNO", "SENTIDO": "UN SENTIDO", "LONGITUD": 53.56, "UNIDAD": "e14" }, "geometry": { "type": "LineString", "coordinates": [ [ -103.3453676, 20.2908438 ], [ -103.3448816, 20.2906837 ] ] } },
{ "type": "Feature", "properties": { "ID": 1730038, "TIPOVIA": "PROLONGACION", "TIPO": "N/A", "NUMERO": "N/A", "DERE_TRAN": "N/A", "ADMINISTRA": "N/A", "NUME_CARR": "N/A", "CONDICION": "N/A", "ORIGEN": "BCU", "CALI_REPR": "N/A", "CVEGEO": "140500001", "NOMVIAL": "NICOLÁS BRAVO NORTE", "SENTIDO": "UN SENTIDO", "LONGITUD": 50.77, "UNIDAD": "e14" }, "geometry": { "type": "LineString", "coordinates": [ [ -103.4250526, 20.2901218 ], [ -103.4250632, 20.2896615 ] ] } },
{ "type": "Feature", "properties": { "ID": 1730052, "TIPOVIA": "PRIVADA", "TIPO": "N/A", "NUMERO": "N/A", "DERE_TRAN": "N/A", "ADMINISTRA": "N/A", "NUME_CARR": "N/A", "CONDICION": "N/A", "ORIGEN": "BCU", "CALI_REPR": "N/A", "CVEGEO": "140500011", "NOMVIAL": "ZARAGOZA", "SENTIDO": "UN SENTIDO", "LONGITUD": 31.46, "UNIDAD": "e14" }, "geometry": { "type": "LineString", "coordinates": [ [ -103.3570837, 20.2907793 ], [ -103.3570883, 20.2905991 ], [ -103.3571281, 20.290501 ] ] } },
{ "type": "Feature", "properties": { "ID": 1730054, "TIPOVIA": "PRIVADA", "TIPO": "N/A", "NUMERO": "N/A", "DERE_TRAN": "N/A", "ADMINISTRA": "N/A", "NUME_CARR": "N/A", "CONDICION": "N/A", "ORIGEN": "BCU", "CALI_REPR": "N/A", "CVEGEO": "140500001", "NOMVIAL": "ALDAMA", "SENTIDO": "UN SENTIDO", "LONGITUD": 54.57, "UNIDAD": "e14" }, "geometry": { "type": "LineString", "coordinates": [ [ -103.425656, 20.2896669 ], [ -103.4256193, 20.2901606 ] ] } },
{ "type": "Feature", "properties": { "ID": 1730055, "TIPOVIA": "AVENIDA", "TIPO": "N/A", "NUMERO": "N/A", "DERE_TRAN": "N/A", "ADMINISTRA": "N/A", "NUME_CARR": "N/A", "CONDICION": "N/A", "ORIGEN": "BCU", "CALI_REPR": "N/A", "CVEGEO": "140500001", "NOMVIAL": "DE LOS MAESTROS ORIENTE", "SENTIDO": "UN SENTIDO", "LONGITUD": 59.11, "UNIDAD": "e14" }, "geometry": { "type": "LineString", "coordinates": [ [ -103.4250526, 20.2901218 ], [ -103.4256193, 20.2901606 ] ] } },
{ "type": "Feature", "properties": { "ID": 1730056, "TIPOVIA": "CALLE", "TIPO": "N/A", "NUMERO": "N/A", "DERE_TRAN": "N/A", "ADMINISTRA": "N/A", "NUME_CARR": "N/A", "CONDICION": "N/A", "ORIGEN": "BCU", "CALI_REPR": "N/A", "CVEGEO": "140500001", "NOMVIAL": "LIBERTAD", "SENTIDO": "UN SENTIDO", "LONGITUD": 250.86, "UNIDAD": "e14" }, "geometry": { "type": "LineString", "coordinates": [ [ -103.421202, 20.2902049 ], [ -103.4187928, 20.2901188 ] ] } },
{ "type": "Feature", "properties": { "ID": 1730059, "TIPOVIA": "CALLE", "TIPO": "N/A", "NUMERO": "N/A", "DERE_TRAN": "N/A", "ADMINISTRA": "N/A", "NUME_CARR": "N/A", "CONDICION": "N/A", "ORIGEN": "BCU", "CALI_REPR": "N/A", "CVEGEO": "140500011", "NOMVIAL": "TACUBA", "SENTIDO": "UN SENTIDO", "LONGITUD": 156.32, "UNIDAD": "e14" }, "geometry": { "type": "LineString", "coordinates": [ [ -103.3447421, 20.2895739 ], [ -103.344563, 20.290055 ], [ -103.3442536, 20.2909144 ] ] } },
{ "type": "Feature", "properties": { "ID": 1730060, "TIPOVIA": "CALLE", "TIPO": "N/A", "NUMERO": "N/A", "DERE_TRAN": "N/A", "ADMINISTRA": "N/A", "NUME_CARR": "N/A", "CONDICION": "N/A", "ORIGEN": "BCU", "CALI_REPR": "N/A", "CVEGEO": "140500011", "NOMVIAL": "EL DOMINGUILLO", "SENTIDO": "UN SENTIDO", "LONGITUD": 65.89, "UNIDAD": "e14" }, "geometry": { "type": "LineString", "coordinates": [ [ -103.3436486, 20.2907378 ], [ -103.3442536, 20.2909144 ] ] } },
{ "type": "Feature", "properties": { "ID": 1730061, "TIPOVIA": "CALLE", "TIPO": "N/A", "NUMERO": "N/A", "DERE_TRAN": "N/A", "ADMINISTRA": "N/A", "NUME_CARR": "N/A", "CONDICION": "N/A", "ORIGEN": "BCU", "CALI_REPR": "N/A", "CVEGEO": "140500011", "NOMVIAL": "ZARAGOZA", "SENTIDO": "UN SENTIDO", "LONGITUD": 111.63, "UNIDAD": "e14" }, "geometry": { "type": "LineString", "coordinates": [ [ -103.3560119, 20.2907969 ], [ -103.3563602, 20.2908111 ], [ -103.3570837, 20.2907793 ] ] } },
{ "type": "Feature", "properties": { "ID": 1730064, "TIPOVIA": "CALLE", "TIPO": "N/A", "NUMERO": "N/A", "DERE_TRAN": "N/A", "ADMINISTRA": "N/A", "NUME_CARR": "N/A", "CONDICION": "N/A", "ORIGEN": "BCU", "CALI_REPR": "N/A", "CVEGEO": "140500011", "NOMVIAL": "ZARAGOZA", "SENTIDO": "UN SENTIDO", "LONGITUD": 447.48, "UNIDAD": "e14" }, "geometry": { "type": "LineString", "coordinates": [ [ -103.3517628, 20.2905256 ], [ -103.3523069, 20.2905935 ], [ -103.3526664, 20.2906862 ], [ -103.3529832, 20.2907698 ], [ -103.3532394, 20.2908154 ], [ -103.3535538, 20.2908385 ], [ -103.3544356, 20.2907979 ], [ -103.3548882, 20.2907503 ], [ -103.3551632, 20.2907059 ], [ -103.3555331, 20.290716 ], [ -103.355951, 20.2907804 ], [ -103.3560119, 20.2907969 ] ] } },
{ "type": "Feature", "properties": { "ID": 1730067, "TIPOVIA": "PROLONGACION", "TIPO": "N/A", "NUMERO": "N/A", "DERE_TRAN": "N/A", "ADMINISTRA": "N/A", "NUME_CARR": "N/A", "CONDICION": "N/A", "ORIGEN": "BCU", "CALI_REPR": "N/A", "CVEGEO": "140500001", "NOMVIAL": "PEDRO MORENO", "SENTIDO": "UN SENTIDO", "LONGITUD": 61.91, "UNIDAD": "e14" }, "geometry": { "type": "LineString", "coordinates": [ [ -103.426294, 20.2901811 ], [ -103.4263258, 20.2896205 ] ] } },
{ "type": "Feature", "properties": { "ID": 1730068, "TIPOVIA": "AVENIDA", "TIPO": "N/A", "NUMERO": "N/A", "DERE_TRAN": "N/A", "ADMINISTRA": "N/A", "NUME_CARR": "N/A", "CONDICION": "N/A", "ORIGEN": "BCU", "CALI_REPR": "N/A", "CVEGEO": "140500001", "NOMVIAL": "DE LOS MAESTROS ORIENTE", "SENTIDO": "UN SENTIDO", "LONGITUD": 70.24, "UNIDAD": "e14" }, "geometry": { "type": "LineString", "coordinates": [ [ -103.4256193, 20.2901606 ], [ -103.426294, 20.2901811 ] ] } },
{ "type": "Feature", "properties": { "ID": 1730069, "TIPOVIA": "PRIVADA", "TIPO": "N/A", "NUMERO": "N/A", "DERE_TRAN": "N/A", "ADMINISTRA": "N/A", "NUME_CARR": "N/A", "CONDICION": "N/A", "ORIGEN": "BCU", "CALI_REPR": "N/A", "CVEGEO": "140500002", "NOMVIAL": "NINGUNO", "SENTIDO": "UN SENTIDO", "LONGITUD": 52.56, "UNIDAD": "e14" }, "geometry": { "type": "LineString", "coordinates": [ [ -103.3950737, 20.2899996 ], [ -103.3950118, 20.2904726 ] ] } },
{ "type": "Feature", "properties": { "ID": 1730074, "TIPOVIA": "PRIVADA", "TIPO": "N/A", "NUMERO": "N/A", "DERE_TRAN": "N/A", "ADMINISTRA": "N/A", "NUME_CARR": "N/A", "CONDICION": "N/A", "ORIGEN": "BCU", "CALI_REPR": "N/A", "CVEGEO": "140500001", "NOMVIAL": "VENUSTIANO CARRANZA", "SENTIDO": "UN SENTIDO", "LONGITUD": 84.76, "UNIDAD": "e14" }, "geometry": { "type": "LineString", "coordinates": [ [ -103.4381672, 20.2893379 ], [ -103.4380273, 20.290095 ] ] } },
{ "type": "Feature", "properties": { "ID": 1730075, "TIPOVIA": "CALLE", "TIPO": "N/A", "NUMERO": "N/A", "DERE_TRAN": "N/A", "ADMINISTRA": "N/A", "NUME_CARR": "N/A", "CONDICION": "N/A", "ORIGEN": "BCU", "CALI_REPR": "N/A", "CVEGEO": "140500001", "NOMVIAL": "ITURBIDE", "SENTIDO": "UN SENTIDO", "LONGITUD": 70.03, "UNIDAD": "e14" }, "geometry": { "type": "LineString", "coordinates": [ [ -103.4373618, 20.2899994 ], [ -103.4380273, 20.290095 ] ] } },
{ "type": "Feature", "properties": { "ID": 1730078, "TIPOVIA": "CALLE", "TIPO": "N/A", "NUMERO": "N/A", "DERE_TRAN": "N/A", "ADMINISTRA": "N/A", "NUME_CARR": "N/A", "CONDICION": "N/A", "ORIGEN": "BCU", "CALI_REPR": "N/A", "CVEGEO": "140500011", "NOMVIAL": "ARTHUR ASHE", "SENTIDO": "UN SENTIDO", "LONGITUD": 100.71, "UNIDAD": "e14" }, "geometry": { "type": "LineString", "coordinates": [ [ -103.3305874, 20.2910826 ], [ -103.3308841, 20.2902133 ] ] } },
{ "type": "Feature", "properties": { "ID": 1730079, "TIPOVIA": "CALLE", "TIPO": "N/A", "NUMERO": "N/A", "DERE_TRAN": "N/A", "ADMINISTRA": "N/A", "NUME_CARR": "N/A", "CONDICION": "N/A", "ORIGEN": "BCU", "CALI_REPR": "N/A", "CVEGEO": "140500011", "NOMVIAL": "RAFAEL OSUNA", "SENTIDO": "UN SENTIDO", "LONGITUD": 262.06, "UNIDAD": "e14" }, "geometry": { "type": "LineString", "coordinates": [ [ -103.3282195, 20.2902733 ], [ -103.328778, 20.2904642 ], [ -103.3295202, 20.2907313 ], [ -103.3305874, 20.2910826 ] ] } },
{ "type": "Feature", "properties": { "ID": 1730081, "TIPOVIA": "CALLE", "TIPO": "N/A", "NUMERO": "N/A", "DERE_TRAN": "N/A", "ADMINISTRA": "N/A", "NUME_CARR": "N/A", "CONDICION": "N/A", "ORIGEN": "BCU", "CALI_REPR": "N/A", "CVEGEO": "140500011", "NOMVIAL": "LORENA GALLARDO", "SENTIDO": "UN SENTIDO", "LONGITUD": 94.72, "UNIDAD": "e14" }, "geometry": { "type": "LineString", "coordinates": [ [ -103.3352244, 20.2902182 ], [ -103.3350205, 20.2910553 ] ] } },
{ "type": "Feature", "properties": { "ID": 1730082, "TIPOVIA": "CALLE", "TIPO": "N/A", "NUMERO": "N/A", "DERE_TRAN": "N/A", "ADMINISTRA": "N/A", "NUME_CARR": "N/A", "CONDICION": "N/A", "ORIGEN": "BCU", "CALI_REPR": "N/A", "CVEGEO": "140500011", "NOMVIAL": "JIMMY CONNORS", "SENTIDO": "UN SENTIDO", "LONGITUD": 160.01, "UNIDAD": "e14" }, "geometry": { "type": "LineString", "coordinates": [ [ -103.3335063, 20.2908015 ], [ -103.3350205, 20.2910553 ] ] } },
{ "type": "Feature", "properties": { "ID": 1730095, "TIPOVIA": "CALLE", "TIPO": "N/A", "NUMERO": "N/A", "DERE_TRAN": "N/A", "ADMINISTRA": "N/A", "NUME_CARR": "N/A", "CONDICION": "N/A", "ORIGEN": "BCU", "CALI_REPR": "N/A", "CVEGEO": "140500001", "NOMVIAL": "LÓPEZ RAYÓN", "SENTIDO": "UN SENTIDO", "LONGITUD": 40.48, "UNIDAD": "e14" }, "geometry": { "type": "LineString", "coordinates": [ [ -103.4327888, 20.2901997 ], [ -103.4328397, 20.2898358 ] ] } },
{ "type": "Feature", "properties": { "ID": 1730102, "TIPOVIA": "PRIVADA", "TIPO": "N/A", "NUMERO": "N/A", "DERE_TRAN": "N/A", "ADMINISTRA": "N/A", "NUME_CARR": "N/A", "CONDICION": "N/A", "ORIGEN": "BCU", "CALI_REPR": "N/A", "CVEGEO": "140500011", "NOMVIAL": "NINGUNO", "SENTIDO": "UN SENTIDO", "LONGITUD": 41.77, "UNIDAD": "e14" }, "geometry": { "type": "LineString", "coordinates": [ [ -103.3448816, 20.2906837 ], [ -103.3447194, 20.2910303 ] ] } },
{ "type": "Feature", "properties": { "ID": 1730103, "TIPOVIA": "CALLE", "TIPO": "N/A", "NUMERO": "N/A", "DERE_TRAN": "N/A", "ADMINISTRA": "N/A", "NUME_CARR": "N/A", "CONDICION": "N/A", "ORIGEN": "BCU", "CALI_REPR": "N/A", "CVEGEO": "140500011", "NOMVIAL": "EL DOMINGUILLO", "SENTIDO": "UN SENTIDO", "LONGITUD": 50.13, "UNIDAD": "e14" }, "geometry": { "type": "LineString", "coordinates": [ [ -103.3442536, 20.2909144 ], [ -103.3447194, 20.2910303 ] ] } },
{ "type": "Feature", "properties": { "ID": 1730107, "TIPOVIA": "CALLE", "TIPO": "N/A", "NUMERO": "N/A", "DERE_TRAN": "N/A", "ADMINISTRA": "N/A", "NUME_CARR": "N/A", "CONDICION": "N/A", "ORIGEN": "BCU", "CALI_REPR": "N/A", "CVEGEO": "140500001", "NOMVIAL": "20 DE NOVIEMBRE", "SENTIDO": "UN SENTIDO", "LONGITUD": 154.81, "UNIDAD": "e14" }, "geometry": { "type": "LineString", "coordinates": [ [ -103.4386565, 20.2901855 ], [ -103.4388756, 20.288797 ] ] } },
{ "type": "Feature", "properties": { "ID": 1730108, "TIPOVIA": "CALLE", "TIPO": "N/A", "NUMERO": "N/A", "DERE_TRAN": "N/A", "ADMINISTRA": "N/A", "NUME_CARR": "N/A", "CONDICION": "N/A", "ORIGEN": "BCU", "CALI_REPR": "N/A", "CVEGEO": "140500001", "NOMVIAL": "ITURBIDE", "SENTIDO": "UN SENTIDO", "LONGITUD": 66.22, "UNIDAD": "e14" }, "geometry": { "type": "LineString", "coordinates": [ [ -103.4380273, 20.290095 ], [ -103.4386565, 20.2901855 ] ] } },
{ "type": "Feature", "properties": { "ID": 1730109, "TIPOVIA": "PRIVADA", "TIPO": "N/A", "NUMERO": "N/A", "DERE_TRAN": "N/A", "ADMINISTRA": "N/A", "NUME_CARR": "N/A", "CONDICION": "N/A", "ORIGEN": "BCU", "CALI_REPR": "N/A", "CVEGEO": "140500002", "NOMVIAL": "NINGUNO", "SENTIDO": "UN SENTIDO", "LONGITUD": 57.96, "UNIDAD": "e14" }, "geometry": { "type": "LineString", "coordinates": [ [ -103.3952928, 20.2900861 ], [ -103.3951951, 20.2906035 ] ] } },
{ "type": "Feature", "properties": { "ID": 1730110, "TIPOVIA": "CALLE", "TIPO": "N/A", "NUMERO": "N/A", "DERE_TRAN": "N/A", "ADMINISTRA": "N/A", "NUME_CARR": "N/A", "CONDICION": "N/A", "ORIGEN": "BCU", "CALI_REPR": "N/A", "CVEGEO": "140500001", "NOMVIAL": "MATAMOROS NORTE", "SENTIDO": "UN SENTIDO", "LONGITUD": 31.94, "UNIDAD": "e14" }, "geometry": { "type": "LineString", "coordinates": [ [ -103.4273245, 20.2903094 ], [ -103.4273889, 20.2900261 ] ] } },
{ "type": "Feature", "properties": { "ID": 1730111, "TIPOVIA": "AVENIDA", "TIPO": "N/A", "NUMERO": "N/A", "DERE_TRAN": "N/A", "ADMINISTRA": "N/A", "NUME_CARR": "N/A", "CONDICION": "N/A", "ORIGEN": "BCU", "CALI_REPR": "N/A", "CVEGEO": "140500001", "NOMVIAL": "DE LOS MAESTROS ORIENTE", "SENTIDO": "UN SENTIDO", "LONGITUD": 108.16, "UNIDAD": "e14" }, "geometry": { "type": "LineString", "coordinates": [ [ -103.426294, 20.2901811 ], [ -103.4269897, 20.2902627 ], [ -103.4273245, 20.2903094 ] ] } },
{ "type": "Feature", "properties": { "ID": 1730118, "TIPOVIA": "CALLE", "TIPO": "N/A", "NUMERO": "N/A", "DERE_TRAN": "N/A", "ADMINISTRA": "N/A", "NUME_CARR": "N/A", "CONDICION": "N/A", "ORIGEN": "BCU", "CALI_REPR": "N/A", "CVEGEO": "140500011", "NOMVIAL": "GALEANA", "SENTIDO": "UN SENTIDO", "LONGITUD": 204.45, "UNIDAD": "e14" }, "geometry": { "type": "LineString", "coordinates": [ [ -103.34653, 20.2910684 ], [ -103.3469188, 20.2902961 ], [ -103.3472621, 20.2893511 ] ] } },
{ "type": "Feature", "properties": { "ID": 1730119, "TIPOVIA": "CALLE", "TIPO": "N/A", "NUMERO": "23", "DERE_TRAN": "LIBRE", "ADMINISTRA": "FEDERAL", "NUME_CARR": "N/A", "CONDICION": "N/A", "ORIGEN": "BCU", "CALI_REPR": "N/A", "CVEGEO": "140500001", "NOMVIAL": "EL CHANTE", "SENTIDO": "UN SENTIDO", "LONGITUD": 105.6, "UNIDAD": "e14" }, "geometry": { "type": "LineString", "coordinates": [ [ -103.4136754, 20.2900117 ], [ -103.4134181, 20.2901786 ], [ -103.413069, 20.2903752 ], [ -103.4127896, 20.2904678 ] ] } },
{ "type": "Feature", "properties": { "ID": 1730120, "TIPOVIA": "CALLE", "TIPO": "N/A", "NUMERO": "N/A", "DERE_TRAN": "N/A", "ADMINISTRA": "N/A", "NUME_CARR": "N/A", "CONDICION": "N/A", "ORIGEN": "BCU", "CALI_REPR": "N/A", "CVEGEO": "140500001", "NOMVIAL": "NINGUNO", "SENTIDO": "UN SENTIDO", "LONGITUD": 81.33, "UNIDAD": "e14" }, "geometry": { "type": "LineString", "coordinates": [ [ -103.4127896, 20.2904678 ], [ -103.4127261, 20.2897327 ] ] } },
{ "type": "Feature", "properties": { "ID": 1730132, "TIPOVIA": "CALLE", "TIPO": "N/A", "NUMERO": "N/A", "DERE_TRAN": "N/A", "ADMINISTRA": "N/A", "NUME_CARR": "N/A", "CONDICION": "N/A", "ORIGEN": "BCU", "CALI_REPR": "N/A", "CVEGEO": "140500011", "NOMVIAL": "CUAUHTÉMOC", "SENTIDO": "UN SENTIDO", "LONGITUD": 37.36, "UNIDAD": "e14" }, "geometry": { "type": "LineString", "coordinates": [ [ -103.3452342, 20.2911584 ], [ -103.3453676, 20.2908438 ] ] } },
{ "type": "Feature", "properties": { "ID": 1730133, "TIPOVIA": "CALLE", "TIPO": "N/A", "NUMERO": "N/A", "DERE_TRAN": "N/A", "ADMINISTRA": "N/A", "NUME_CARR": "N/A", "CONDICION": "N/A", "ORIGEN": "BCU", "CALI_REPR": "N/A", "CVEGEO": "140500011", "NOMVIAL": "EL DOMINGUILLO", "SENTIDO": "UN SENTIDO", "LONGITUD": 55.38, "UNIDAD": "e14" }, "geometry": { "type": "LineString", "coordinates": [ [ -103.3447194, 20.2910303 ], [ -103.3452342, 20.2911584 ] ] } },
{ "type": "Feature", "properties": { "ID": 1730136, "TIPOVIA": "CALLE", "TIPO": "N/A", "NUMERO": "N/A", "DERE_TRAN": "N/A", "ADMINISTRA": "N/A", "NUME_CARR": "N/A", "CONDICION": "N/A", "ORIGEN": "BCU", "CALI_REPR": "N/A", "CVEGEO": "140500002", "NOMVIAL": "CUAUHTÉMOC", "SENTIDO": "UN SENTIDO", "LONGITUD": 159.56, "UNIDAD": "e14" }, "geometry": { "type": "LineString", "coordinates": [ [ -103.3923986, 20.2899867 ], [ -103.3910945, 20.2907481 ] ] } },
{ "type": "Feature", "properties": { "ID": 1730140, "TIPOVIA": "CALLE", "TIPO": "N/A", "NUMERO": "N/A", "DERE_TRAN": "N/A", "ADMINISTRA": "N/A", "NUME_CARR": "N/A", "CONDICION": "N/A", "ORIGEN": "BCU", "CALI_REPR": "N/A", "CVEGEO": "140500001", "NOMVIAL": "GUADALUPE VICTORIA NORTE", "SENTIDO": "UN SENTIDO", "LONGITUD": 180.17, "UNIDAD": "e14" }, "geometry": { "type": "LineString", "coordinates": [ [ -103.42855, 20.2888044 ], [ -103.4283961, 20.2898269 ], [ -103.4283066, 20.290422 ] ] } },
{ "type": "Feature", "properties": { "ID": 1730141, "TIPOVIA": "AVENIDA", "TIPO": "N/A", "NUMERO": "N/A", "DERE_TRAN": "N/A", "ADMINISTRA": "N/A", "NUME_CARR": "N/A", "CONDICION": "N/A", "ORIGEN": "BCU", "CALI_REPR": "N/A", "CVEGEO": "140500001", "NOMVIAL": "DE LOS MAESTROS ORIENTE", "SENTIDO": "UN SENTIDO", "LONGITUD": 102.93, "UNIDAD": "e14" }, "geometry": { "type": "LineString", "coordinates": [ [ -103.4273245, 20.2903094 ], [ -103.4283066, 20.290422 ] ] } },
{ "type": "Feature", "properties": { "ID": 1730144, "TIPOVIA": "PRIVADA", "TIPO": "N/A", "NUMERO": "N/A", "DERE_TRAN": "N/A", "ADMINISTRA": "N/A", "NUME_CARR": "N/A", "CONDICION": "N/A", "ORIGEN": "BCU", "CALI_REPR": "N/A", "CVEGEO": "140500011", "NOMVIAL": "NINGUNO", "SENTIDO": "UN SENTIDO", "LONGITUD": 50.03, "UNIDAD": "e14" }, "geometry": { "type": "LineString", "coordinates": [ [ -103.3579174, 20.2910894 ], [ -103.3579228, 20.2906357 ] ] } },
{ "type": "Feature", "properties": { "ID": 1730149, "TIPOVIA": "CALLE", "TIPO": "N/A", "NUMERO": "N/A", "DERE_TRAN": "N/A", "ADMINISTRA": "N/A", "NUME_CARR": "N/A", "CONDICION": "N/A", "ORIGEN": "BCU", "CALI_REPR": "N/A", "CVEGEO": "140500011", "NOMVIAL": "VICENTE GUERRERO", "SENTIDO": "UN SENTIDO", "LONGITUD": 78.74, "UNIDAD": "e14" }, "geometry": { "type": "LineString", "coordinates": [ [ -103.3419617, 20.2912421 ], [ -103.3421225, 20.2905443 ] ] } },
{ "type": "Feature", "properties": { "ID": 1730150, "TIPOVIA": "PRIVADA", "TIPO": "N/A", "NUMERO": "N/A", "DERE_TRAN": "N/A", "ADMINISTRA": "N/A", "NUME_CARR": "N/A", "CONDICION": "N/A", "ORIGEN": "BCU", "CALI_REPR": "N/A", "CVEGEO": "140500011", "NOMVIAL": "VICENTE GUERRERO", "SENTIDO": "UN SENTIDO", "LONGITUD": 35.55, "UNIDAD": "e14" }, "geometry": { "type": "LineString", "coordinates": [ [ -103.3419617, 20.2912421 ], [ -103.341628, 20.291173 ] ] } },
{ "type": "Feature", "properties": { "ID": 1730153, "TIPOVIA": "CALLE", "TIPO": "N/A", "NUMERO": "N/A", "DERE_TRAN": "N/A", "ADMINISTRA": "N/A", "NUME_CARR": "N/A", "CONDICION": "N/A", "ORIGEN": "BCU", "CALI_REPR": "N/A", "CVEGEO": "140500001", "NOMVIAL": "ALLENDE NORTE", "SENTIDO": "UN SENTIDO", "LONGITUD": 165.42, "UNIDAD": "e14" }, "geometry": { "type": "LineString", "coordinates": [ [ -103.4288875, 20.2904832 ], [ -103.4290706, 20.2894123 ], [ -103.4291395, 20.2890021 ] ] } },
{ "type": "Feature", "properties": { "ID": 1730154, "TIPOVIA": "AVENIDA", "TIPO": "N/A", "NUMERO": "N/A", "DERE_TRAN": "N/A", "ADMINISTRA": "N/A", "NUME_CARR": "N/A", "CONDICION": "N/A", "ORIGEN": "BCU", "CALI_REPR": "N/A", "CVEGEO": "140500001", "NOMVIAL": "DE LOS MAESTROS PONIENTE", "SENTIDO": "UN SENTIDO", "LONGITUD": 60.81, "UNIDAD": "e14" }, "geometry": { "type": "LineString", "coordinates": [ [ -103.4283066, 20.290422 ], [ -103.4288875, 20.2904832 ] ] } },
{ "type": "Feature", "properties": { "ID": 1730156, "TIPOVIA": "CALLE", "TIPO": "N/A", "NUMERO": "N/A", "DERE_TRAN": "N/A", "ADMINISTRA": "N/A", "NUME_CARR": "N/A", "CONDICION": "N/A", "ORIGEN": "BCU", "CALI_REPR": "N/A", "CVEGEO": "140500001", "NOMVIAL": "NIÑOS HÉROES NORTE", "SENTIDO": "UN SENTIDO", "LONGITUD": 99.66, "UNIDAD": "e14" }, "geometry": { "type": "LineString", "coordinates": [ [ -103.4342244, 20.2904348 ], [ -103.4343948, 20.2895455 ] ] } },
{ "type": "Feature", "properties": { "ID": 1730161, "TIPOVIA": "PRIVADA", "TIPO": "N/A", "NUMERO": "N/A", "DERE_TRAN": "N/A", "ADMINISTRA": "N/A", "NUME_CARR": "N/A", "CONDICION": "N/A", "ORIGEN": "BCU", "CALI_REPR": "N/A", "CVEGEO": "140500011", "NOMVIAL": "ZARAGOZA", "SENTIDO": "UN SENTIDO", "LONGITUD": 42.29, "UNIDAD": "e14" }, "geometry": { "type": "LineString", "coordinates": [ [ -103.3570967, 20.2911626 ], [ -103.3570837, 20.2907793 ] ] } },
{ "type": "Feature", "properties": { "ID": 1730164, "TIPOVIA": "PRIVADA", "TIPO": "N/A", "NUMERO": "N/A", "DERE_TRAN": "N/A", "ADMINISTRA": "N/A", "NUME_CARR": "N/A", "CONDICION": "N/A", "ORIGEN": "BCU", "CALI_REPR": "N/A", "CVEGEO": "140500011", "NOMVIAL": "NINGUNO", "SENTIDO": "UN SENTIDO", "LONGITUD": 64.4, "UNIDAD": "e14" }, "geometry": { "type": "LineString", "coordinates": [ [ -103.3434599, 20.2912941 ], [ -103.3436486, 20.2907378 ] ] } },
{ "type": "Feature", "properties": { "ID": 1730166, "TIPOVIA": "CALLE", "TIPO": "N/A", "NUMERO": "N/A", "DERE_TRAN": "N/A", "ADMINISTRA": "N/A", "NUME_CARR": "N/A", "CONDICION": "N/A", "ORIGEN": "BCU", "CALI_REPR": "N/A", "CVEGEO": "140500011", "NOMVIAL": "RAÚL RAMÍREZ", "SENTIDO": "UN SENTIDO", "LONGITUD": 95.83, "UNIDAD": "e14" }, "geometry": { "type": "LineString", "coordinates": [ [ -103.331671, 20.291415 ], [ -103.331942, 20.2906321 ], [ -103.3319591, 20.2905897 ] ] } },
{ "type": "Feature", "properties": { "ID": 1730167, "TIPOVIA": "CALLE", "TIPO": "N/A", "NUMERO": "N/A", "DERE_TRAN": "N/A", "ADMINISTRA": "N/A", "NUME_CARR": "N/A", "CONDICION": "N/A", "ORIGEN": "BCU", "CALI_REPR": "N/A", "CVEGEO": "140500011", "NOMVIAL": "RAFAEL OSUNA", "SENTIDO": "UN SENTIDO", "LONGITUD": 118.55, "UNIDAD": "e14" }, "geometry": { "type": "LineString", "coordinates": [ [ -103.3305874, 20.2910826 ], [ -103.331671, 20.291415 ] ] } },
{ "type": "Feature", "properties": { "ID": 1730172, "TIPOVIA": "CALLE", "TIPO": "N/A", "NUMERO": "N/A", "DERE_TRAN": "N/A", "ADMINISTRA": "N/A", "NUME_CARR": "N/A", "CONDICION": "N/A", "ORIGEN": "BCU", "CALI_REPR": "N/A", "CVEGEO": "140500002", "NOMVIAL": "CUAUHTÉMOC", "SENTIDO": "UN SENTIDO", "LONGITUD": 35.98, "UNIDAD": "e14" }, "geometry": { "type": "LineString", "coordinates": [ [ -103.3910945, 20.2907481 ], [ -103.3907886, 20.2909004 ] ] } },
{ "type": "Feature", "properties": { "ID": 1730173, "TIPOVIA": "CALLE", "TIPO": "N/A", "NUMERO": "N/A", "DERE_TRAN": "N/A", "ADMINISTRA": "N/A", "NUME_CARR": "N/A", "CONDICION": "N/A", "ORIGEN": "BCU", "CALI_REPR": "N/A", "CVEGEO": "140500002", "NOMVIAL": "MORELOS", "SENTIDO": "UN SENTIDO", "LONGITUD": 255.94, "UNIDAD": "e14" }, "geometry": { "type": "LineString", "coordinates": [ [ -103.3922401, 20.2891556 ], [ -103.3909316, 20.2904725 ], [ -103.3907253, 20.2906682 ], [ -103.3907886, 20.2909004 ] ] } },
{ "type": "Feature", "properties": { "ID": 1730183, "TIPOVIA": "CALLE", "TIPO": "N/A", "NUMERO": "N/A", "DERE_TRAN": "N/A", "ADMINISTRA": "N/A", "NUME_CARR": "N/A", "CONDICION": "N/A", "ORIGEN": "BCU", "CALI_REPR": "N/A", "CVEGEO": "140500011", "NOMVIAL": "DEL CARDENAL NORTE", "SENTIDO": "UN SENTIDO", "LONGITUD": 95.11, "UNIDAD": "e14" }, "geometry": { "type": "LineString", "coordinates": [ [ -103.34003, 20.290542 ], [ -103.3399194, 20.2913981 ] ] } },
{ "type": "Feature", "properties": { "ID": 1730184, "TIPOVIA": "CALLE", "TIPO": "N/A", "NUMERO": "N/A", "DERE_TRAN": "N/A", "ADMINISTRA": "N/A", "NUME_CARR": "N/A", "CONDICION": "N/A", "ORIGEN": "BCU", "CALI_REPR": "N/A", "CVEGEO": "140500011", "NOMVIAL": "GUILLERMO VILAS", "SENTIDO": "UN SENTIDO", "LONGITUD": 95.63, "UNIDAD": "e14" }, "geometry": { "type": "LineString", "coordinates": [ [ -103.3364051, 20.2914318 ], [ -103.3367383, 20.2906236 ] ] } },
{ "type": "Feature", "properties": { "ID": 1730185, "TIPOVIA": "CALLE", "TIPO": "N/A", "NUMERO": "N/A", "DERE_TRAN": "N/A", "ADMINISTRA": "N/A", "NUME_CARR": "N/A", "CONDICION": "N/A", "ORIGEN": "BCU", "CALI_REPR": "N/A", "CVEGEO": "140500011", "NOMVIAL": "JIMMY CONNORS", "SENTIDO": "UN SENTIDO", "LONGITUD": 150.53, "UNIDAD": "e14" }, "geometry": { "type": "LineString", "coordinates": [ [ -103.3350205, 20.2910553 ], [ -103.3356446, 20.291162 ], [ -103.3364051, 20.2914318 ] ] } },
{ "type": "Feature", "properties": { "ID": 1730188, "TIPOVIA": "CALLE", "TIPO": "N/A", "NUMERO": "N/A", "DERE_TRAN": "N/A", "ADMINISTRA": "N/A", "NUME_CARR": "N/A", "CONDICION": "N/A", "ORIGEN": "BCU", "CALI_REPR": "N/A", "CVEGEO": "140500001", "NOMVIAL": "HIDALGO NORTE", "SENTIDO": "UN SENTIDO", "LONGITUD": 147.62, "UNIDAD": "e14" }, "geometry": { "type": "LineString", "coordinates": [ [ -103.429829, 20.2892495 ], [ -103.429716, 20.2905417 ], [ -103.4297136, 20.2905837 ] ] } },
{ "type": "Feature", "properties": { "ID": 1730189, "TIPOVIA": "AVENIDA", "TIPO": "N/A", "NUMERO": "N/A", "DERE_TRAN": "N/A", "ADMINISTRA": "N/A", "NUME_CARR": "N/A", "CONDICION": "N/A", "ORIGEN": "BCU", "CALI_REPR": "N/A", "CVEGEO": "140500001", "NOMVIAL": "DE LOS MAESTROS PONIENTE", "SENTIDO": "UN SENTIDO", "LONGITUD": 86.67, "UNIDAD": "e14" }, "geometry": { "type": "LineString", "coordinates": [ [ -103.4288875, 20.2904832 ], [ -103.4297136, 20.2905837 ] ] } },
{ "type": "Feature", "properties": { "ID": 1730190, "TIPOVIA": "CALLE", "TIPO": "N/A", "NUMERO": "N/A", "DERE_TRAN": "N/A", "ADMINISTRA": "N/A", "NUME_CARR": "N/A", "CONDICION": "N/A", "ORIGEN": "BCU", "CALI_REPR": "N/A", "CVEGEO": "140500002", "NOMVIAL": "XÓCHITL", "SENTIDO": "UN SENTIDO", "LONGITUD": 150.8, "UNIDAD": "e14" }, "geometry": { "type": "LineString", "coordinates": [ [ -103.3937635, 20.2909192 ], [ -103.3936682, 20.2895547 ] ] } },
{ "type": "Feature", "properties": { "ID": 1730195, "TIPOVIA": "CALLE", "TIPO": "N/A", "NUMERO": "N/A", "DERE_TRAN": "N/A", "ADMINISTRA": "N/A", "NUME_CARR": "N/A", "CONDICION": "N/A", "ORIGEN": "BCU", "CALI_REPR": "N/A", "CVEGEO": "140500001", "NOMVIAL": "PORVENIR", "SENTIDO": "UN SENTIDO", "LONGITUD": 115.98, "UNIDAD": "e14" }, "geometry": { "type": "LineString", "coordinates": [ [ -103.4151284, 20.2907251 ], [ -103.4154078, 20.2897289 ], [ -103.4154143, 20.2897086 ] ] } },
{ "type": "Feature", "properties": { "ID": 1730196, "TIPOVIA": "OTRO", "TIPO": "N/A", "NUMERO": "N/A", "DERE_TRAN": "N/A", "ADMINISTRA": "N/A", "NUME_CARR": "N/A", "CONDICION": "N/A", "ORIGEN": "BCU", "CALI_REPR": "N/A", "CVEGEO": "140500001", "NOMVIAL": "LÍMITE PREDIAL", "SENTIDO": "N/A", "LONGITUD": 204.33, "UNIDAD": "e14" }, "geometry": { "type": "LineString", "coordinates": [ [ -103.4151284, 20.2907251 ], [ -103.4142683, 20.2905908 ], [ -103.4145072, 20.2895854 ] ] } },
{ "type": "Feature", "properties": { "ID": 1730197, "TIPOVIA": "PRIVADA", "TIPO": "N/A", "NUMERO": "N/A", "DERE_TRAN": "N/A", "ADMINISTRA": "N/A", "NUME_CARR": "N/A", "CONDICION": "N/A", "ORIGEN": "BCU", "CALI_REPR": "N/A", "CVEGEO": "140500002", "NOMVIAL": "NINGUNO", "SENTIDO": "UN SENTIDO", "LONGITUD": 43.2, "UNIDAD": "e14" }, "geometry": { "type": "LineString", "coordinates": [ [ -103.3933486, 20.2909324 ], [ -103.3937635, 20.2909192 ] ] } },
{ "type": "Feature", "properties": { "ID": 1730225, "TIPOVIA": "PROLONGACION", "TIPO": "N/A", "NUMERO": "N/A", "DERE_TRAN": "N/A", "ADMINISTRA": "N/A", "NUME_CARR": "N/A", "CONDICION": "N/A", "ORIGEN": "BCU", "CALI_REPR": "N/A", "CVEGEO": "140500001", "NOMVIAL": "PEDRO MORENO", "SENTIDO": "UN SENTIDO", "LONGITUD": 55.83, "UNIDAD": "e14" }, "geometry": { "type": "LineString", "coordinates": [ [ -103.426234, 20.2906842 ], [ -103.426294, 20.2901811 ] ] } },
{ "type": "Feature", "properties": { "ID": 1730226, "TIPOVIA": "OTRO", "TIPO": "N/A", "NUMERO": "N/A", "DERE_TRAN": "N/A", "ADMINISTRA": "N/A", "NUME_CARR": "N/A", "CONDICION": "N/A", "ORIGEN": "BCU", "CALI_REPR": "N/A", "CVEGEO": "140500001", "NOMVIAL": "LÍMITE PREDIAL", "SENTIDO": "N/A", "LONGITUD": 523.68, "UNIDAD": "e14" }, "geometry": { "type": "LineString", "coordinates": [ [ -103.426234, 20.2906842 ], [ -103.4249781, 20.2906348 ], [ -103.4238367, 20.2905623 ], [ -103.4228293, 20.2905148 ], [ -103.421208, 20.2904383 ] ] } },
{ "type": "Feature", "properties": { "ID": 1730231, "TIPOVIA": "CALLE", "TIPO": "N/A", "NUMERO": "N/A", "DERE_TRAN": "N/A", "ADMINISTRA": "N/A", "NUME_CARR": "N/A", "CONDICION": "N/A", "ORIGEN": "BCU", "CALI_REPR": "N/A", "CVEGEO": "140500011", "NOMVIAL": "TACUBA", "SENTIDO": "UN SENTIDO", "LONGITUD": 60.66, "UNIDAD": "e14" }, "geometry": { "type": "LineString", "coordinates": [ [ -103.3442536, 20.2909144 ], [ -103.3440833, 20.2914405 ] ] } },
{ "type": "Feature", "properties": { "ID": 1730233, "TIPOVIA": "CALLE", "TIPO": "N/A", "NUMERO": "N/A", "DERE_TRAN": "N/A", "ADMINISTRA": "N/A", "NUME_CARR": "N/A", "CONDICION": "N/A", "ORIGEN": "BCU", "CALI_REPR": "N/A", "CVEGEO": "140500001", "NOMVIAL": "JOSEFA ORTIZ DE DOMÍNGUEZ NORTE", "SENTIDO": "UN SENTIDO", "LONGITUD": 80.01, "UNIDAD": "e14" }, "geometry": { "type": "LineString", "coordinates": [ [ -103.4306797, 20.2906566 ], [ -103.4307473, 20.2899338 ] ] } },
{ "type": "Feature", "properties": { "ID": 1730234, "TIPOVIA": "AVENIDA", "TIPO": "N/A", "NUMERO": "N/A", "DERE_TRAN": "N/A", "ADMINISTRA": "N/A", "NUME_CARR": "N/A", "CONDICION": "N/A", "ORIGEN": "BCU", "CALI_REPR": "N/A", "CVEGEO": "140500001", "NOMVIAL": "DE LOS MAESTROS PONIENTE", "SENTIDO": "UN SENTIDO", "LONGITUD": 100.84, "UNIDAD": "e14" }, "geometry": { "type": "LineString", "coordinates": [ [ -103.4297136, 20.2905837 ], [ -103.4306797, 20.2906566 ] ] } },
{ "type": "Feature", "properties": { "ID": 1730244, "TIPOVIA": "CALLE", "TIPO": "N/A", "NUMERO": "N/A", "DERE_TRAN": "N/A", "ADMINISTRA": "N/A", "NUME_CARR": "N/A", "CONDICION": "N/A", "ORIGEN": "BCU", "CALI_REPR": "N/A", "CVEGEO": "140500001", "NOMVIAL": "ZARAGOZA NORTE", "SENTIDO": "UN SENTIDO", "LONGITUD": 102.67, "UNIDAD": "e14" }, "geometry": { "type": "LineString", "coordinates": [ [ -103.4354619, 20.2906517 ], [ -103.4356424, 20.2897364 ] ] } },
{ "type": "Feature", "properties": { "ID": 1730245, "TIPOVIA": "CALLE", "TIPO": "N/A", "NUMERO": "N/A", "DERE_TRAN": "N/A", "ADMINISTRA": "N/A", "NUME_CARR": "N/A", "CONDICION": "N/A", "ORIGEN": "BCU", "CALI_REPR": "N/A", "CVEGEO": "140500001", "NOMVIAL": "PRIMAVERA PONIENTE", "SENTIDO": "UN SENTIDO", "LONGITUD": 130.95, "UNIDAD": "e14" }, "geometry": { "type": "LineString", "coordinates": [ [ -103.4342244, 20.2904348 ], [ -103.4354619, 20.2906517 ] ] } },
{ "type": "Feature", "properties": { "ID": 1730251, "TIPOVIA": "CALLE", "TIPO": "N/A", "NUMERO": "N/A", "DERE_TRAN": "N/A", "ADMINISTRA": "N/A", "NUME_CARR": "N/A", "CONDICION": "N/A", "ORIGEN": "BCU", "CALI_REPR": "N/A", "CVEGEO": "140500011", "NOMVIAL": "HIDALGO", "SENTIDO": "UN SENTIDO", "LONGITUD": 328.28, "UNIDAD": "e14" }, "geometry": { "type": "LineString", "coordinates": [ [ -103.3423748, 20.2895363 ], [ -103.3420737, 20.2897033 ], [ -103.3419704, 20.289901 ], [ -103.3419016, 20.2900199 ], [ -103.341817, 20.2901293 ], [ -103.3417383, 20.2902427 ], [ -103.3416569, 20.2903543 ], [ -103.3415559, 20.2904507 ], [ -103.341455, 20.2905471 ], [ -103.3413551, 20.2906444 ], [ -103.3412301, 20.2907111 ], [ -103.3411022, 20.2907728 ], [ -103.3409706, 20.290827 ], [ -103.3408675, 20.2909213 ], [ -103.3408064, 20.2909622 ], [ -103.3407005, 20.2910859 ], [ -103.3405669, 20.2912145 ], [ -103.3401295, 20.2915418 ] ] } },
{ "type": "Feature", "properties": { "ID": 1730252, "TIPOVIA": "CALLE", "TIPO": "N/A", "NUMERO": "23", "DERE_TRAN": "LIBRE", "ADMINISTRA": "FEDERAL", "NUME_CARR": "N/A", "CONDICION": "N/A", "ORIGEN": "BCU", "CALI_REPR": "N/A", "CVEGEO": "140500001", "NOMVIAL": "EL CHANTE", "SENTIDO": "UN SENTIDO", "LONGITUD": 250.38, "UNIDAD": "e14" }, "geometry": { "type": "LineString", "coordinates": [ [ -103.4127896, 20.2904678 ], [ -103.4122401, 20.2906354 ], [ -103.4117944, 20.2907429 ], [ -103.4109344, 20.2908582 ], [ -103.4104368, 20.2909067 ] ] } },
{ "type": "Feature", "properties": { "ID": 1730253, "TIPOVIA": "CALLE", "TIPO": "N/A", "NUMERO": "N/A", "DERE_TRAN": "N/A", "ADMINISTRA": "N/A", "NUME_CARR": "N/A", "CONDICION": "N/A", "ORIGEN": "BCU", "CALI_REPR": "N/A", "CVEGEO": "140500001", "NOMVIAL": "CHUECA", "SENTIDO": "UN SENTIDO", "LONGITUD": 114.85, "UNIDAD": "e14" }, "geometry": { "type": "LineString", "coordinates": [ [ -103.4104264, 20.2898652 ], [ -103.4104368, 20.2909067 ] ] } },
{ "type": "Feature", "properties": { "ID": 1730254, "TIPOVIA": "CALLE", "TIPO": "N/A", "NUMERO": "N/A", "DERE_TRAN": "N/A", "ADMINISTRA": "N/A", "NUME_CARR": "N/A", "CONDICION": "N/A", "ORIGEN": "BCU", "CALI_REPR": "N/A", "CVEGEO": "140500002", "NOMVIAL": "CUAUHTÉMOC", "SENTIDO": "UN SENTIDO", "LONGITUD": 73.33, "UNIDAD": "e14" }, "geometry": { "type": "LineString", "coordinates": [ [ -103.3907886, 20.2909004 ], [ -103.3901147, 20.2910948 ] ] } },
{ "type": "Feature", "properties": { "ID": 1730261, "TIPOVIA": "OTRO", "TIPO": "N/A", "NUMERO": "N/A", "DERE_TRAN": "N/A", "ADMINISTRA": "N/A", "NUME_CARR": "N/A", "CONDICION": "N/A", "ORIGEN": "BCU", "CALI_REPR": "N/A", "CVEGEO": "140500002", "NOMVIAL": "NINGUNO", "SENTIDO": "N/A", "LONGITUD": 390.19, "UNIDAD": "e14" }, "geometry": { "type": "MultiLineString", "coordinates": [ [ [ -103.3859501, 20.2911493 ], [ -103.3864776, 20.290654 ], [ -103.3866322, 20.2902199 ] ], [ [ -103.386726, 20.2900987 ], [ -103.3868215, 20.2899753 ] ], [ [ -103.3868619, 20.2899231 ], [ -103.3870237, 20.2896105 ] ], [ [ -103.3875148, 20.2896273 ], [ -103.3875324, 20.2896399 ], [ -103.3877002, 20.2896643 ] ], [ [ -103.3884048, 20.2895554 ], [ -103.3886071, 20.2894425 ] ] ] } },
{ "type": "Feature", "properties": { "ID": 1730262, "TIPOVIA": "CALLE", "TIPO": "N/A", "NUMERO": "N/A", "DERE_TRAN": "N/A", "ADMINISTRA": "N/A", "NUME_CARR": "N/A", "CONDICION": "N/A", "ORIGEN": "BCU", "CALI_REPR": "N/A", "CVEGEO": "140500002", "NOMVIAL": "SANTA ISABEL", "SENTIDO": "UN SENTIDO", "LONGITUD": 97.67, "UNIDAD": "e14" }, "geometry": { "type": "LineString", "coordinates": [ [ -103.3987211, 20.2910151 ], [ -103.3986887, 20.291035 ], [ -103.398645, 20.2910247 ], [ -103.3985834, 20.2910039 ], [ -103.3977938, 20.2910081 ] ] } },
{ "type": "Feature", "properties": { "ID": 1730263, "TIPOVIA": "PRIVADA", "TIPO": "N/A", "NUMERO": "N/A", "DERE_TRAN": "N/A", "ADMINISTRA": "N/A", "NUME_CARR": "N/A", "CONDICION": "N/A", "ORIGEN": "BCU", "CALI_REPR": "N/A", "CVEGEO": "140500011", "NOMVIAL": "NINGUNO", "SENTIDO": "UN SENTIDO", "LONGITUD": 58.3, "UNIDAD": "e14" }, "geometry": { "type": "LineString", "coordinates": [ [ -103.3447194, 20.2910303 ], [ -103.34452, 20.2915244 ] ] } },
{ "type": "Feature", "properties": { "ID": 1730266, "TIPOVIA": "CALLE", "TIPO": "N/A", "NUMERO": "N/A", "DERE_TRAN": "N/A", "ADMINISTRA": "N/A", "NUME_CARR": "N/A", "CONDICION": "N/A", "ORIGEN": "BCU", "CALI_REPR": "N/A", "CVEGEO": "140500001", "NOMVIAL": "ALDAMA PONIENTE", "SENTIDO": "UN SENTIDO", "LONGITUD": 119.07, "UNIDAD": "e14" }, "geometry": { "type": "LineString", "coordinates": [ [ -103.4314398, 20.2907496 ], [ -103.4313025, 20.2904626 ], [ -103.4312401, 20.2902997 ], [ -103.4307473, 20.2899338 ] ] } },
{ "type": "Feature", "properties": { "ID": 1730267, "TIPOVIA": "AVENIDA", "TIPO": "N/A", "NUMERO": "N/A", "DERE_TRAN": "N/A", "ADMINISTRA": "N/A", "NUME_CARR": "N/A", "CONDICION": "N/A", "ORIGEN": "BCU", "CALI_REPR": "N/A", "CVEGEO": "140500001", "NOMVIAL": "DE LOS MAESTROS PONIENTE", "SENTIDO": "UN SENTIDO", "LONGITUD": 79.74, "UNIDAD": "e14" }, "geometry": { "type": "LineString", "coordinates": [ [ -103.4306797, 20.2906566 ], [ -103.4314398, 20.2907496 ] ] } },
{ "type": "Feature", "properties": { "ID": 1730271, "TIPOVIA": "CALLE", "TIPO": "N/A", "NUMERO": "N/A", "DERE_TRAN": "N/A", "ADMINISTRA": "N/A", "NUME_CARR": "N/A", "CONDICION": "N/A", "ORIGEN": "BCU", "CALI_REPR": "N/A", "CVEGEO": "140500001", "NOMVIAL": "NINGUNO", "SENTIDO": "UN SENTIDO", "LONGITUD": 241.01, "UNIDAD": "e14" }, "geometry": { "type": "LineString", "coordinates": [ [ -103.4403018, 20.2906748 ], [ -103.4404964, 20.2890787 ], [ -103.4405976, 20.2885078 ] ] } },
{ "type": "Feature", "properties": { "ID": 1730272, "TIPOVIA": "OTRO", "TIPO": "N/A", "NUMERO": "N/A", "DERE_TRAN": "N/A", "ADMINISTRA": "N/A", "NUME_CARR": "N/A", "CONDICION": "N/A", "ORIGEN": "BCU", "CALI_REPR": "N/A", "CVEGEO": "140500001", "NOMVIAL": "LÍMITE PREDIAL", "SENTIDO": "N/A", "LONGITUD": 27.34, "UNIDAD": "e14" }, "geometry": { "type": "LineString", "coordinates": [ [ -103.4405646, 20.2906732 ], [ -103.4403018, 20.2906748 ] ] } },
{ "type": "Feature", "properties": { "ID": 1730273, "TIPOVIA": "CALLE", "TIPO": "N/A", "NUMERO": "N/A", "DERE_TRAN": "N/A", "ADMINISTRA": "N/A", "NUME_CARR": "N/A", "CONDICION": "N/A", "ORIGEN": "BCU", "CALI_REPR": "N/A", "CVEGEO": "140500002", "NOMVIAL": "JUÁREZ", "SENTIDO": "UN SENTIDO", "LONGITUD": 196.23, "UNIDAD": "e14" }, "geometry": { "type": "LineString", "coordinates": [ [ -103.4000077, 20.2893064 ], [ -103.4, 20.2893758 ], [ -103.3998976, 20.2901092 ], [ -103.3998158, 20.2906623 ], [ -103.3997816, 20.290835 ], [ -103.3996928, 20.2910554 ] ] } },
{ "type": "Feature", "properties": { "ID": 1730278, "TIPOVIA": "CALLE", "TIPO": "N/A", "NUMERO": "N/A", "DERE_TRAN": "N/A", "ADMINISTRA": "N/A", "NUME_CARR": "N/A", "CONDICION": "N/A", "ORIGEN": "BCU", "CALI_REPR": "N/A", "CVEGEO": "140500001", "NOMVIAL": "CRISTÓBAL COLÓN NORTE", "SENTIDO": "UN SENTIDO", "LONGITUD": 96.95, "UNIDAD": "e14" }, "geometry": { "type": "LineString", "coordinates": [ [ -103.4181306, 20.2900251 ], [ -103.4180426, 20.2909003 ] ] } },
{ "type": "Feature", "properties": { "ID": 1730283, "TIPOVIA": "PROLONGACION", "TIPO": "N/A", "NUMERO": "N/A", "DERE_TRAN": "N/A", "ADMINISTRA": "N/A", "NUME_CARR": "N/A", "CONDICION": "N/A", "ORIGEN": "BCU", "CALI_REPR": "N/A", "CVEGEO": "140500001", "NOMVIAL": "PEDRO MORENO", "SENTIDO": "UN SENTIDO", "LONGITUD": 20.2, "UNIDAD": "e14" }, "geometry": { "type": "LineString", "coordinates": [ [ -103.4262276, 20.2908673 ], [ -103.426234, 20.2906842 ] ] } },
{ "type": "Feature", "properties": { "ID": 1730285, "TIPOVIA": "CALLE", "TIPO": "N/A", "NUMERO": "N/A", "DERE_TRAN": "N/A", "ADMINISTRA": "N/A", "NUME_CARR": "N/A", "CONDICION": "N/A", "ORIGEN": "BCU", "CALI_REPR": "N/A", "CVEGEO": "140500011", "NOMVIAL": "RINCONADA DEL LIMÓN", "SENTIDO": "UN SENTIDO", "LONGITUD": 80.07, "UNIDAD": "e14" }, "geometry": { "type": "LineString", "coordinates": [ [ -103.3560119, 20.2907969 ], [ -103.3560401, 20.2915225 ] ] } },
{ "type": "Feature", "properties": { "ID": 1730286, "TIPOVIA": "PRIVADA", "TIPO": "N/A", "NUMERO": "N/A", "DERE_TRAN": "N/A", "ADMINISTRA": "N/A", "NUME_CARR": "N/A", "CONDICION": "N/A", "ORIGEN": "BCU", "CALI_REPR": "N/A", "CVEGEO": "140500011", "NOMVIAL": "TORONJA", "SENTIDO": "UN SENTIDO", "LONGITUD": 32.05, "UNIDAD": "e14" }, "geometry": { "type": "LineString", "coordinates": [ [ -103.3560401, 20.2915225 ], [ -103.3557321, 20.2915158 ] ] } },
{ "type": "Feature", "properties": { "ID": 1730299, "TIPOVIA": "CALLE", "TIPO": "N/A", "NUMERO": "N/A", "DERE_TRAN": "N/A", "ADMINISTRA": "N/A", "NUME_CARR": "N/A", "CONDICION": "N/A", "ORIGEN": "BCU", "CALI_REPR": "N/A", "CVEGEO": "140500011", "NOMVIAL": "HIDALGO", "SENTIDO": "UN SENTIDO", "LONGITUD": 31.26, "UNIDAD": "e14" }, "geometry": { "type": "LineString", "coordinates": [ [ -103.3401295, 20.2915418 ], [ -103.3400172, 20.2916247 ], [ -103.3398816, 20.2917009 ] ] } },
{ "type": "Feature", "properties": { "ID": 1730300, "TIPOVIA": "CALLE", "TIPO": "N/A", "NUMERO": "N/A", "DERE_TRAN": "N/A", "ADMINISTRA": "N/A", "NUME_CARR": "N/A", "CONDICION": "N/A", "ORIGEN": "BCU", "CALI_REPR": "N/A", "CVEGEO": "140500011", "NOMVIAL": "DEL CARDENAL NORTE", "SENTIDO": "UN SENTIDO", "LONGITUD": 33.62, "UNIDAD": "e14" }, "geometry": { "type": "LineString", "coordinates": [ [ -103.3399194, 20.2913981 ], [ -103.3398816, 20.2917009 ] ] } },
{ "type": "Feature", "properties": { "ID": 1730301, "TIPOVIA": "CALLE", "TIPO": "N/A", "NUMERO": "N/A", "DERE_TRAN": "N/A", "ADMINISTRA": "N/A", "NUME_CARR": "N/A", "CONDICION": "N/A", "ORIGEN": "BCU", "CALI_REPR": "N/A", "CVEGEO": "140500002", "NOMVIAL": "SAN COSME", "SENTIDO": "UN SENTIDO", "LONGITUD": 14.65, "UNIDAD": "e14" }, "geometry": { "type": "LineString", "coordinates": [ [ -103.3996129, 20.2911649 ], [ -103.3996928, 20.2910554 ] ] } },
{ "type": "Feature", "properties": { "ID": 1730302, "TIPOVIA": "CALLE", "TIPO": "N/A", "NUMERO": "N/A", "DERE_TRAN": "N/A", "ADMINISTRA": "N/A", "NUME_CARR": "N/A", "CONDICION": "N/A", "ORIGEN": "BCU", "CALI_REPR": "N/A", "CVEGEO": "140500002", "NOMVIAL": "SANTA ISABEL", "SENTIDO": "UN SENTIDO", "LONGITUD": 94.25, "UNIDAD": "e14" }, "geometry": { "type": "LineString", "coordinates": [ [ -103.3996129, 20.2911649 ], [ -103.3987211, 20.2910151 ] ] } },
{ "type": "Feature", "properties": { "ID": 1730307, "TIPOVIA": "CALLE", "TIPO": "N/A", "NUMERO": "N/A", "DERE_TRAN": "N/A", "ADMINISTRA": "N/A", "NUME_CARR": "N/A", "CONDICION": "N/A", "ORIGEN": "BCU", "CALI_REPR": "N/A", "CVEGEO": "140500001", "NOMVIAL": "LÁZARO CÁRDENAS", "SENTIDO": "UN SENTIDO", "LONGITUD": 106.06, "UNIDAD": "e14" }, "geometry": { "type": "LineString", "coordinates": [ [ -103.4364891, 20.2908403 ], [ -103.4364903, 20.290832 ], [ -103.4366542, 20.2898913 ] ] } },
{ "type": "Feature", "properties": { "ID": 1730308, "TIPOVIA": "CALLE", "TIPO": "N/A", "NUMERO": "N/A", "DERE_TRAN": "N/A", "ADMINISTRA": "N/A", "NUME_CARR": "N/A", "CONDICION": "N/A", "ORIGEN": "BCU", "CALI_REPR": "N/A", "CVEGEO": "140500001", "NOMVIAL": "PRIMAVERA PONIENTE", "SENTIDO": "UN SENTIDO", "LONGITUD": 108.88, "UNIDAD": "e14" }, "geometry": { "type": "LineString", "coordinates": [ [ -103.4354619, 20.2906517 ], [ -103.4364891, 20.2908403 ] ] } },
{ "type": "Feature", "properties": { "ID": 1730314, "TIPOVIA": "CALLE", "TIPO": "N/A", "NUMERO": "N/A", "DERE_TRAN": "N/A", "ADMINISTRA": "N/A", "NUME_CARR": "N/A", "CONDICION": "N/A", "ORIGEN": "BCU", "CALI_REPR": "N/A", "CVEGEO": "140500002", "NOMVIAL": "SANTA ISABEL", "SENTIDO": "UN SENTIDO", "LONGITUD": 124.02, "UNIDAD": "e14" }, "geometry": { "type": "LineString", "coordinates": [ [ -103.3996928, 20.2910554 ], [ -103.4008765, 20.2911876 ] ] } },
{ "type": "Feature", "properties": { "ID": 1730322, "TIPOVIA": "CALLE", "TIPO": "N/A", "NUMERO": "N/A", "DERE_TRAN": "N/A", "ADMINISTRA": "N/A", "NUME_CARR": "N/A", "CONDICION": "N/A", "ORIGEN": "BCU", "CALI_REPR": "N/A", "CVEGEO": "140500002", "NOMVIAL": "CUAUHTÉMOC", "SENTIDO": "UN SENTIDO", "LONGITUD": 68.1, "UNIDAD": "e14" }, "geometry": { "type": "LineString", "coordinates": [ [ -103.3901147, 20.2910948 ], [ -103.3894993, 20.2913055 ] ] } },
{ "type": "Feature", "properties": { "ID": 1730326, "TIPOVIA": "CALLE", "TIPO": "N/A", "NUMERO": "N/A", "DERE_TRAN": "N/A", "ADMINISTRA": "N/A", "NUME_CARR": "N/A", "CONDICION": "N/A", "ORIGEN": "BCU", "CALI_REPR": "N/A", "CVEGEO": "140500001", "NOMVIAL": "MATAMOROS NORTE", "SENTIDO": "UN SENTIDO", "LONGITUD": 74.46, "UNIDAD": "e14" }, "geometry": { "type": "LineString", "coordinates": [ [ -103.4272236, 20.2909779 ], [ -103.4273245, 20.2903094 ] ] } },
{ "type": "Feature", "properties": { "ID": 1730327, "TIPOVIA": "CALLE", "TIPO": "N/A", "NUMERO": "N/A", "DERE_TRAN": "N/A", "ADMINISTRA": "N/A", "NUME_CARR": "N/A", "CONDICION": "N/A", "ORIGEN": "BCU", "CALI_REPR": "N/A", "CVEGEO": "140500001", "NOMVIAL": "LIBERTAD", "SENTIDO": "UN SENTIDO", "LONGITUD": 104.34, "UNIDAD": "e14" }, "geometry": { "type": "LineString", "coordinates": [ [ -103.4262276, 20.2908673 ], [ -103.4272236, 20.2909779 ] ] } },
{ "type": "Feature", "properties": { "ID": 1730342, "TIPOVIA": "CALLE", "TIPO": "N/A", "NUMERO": "N/A", "DERE_TRAN": "N/A", "ADMINISTRA": "N/A", "NUME_CARR": "N/A", "CONDICION": "N/A", "ORIGEN": "BCU", "CALI_REPR": "N/A", "CVEGEO": "140500011", "NOMVIAL": "MARGARET COURT", "SENTIDO": "UN SENTIDO", "LONGITUD": 58.72, "UNIDAD": "e14" }, "geometry": { "type": "LineString", "coordinates": [ [ -103.3304048, 20.2916965 ], [ -103.3309289, 20.2918944 ] ] } },
{ "type": "Feature", "properties": { "ID": 1730343, "TIPOVIA": "CALLE", "TIPO": "N/A", "NUMERO": "N/A", "DERE_TRAN": "N/A", "ADMINISTRA": "N/A", "NUME_CARR": "N/A", "CONDICION": "N/A", "ORIGEN": "BCU", "CALI_REPR": "N/A", "CVEGEO": "140500002", "NOMVIAL": "SANTA ISABEL", "SENTIDO": "UN SENTIDO", "LONGITUD": 68.13, "UNIDAD": "e14" }, "geometry": { "type": "LineString", "coordinates": [ [ -103.4008765, 20.2911876 ], [ -103.4015266, 20.2912618 ] ] } },
{ "type": "Feature", "properties": { "ID": 1730348, "TIPOVIA": "CALLE", "TIPO": "N/A", "NUMERO": "N/A", "DERE_TRAN": "N/A", "ADMINISTRA": "N/A", "NUME_CARR": "N/A", "CONDICION": "N/A", "ORIGEN": "BCU", "CALI_REPR": "N/A", "CVEGEO": "140500011", "NOMVIAL": "RINCONADA DEL LIMÓN", "SENTIDO": "UN SENTIDO", "LONGITUD": 19.13, "UNIDAD": "e14" }, "geometry": { "type": "LineString", "coordinates": [ [ -103.3560401, 20.2915225 ], [ -103.3560414, 20.291696 ] ] } },
{ "type": "Feature", "properties": { "ID": 1730351, "TIPOVIA": "CALLE", "TIPO": "N/A", "NUMERO": "N/A", "DERE_TRAN": "N/A", "ADMINISTRA": "N/A", "NUME_CARR": "N/A", "CONDICION": "N/A", "ORIGEN": "BCU", "CALI_REPR": "N/A", "CVEGEO": "140500011", "NOMVIAL": "RAFAEL OSUNA", "SENTIDO": "UN SENTIDO", "LONGITUD": 164.24, "UNIDAD": "e14" }, "geometry": { "type": "LineString", "coordinates": [ [ -103.3332584, 20.2916898 ], [ -103.3338461, 20.2917546 ], [ -103.334416, 20.2918109 ], [ -103.3348209, 20.291891 ] ] } },
{ "type": "Feature", "properties": { "ID": 1730352, "TIPOVIA": "CALLE", "TIPO": "N/A", "NUMERO": "N/A", "DERE_TRAN": "N/A", "ADMINISTRA": "N/A", "NUME_CARR": "N/A", "CONDICION": "N/A", "ORIGEN": "BCU", "CALI_REPR": "N/A", "CVEGEO": "140500001", "NOMVIAL": "NINGUNO", "SENTIDO": "UN SENTIDO", "LONGITUD": 28.97, "UNIDAD": "e14" }, "geometry": { "type": "LineString", "coordinates": [ [ -103.4405646, 20.2906732 ], [ -103.4405337, 20.2909343 ] ] } },
{ "type": "Feature", "properties": { "ID": 1730353, "TIPOVIA": "CALLE", "TIPO": "N/A", "NUMERO": "N/A", "DERE_TRAN": "N/A", "ADMINISTRA": "N/A", "NUME_CARR": "N/A", "CONDICION": "N/A", "ORIGEN": "BCU", "CALI_REPR": "N/A", "CVEGEO": "140500001", "NOMVIAL": "FRANCISCO VILLA", "SENTIDO": "UN SENTIDO", "LONGITUD": 108.77, "UNIDAD": "e14" }, "geometry": { "type": "LineString", "coordinates": [ [ -103.4373618, 20.2899994 ], [ -103.4371567, 20.2909666 ] ] } },
{ "type": "Feature", "properties": { "ID": 1730354, "TIPOVIA": "CALLE", "TIPO": "N/A", "NUMERO": "N/A", "DERE_TRAN": "N/A", "ADMINISTRA": "N/A", "NUME_CARR": "N/A", "CONDICION": "N/A", "ORIGEN": "BCU", "CALI_REPR": "N/A", "CVEGEO": "140500001", "NOMVIAL": "PRIMAVERA PONIENTE", "SENTIDO": "UN SENTIDO", "LONGITUD": 70.85, "UNIDAD": "e14" }, "geometry": { "type": "LineString", "coordinates": [ [ -103.4364891, 20.2908403 ], [ -103.4371567, 20.2909666 ] ] } },
{ "type": "Feature", "properties": { "ID": 1730362, "TIPOVIA": "CALLE", "TIPO": "N/A", "NUMERO": "N/A", "DERE_TRAN": "N/A", "ADMINISTRA": "N/A", "NUME_CARR": "N/A", "CONDICION": "N/A", "ORIGEN": "BCU", "CALI_REPR": "N/A", "CVEGEO": "140500001", "NOMVIAL": "NINGUNO", "SENTIDO": "UN SENTIDO", "LONGITUD": 89.36, "UNIDAD": "e14" }, "geometry": { "type": "LineString", "coordinates": [ [ -103.4149886, 20.2911999 ], [ -103.4158343, 20.2910583 ] ] } },
{ "type": "Feature", "properties": { "ID": 1730363, "TIPOVIA": "CALLE", "TIPO": "N/A", "NUMERO": "N/A", "DERE_TRAN": "N/A", "ADMINISTRA": "N/A", "NUME_CARR": "N/A", "CONDICION": "N/A", "ORIGEN": "BCU", "CALI_REPR": "N/A", "CVEGEO": "140500001", "NOMVIAL": "PORVENIR", "SENTIDO": "UN SENTIDO", "LONGITUD": 54.34, "UNIDAD": "e14" }, "geometry": { "type": "LineString", "coordinates": [ [ -103.4149886, 20.2911999 ], [ -103.4151284, 20.2907251 ] ] } },
{ "type": "Feature", "properties": { "ID": 1730364, "TIPOVIA": "CALLE", "TIPO": "N/A", "NUMERO": "N/A", "DERE_TRAN": "N/A", "ADMINISTRA": "N/A", "NUME_CARR": "N/A", "CONDICION": "N/A", "ORIGEN": "BCU", "CALI_REPR": "N/A", "CVEGEO": "140500001", "NOMVIAL": "NINGUNO", "SENTIDO": "UN SENTIDO", "LONGITUD": 35.88, "UNIDAD": "e14" }, "geometry": { "type": "LineString", "coordinates": [ [ -103.4405337, 20.2909343 ], [ -103.4408777, 20.2909574 ] ] } },
{ "type": "Feature", "properties": { "ID": 1730365, "TIPOVIA": "CALLE", "TIPO": "N/A", "NUMERO": "N/A", "DERE_TRAN": "N/A", "ADMINISTRA": "N/A", "NUME_CARR": "N/A", "CONDICION": "N/A", "ORIGEN": "BCU", "CALI_REPR": "N/A", "CVEGEO": "140500001", "NOMVIAL": "GUADALUPE VICTORIA NORTE", "SENTIDO": "UN SENTIDO", "LONGITUD": 73.27, "UNIDAD": "e14" }, "geometry": { "type": "LineString", "coordinates": [ [ -103.4283066, 20.290422 ], [ -103.4282543, 20.2907709 ], [ -103.428208, 20.2910799 ] ] } },
{ "type": "Feature", "properties": { "ID": 1730366, "TIPOVIA": "CALLE", "TIPO": "N/A", "NUMERO": "N/A", "DERE_TRAN": "N/A", "ADMINISTRA": "N/A", "NUME_CARR": "N/A", "CONDICION": "N/A", "ORIGEN": "BCU", "CALI_REPR": "N/A", "CVEGEO": "140500001", "NOMVIAL": "LIBERTAD", "SENTIDO": "UN SENTIDO", "LONGITUD": 103.04, "UNIDAD": "e14" }, "geometry": { "type": "LineString", "coordinates": [ [ -103.4272236, 20.2909779 ], [ -103.428208, 20.2910799 ] ] } },
{ "type": "Feature", "properties": { "ID": 1730369, "TIPOVIA": "CALLE", "TIPO": "N/A", "NUMERO": "N/A", "DERE_TRAN": "N/A", "ADMINISTRA": "N/A", "NUME_CARR": "N/A", "CONDICION": "N/A", "ORIGEN": "BCU", "CALI_REPR": "N/A", "CVEGEO": "140500002", "NOMVIAL": "CUAUHTÉMOC", "SENTIDO": "UN SENTIDO", "LONGITUD": 95.71, "UNIDAD": "e14" }, "geometry": { "type": "LineString", "coordinates": [ [ -103.3894993, 20.2913055 ], [ -103.3885954, 20.2914666 ] ] } },
{ "type": "Feature", "properties": { "ID": 1730370, "TIPOVIA": "CALLE", "TIPO": "N/A", "NUMERO": "N/A", "DERE_TRAN": "N/A", "ADMINISTRA": "N/A", "NUME_CARR": "N/A", "CONDICION": "N/A", "ORIGEN": "BCU", "CALI_REPR": "N/A", "CVEGEO": "140500002", "NOMVIAL": "CUAUHTÉMOC", "SENTIDO": "UN SENTIDO", "LONGITUD": 223.22, "UNIDAD": "e14" }, "geometry": { "type": "LineString", "coordinates": [ [ -103.3886071, 20.2894425 ], [ -103.3885954, 20.2914666 ] ] } },
{ "type": "Feature", "properties": { "ID": 1730379, "TIPOVIA": "CALLE", "TIPO": "N/A", "NUMERO": "N/A", "DERE_TRAN": "N/A", "ADMINISTRA": "N/A", "NUME_CARR": "N/A", "CONDICION": "N/A", "ORIGEN": "BCU", "CALI_REPR": "N/A", "CVEGEO": "140500001", "NOMVIAL": "NINGUNO", "SENTIDO": "UN SENTIDO", "LONGITUD": 47.57, "UNIDAD": "e14" }, "geometry": { "type": "LineString", "coordinates": [ [ -103.4408777, 20.2909574 ], [ -103.4413338, 20.2909879 ] ] } },
{ "type": "Feature", "properties": { "ID": 1730391, "TIPOVIA": "CALLE", "TIPO": "N/A", "NUMERO": "N/A", "DERE_TRAN": "N/A", "ADMINISTRA": "N/A", "NUME_CARR": "N/A", "CONDICION": "N/A", "ORIGEN": "BCU", "CALI_REPR": "N/A", "CVEGEO": "140500001", "NOMVIAL": "ALLENDE NORTE", "SENTIDO": "UN SENTIDO", "LONGITUD": 71.13, "UNIDAD": "e14" }, "geometry": { "type": "LineString", "coordinates": [ [ -103.4288075, 20.2911239 ], [ -103.4288875, 20.2904832 ] ] } },
{ "type": "Feature", "properties": { "ID": 1730392, "TIPOVIA": "CALLE", "TIPO": "N/A", "NUMERO": "N/A", "DERE_TRAN": "N/A", "ADMINISTRA": "N/A", "NUME_CARR": "N/A", "CONDICION": "N/A", "ORIGEN": "BCU", "CALI_REPR": "N/A", "CVEGEO": "140500001", "NOMVIAL": "FILÓSOFOS", "SENTIDO": "UN SENTIDO", "LONGITUD": 62.56, "UNIDAD": "e14" }, "geometry": { "type": "LineString", "coordinates": [ [ -103.428208, 20.2910799 ], [ -103.4288075, 20.2911239 ] ] } },
{ "type": "Feature", "properties": { "ID": 1730396, "TIPOVIA": "CALLE", "TIPO": "N/A", "NUMERO": "N/A", "DERE_TRAN": "N/A", "ADMINISTRA": "N/A", "NUME_CARR": "N/A", "CONDICION": "N/A", "ORIGEN": "BCU", "CALI_REPR": "N/A", "CVEGEO": "140500001", "NOMVIAL": "NINGUNO", "SENTIDO": "UN SENTIDO", "LONGITUD": 43.78, "UNIDAD": "e14" }, "geometry": { "type": "LineString", "coordinates": [ [ -103.4413338, 20.2909879 ], [ -103.4417536, 20.291016 ] ] } },
{ "type": "Feature", "properties": { "ID": 1730400, "TIPOVIA": "CALLE", "TIPO": "N/A", "NUMERO": "23", "DERE_TRAN": "LIBRE", "ADMINISTRA": "FEDERAL", "NUME_CARR": "N/A", "CONDICION": "N/A", "ORIGEN": "BCU", "CALI_REPR": "N/A", "CVEGEO": "140500002", "NOMVIAL": "EL CHANTE", "SENTIDO": "UN SENTIDO", "LONGITUD": 306.8, "UNIDAD": "e14" }, "geometry": { "type": "LineString", "coordinates": [ [ -103.4104368, 20.2909067 ], [ -103.4101144, 20.2909918 ], [ -103.4075276, 20.2913456 ] ] } },
{ "type": "Feature", "properties": { "ID": 1730403, "TIPOVIA": "CALLE", "TIPO": "N/A", "NUMERO": "N/A", "DERE_TRAN": "N/A", "ADMINISTRA": "N/A", "NUME_CARR": "N/A", "CONDICION": "N/A", "ORIGEN": "BCU", "CALI_REPR": "N/A", "CVEGEO": "140500001", "NOMVIAL": "VENUSTIANO CARRANZA", "SENTIDO": "UN SENTIDO", "LONGITUD": 110.18, "UNIDAD": "e14" }, "geometry": { "type": "LineString", "coordinates": [ [ -103.4378471, 20.2910796 ], [ -103.4380273, 20.290095 ] ] } },
{ "type": "Feature", "properties": { "ID": 1730404, "TIPOVIA": "CALLE", "TIPO": "N/A", "NUMERO": "N/A", "DERE_TRAN": "N/A", "ADMINISTRA": "N/A", "NUME_CARR": "N/A", "CONDICION": "N/A", "ORIGEN": "BCU", "CALI_REPR": "N/A", "CVEGEO": "140500001", "NOMVIAL": "PRIMAVERA PONIENTE", "SENTIDO": "UN SENTIDO", "LONGITUD": 72.9, "UNIDAD": "e14" }, "geometry": { "type": "LineString", "coordinates": [ [ -103.4371567, 20.2909666 ], [ -103.4378471, 20.2910796 ] ] } },
{ "type": "Feature", "properties": { "ID": 1730408, "TIPOVIA": "CALLE", "TIPO": "N/A", "NUMERO": "N/A", "DERE_TRAN": "N/A", "ADMINISTRA": "N/A", "NUME_CARR": "N/A", "CONDICION": "N/A", "ORIGEN": "BCU", "CALI_REPR": "N/A", "CVEGEO": "140500011", "NOMVIAL": "TORONJA", "SENTIDO": "UN SENTIDO", "LONGITUD": 246.39, "UNIDAD": "e14" }, "geometry": { "type": "LineString", "coordinates": [ [ -103.3583435, 20.2916167 ], [ -103.3581069, 20.2916522 ], [ -103.3578458, 20.291825 ], [ -103.3560414, 20.291696 ] ] } },
{ "type": "Feature", "properties": { "ID": 1730409, "TIPOVIA": "OTRO", "TIPO": "N/A", "NUMERO": "N/A", "DERE_TRAN": "N/A", "ADMINISTRA": "N/A", "NUME_CARR": "N/A", "CONDICION": "N/A", "ORIGEN": "BCU", "CALI_REPR": "N/A", "CVEGEO": "140500001", "NOMVIAL": "LÍMITE PREDIAL", "SENTIDO": "N/A", "LONGITUD": 220.15, "UNIDAD": "e14" }, "geometry": { "type": "LineString", "coordinates": [ [ -103.4422537, 20.2910509 ], [ -103.442261, 20.2907326 ], [ -103.4412353, 20.2905573 ], [ -103.4411692, 20.2906644 ], [ -103.4405646, 20.2906732 ] ] } },
{ "type": "Feature", "properties": { "ID": 1730410, "TIPOVIA": "CALLE", "TIPO": "N/A", "NUMERO": "N/A", "DERE_TRAN": "N/A", "ADMINISTRA": "N/A", "NUME_CARR": "N/A", "CONDICION": "N/A", "ORIGEN": "BCU", "CALI_REPR": "N/A", "CVEGEO": "140500001", "NOMVIAL": "NINGUNO", "SENTIDO": "UN SENTIDO", "LONGITUD": 52.18, "UNIDAD": "e14" }, "geometry": { "type": "LineString", "coordinates": [ [ -103.4417536, 20.291016 ], [ -103.4422537, 20.2910509 ] ] } },
{ "type": "Feature", "properties": { "ID": 1730412, "TIPOVIA": "CALLE", "TIPO": "N/A", "NUMERO": "N/A", "DERE_TRAN": "N/A", "ADMINISTRA": "N/A", "NUME_CARR": "N/A", "CONDICION": "N/A", "ORIGEN": "BCU", "CALI_REPR": "N/A", "CVEGEO": "140500001", "NOMVIAL": "NIÑOS HÉROES NORTE", "SENTIDO": "UN SENTIDO", "LONGITUD": 78.92, "UNIDAD": "e14" }, "geometry": { "type": "LineString", "coordinates": [ [ -103.4340817, 20.2911377 ], [ -103.4342244, 20.2904348 ] ] } },
{ "type": "Feature", "properties": { "ID": 1730413, "TIPOVIA": "PRIVADA", "TIPO": "N/A", "NUMERO": "N/A", "DERE_TRAN": "N/A", "ADMINISTRA": "N/A", "NUME_CARR": "N/A", "CONDICION": "N/A", "ORIGEN": "BCU", "CALI_REPR": "N/A", "CVEGEO": "140500001", "NOMVIAL": "VERANO", "SENTIDO": "UN SENTIDO", "LONGITUD": 77.81, "UNIDAD": "e14" }, "geometry": { "type": "LineString", "coordinates": [ [ -103.4333463, 20.291009 ], [ -103.4340817, 20.2911377 ] ] } },
{ "type": "Feature", "properties": { "ID": 1730415, "TIPOVIA": "CALLE", "TIPO": "N/A", "NUMERO": "N/A", "DERE_TRAN": "N/A", "ADMINISTRA": "N/A", "NUME_CARR": "N/A", "CONDICION": "N/A", "ORIGEN": "BCU", "CALI_REPR": "N/A", "CVEGEO": "140500001", "NOMVIAL": "HIDALGO NORTE", "SENTIDO": "UN SENTIDO", "LONGITUD": 68.45, "UNIDAD": "e14" }, "geometry": { "type": "LineString", "coordinates": [ [ -103.4297136, 20.2905837 ], [ -103.4296915, 20.2909211 ], [ -103.4296576, 20.291202 ] ] } },
{ "type": "Feature", "properties": { "ID": 1730416, "TIPOVIA": "CALLE", "TIPO": "N/A", "NUMERO": "N/A", "DERE_TRAN": "N/A", "ADMINISTRA": "N/A", "NUME_CARR": "N/A", "CONDICION": "N/A", "ORIGEN": "BCU", "CALI_REPR": "N/A", "CVEGEO": "140500001", "NOMVIAL": "FILÓSOFOS", "SENTIDO": "UN SENTIDO", "LONGITUD": 88.87, "UNIDAD": "e14" }, "geometry": { "type": "LineString", "coordinates": [ [ -103.4288075, 20.2911239 ], [ -103.4293196, 20.2911677 ], [ -103.4296576, 20.291202 ] ] } },
{ "type": "Feature", "properties": { "ID": 1730436, "TIPOVIA": "CALLE", "TIPO": "N/A", "NUMERO": "N/A", "DERE_TRAN": "N/A", "ADMINISTRA": "N/A", "NUME_CARR": "N/A", "CONDICION": "N/A", "ORIGEN": "BCU", "CALI_REPR": "N/A", "CVEGEO": "140500011", "NOMVIAL": "VICENTE GUERRERO", "SENTIDO": "UN SENTIDO", "LONGITUD": 90.12, "UNIDAD": "e14" }, "geometry": { "type": "LineString", "coordinates": [ [ -103.3417597, 20.2920367 ], [ -103.3419617, 20.2912421 ] ] } },
{ "type": "Feature", "properties": { "ID": 1730437, "TIPOVIA": "CALLE", "TIPO": "N/A", "NUMERO": "N/A", "DERE_TRAN": "N/A", "ADMINISTRA": "N/A", "NUME_CARR": "N/A", "CONDICION": "N/A", "ORIGEN": "BCU", "CALI_REPR": "N/A", "CVEGEO": "140500011", "NOMVIAL": "PASEO DE LA LOMA", "SENTIDO": "UN SENTIDO", "LONGITUD": 181.83, "UNIDAD": "e14" }, "geometry": { "type": "LineString", "coordinates": [ [ -103.3417597, 20.2920367 ], [ -103.3408806, 20.2919426 ], [ -103.3401295, 20.2915418 ] ] } },
{ "type": "Feature", "properties": { "ID": 1730457, "TIPOVIA": "CALLE", "TIPO": "N/A", "NUMERO": "N/A", "DERE_TRAN": "N/A", "ADMINISTRA": "N/A", "NUME_CARR": "N/A", "CONDICION": "N/A", "ORIGEN": "BCU", "CALI_REPR": "N/A", "CVEGEO": "140500001", "NOMVIAL": "20 DE NOVIEMBRE", "SENTIDO": "UN SENTIDO", "LONGITUD": 110.35, "UNIDAD": "e14" }, "geometry": { "type": "LineString", "coordinates": [ [ -103.4385232, 20.2911782 ], [ -103.4386565, 20.2901855 ] ] } },
{ "type": "Feature", "properties": { "ID": 1730458, "TIPOVIA": "CALLE", "TIPO": "N/A", "NUMERO": "N/A", "DERE_TRAN": "N/A", "ADMINISTRA": "N/A", "NUME_CARR": "N/A", "CONDICION": "N/A", "ORIGEN": "BCU", "CALI_REPR": "N/A", "CVEGEO": "140500001", "NOMVIAL": "PRIMAVERA PONIENTE", "SENTIDO": "UN SENTIDO", "LONGITUD": 71.18, "UNIDAD": "e14" }, "geometry": { "type": "LineString", "coordinates": [ [ -103.4378471, 20.2910796 ], [ -103.4385232, 20.2911782 ] ] } },
{ "type": "Feature", "properties": { "ID": 1730462, "TIPOVIA": "CALLE", "TIPO": "N/A", "NUMERO": "N/A", "DERE_TRAN": "N/A", "ADMINISTRA": "N/A", "NUME_CARR": "N/A", "CONDICION": "N/A", "ORIGEN": "BCU", "CALI_REPR": "N/A", "CVEGEO": "140500002", "NOMVIAL": "XÓCHITL", "SENTIDO": "UN SENTIDO", "LONGITUD": 75.87, "UNIDAD": "e14" }, "geometry": { "type": "LineString", "coordinates": [ [ -103.3938107, 20.2916058 ], [ -103.3937635, 20.2909192 ] ] } },
{ "type": "Feature", "properties": { "ID": 1730465, "TIPOVIA": "PRIVADA", "TIPO": "N/A", "NUMERO": "N/A", "DERE_TRAN": "N/A", "ADMINISTRA": "N/A", "NUME_CARR": "N/A", "CONDICION": "N/A", "ORIGEN": "BCU", "CALI_REPR": "N/A", "CVEGEO": "140500002", "NOMVIAL": "NINGUNO", "SENTIDO": "UN SENTIDO", "LONGITUD": 45.88, "UNIDAD": "e14" }, "geometry": { "type": "LineString", "coordinates": [ [ -103.3938107, 20.2916058 ], [ -103.3933697, 20.2916113 ] ] } },
{ "type": "Feature", "properties": { "ID": 1730473, "TIPOVIA": "OTRO", "TIPO": "N/A", "NUMERO": "N/A", "DERE_TRAN": "N/A", "ADMINISTRA": "N/A", "NUME_CARR": "N/A", "CONDICION": "N/A", "ORIGEN": "BCU", "CALI_REPR": "N/A", "CVEGEO": "140500002", "NOMVIAL": "LÍMITE PREDIAL", "SENTIDO": "N/A", "LONGITUD": 160.62, "UNIDAD": "e14" }, "geometry": { "type": "LineString", "coordinates": [ [ -103.4136754, 20.2900117 ], [ -103.4136163, 20.2914671 ] ] } },
{ "type": "Feature", "properties": { "ID": 1730474, "TIPOVIA": "CALLE", "TIPO": "N/A", "NUMERO": "23", "DERE_TRAN": "LIBRE", "ADMINISTRA": "FEDERAL", "NUME_CARR": "N/A", "CONDICION": "N/A", "ORIGEN": "BCU", "CALI_REPR": "N/A", "CVEGEO": "140500002", "NOMVIAL": "EL CHANTE", "SENTIDO": "UN SENTIDO", "LONGITUD": 159.34, "UNIDAD": "e14" }, "geometry": { "type": "LineString", "coordinates": [ [ -103.4075276, 20.2913456 ], [ -103.40601, 20.2915394 ] ] } },
{ "type": "Feature", "properties": { "ID": 1730477, "TIPOVIA": "CALLE", "TIPO": "N/A", "NUMERO": "N/A", "DERE_TRAN": "N/A", "ADMINISTRA": "N/A", "NUME_CARR": "N/A", "CONDICION": "N/A", "ORIGEN": "BCU", "CALI_REPR": "N/A", "CVEGEO": "140500002", "NOMVIAL": "SANTA PAULA", "SENTIDO": "UN SENTIDO", "LONGITUD": 28.55, "UNIDAD": "e14" }, "geometry": { "type": "LineString", "coordinates": [ [ -103.3976992, 20.2916035 ], [ -103.3979724, 20.2916267 ] ] } },
{ "type": "Feature", "properties": { "ID": 1730478, "TIPOVIA": "CALLE", "TIPO": "N/A", "NUMERO": "N/A", "DERE_TRAN": "N/A", "ADMINISTRA": "N/A", "NUME_CARR": "N/A", "CONDICION": "N/A", "ORIGEN": "BCU", "CALI_REPR": "N/A", "CVEGEO": "140500001", "NOMVIAL": "JOSEFA ORTIZ DE DOMÍNGUEZ NORTE", "SENTIDO": "UN SENTIDO", "LONGITUD": 73.74, "UNIDAD": "e14" }, "geometry": { "type": "LineString", "coordinates": [ [ -103.4306788, 20.2913253 ], [ -103.4306797, 20.2906566 ] ] } },
{ "type": "Feature", "properties": { "ID": 1730479, "TIPOVIA": "CALLE", "TIPO": "N/A", "NUMERO": "N/A", "DERE_TRAN": "N/A", "ADMINISTRA": "N/A", "NUME_CARR": "N/A", "CONDICION": "N/A", "ORIGEN": "BCU", "CALI_REPR": "N/A", "CVEGEO": "140500001", "NOMVIAL": "FILÓSOFOS", "SENTIDO": "UN SENTIDO", "LONGITUD": 107.12, "UNIDAD": "e14" }, "geometry": { "type": "LineString", "coordinates": [ [ -103.4296576, 20.291202 ], [ -103.4306788, 20.2913253 ] ] } },
{ "type": "Feature", "properties": { "ID": 1730482, "TIPOVIA": "PROLONGACION", "TIPO": "N/A", "NUMERO": "N/A", "DERE_TRAN": "N/A", "ADMINISTRA": "N/A", "NUME_CARR": "N/A", "CONDICION": "N/A", "ORIGEN": "BCU", "CALI_REPR": "N/A", "CVEGEO": "140500001", "NOMVIAL": "PEDRO MORENO", "SENTIDO": "UN SENTIDO", "LONGITUD": 56.72, "UNIDAD": "e14" }, "geometry": { "type": "LineString", "coordinates": [ [ -103.426161, 20.2913778 ], [ -103.4262276, 20.2908673 ] ] } },
{ "type": "Feature", "properties": { "ID": 1730487, "TIPOVIA": "CALLE", "TIPO": "N/A", "NUMERO": "N/A", "DERE_TRAN": "N/A", "ADMINISTRA": "N/A", "NUME_CARR": "N/A", "CONDICION": "N/A", "ORIGEN": "BCU", "CALI_REPR": "N/A", "CVEGEO": "140500011", "NOMVIAL": "GUADALUPE VICTORIA", "SENTIDO": "UN SENTIDO", "LONGITUD": 278.06, "UNIDAD": "e14" }, "geometry": { "type": "LineString", "coordinates": [ [ -103.3475711, 20.292118 ], [ -103.3477038, 20.2919391 ], [ -103.3479898, 20.2914135 ], [ -103.3481671, 20.2911297 ], [ -103.3488702, 20.2899164 ] ] } },
{ "type": "Feature", "properties": { "ID": 1730488, "TIPOVIA": "CALLE", "TIPO": "N/A", "NUMERO": "N/A", "DERE_TRAN": "N/A", "ADMINISTRA": "N/A", "NUME_CARR": "N/A", "CONDICION": "N/A", "ORIGEN": "BCU", "CALI_REPR": "N/A", "CVEGEO": "140500001", "NOMVIAL": "21 DE MARZO", "SENTIDO": "UN SENTIDO", "LONGITUD": 78.92, "UNIDAD": "e14" }, "geometry": { "type": "LineString", "coordinates": [ [ -103.439353, 20.2905672 ], [ -103.4392724, 20.2912436 ], [ -103.4392688, 20.2912785 ] ] } },
{ "type": "Feature", "properties": { "ID": 1730489, "TIPOVIA": "CALLE", "TIPO": "N/A", "NUMERO": "N/A", "DERE_TRAN": "N/A", "ADMINISTRA": "N/A", "NUME_CARR": "N/A", "CONDICION": "N/A", "ORIGEN": "BCU", "CALI_REPR": "N/A", "CVEGEO": "140500001", "NOMVIAL": "PRIMAVERA PONIENTE", "SENTIDO": "UN SENTIDO", "LONGITUD": 78.36, "UNIDAD": "e14" }, "geometry": { "type": "LineString", "coordinates": [ [ -103.4385232, 20.2911782 ], [ -103.4392688, 20.2912785 ] ] } },
{ "type": "Feature", "properties": { "ID": 1730491, "TIPOVIA": "CALLE", "TIPO": "N/A", "NUMERO": "N/A", "DERE_TRAN": "N/A", "ADMINISTRA": "N/A", "NUME_CARR": "N/A", "CONDICION": "N/A", "ORIGEN": "BCU", "CALI_REPR": "N/A", "CVEGEO": "140500011", "NOMVIAL": "GUILLERMO VILAS", "SENTIDO": "UN SENTIDO", "LONGITUD": 94.19, "UNIDAD": "e14" }, "geometry": { "type": "LineString", "coordinates": [ [ -103.3360707, 20.2922255 ], [ -103.3364051, 20.2914318 ] ] } },
{ "type": "Feature", "properties": { "ID": 1730492, "TIPOVIA": "CALLE", "TIPO": "N/A", "NUMERO": "N/A", "DERE_TRAN": "N/A", "ADMINISTRA": "N/A", "NUME_CARR": "N/A", "CONDICION": "N/A", "ORIGEN": "BCU", "CALI_REPR": "N/A", "CVEGEO": "140500011", "NOMVIAL": "RAFAEL OSUNA", "SENTIDO": "UN SENTIDO", "LONGITUD": 135.51, "UNIDAD": "e14" }, "geometry": { "type": "LineString", "coordinates": [ [ -103.3348209, 20.291891 ], [ -103.3352261, 20.2919576 ], [ -103.3355182, 20.2920442 ], [ -103.3360707, 20.2922255 ] ] } },
{ "type": "Feature", "properties": { "ID": 1730500, "TIPOVIA": "CALLE", "TIPO": "N/A", "NUMERO": "N/A", "DERE_TRAN": "N/A", "ADMINISTRA": "N/A", "NUME_CARR": "N/A", "CONDICION": "N/A", "ORIGEN": "BCU", "CALI_REPR": "N/A", "CVEGEO": "140500001", "NOMVIAL": "ZARAGOZA NORTE", "SENTIDO": "UN SENTIDO", "LONGITUD": 78.86, "UNIDAD": "e14" }, "geometry": { "type": "LineString", "coordinates": [ [ -103.4353232, 20.2913548 ], [ -103.4354619, 20.2906517 ] ] } },
{ "type": "Feature", "properties": { "ID": 1730501, "TIPOVIA": "CALLE", "TIPO": "N/A", "NUMERO": "N/A", "DERE_TRAN": "N/A", "ADMINISTRA": "N/A", "NUME_CARR": "N/A", "CONDICION": "N/A", "ORIGEN": "BCU", "CALI_REPR": "N/A", "CVEGEO": "140500001", "NOMVIAL": "VERANO", "SENTIDO": "UN SENTIDO", "LONGITUD": 131.38, "UNIDAD": "e14" }, "geometry": { "type": "LineString", "coordinates": [ [ -103.4353232, 20.2913548 ], [ -103.4340817, 20.2911377 ] ] } },
{ "type": "Feature", "properties": { "ID": 1730502, "TIPOVIA": "CALLE", "TIPO": "N/A", "NUMERO": "N/A", "DERE_TRAN": "N/A", "ADMINISTRA": "N/A", "NUME_CARR": "N/A", "CONDICION": "N/A", "ORIGEN": "BCU", "CALI_REPR": "N/A", "CVEGEO": "140500011", "NOMVIAL": "RAFAEL OSUNA", "SENTIDO": "UN SENTIDO", "LONGITUD": 10.52, "UNIDAD": "e14" }, "geometry": { "type": "LineString", "coordinates": [ [ -103.3360707, 20.2922255 ], [ -103.336165, 20.29226 ] ] } },
{ "type": "Feature", "properties": { "ID": 1730507, "TIPOVIA": "CALLE", "TIPO": "N/A", "NUMERO": "N/A", "DERE_TRAN": "N/A", "ADMINISTRA": "N/A", "NUME_CARR": "N/A", "CONDICION": "N/A", "ORIGEN": "BCU", "CALI_REPR": "N/A", "CVEGEO": "140500002", "NOMVIAL": "SAN JORGE", "SENTIDO": "UN SENTIDO", "LONGITUD": 76.83, "UNIDAD": "e14" }, "geometry": { "type": "LineString", "coordinates": [ [ -103.3987211, 20.2910151 ], [ -103.3986138, 20.2917045 ] ] } },
{ "type": "Feature", "properties": { "ID": 1730508, "TIPOVIA": "CALLE", "TIPO": "N/A", "NUMERO": "N/A", "DERE_TRAN": "N/A", "ADMINISTRA": "N/A", "NUME_CARR": "N/A", "CONDICION": "N/A", "ORIGEN": "BCU", "CALI_REPR": "N/A", "CVEGEO": "140500002", "NOMVIAL": "SANTA PAULA", "SENTIDO": "UN SENTIDO", "LONGITUD": 67.27, "UNIDAD": "e14" }, "geometry": { "type": "LineString", "coordinates": [ [ -103.3979724, 20.2916267 ], [ -103.3986138, 20.2917045 ] ] } },
{ "type": "Feature", "properties": { "ID": 1730512, "TIPOVIA": "PRIVADA", "TIPO": "N/A", "NUMERO": "N/A", "DERE_TRAN": "N/A", "ADMINISTRA": "N/A", "NUME_CARR": "N/A", "CONDICION": "N/A", "ORIGEN": "BCU", "CALI_REPR": "N/A", "CVEGEO": "140500002", "NOMVIAL": "CUAUHTÉMOC", "SENTIDO": "UN SENTIDO", "LONGITUD": 77.0, "UNIDAD": "e14" }, "geometry": { "type": "LineString", "coordinates": [ [ -103.3901287, 20.291793 ], [ -103.3901266, 20.2916894 ], [ -103.3901168, 20.2912356 ], [ -103.3901147, 20.2910948 ] ] } },
{ "type": "Feature", "properties": { "ID": 1730513, "TIPOVIA": "CALLE", "TIPO": "N/A", "NUMERO": "23", "DERE_TRAN": "LIBRE", "ADMINISTRA": "FEDERAL", "NUME_CARR": "N/A", "CONDICION": "N/A", "ORIGEN": "BCU", "CALI_REPR": "N/A", "CVEGEO": "140500002", "NOMVIAL": "EL CHANTE", "SENTIDO": "UN SENTIDO", "LONGITUD": 98.21, "UNIDAD": "e14" }, "geometry": { "type": "LineString", "coordinates": [ [ -103.40601, 20.2915394 ], [ -103.4050746, 20.2916587 ] ] } },
{ "type": "Feature", "properties": { "ID": 1730520, "TIPOVIA": "CALLE", "TIPO": "N/A", "NUMERO": "N/A", "DERE_TRAN": "N/A", "ADMINISTRA": "N/A", "NUME_CARR": "N/A", "CONDICION": "N/A", "ORIGEN": "BCU", "CALI_REPR": "N/A", "CVEGEO": "140500002", "NOMVIAL": "NINGUNO", "SENTIDO": "UN SENTIDO", "LONGITUD": 51.32, "UNIDAD": "e14" }, "geometry": { "type": "LineString", "coordinates": [ [ -103.4131464, 20.291609 ], [ -103.4136163, 20.2914671 ] ] } },
{ "type": "Feature", "properties": { "ID": 1730524, "TIPOVIA": "CALLE", "TIPO": "N/A", "NUMERO": "N/A", "DERE_TRAN": "N/A", "ADMINISTRA": "N/A", "NUME_CARR": "N/A", "CONDICION": "N/A", "ORIGEN": "BCU", "CALI_REPR": "N/A", "CVEGEO": "140500001", "NOMVIAL": "INDEPENDENCIA NORTE", "SENTIDO": "UN SENTIDO", "LONGITUD": 193.43, "UNIDAD": "e14" }, "geometry": { "type": "LineString", "coordinates": [ [ -103.4319081, 20.2897066 ], [ -103.4317608, 20.2910001 ], [ -103.431697, 20.2914492 ] ] } },
{ "type": "Feature", "properties": { "ID": 1730525, "TIPOVIA": "CALLE", "TIPO": "N/A", "NUMERO": "N/A", "DERE_TRAN": "N/A", "ADMINISTRA": "N/A", "NUME_CARR": "N/A", "CONDICION": "N/A", "ORIGEN": "BCU", "CALI_REPR": "N/A", "CVEGEO": "140500001", "NOMVIAL": "ALDAMA PONIENTE", "SENTIDO": "UN SENTIDO", "LONGITUD": 83.13, "UNIDAD": "e14" }, "geometry": { "type": "LineString", "coordinates": [ [ -103.431697, 20.2914492 ], [ -103.4316569, 20.2911272 ], [ -103.4314398, 20.2907496 ] ] } },
{ "type": "Feature", "properties": { "ID": 1730526, "TIPOVIA": "CALLE", "TIPO": "N/A", "NUMERO": "N/A", "DERE_TRAN": "N/A", "ADMINISTRA": "N/A", "NUME_CARR": "N/A", "CONDICION": "N/A", "ORIGEN": "BCU", "CALI_REPR": "N/A", "CVEGEO": "140500001", "NOMVIAL": "FILÓSOFOS", "SENTIDO": "UN SENTIDO", "LONGITUD": 106.81, "UNIDAD": "e14" }, "geometry": { "type": "LineString", "coordinates": [ [ -103.4306788, 20.2913253 ], [ -103.431697, 20.2914492 ] ] } },
{ "type": "Feature", "properties": { "ID": 1730534, "TIPOVIA": "CALLE", "TIPO": "N/A", "NUMERO": "N/A", "DERE_TRAN": "N/A", "ADMINISTRA": "N/A", "NUME_CARR": "N/A", "CONDICION": "N/A", "ORIGEN": "BCU", "CALI_REPR": "N/A", "CVEGEO": "140500002", "NOMVIAL": "NINGUNO", "SENTIDO": "UN SENTIDO", "LONGITUD": 39.11, "UNIDAD": "e14" }, "geometry": { "type": "LineString", "coordinates": [ [ -103.4127724, 20.291644 ], [ -103.4131464, 20.291609 ] ] } },
{ "type": "Feature", "properties": { "ID": 1730535, "TIPOVIA": "CALLE", "TIPO": "N/A", "NUMERO": "N/A", "DERE_TRAN": "N/A", "ADMINISTRA": "N/A", "NUME_CARR": "N/A", "CONDICION": "N/A", "ORIGEN": "BCU", "CALI_REPR": "N/A", "CVEGEO": "140500002", "NOMVIAL": "CHUECA", "SENTIDO": "UN SENTIDO", "LONGITUD": 129.72, "UNIDAD": "e14" }, "geometry": { "type": "LineString", "coordinates": [ [ -103.4127724, 20.291644 ], [ -103.4127896, 20.2904678 ] ] } },
{ "type": "Feature", "properties": { "ID": 1730539, "TIPOVIA": "CALLE", "TIPO": "N/A", "NUMERO": "N/A", "DERE_TRAN": "N/A", "ADMINISTRA": "N/A", "NUME_CARR": "N/A", "CONDICION": "N/A", "ORIGEN": "BCU", "CALI_REPR": "N/A", "CVEGEO": "140500001", "NOMVIAL": "NINGUNO", "SENTIDO": "UN SENTIDO", "LONGITUD": 80.61, "UNIDAD": "e14" }, "geometry": { "type": "LineString", "coordinates": [ [ -103.4401977, 20.2913991 ], [ -103.4403018, 20.2906748 ] ] } },
{ "type": "Feature", "properties": { "ID": 1730540, "TIPOVIA": "CALLE", "TIPO": "N/A", "NUMERO": "N/A", "DERE_TRAN": "N/A", "ADMINISTRA": "N/A", "NUME_CARR": "N/A", "CONDICION": "N/A", "ORIGEN": "BCU", "CALI_REPR": "N/A", "CVEGEO": "140500001", "NOMVIAL": "PRIMAVERA PONIENTE", "SENTIDO": "UN SENTIDO", "LONGITUD": 97.56, "UNIDAD": "e14" }, "geometry": { "type": "LineString", "coordinates": [ [ -103.4392688, 20.2912785 ], [ -103.4393298, 20.2912864 ], [ -103.4401977, 20.2913991 ] ] } },
{ "type": "Feature", "properties": { "ID": 1730541, "TIPOVIA": "OTRO", "TIPO": "N/A", "NUMERO": "N/A", "DERE_TRAN": "N/A", "ADMINISTRA": "N/A", "NUME_CARR": "N/A", "CONDICION": "N/A", "ORIGEN": "BCU", "CALI_REPR": "N/A", "CVEGEO": "140500001", "NOMVIAL": "LÍMITE PREDIAL", "SENTIDO": "N/A", "LONGITUD": 167.35, "UNIDAD": "e14" }, "geometry": { "type": "LineString", "coordinates": [ [ -103.426161, 20.2913778 ], [ -103.4271788, 20.2915227 ], [ -103.4272236, 20.2909779 ] ] } },
{ "type": "Feature", "properties": { "ID": 1730546, "TIPOVIA": "CALLE", "TIPO": "N/A", "NUMERO": "N/A", "DERE_TRAN": "N/A", "ADMINISTRA": "N/A", "NUME_CARR": "N/A", "CONDICION": "N/A", "ORIGEN": "BCU", "CALI_REPR": "N/A", "CVEGEO": "140500001", "NOMVIAL": "NINGUNO", "SENTIDO": "UN SENTIDO", "LONGITUD": 53.84, "UNIDAD": "e14" }, "geometry": { "type": "LineString", "coordinates": [ [ -103.4405337, 20.2909343 ], [ -103.4404658, 20.2914184 ] ] } },
{ "type": "Feature", "properties": { "ID": 1730547, "TIPOVIA": "CALLE", "TIPO": "N/A", "NUMERO": "N/A", "DERE_TRAN": "N/A", "ADMINISTRA": "N/A", "NUME_CARR": "N/A", "CONDICION": "N/A", "ORIGEN": "BCU", "CALI_REPR": "N/A", "CVEGEO": "140500001", "NOMVIAL": "PRIMAVERA PONIENTE", "SENTIDO": "UN SENTIDO", "LONGITUD": 27.97, "UNIDAD": "e14" }, "geometry": { "type": "LineString", "coordinates": [ [ -103.4401977, 20.2913991 ], [ -103.4404658, 20.2914184 ] ] } },
{ "type": "Feature", "properties": { "ID": 1730553, "TIPOVIA": "CALLE", "TIPO": "N/A", "NUMERO": "N/A", "DERE_TRAN": "N/A", "ADMINISTRA": "N/A", "NUME_CARR": "N/A", "CONDICION": "N/A", "ORIGEN": "BCU", "CALI_REPR": "N/A", "CVEGEO": "140500002", "NOMVIAL": "SAN COSME", "SENTIDO": "UN SENTIDO", "LONGITUD": 77.39, "UNIDAD": "e14" }, "geometry": { "type": "LineString", "coordinates": [ [ -103.3993476, 20.2918205 ], [ -103.3996129, 20.2911649 ] ] } },
{ "type": "Feature", "properties": { "ID": 1730554, "TIPOVIA": "CALLE", "TIPO": "N/A", "NUMERO": "N/A", "DERE_TRAN": "N/A", "ADMINISTRA": "N/A", "NUME_CARR": "N/A", "CONDICION": "N/A", "ORIGEN": "BCU", "CALI_REPR": "N/A", "CVEGEO": "140500002", "NOMVIAL": "SANTA PAULA", "SENTIDO": "UN SENTIDO", "LONGITUD": 77.41, "UNIDAD": "e14" }, "geometry": { "type": "LineString", "coordinates": [ [ -103.3986138, 20.2917045 ], [ -103.3993476, 20.2918205 ] ] } },
{ "type": "Feature", "properties": { "ID": 1730555, "TIPOVIA": "CALLE", "TIPO": "N/A", "NUMERO": "N/A", "DERE_TRAN": "N/A", "ADMINISTRA": "N/A", "NUME_CARR": "N/A", "CONDICION": "N/A", "ORIGEN": "BCU", "CALI_REPR": "N/A", "CVEGEO": "140500002", "NOMVIAL": "CUAUHTÉMOC", "SENTIDO": "UN SENTIDO", "LONGITUD": 237.73, "UNIDAD": "e14" }, "geometry": { "type": "LineString", "coordinates": [ [ -103.3885954, 20.2914666 ], [ -103.3882103, 20.291481 ], [ -103.3877189, 20.2915701 ], [ -103.3875379, 20.2916018 ], [ -103.3863783, 20.2919439 ] ] } },
{ "type": "Feature", "properties": { "ID": 1730556, "TIPOVIA": "CALLE", "TIPO": "N/A", "NUMERO": "N/A", "DERE_TRAN": "N/A", "ADMINISTRA": "N/A", "NUME_CARR": "N/A", "CONDICION": "N/A", "ORIGEN": "BCU", "CALI_REPR": "N/A", "CVEGEO": "140500002", "NOMVIAL": "NINGUNO", "SENTIDO": "N/A", "LONGITUD": 98.29, "UNIDAD": "e14" }, "geometry": { "type": "LineString", "coordinates": [ [ -103.3863626, 20.2919148 ], [ -103.3859501, 20.2911493 ] ] } },
{ "type": "Feature", "properties": { "ID": 1730557, "TIPOVIA": "CALLE", "TIPO": "N/A", "NUMERO": "N/A", "DERE_TRAN": "N/A", "ADMINISTRA": "N/A", "NUME_CARR": "N/A", "CONDICION": "N/A", "ORIGEN": "BCU", "CALI_REPR": "N/A", "CVEGEO": "140500002", "NOMVIAL": "CHUECA", "SENTIDO": "UN SENTIDO", "LONGITUD": 9.85, "UNIDAD": "e14" }, "geometry": { "type": "LineString", "coordinates": [ [ -103.4127047, 20.2917066 ], [ -103.4127724, 20.291644 ] ] } },
{ "type": "Feature", "properties": { "ID": 1730558, "TIPOVIA": "CALLE", "TIPO": "N/A", "NUMERO": "N/A", "DERE_TRAN": "N/A", "ADMINISTRA": "N/A", "NUME_CARR": "N/A", "CONDICION": "N/A", "ORIGEN": "BCU", "CALI_REPR": "N/A", "CVEGEO": "140500001", "NOMVIAL": "NINGUNO", "SENTIDO": "UN SENTIDO", "LONGITUD": 53.97, "UNIDAD": "e14" }, "geometry": { "type": "LineString", "coordinates": [ [ -103.4408777, 20.2909574 ], [ -103.4408298, 20.2914447 ] ] } },
{ "type": "Feature", "properties": { "ID": 1730559, "TIPOVIA": "CALLE", "TIPO": "N/A", "NUMERO": "N/A", "DERE_TRAN": "N/A", "ADMINISTRA": "N/A", "NUME_CARR": "N/A", "CONDICION": "N/A", "ORIGEN": "BCU", "CALI_REPR": "N/A", "CVEGEO": "140500001", "NOMVIAL": "PRIMAVERA PONIENTE", "SENTIDO": "UN SENTIDO", "LONGITUD": 37.98, "UNIDAD": "e14" }, "geometry": { "type": "LineString", "coordinates": [ [ -103.4404658, 20.2914184 ], [ -103.4408298, 20.2914447 ] ] } },
{ "type": "Feature", "properties": { "ID": 1730565, "TIPOVIA": "CALLE", "TIPO": "N/A", "NUMERO": "N/A", "DERE_TRAN": "N/A", "ADMINISTRA": "N/A", "NUME_CARR": "N/A", "CONDICION": "N/A", "ORIGEN": "BCU", "CALI_REPR": "N/A", "CVEGEO": "140500001", "NOMVIAL": "FILÓSOFOS", "SENTIDO": "UN SENTIDO", "LONGITUD": 28.17, "UNIDAD": "e14" }, "geometry": { "type": "LineString", "coordinates": [ [ -103.431697, 20.2914492 ], [ -103.4319427, 20.2915568 ] ] } },
{ "type": "Feature", "properties": { "ID": 1730567, "TIPOVIA": "PRIVADA", "TIPO": "N/A", "NUMERO": "N/A", "DERE_TRAN": "N/A", "ADMINISTRA": "N/A", "NUME_CARR": "N/A", "CONDICION": "N/A", "ORIGEN": "BCU", "CALI_REPR": "N/A", "CVEGEO": "140500002", "NOMVIAL": "CUAUHTÉMOC", "SENTIDO": "UN SENTIDO", "LONGITUD": 72.37, "UNIDAD": "e14" }, "geometry": { "type": "LineString", "coordinates": [ [ -103.3895145, 20.2919617 ], [ -103.3894993, 20.2913055 ] ] } },
{ "type": "Feature", "properties": { "ID": 1730570, "TIPOVIA": "CALLE", "TIPO": "N/A", "NUMERO": "N/A", "DERE_TRAN": "N/A", "ADMINISTRA": "N/A", "NUME_CARR": "N/A", "CONDICION": "N/A", "ORIGEN": "BCU", "CALI_REPR": "N/A", "CVEGEO": "140500001", "NOMVIAL": "NINGUNO", "SENTIDO": "UN SENTIDO", "LONGITUD": 55.13, "UNIDAD": "e14" }, "geometry": { "type": "LineString", "coordinates": [ [ -103.4412884, 20.2914861 ], [ -103.4413338, 20.2909879 ] ] } },
{ "type": "Feature", "properties": { "ID": 1730571, "TIPOVIA": "CALLE", "TIPO": "N/A", "NUMERO": "N/A", "DERE_TRAN": "N/A", "ADMINISTRA": "N/A", "NUME_CARR": "N/A", "CONDICION": "N/A", "ORIGEN": "BCU", "CALI_REPR": "N/A", "CVEGEO": "140500001", "NOMVIAL": "PRIMAVERA PONIENTE", "SENTIDO": "UN SENTIDO", "LONGITUD": 47.92, "UNIDAD": "e14" }, "geometry": { "type": "LineString", "coordinates": [ [ -103.4408298, 20.2914447 ], [ -103.4412884, 20.2914861 ] ] } },
{ "type": "Feature", "properties": { "ID": 1730573, "TIPOVIA": "CALLE", "TIPO": "N/A", "NUMERO": "N/A", "DERE_TRAN": "N/A", "ADMINISTRA": "N/A", "NUME_CARR": "N/A", "CONDICION": "N/A", "ORIGEN": "BCU", "CALI_REPR": "N/A", "CVEGEO": "140500001", "NOMVIAL": "VERANO", "SENTIDO": "UN SENTIDO", "LONGITUD": 107.99, "UNIDAD": "e14" }, "geometry": { "type": "LineString", "coordinates": [ [ -103.436342, 20.2915415 ], [ -103.4353232, 20.2913548 ] ] } },
{ "type": "Feature", "properties": { "ID": 1730581, "TIPOVIA": "CALLE", "TIPO": "N/A", "NUMERO": "N/A", "DERE_TRAN": "N/A", "ADMINISTRA": "N/A", "NUME_CARR": "N/A", "CONDICION": "N/A", "ORIGEN": "BCU", "CALI_REPR": "N/A", "CVEGEO": "140500002", "NOMVIAL": "NINGUNO", "SENTIDO": "UN SENTIDO", "LONGITUD": 67.77, "UNIDAD": "e14" }, "geometry": { "type": "LineString", "coordinates": [ [ -103.4015266, 20.2912618 ], [ -103.4015084, 20.2918761 ] ] } },
{ "type": "Feature", "properties": { "ID": 1730582, "TIPOVIA": "CALLE", "TIPO": "N/A", "NUMERO": "N/A", "DERE_TRAN": "N/A", "ADMINISTRA": "N/A", "NUME_CARR": "N/A", "CONDICION": "N/A", "ORIGEN": "BCU", "CALI_REPR": "N/A", "CVEGEO": "140500001", "NOMVIAL": "LÁZARO CÁRDENAS", "SENTIDO": "UN SENTIDO", "LONGITUD": 79.07, "UNIDAD": "e14" }, "geometry": { "type": "LineString", "coordinates": [ [ -103.436387, 20.2915508 ], [ -103.4364891, 20.2908403 ] ] } },
{ "type": "Feature", "properties": { "ID": 1730583, "TIPOVIA": "CALLE", "TIPO": "N/A", "NUMERO": "N/A", "DERE_TRAN": "N/A", "ADMINISTRA": "N/A", "NUME_CARR": "N/A", "CONDICION": "N/A", "ORIGEN": "BCU", "CALI_REPR": "N/A", "CVEGEO": "140500001", "NOMVIAL": "VERANO", "SENTIDO": "UN SENTIDO", "LONGITUD": 4.78, "UNIDAD": "e14" }, "geometry": { "type": "LineString", "coordinates": [ [ -103.436387, 20.2915508 ], [ -103.436342, 20.2915415 ] ] } },
{ "type": "Feature", "properties": { "ID": 1730584, "TIPOVIA": "CALLE", "TIPO": "N/A", "NUMERO": "N/A", "DERE_TRAN": "N/A", "ADMINISTRA": "N/A", "NUME_CARR": "N/A", "CONDICION": "N/A", "ORIGEN": "BCU", "CALI_REPR": "N/A", "CVEGEO": "140500002", "NOMVIAL": "PLAYAS DE LA LAGUNA", "SENTIDO": "UN SENTIDO", "LONGITUD": 136.07, "UNIDAD": "e14" }, "geometry": { "type": "LineString", "coordinates": [ [ -103.3909731, 20.2919766 ], [ -103.3910945, 20.2907481 ] ] } },
{ "type": "Feature", "properties": { "ID": 1730585, "TIPOVIA": "CALLE", "TIPO": "N/A", "NUMERO": "N/A", "DERE_TRAN": "N/A", "ADMINISTRA": "N/A", "NUME_CARR": "N/A", "CONDICION": "N/A", "ORIGEN": "BCU", "CALI_REPR": "N/A", "CVEGEO": "140500001", "NOMVIAL": "NINGUNO", "SENTIDO": "UN SENTIDO", "LONGITUD": 54.46, "UNIDAD": "e14" }, "geometry": { "type": "LineString", "coordinates": [ [ -103.4417536, 20.291016 ], [ -103.4417174, 20.2915087 ] ] } },
{ "type": "Feature", "properties": { "ID": 1730586, "TIPOVIA": "CALLE", "TIPO": "N/A", "NUMERO": "N/A", "DERE_TRAN": "N/A", "ADMINISTRA": "N/A", "NUME_CARR": "N/A", "CONDICION": "N/A", "ORIGEN": "BCU", "CALI_REPR": "N/A", "CVEGEO": "140500001", "NOMVIAL": "PRIMAVERA PONIENTE", "SENTIDO": "UN SENTIDO", "LONGITUD": 44.7, "UNIDAD": "e14" }, "geometry": { "type": "LineString", "coordinates": [ [ -103.4412884, 20.2914861 ], [ -103.4417174, 20.2915087 ] ] } },
{ "type": "Feature", "properties": { "ID": 1730589, "TIPOVIA": "CALLE", "TIPO": "N/A", "NUMERO": "N/A", "DERE_TRAN": "N/A", "ADMINISTRA": "N/A", "NUME_CARR": "N/A", "CONDICION": "N/A", "ORIGEN": "BCU", "CALI_REPR": "N/A", "CVEGEO": "140500011", "NOMVIAL": "TOÑO PALAFOX", "SENTIDO": "UN SENTIDO", "LONGITUD": 92.79, "UNIDAD": "e14" }, "geometry": { "type": "LineString", "coordinates": [ [ -103.3330813, 20.2925145 ], [ -103.333163, 20.2921387 ], [ -103.3332175, 20.2918927 ], [ -103.3332584, 20.2916898 ] ] } },
{ "type": "Feature", "properties": { "ID": 1730590, "TIPOVIA": "PRIVADA", "TIPO": "N/A", "NUMERO": "N/A", "DERE_TRAN": "N/A", "ADMINISTRA": "N/A", "NUME_CARR": "N/A", "CONDICION": "N/A", "ORIGEN": "BCU", "CALI_REPR": "N/A", "CVEGEO": "140500011", "NOMVIAL": "NINGUNO", "SENTIDO": "UN SENTIDO", "LONGITUD": 51.27, "UNIDAD": "e14" }, "geometry": { "type": "LineString", "coordinates": [ [ -103.3504774, 20.292365 ], [ -103.350518, 20.2919016 ] ] } },
{ "type": "Feature", "properties": { "ID": 1730595, "TIPOVIA": "PRIVADA", "TIPO": "N/A", "NUMERO": "N/A", "DERE_TRAN": "N/A", "ADMINISTRA": "N/A", "NUME_CARR": "N/A", "CONDICION": "N/A", "ORIGEN": "BCU", "CALI_REPR": "N/A", "CVEGEO": "140500002", "NOMVIAL": "NINGUNO", "SENTIDO": "UN SENTIDO", "LONGITUD": 30.07, "UNIDAD": "e14" }, "geometry": { "type": "LineString", "coordinates": [ [ -103.3914894, 20.2917321 ], [ -103.3914987, 20.2920046 ] ] } },
{ "type": "Feature", "properties": { "ID": 1730596, "TIPOVIA": "CALLE", "TIPO": "N/A", "NUMERO": "N/A", "DERE_TRAN": "N/A", "ADMINISTRA": "N/A", "NUME_CARR": "N/A", "CONDICION": "N/A", "ORIGEN": "BCU", "CALI_REPR": "N/A", "CVEGEO": "140500002", "NOMVIAL": "NINGUNO", "SENTIDO": "UN SENTIDO", "LONGITUD": 54.78, "UNIDAD": "e14" }, "geometry": { "type": "LineString", "coordinates": [ [ -103.3914987, 20.2920046 ], [ -103.3909731, 20.2919766 ] ] } },
{ "type": "Feature", "properties": { "ID": 1730601, "TIPOVIA": "OTRO", "TIPO": "N/A", "NUMERO": "N/A", "DERE_TRAN": "N/A", "ADMINISTRA": "N/A", "NUME_CARR": "N/A", "CONDICION": "N/A", "ORIGEN": "BCU", "CALI_REPR": "N/A", "CVEGEO": "140500001", "NOMVIAL": "LÍMITE PREDIAL", "SENTIDO": "N/A", "LONGITUD": 54.6, "UNIDAD": "e14" }, "geometry": { "type": "LineString", "coordinates": [ [ -103.442225, 20.2915454 ], [ -103.4422537, 20.2910509 ] ] } },
{ "type": "Feature", "properties": { "ID": 1730602, "TIPOVIA": "CALLE", "TIPO": "N/A", "NUMERO": "N/A", "DERE_TRAN": "N/A", "ADMINISTRA": "N/A", "NUME_CARR": "N/A", "CONDICION": "N/A", "ORIGEN": "BCU", "CALI_REPR": "N/A", "CVEGEO": "140500001", "NOMVIAL": "PRIMAVERA PONIENTE", "SENTIDO": "UN SENTIDO", "LONGITUD": 52.97, "UNIDAD": "e14" }, "geometry": { "type": "LineString", "coordinates": [ [ -103.4417174, 20.2915087 ], [ -103.442225, 20.2915454 ] ] } },
{ "type": "Feature", "properties": { "ID": 1730603, "TIPOVIA": "CALLE", "TIPO": "N/A", "NUMERO": "N/A", "DERE_TRAN": "N/A", "ADMINISTRA": "N/A", "NUME_CARR": "N/A", "CONDICION": "N/A", "ORIGEN": "BCU", "CALI_REPR": "N/A", "CVEGEO": "140500002", "NOMVIAL": "NINGUNO", "SENTIDO": "UN SENTIDO", "LONGITUD": 52.76, "UNIDAD": "e14" }, "geometry": { "type": "LineString", "coordinates": [ [ -103.3920057, 20.2920165 ], [ -103.3914987, 20.2920046 ] ] } },
{ "type": "Feature", "properties": { "ID": 1730605, "TIPOVIA": "CALLE", "TIPO": "N/A", "NUMERO": "N/A", "DERE_TRAN": "N/A", "ADMINISTRA": "N/A", "NUME_CARR": "N/A", "CONDICION": "N/A", "ORIGEN": "BCU", "CALI_REPR": "N/A", "CVEGEO": "140500002", "NOMVIAL": "SANTA CATALINA", "SENTIDO": "UN SENTIDO", "LONGITUD": 57.84, "UNIDAD": "e14" }, "geometry": { "type": "LineString", "coordinates": [ [ -103.4009565, 20.2919391 ], [ -103.4015084, 20.2918761 ] ] } },
{ "type": "Feature", "properties": { "ID": 1730606, "TIPOVIA": "CALLE", "TIPO": "N/A", "NUMERO": "N/A", "DERE_TRAN": "N/A", "ADMINISTRA": "N/A", "NUME_CARR": "N/A", "CONDICION": "N/A", "ORIGEN": "BCU", "CALI_REPR": "N/A", "CVEGEO": "140500002", "NOMVIAL": "NINGUNO", "SENTIDO": "UN SENTIDO", "LONGITUD": 83.29, "UNIDAD": "e14" }, "geometry": { "type": "LineString", "coordinates": [ [ -103.4009565, 20.2919391 ], [ -103.4008765, 20.2911876 ] ] } },
{ "type": "Feature", "properties": { "ID": 1730609, "TIPOVIA": "CALLE", "TIPO": "N/A", "NUMERO": "N/A", "DERE_TRAN": "N/A", "ADMINISTRA": "N/A", "NUME_CARR": "N/A", "CONDICION": "N/A", "ORIGEN": "BCU", "CALI_REPR": "N/A", "CVEGEO": "140500002", "NOMVIAL": "DEL SOL", "SENTIDO": "UN SENTIDO", "LONGITUD": 231.15, "UNIDAD": "e14" }, "geometry": { "type": "LineString", "coordinates": [ [ -103.3926558, 20.2920379 ], [ -103.3925939, 20.2910084 ], [ -103.3923902, 20.2905958 ], [ -103.3924093, 20.2901621 ], [ -103.3923986, 20.2899867 ] ] } },
{ "type": "Feature", "properties": { "ID": 1730610, "TIPOVIA": "CALLE", "TIPO": "N/A", "NUMERO": "N/A", "DERE_TRAN": "N/A", "ADMINISTRA": "N/A", "NUME_CARR": "N/A", "CONDICION": "N/A", "ORIGEN": "BCU", "CALI_REPR": "N/A", "CVEGEO": "140500002", "NOMVIAL": "NINGUNO", "SENTIDO": "UN SENTIDO", "LONGITUD": 67.69, "UNIDAD": "e14" }, "geometry": { "type": "LineString", "coordinates": [ [ -103.3926558, 20.2920379 ], [ -103.3920057, 20.2920165 ] ] } },
{ "type": "Feature", "properties": { "ID": 1730615, "TIPOVIA": "PRIVADA", "TIPO": "N/A", "NUMERO": "N/A", "DERE_TRAN": "N/A", "ADMINISTRA": "N/A", "NUME_CARR": "N/A", "CONDICION": "N/A", "ORIGEN": "BCU", "CALI_REPR": "N/A", "CVEGEO": "140500011", "NOMVIAL": "NINGUNO", "SENTIDO": "UN SENTIDO", "LONGITUD": 30.74, "UNIDAD": "e14" }, "geometry": { "type": "LineString", "coordinates": [ [ -103.3509654, 20.2924222 ], [ -103.3509616, 20.2921435 ] ] } },
{ "type": "Feature", "properties": { "ID": 1730616, "TIPOVIA": "CERRADA", "TIPO": "N/A", "NUMERO": "N/A", "DERE_TRAN": "N/A", "ADMINISTRA": "N/A", "NUME_CARR": "N/A", "CONDICION": "N/A", "ORIGEN": "BCU", "CALI_REPR": "N/A", "CVEGEO": "140500011", "NOMVIAL": "EL LIMÓN", "SENTIDO": "UN SENTIDO", "LONGITUD": 51.16, "UNIDAD": "e14" }, "geometry": { "type": "LineString", "coordinates": [ [ -103.3509654, 20.2924222 ], [ -103.3504774, 20.292365 ] ] } },
{ "type": "Feature", "properties": { "ID": 1730619, "TIPOVIA": "CALLE", "TIPO": "N/A", "NUMERO": "N/A", "DERE_TRAN": "N/A", "ADMINISTRA": "N/A", "NUME_CARR": "N/A", "CONDICION": "N/A", "ORIGEN": "BCU", "CALI_REPR": "N/A", "CVEGEO": "140500001", "NOMVIAL": "RICO NORTE", "SENTIDO": "UN SENTIDO", "LONGITUD": 209.67, "UNIDAD": "e14" }, "geometry": { "type": "LineString", "coordinates": [ [ -103.417046, 20.2918508 ], [ -103.4173558, 20.2899721 ] ] } },
{ "type": "Feature", "properties": { "ID": 1730620, "TIPOVIA": "CALLE", "TIPO": "N/A", "NUMERO": "N/A", "DERE_TRAN": "N/A", "ADMINISTRA": "N/A", "NUME_CARR": "N/A", "CONDICION": "N/A", "ORIGEN": "BCU", "CALI_REPR": "N/A", "CVEGEO": "140500001", "NOMVIAL": "NINGUNO", "SENTIDO": "UN SENTIDO", "LONGITUD": 153.46, "UNIDAD": "e14" }, "geometry": { "type": "LineString", "coordinates": [ [ -103.4158343, 20.2910583 ], [ -103.4160565, 20.2911986 ], [ -103.4164002, 20.291444 ], [ -103.417046, 20.2918508 ] ] } },
{ "type": "Feature", "properties": { "ID": 1730621, "TIPOVIA": "CALLE", "TIPO": "N/A", "NUMERO": "N/A", "DERE_TRAN": "N/A", "ADMINISTRA": "N/A", "NUME_CARR": "N/A", "CONDICION": "N/A", "ORIGEN": "BCU", "CALI_REPR": "N/A", "CVEGEO": "140500001", "NOMVIAL": "FRANCISCO VILLA", "SENTIDO": "UN SENTIDO", "LONGITUD": 79.25, "UNIDAD": "e14" }, "geometry": { "type": "LineString", "coordinates": [ [ -103.4371567, 20.2909666 ], [ -103.4370242, 20.2916743 ] ] } },
{ "type": "Feature", "properties": { "ID": 1730622, "TIPOVIA": "CALLE", "TIPO": "N/A", "NUMERO": "N/A", "DERE_TRAN": "N/A", "ADMINISTRA": "N/A", "NUME_CARR": "N/A", "CONDICION": "N/A", "ORIGEN": "BCU", "CALI_REPR": "N/A", "CVEGEO": "140500001", "NOMVIAL": "VERANO", "SENTIDO": "UN SENTIDO", "LONGITUD": 67.68, "UNIDAD": "e14" }, "geometry": { "type": "LineString", "coordinates": [ [ -103.4370242, 20.2916743 ], [ -103.436387, 20.2915508 ] ] } },
{ "type": "Feature", "properties": { "ID": 1730626, "TIPOVIA": "CALLE", "TIPO": "N/A", "NUMERO": "N/A", "DERE_TRAN": "N/A", "ADMINISTRA": "N/A", "NUME_CARR": "N/A", "CONDICION": "N/A", "ORIGEN": "BCU", "CALI_REPR": "N/A", "CVEGEO": "140500002", "NOMVIAL": "LOMAS ALTAS", "SENTIDO": "UN SENTIDO", "LONGITUD": 73.69, "UNIDAD": "e14" }, "geometry": { "type": "LineString", "coordinates": [ [ -103.4075276, 20.2913456 ], [ -103.4072807, 20.291972 ] ] } },
{ "type": "Feature", "properties": { "ID": 1730627, "TIPOVIA": "CALLE", "TIPO": "N/A", "NUMERO": "N/A", "DERE_TRAN": "N/A", "ADMINISTRA": "N/A", "NUME_CARR": "N/A", "CONDICION": "N/A", "ORIGEN": "BCU", "CALI_REPR": "N/A", "CVEGEO": "140500002", "NOMVIAL": "XÓCHITL", "SENTIDO": "UN SENTIDO", "LONGITUD": 54.25, "UNIDAD": "e14" }, "geometry": { "type": "LineString", "coordinates": [ [ -103.3938455, 20.2920967 ], [ -103.3938107, 20.2916058 ] ] } },
{ "type": "Feature", "properties": { "ID": 1730628, "TIPOVIA": "CALLE", "TIPO": "N/A", "NUMERO": "23", "DERE_TRAN": "LIBRE", "ADMINISTRA": "FEDERAL", "NUME_CARR": "N/A", "CONDICION": "N/A", "ORIGEN": "BCU", "CALI_REPR": "N/A", "CVEGEO": "140500002", "NOMVIAL": "EL CHANTE", "SENTIDO": "UN SENTIDO", "LONGITUD": 291.51, "UNIDAD": "e14" }, "geometry": { "type": "LineString", "coordinates": [ [ -103.4050746, 20.2916587 ], [ -103.4022996, 20.2920225 ] ] } },
{ "type": "Feature", "properties": { "ID": 1730633, "TIPOVIA": "PRIVADA", "TIPO": "N/A", "NUMERO": "N/A", "DERE_TRAN": "N/A", "ADMINISTRA": "N/A", "NUME_CARR": "N/A", "CONDICION": "N/A", "ORIGEN": "BCU", "CALI_REPR": "N/A", "CVEGEO": "140500002", "NOMVIAL": "NINGUNO", "SENTIDO": "UN SENTIDO", "LONGITUD": 58.39, "UNIDAD": "e14" }, "geometry": { "type": "LineString", "coordinates": [ [ -103.3932844, 20.2921093 ], [ -103.3938455, 20.2920967 ] ] } },
{ "type": "Feature", "properties": { "ID": 1730638, "TIPOVIA": "CALLE", "TIPO": "N/A", "NUMERO": "N/A", "DERE_TRAN": "N/A", "ADMINISTRA": "N/A", "NUME_CARR": "N/A", "CONDICION": "N/A", "ORIGEN": "BCU", "CALI_REPR": "N/A", "CVEGEO": "140500001", "NOMVIAL": "GUADALUPE VICTORIA NORTE", "SENTIDO": "UN SENTIDO", "LONGITUD": 80.55, "UNIDAD": "e14" }, "geometry": { "type": "LineString", "coordinates": [ [ -103.428208, 20.2910799 ], [ -103.4280996, 20.2918032 ] ] } },
{ "type": "Feature", "properties": { "ID": 1730639, "TIPOVIA": "PRIVADA", "TIPO": "N/A", "NUMERO": "N/A", "DERE_TRAN": "N/A", "ADMINISTRA": "N/A", "NUME_CARR": "N/A", "CONDICION": "N/A", "ORIGEN": "BCU", "CALI_REPR": "N/A", "CVEGEO": "140500002", "NOMVIAL": "LOMAS DEL CHANTE", "SENTIDO": "UN SENTIDO", "LONGITUD": 124.58, "UNIDAD": "e14" }, "geometry": { "type": "LineString", "coordinates": [ [ -103.408478, 20.2919863 ], [ -103.4072807, 20.291972 ] ] } },
{ "type": "Feature", "properties": { "ID": 1730654, "TIPOVIA": "OTRO", "TIPO": "N/A", "NUMERO": "N/A", "DERE_TRAN": "N/A", "ADMINISTRA": "N/A", "NUME_CARR": "N/A", "CONDICION": "N/A", "ORIGEN": "BCU", "CALI_REPR": "N/A", "CVEGEO": "140500011", "NOMVIAL": "LÍMITE PREDIAL", "SENTIDO": "N/A", "LONGITUD": 549.6, "UNIDAD": "e14" }, "geometry": { "type": "LineString", "coordinates": [ [ -103.3370818, 20.2926677 ], [ -103.3371411, 20.2925785 ], [ -103.3372061, 20.2924503 ], [ -103.3372054, 20.2923046 ], [ -103.3366692, 20.2920936 ], [ -103.3367333, 20.2919277 ], [ -103.3370774, 20.2912314 ], [ -103.3376403, 20.2914024 ], [ -103.3376994, 20.2913093 ], [ -103.3383772, 20.2915031 ], [ -103.3385536, 20.2912462 ], [ -103.3390242, 20.291369 ], [ -103.3390545, 20.291377 ], [ -103.3390803, 20.2912233 ], [ -103.3399194, 20.2913981 ] ] } },
{ "type": "Feature", "properties": { "ID": 1730655, "TIPOVIA": "CALLE", "TIPO": "N/A", "NUMERO": "N/A", "DERE_TRAN": "N/A", "ADMINISTRA": "N/A", "NUME_CARR": "N/A", "CONDICION": "N/A", "ORIGEN": "BCU", "CALI_REPR": "N/A", "CVEGEO": "140500011", "NOMVIAL": "RAFAEL OSUNA", "SENTIDO": "UN SENTIDO", "LONGITUD": 105.45, "UNIDAD": "e14" }, "geometry": { "type": "LineString", "coordinates": [ [ -103.336165, 20.29226 ], [ -103.3370818, 20.2926677 ] ] } },
{ "type": "Feature", "properties": { "ID": 1730656, "TIPOVIA": "OTRO", "TIPO": "N/A", "NUMERO": "N/A", "DERE_TRAN": "N/A", "ADMINISTRA": "N/A", "NUME_CARR": "N/A", "CONDICION": "N/A", "ORIGEN": "BCU", "CALI_REPR": "N/A", "CVEGEO": "140500011", "NOMVIAL": "LÍMITE PREDIAL", "SENTIDO": "N/A", "LONGITUD": 502.92, "UNIDAD": "e14" }, "geometry": { "type": "LineString", "coordinates": [ [ -103.3439998, 20.2926134 ], [ -103.3442673, 20.2923058 ], [ -103.3444267, 20.2921173 ], [ -103.3447305, 20.2918612 ], [ -103.3448877, 20.2915519 ], [ -103.3458087, 20.29192 ], [ -103.3460106, 20.2916129 ], [ -103.3464645, 20.2913738 ], [ -103.3470732, 20.2916068 ], [ -103.3472138, 20.2917393 ], [ -103.3475584, 20.2918822 ], [ -103.3475711, 20.292118 ] ] } },
{ "type": "Feature", "properties": { "ID": 1730657, "TIPOVIA": "CALLE", "TIPO": "N/A", "NUMERO": "N/A", "DERE_TRAN": "N/A", "ADMINISTRA": "N/A", "NUME_CARR": "N/A", "CONDICION": "N/A", "ORIGEN": "BCU", "CALI_REPR": "N/A", "CVEGEO": "140500011", "NOMVIAL": "VICENTE GUERRERO", "SENTIDO": "UN SENTIDO", "LONGITUD": 244.27, "UNIDAD": "e14" }, "geometry": { "type": "LineString", "coordinates": [ [ -103.3439998, 20.2926134 ], [ -103.3430391, 20.2922004 ], [ -103.3428433, 20.2921598 ], [ -103.3417597, 20.2920367 ] ] } },
{ "type": "Feature", "properties": { "ID": 1730661, "TIPOVIA": "CALLE", "TIPO": "N/A", "NUMERO": "N/A", "DERE_TRAN": "N/A", "ADMINISTRA": "N/A", "NUME_CARR": "N/A", "CONDICION": "N/A", "ORIGEN": "BCU", "CALI_REPR": "N/A", "CVEGEO": "140500002", "NOMVIAL": "SANTA CATALINA", "SENTIDO": "UN SENTIDO", "LONGITUD": 179.62, "UNIDAD": "e14" }, "geometry": { "type": "LineString", "coordinates": [ [ -103.3992426, 20.2921296 ], [ -103.3997345, 20.2920957 ], [ -103.4009565, 20.2919391 ] ] } },
{ "type": "Feature", "properties": { "ID": 1730662, "TIPOVIA": "CALLE", "TIPO": "N/A", "NUMERO": "N/A", "DERE_TRAN": "N/A", "ADMINISTRA": "N/A", "NUME_CARR": "N/A", "CONDICION": "N/A", "ORIGEN": "BCU", "CALI_REPR": "N/A", "CVEGEO": "140500002", "NOMVIAL": "SAN COSME", "SENTIDO": "UN SENTIDO", "LONGITUD": 35.79, "UNIDAD": "e14" }, "geometry": { "type": "LineString", "coordinates": [ [ -103.3992426, 20.2921296 ], [ -103.3993476, 20.2918205 ] ] } },
{ "type": "Feature", "properties": { "ID": 1730665, "TIPOVIA": "CALLE", "TIPO": "N/A", "NUMERO": "N/A", "DERE_TRAN": "N/A", "ADMINISTRA": "N/A", "NUME_CARR": "N/A", "CONDICION": "N/A", "ORIGEN": "BCU", "CALI_REPR": "N/A", "CVEGEO": "140500001", "NOMVIAL": "VERANO", "SENTIDO": "UN SENTIDO", "LONGITUD": 71.56, "UNIDAD": "e14" }, "geometry": { "type": "LineString", "coordinates": [ [ -103.4377033, 20.2917771 ], [ -103.4370242, 20.2916743 ] ] } },
{ "type": "Feature", "properties": { "ID": 1730666, "TIPOVIA": "CALLE", "TIPO": "N/A", "NUMERO": "N/A", "DERE_TRAN": "N/A", "ADMINISTRA": "N/A", "NUME_CARR": "N/A", "CONDICION": "N/A", "ORIGEN": "BCU", "CALI_REPR": "N/A", "CVEGEO": "140500001", "NOMVIAL": "NIÑOS HÉROES NORTE", "SENTIDO": "UN SENTIDO", "LONGITUD": 76.96, "UNIDAD": "e14" }, "geometry": { "type": "LineString", "coordinates": [ [ -103.4339251, 20.2918198 ], [ -103.4340817, 20.2911377 ] ] } },
{ "type": "Feature", "properties": { "ID": 1730667, "TIPOVIA": "CALLE", "TIPO": "N/A", "NUMERO": "N/A", "DERE_TRAN": "N/A", "ADMINISTRA": "N/A", "NUME_CARR": "N/A", "CONDICION": "N/A", "ORIGEN": "BCU", "CALI_REPR": "N/A", "CVEGEO": "140500001", "NOMVIAL": "OTOÑO", "SENTIDO": "UN SENTIDO", "LONGITUD": 208.3, "UNIDAD": "e14" }, "geometry": { "type": "LineString", "coordinates": [ [ -103.4319427, 20.2915568 ], [ -103.4323457, 20.2916102 ], [ -103.4339251, 20.2918198 ] ] } },
{ "type": "Feature", "properties": { "ID": 1730668, "TIPOVIA": "CALLE", "TIPO": "N/A", "NUMERO": "N/A", "DERE_TRAN": "N/A", "ADMINISTRA": "N/A", "NUME_CARR": "N/A", "CONDICION": "N/A", "ORIGEN": "BCU", "CALI_REPR": "N/A", "CVEGEO": "140500001", "NOMVIAL": "ALLENDE NORTE", "SENTIDO": "UN SENTIDO", "LONGITUD": 83.0, "UNIDAD": "e14" }, "geometry": { "type": "LineString", "coordinates": [ [ -103.4287044, 20.2918702 ], [ -103.4288075, 20.2911239 ] ] } },
{ "type": "Feature", "properties": { "ID": 1730669, "TIPOVIA": "CALLE", "TIPO": "N/A", "NUMERO": "N/A", "DERE_TRAN": "N/A", "ADMINISTRA": "N/A", "NUME_CARR": "N/A", "CONDICION": "N/A", "ORIGEN": "BCU", "CALI_REPR": "N/A", "CVEGEO": "140500001", "NOMVIAL": "NINGUNO", "SENTIDO": "UN SENTIDO", "LONGITUD": 63.35, "UNIDAD": "e14" }, "geometry": { "type": "LineString", "coordinates": [ [ -103.4280996, 20.2918032 ], [ -103.4287044, 20.2918702 ] ] } },
{ "type": "Feature", "properties": { "ID": 1730676, "TIPOVIA": "CALLE", "TIPO": "N/A", "NUMERO": "N/A", "DERE_TRAN": "N/A", "ADMINISTRA": "N/A", "NUME_CARR": "N/A", "CONDICION": "N/A", "ORIGEN": "BCU", "CALI_REPR": "N/A", "CVEGEO": "140500011", "NOMVIAL": "ALFONSO GARCÍA M.", "SENTIDO": "UN SENTIDO", "LONGITUD": 96.5, "UNIDAD": "e14" }, "geometry": { "type": "LineString", "coordinates": [ [ -103.3348209, 20.291891 ], [ -103.3346072, 20.2927425 ] ] } },
{ "type": "Feature", "properties": { "ID": 1730677, "TIPOVIA": "CALLE", "TIPO": "N/A", "NUMERO": "N/A", "DERE_TRAN": "N/A", "ADMINISTRA": "N/A", "NUME_CARR": "N/A", "CONDICION": "N/A", "ORIGEN": "BCU", "CALI_REPR": "N/A", "CVEGEO": "140500011", "NOMVIAL": "MANUEL ORANTES", "SENTIDO": "UN SENTIDO", "LONGITUD": 160.75, "UNIDAD": "e14" }, "geometry": { "type": "LineString", "coordinates": [ [ -103.3330813, 20.2925145 ], [ -103.3346072, 20.2927425 ] ] } },
{ "type": "Feature", "properties": { "ID": 1730690, "TIPOVIA": "CALLE", "TIPO": "N/A", "NUMERO": "23", "DERE_TRAN": "LIBRE", "ADMINISTRA": "FEDERAL", "NUME_CARR": "N/A", "CONDICION": "N/A", "ORIGEN": "BCU", "CALI_REPR": "N/A", "CVEGEO": "140500002", "NOMVIAL": "EL CHANTE", "SENTIDO": "UN SENTIDO", "LONGITUD": 136.77, "UNIDAD": "e14" }, "geometry": { "type": "LineString", "coordinates": [ [ -103.4022996, 20.2920225 ], [ -103.4017107, 20.2921044 ], [ -103.4009991, 20.2922034 ] ] } },
{ "type": "Feature", "properties": { "ID": 1730691, "TIPOVIA": "CALLE", "TIPO": "N/A", "NUMERO": "N/A", "DERE_TRAN": "N/A", "ADMINISTRA": "N/A", "NUME_CARR": "N/A", "CONDICION": "N/A", "ORIGEN": "BCU", "CALI_REPR": "N/A", "CVEGEO": "140500002", "NOMVIAL": "NINGUNO", "SENTIDO": "UN SENTIDO", "LONGITUD": 29.47, "UNIDAD": "e14" }, "geometry": { "type": "LineString", "coordinates": [ [ -103.4009991, 20.2922034 ], [ -103.4009565, 20.2919391 ] ] } },
{ "type": "Feature", "properties": { "ID": 1730699, "TIPOVIA": "CALLE", "TIPO": "N/A", "NUMERO": "N/A", "DERE_TRAN": "N/A", "ADMINISTRA": "N/A", "NUME_CARR": "N/A", "CONDICION": "N/A", "ORIGEN": "BCU", "CALI_REPR": "N/A", "CVEGEO": "140500001", "NOMVIAL": "NESTIPAC", "SENTIDO": "UN SENTIDO", "LONGITUD": 116.07, "UNIDAD": "e14" }, "geometry": { "type": "LineString", "coordinates": [ [ -103.4158343, 20.2910583 ], [ -103.4156352, 20.2920939 ] ] } },
{ "type": "Feature", "properties": { "ID": 1730700, "TIPOVIA": "CALLE", "TIPO": "N/A", "NUMERO": "N/A", "DERE_TRAN": "N/A", "ADMINISTRA": "N/A", "NUME_CARR": "N/A", "CONDICION": "N/A", "ORIGEN": "BCU", "CALI_REPR": "N/A", "CVEGEO": "140500001", "NOMVIAL": "HIDALGO NORTE", "SENTIDO": "UN SENTIDO", "LONGITUD": 84.75, "UNIDAD": "e14" }, "geometry": { "type": "LineString", "coordinates": [ [ -103.4296576, 20.291202 ], [ -103.4295648, 20.2919655 ] ] } },
{ "type": "Feature", "properties": { "ID": 1730701, "TIPOVIA": "CALLE", "TIPO": "N/A", "NUMERO": "N/A", "DERE_TRAN": "N/A", "ADMINISTRA": "N/A", "NUME_CARR": "N/A", "CONDICION": "N/A", "ORIGEN": "BCU", "CALI_REPR": "N/A", "CVEGEO": "140500001", "NOMVIAL": "NINGUNO", "SENTIDO": "UN SENTIDO", "LONGITUD": 90.14, "UNIDAD": "e14" }, "geometry": { "type": "LineString", "coordinates": [ [ -103.4287044, 20.2918702 ], [ -103.4295648, 20.2919655 ] ] } },
{ "type": "Feature", "properties": { "ID": 1730702, "TIPOVIA": "CALLE", "TIPO": "N/A", "NUMERO": "N/A", "DERE_TRAN": "N/A", "ADMINISTRA": "N/A", "NUME_CARR": "N/A", "CONDICION": "N/A", "ORIGEN": "BCU", "CALI_REPR": "N/A", "CVEGEO": "140500002", "NOMVIAL": "SAN COSME", "SENTIDO": "UN SENTIDO", "LONGITUD": 13.94, "UNIDAD": "e14" }, "geometry": { "type": "LineString", "coordinates": [ [ -103.399206, 20.2922512 ], [ -103.3992426, 20.2921296 ] ] } },
{ "type": "Feature", "properties": { "ID": 1730705, "TIPOVIA": "OTRO", "TIPO": "N/A", "NUMERO": "N/A", "DERE_TRAN": "N/A", "ADMINISTRA": "N/A", "NUME_CARR": "N/A", "CONDICION": "N/A", "ORIGEN": "BCU", "CALI_REPR": "N/A", "CVEGEO": "140500001", "NOMVIAL": "LÍMITE PREDIAL", "SENTIDO": "UN SENTIDO", "LONGITUD": 79.5, "UNIDAD": "e14" }, "geometry": { "type": "LineString", "coordinates": [ [ -103.4148712, 20.292107 ], [ -103.4156352, 20.2920939 ] ] } },
{ "type": "Feature", "properties": { "ID": 1730706, "TIPOVIA": "CALLE", "TIPO": "N/A", "NUMERO": "N/A", "DERE_TRAN": "N/A", "ADMINISTRA": "N/A", "NUME_CARR": "N/A", "CONDICION": "N/A", "ORIGEN": "BCU", "CALI_REPR": "N/A", "CVEGEO": "140500001", "NOMVIAL": "PORVENIR", "SENTIDO": "UN SENTIDO", "LONGITUD": 100.78, "UNIDAD": "e14" }, "geometry": { "type": "LineString", "coordinates": [ [ -103.4148712, 20.292107 ], [ -103.4149886, 20.2911999 ] ] } },
{ "type": "Feature", "properties": { "ID": 1730710, "TIPOVIA": "CALLE", "TIPO": "N/A", "NUMERO": "N/A", "DERE_TRAN": "N/A", "ADMINISTRA": "N/A", "NUME_CARR": "N/A", "CONDICION": "N/A", "ORIGEN": "BCU", "CALI_REPR": "N/A", "CVEGEO": "140500001", "NOMVIAL": "20 DE NOVIEMBRE", "SENTIDO": "UN SENTIDO", "LONGITUD": 79.24, "UNIDAD": "e14" }, "geometry": { "type": "LineString", "coordinates": [ [ -103.4384414, 20.2918926 ], [ -103.4385232, 20.2911782 ] ] } },
{ "type": "Feature", "properties": { "ID": 1730711, "TIPOVIA": "CALLE", "TIPO": "N/A", "NUMERO": "N/A", "DERE_TRAN": "N/A", "ADMINISTRA": "N/A", "NUME_CARR": "N/A", "CONDICION": "N/A", "ORIGEN": "BCU", "CALI_REPR": "N/A", "CVEGEO": "140500001", "NOMVIAL": "VERANO", "SENTIDO": "UN SENTIDO", "LONGITUD": 77.84, "UNIDAD": "e14" }, "geometry": { "type": "LineString", "coordinates": [ [ -103.4384414, 20.2918926 ], [ -103.4377033, 20.2917771 ] ] } },
{ "type": "Feature", "properties": { "ID": 1730714, "TIPOVIA": "PRIVADA", "TIPO": "N/A", "NUMERO": "N/A", "DERE_TRAN": "N/A", "ADMINISTRA": "N/A", "NUME_CARR": "N/A", "CONDICION": "N/A", "ORIGEN": "BCU", "CALI_REPR": "N/A", "CVEGEO": "140500002", "NOMVIAL": "NINGUNO", "SENTIDO": "UN SENTIDO", "LONGITUD": 66.63, "UNIDAD": "e14" }, "geometry": { "type": "LineString", "coordinates": [ [ -103.3860385, 20.2923821 ], [ -103.3860719, 20.2921663 ], [ -103.3861132, 20.2921602 ], [ -103.3861128, 20.2921192 ], [ -103.3863783, 20.2919439 ] ] } },
{ "type": "Feature", "properties": { "ID": 1730715, "TIPOVIA": "PRIVADA", "TIPO": "N/A", "NUMERO": "N/A", "DERE_TRAN": "N/A", "ADMINISTRA": "N/A", "NUME_CARR": "N/A", "CONDICION": "N/A", "ORIGEN": "BCU", "CALI_REPR": "N/A", "CVEGEO": "140500002", "NOMVIAL": "RIVERA", "SENTIDO": "UN SENTIDO", "LONGITUD": 92.92, "UNIDAD": "e14" }, "geometry": { "type": "LineString", "coordinates": [ [ -103.3860385, 20.2923821 ], [ -103.3851502, 20.2922945 ] ] } },
{ "type": "Feature", "properties": { "ID": 1730723, "TIPOVIA": "PRIVADA", "TIPO": "N/A", "NUMERO": "N/A", "DERE_TRAN": "N/A", "ADMINISTRA": "N/A", "NUME_CARR": "N/A", "CONDICION": "N/A", "ORIGEN": "BCU", "CALI_REPR": "N/A", "CVEGEO": "140500011", "NOMVIAL": "NINGUNO", "SENTIDO": "UN SENTIDO", "LONGITUD": 39.32, "UNIDAD": "e14" }, "geometry": { "type": "LineString", "coordinates": [ [ -103.3504017, 20.2927143 ], [ -103.3504774, 20.292365 ] ] } },
{ "type": "Feature", "properties": { "ID": 1730724, "TIPOVIA": "OTRO", "TIPO": "N/A", "NUMERO": "N/A", "DERE_TRAN": "N/A", "ADMINISTRA": "N/A", "NUME_CARR": "N/A", "CONDICION": "N/A", "ORIGEN": "BCU", "CALI_REPR": "N/A", "CVEGEO": "140500011", "NOMVIAL": "LÍMITE PREDIAL", "SENTIDO": "N/A", "LONGITUD": 301.79, "UNIDAD": "e14" }, "geometry": { "type": "LineString", "coordinates": [ [ -103.3475711, 20.292118 ], [ -103.3477735, 20.2921686 ], [ -103.3493198, 20.2924841 ], [ -103.3504017, 20.2927143 ] ] } },
{ "type": "Feature", "properties": { "ID": 1730730, "TIPOVIA": "PRIVADA", "TIPO": "N/A", "NUMERO": "N/A", "DERE_TRAN": "N/A", "ADMINISTRA": "N/A", "NUME_CARR": "N/A", "CONDICION": "N/A", "ORIGEN": "BCU", "CALI_REPR": "N/A", "CVEGEO": "140500011", "NOMVIAL": "BJÖRN BORG", "SENTIDO": "UN SENTIDO", "LONGITUD": 115.21, "UNIDAD": "e14" }, "geometry": { "type": "LineString", "coordinates": [ [ -103.3281509, 20.2927595 ], [ -103.3282693, 20.2927979 ], [ -103.328381, 20.292869 ], [ -103.3284778, 20.2929154 ], [ -103.3286791, 20.2929047 ], [ -103.3288777, 20.2928153 ], [ -103.3291621, 20.2926829 ] ] } },
{ "type": "Feature", "properties": { "ID": 1730737, "TIPOVIA": "CALLE", "TIPO": "N/A", "NUMERO": "N/A", "DERE_TRAN": "N/A", "ADMINISTRA": "N/A", "NUME_CARR": "N/A", "CONDICION": "N/A", "ORIGEN": "BCU", "CALI_REPR": "N/A", "CVEGEO": "140500002", "NOMVIAL": "SANTA CATALINA", "SENTIDO": "UN SENTIDO", "LONGITUD": 70.52, "UNIDAD": "e14" }, "geometry": { "type": "LineString", "coordinates": [ [ -103.3985316, 20.2923144 ], [ -103.399206, 20.2922512 ] ] } },
{ "type": "Feature", "properties": { "ID": 1730738, "TIPOVIA": "CALLE", "TIPO": "N/A", "NUMERO": "N/A", "DERE_TRAN": "N/A", "ADMINISTRA": "N/A", "NUME_CARR": "N/A", "CONDICION": "N/A", "ORIGEN": "BCU", "CALI_REPR": "N/A", "CVEGEO": "140500002", "NOMVIAL": "SAN JORGE", "SENTIDO": "UN SENTIDO", "LONGITUD": 67.8, "UNIDAD": "e14" }, "geometry": { "type": "LineString", "coordinates": [ [ -103.3986138, 20.2917045 ], [ -103.3985316, 20.2923144 ] ] } },
{ "type": "Feature", "properties": { "ID": 1730742, "TIPOVIA": "CALLE", "TIPO": "N/A", "NUMERO": "N/A", "DERE_TRAN": "N/A", "ADMINISTRA": "N/A", "NUME_CARR": "N/A", "CONDICION": "N/A", "ORIGEN": "BCU", "CALI_REPR": "N/A", "CVEGEO": "140500002", "NOMVIAL": "BRISAS DEL LAGO", "SENTIDO": "UN SENTIDO", "LONGITUD": 76.71, "UNIDAD": "e14" }, "geometry": { "type": "LineString", "coordinates": [ [ -103.4054683, 20.2922658 ], [ -103.4056652, 20.29223 ], [ -103.4062017, 20.2922145 ] ] } },
{ "type": "Feature", "properties": { "ID": 1730743, "TIPOVIA": "CALLE", "TIPO": "N/A", "NUMERO": "N/A", "DERE_TRAN": "N/A", "ADMINISTRA": "N/A", "NUME_CARR": "N/A", "CONDICION": "N/A", "ORIGEN": "BCU", "CALI_REPR": "N/A", "CVEGEO": "140500002", "NOMVIAL": "DE LAS FUENTES", "SENTIDO": "UN SENTIDO", "LONGITUD": 100.62, "UNIDAD": "e14" }, "geometry": { "type": "LineString", "coordinates": [ [ -103.4054683, 20.2922658 ], [ -103.4056005, 20.292214 ], [ -103.40601, 20.2915394 ] ] } },
{ "type": "Feature", "properties": { "ID": 1730744, "TIPOVIA": "CALLE", "TIPO": "N/A", "NUMERO": "N/A", "DERE_TRAN": "N/A", "ADMINISTRA": "N/A", "NUME_CARR": "N/A", "CONDICION": "N/A", "ORIGEN": "BCU", "CALI_REPR": "N/A", "CVEGEO": "140500002", "NOMVIAL": "DE LAS FUENTES", "SENTIDO": "UN SENTIDO", "LONGITUD": 84.61, "UNIDAD": "e14" }, "geometry": { "type": "LineString", "coordinates": [ [ -103.4054683, 20.2922658 ], [ -103.4054785, 20.2921569 ], [ -103.4054182, 20.2919625 ], [ -103.4052983, 20.2917881 ], [ -103.4050746, 20.2916587 ] ] } },
{ "type": "Feature", "properties": { "ID": 1730747, "TIPOVIA": "OTRO", "TIPO": "N/A", "NUMERO": "N/A", "DERE_TRAN": "N/A", "ADMINISTRA": "N/A", "NUME_CARR": "N/A", "CONDICION": "N/A", "ORIGEN": "BCU", "CALI_REPR": "N/A", "CVEGEO": "140500001", "NOMVIAL": "LÍMITE PREDIAL", "SENTIDO": "N/A", "LONGITUD": 230.84, "UNIDAD": "e14" }, "geometry": { "type": "LineString", "coordinates": [ [ -103.4180426, 20.2909003 ], [ -103.417841, 20.2921587 ], [ -103.4173958, 20.2920545 ], [ -103.417046, 20.2918508 ] ] } },
{ "type": "Feature", "properties": { "ID": 1730752, "TIPOVIA": "CALLE", "TIPO": "N/A", "NUMERO": "N/A", "DERE_TRAN": "N/A", "ADMINISTRA": "N/A", "NUME_CARR": "N/A", "CONDICION": "N/A", "ORIGEN": "BCU", "CALI_REPR": "N/A", "CVEGEO": "140500011", "NOMVIAL": "VICENTE GUERRERO", "SENTIDO": "UN SENTIDO", "LONGITUD": 91.96, "UNIDAD": "e14" }, "geometry": { "type": "LineString", "coordinates": [ [ -103.3416382, 20.2928627 ], [ -103.3417597, 20.2920367 ] ] } },
{ "type": "Feature", "properties": { "ID": 1730758, "TIPOVIA": "CALLE", "TIPO": "N/A", "NUMERO": "N/A", "DERE_TRAN": "N/A", "ADMINISTRA": "N/A", "NUME_CARR": "N/A", "CONDICION": "N/A", "ORIGEN": "BCU", "CALI_REPR": "N/A", "CVEGEO": "140500011", "NOMVIAL": "RINCONADA DEL LIMÓN", "SENTIDO": "UN SENTIDO", "LONGITUD": 115.86, "UNIDAD": "e14" }, "geometry": { "type": "LineString", "coordinates": [ [ -103.3560414, 20.291696 ], [ -103.356025, 20.2927465 ] ] } },
{ "type": "Feature", "properties": { "ID": 1730759, "TIPOVIA": "CALLE", "TIPO": "N/A", "NUMERO": "N/A", "DERE_TRAN": "N/A", "ADMINISTRA": "N/A", "NUME_CARR": "N/A", "CONDICION": "N/A", "ORIGEN": "BCU", "CALI_REPR": "N/A", "CVEGEO": "140500011", "NOMVIAL": "RINCONADA EL LIMÓN", "SENTIDO": "UN SENTIDO", "LONGITUD": 313.84, "UNIDAD": "e14" }, "geometry": { "type": "LineString", "coordinates": [ [ -103.353056, 20.2923418 ], [ -103.3547087, 20.2925325 ], [ -103.355348, 20.2925385 ], [ -103.356025, 20.2927465 ] ] } },
{ "type": "Feature", "properties": { "ID": 1730760, "TIPOVIA": "PRIVADA", "TIPO": "N/A", "NUMERO": "N/A", "DERE_TRAN": "N/A", "ADMINISTRA": "N/A", "NUME_CARR": "N/A", "CONDICION": "N/A", "ORIGEN": "BCU", "CALI_REPR": "N/A", "CVEGEO": "140500002", "NOMVIAL": "NINGUNO", "SENTIDO": "UN SENTIDO", "LONGITUD": 46.1, "UNIDAD": "e14" }, "geometry": { "type": "LineString", "coordinates": [ [ -103.391965, 20.2924328 ], [ -103.3920057, 20.2920165 ] ] } },
{ "type": "Feature", "properties": { "ID": 1730763, "TIPOVIA": "CALLE", "TIPO": "N/A", "NUMERO": "N/A", "DERE_TRAN": "N/A", "ADMINISTRA": "N/A", "NUME_CARR": "N/A", "CONDICION": "N/A", "ORIGEN": "BCU", "CALI_REPR": "N/A", "CVEGEO": "140500001", "NOMVIAL": "JOSEFA ORTIZ DE DOMÍNGUEZ NORTE", "SENTIDO": "UN SENTIDO", "LONGITUD": 83.53, "UNIDAD": "e14" }, "geometry": { "type": "LineString", "coordinates": [ [ -103.430618, 20.2920805 ], [ -103.4306788, 20.2913253 ] ] } },
{ "type": "Feature", "properties": { "ID": 1730764, "TIPOVIA": "CALLE", "TIPO": "N/A", "NUMERO": "N/A", "DERE_TRAN": "N/A", "ADMINISTRA": "N/A", "NUME_CARR": "N/A", "CONDICION": "N/A", "ORIGEN": "BCU", "CALI_REPR": "N/A", "CVEGEO": "140500001", "NOMVIAL": "NINGUNO", "SENTIDO": "UN SENTIDO", "LONGITUD": 110.31, "UNIDAD": "e14" }, "geometry": { "type": "LineString", "coordinates": [ [ -103.4295648, 20.2919655 ], [ -103.430618, 20.2920805 ] ] } },
{ "type": "Feature", "properties": { "ID": 1730769, "TIPOVIA": "CALLE", "TIPO": "N/A", "NUMERO": "N/A", "DERE_TRAN": "N/A", "ADMINISTRA": "N/A", "NUME_CARR": "N/A", "CONDICION": "N/A", "ORIGEN": "BCU", "CALI_REPR": "N/A", "CVEGEO": "140500002", "NOMVIAL": "SANTA CATALINA", "SENTIDO": "UN SENTIDO", "LONGITUD": 69.89, "UNIDAD": "e14" }, "geometry": { "type": "LineString", "coordinates": [ [ -103.3978651, 20.2923942 ], [ -103.3985316, 20.2923144 ] ] } },
{ "type": "Feature", "properties": { "ID": 1730770, "TIPOVIA": "CALLE", "TIPO": "N/A", "NUMERO": "N/A", "DERE_TRAN": "N/A", "ADMINISTRA": "N/A", "NUME_CARR": "N/A", "CONDICION": "N/A", "ORIGEN": "BCU", "CALI_REPR": "N/A", "CVEGEO": "140500002", "NOMVIAL": "SAN MARCOS", "SENTIDO": "UN SENTIDO", "LONGITUD": 85.37, "UNIDAD": "e14" }, "geometry": { "type": "LineString", "coordinates": [ [ -103.3978651, 20.2923942 ], [ -103.3979724, 20.2916267 ] ] } },
{ "type": "Feature", "properties": { "ID": 1730773, "TIPOVIA": "CALLE", "TIPO": "N/A", "NUMERO": "N/A", "DERE_TRAN": "N/A", "ADMINISTRA": "N/A", "NUME_CARR": "N/A", "CONDICION": "N/A", "ORIGEN": "BCU", "CALI_REPR": "N/A", "CVEGEO": "140500002", "NOMVIAL": "XÓCHITL", "SENTIDO": "UN SENTIDO", "LONGITUD": 37.09, "UNIDAD": "e14" }, "geometry": { "type": "LineString", "coordinates": [ [ -103.3938699, 20.2924323 ], [ -103.3938455, 20.2920967 ] ] } },
{ "type": "Feature", "properties": { "ID": 1730774, "TIPOVIA": "CALLE", "TIPO": "N/A", "NUMERO": "N/A", "DERE_TRAN": "N/A", "ADMINISTRA": "N/A", "NUME_CARR": "N/A", "CONDICION": "N/A", "ORIGEN": "BCU", "CALI_REPR": "N/A", "CVEGEO": "140500001", "NOMVIAL": "21 DE MARZO", "SENTIDO": "UN SENTIDO", "LONGITUD": 80.98, "UNIDAD": "e14" }, "geometry": { "type": "LineString", "coordinates": [ [ -103.4392688, 20.2912785 ], [ -103.4391985, 20.2920099 ] ] } },
{ "type": "Feature", "properties": { "ID": 1730775, "TIPOVIA": "CALLE", "TIPO": "N/A", "NUMERO": "N/A", "DERE_TRAN": "N/A", "ADMINISTRA": "N/A", "NUME_CARR": "N/A", "CONDICION": "N/A", "ORIGEN": "BCU", "CALI_REPR": "N/A", "CVEGEO": "140500001", "NOMVIAL": "VERANO", "SENTIDO": "UN SENTIDO", "LONGITUD": 79.82, "UNIDAD": "e14" }, "geometry": { "type": "LineString", "coordinates": [ [ -103.4391985, 20.2920099 ], [ -103.4384414, 20.2918926 ] ] } },
{ "type": "Feature", "properties": { "ID": 1730776, "TIPOVIA": "PRIVADA", "TIPO": "N/A", "NUMERO": "N/A", "DERE_TRAN": "N/A", "ADMINISTRA": "N/A", "NUME_CARR": "N/A", "CONDICION": "N/A", "ORIGEN": "BCU", "CALI_REPR": "N/A", "CVEGEO": "140500002", "NOMVIAL": "NINGUNO", "SENTIDO": "UN SENTIDO", "LONGITUD": 58.8, "UNIDAD": "e14" }, "geometry": { "type": "LineString", "coordinates": [ [ -103.3938699, 20.2924323 ], [ -103.3933048, 20.2924407 ] ] } },
{ "type": "Feature", "properties": { "ID": 1730777, "TIPOVIA": "PRIVADA", "TIPO": "N/A", "NUMERO": "N/A", "DERE_TRAN": "N/A", "ADMINISTRA": "N/A", "NUME_CARR": "N/A", "CONDICION": "N/A", "ORIGEN": "BCU", "CALI_REPR": "N/A", "CVEGEO": "140500002", "NOMVIAL": "BRISAS DEL LAGO", "SENTIDO": "UN SENTIDO", "LONGITUD": 52.44, "UNIDAD": "e14" }, "geometry": { "type": "LineString", "coordinates": [ [ -103.4054683, 20.2922658 ], [ -103.4049697, 20.2923358 ] ] } },
{ "type": "Feature", "properties": { "ID": 1730781, "TIPOVIA": "CALLE", "TIPO": "N/A", "NUMERO": "N/A", "DERE_TRAN": "N/A", "ADMINISTRA": "N/A", "NUME_CARR": "N/A", "CONDICION": "N/A", "ORIGEN": "BCU", "CALI_REPR": "N/A", "CVEGEO": "140500001", "NOMVIAL": "ZARAGOZA NORTE", "SENTIDO": "UN SENTIDO", "LONGITUD": 80.06, "UNIDAD": "e14" }, "geometry": { "type": "LineString", "coordinates": [ [ -103.4351644, 20.2920652 ], [ -103.4353232, 20.2913548 ] ] } },
{ "type": "Feature", "properties": { "ID": 1730782, "TIPOVIA": "CALLE", "TIPO": "N/A", "NUMERO": "N/A", "DERE_TRAN": "N/A", "ADMINISTRA": "N/A", "NUME_CARR": "N/A", "CONDICION": "N/A", "ORIGEN": "BCU", "CALI_REPR": "N/A", "CVEGEO": "140500001", "NOMVIAL": "OTOÑO", "SENTIDO": "UN SENTIDO", "LONGITUD": 131.75, "UNIDAD": "e14" }, "geometry": { "type": "LineString", "coordinates": [ [ -103.4339251, 20.2918198 ], [ -103.4351644, 20.2920652 ] ] } },
{ "type": "Feature", "properties": { "ID": 1730791, "TIPOVIA": "CALLE", "TIPO": "N/A", "NUMERO": "N/A", "DERE_TRAN": "N/A", "ADMINISTRA": "N/A", "NUME_CARR": "N/A", "CONDICION": "N/A", "ORIGEN": "BCU", "CALI_REPR": "N/A", "CVEGEO": "140500011", "NOMVIAL": "RINCONADA EL LIMÓN", "SENTIDO": "UN SENTIDO", "LONGITUD": 25.32, "UNIDAD": "e14" }, "geometry": { "type": "LineString", "coordinates": [ [ -103.356025, 20.2927465 ], [ -103.3562564, 20.2928176 ] ] } },
{ "type": "Feature", "properties": { "ID": 1730796, "TIPOVIA": "CALLE", "TIPO": "N/A", "NUMERO": "23", "DERE_TRAN": "LIBRE", "ADMINISTRA": "FEDERAL", "NUME_CARR": "N/A", "CONDICION": "N/A", "ORIGEN": "BCU", "CALI_REPR": "N/A", "CVEGEO": "140500002", "NOMVIAL": "EL CHANTE", "SENTIDO": "UN SENTIDO", "LONGITUD": 194.24, "UNIDAD": "e14" }, "geometry": { "type": "LineString", "coordinates": [ [ -103.4009991, 20.2922034 ], [ -103.3991534, 20.2924678 ] ] } },
{ "type": "Feature", "properties": { "ID": 1730797, "TIPOVIA": "CALLE", "TIPO": "N/A", "NUMERO": "N/A", "DERE_TRAN": "N/A", "ADMINISTRA": "N/A", "NUME_CARR": "N/A", "CONDICION": "N/A", "ORIGEN": "BCU", "CALI_REPR": "N/A", "CVEGEO": "140500002", "NOMVIAL": "SAN COSME", "SENTIDO": "UN SENTIDO", "LONGITUD": 24.51, "UNIDAD": "e14" }, "geometry": { "type": "LineString", "coordinates": [ [ -103.3991534, 20.2924678 ], [ -103.399206, 20.2922512 ] ] } },
{ "type": "Feature", "properties": { "ID": 1730802, "TIPOVIA": "CALLE", "TIPO": "N/A", "NUMERO": "N/A", "DERE_TRAN": "N/A", "ADMINISTRA": "N/A", "NUME_CARR": "N/A", "CONDICION": "N/A", "ORIGEN": "BCU", "CALI_REPR": "N/A", "CVEGEO": "140500001", "NOMVIAL": "NINGUNO", "SENTIDO": "UN SENTIDO", "LONGITUD": 180.81, "UNIDAD": "e14" }, "geometry": { "type": "LineString", "coordinates": [ [ -103.430618, 20.2920805 ], [ -103.4310117, 20.2921235 ], [ -103.4315932, 20.292187 ], [ -103.4317084, 20.2919694 ], [ -103.4317676, 20.2918404 ], [ -103.4318344, 20.2917036 ], [ -103.4319427, 20.2915568 ] ] } },
{ "type": "Feature", "properties": { "ID": 1730805, "TIPOVIA": "CALLE", "TIPO": "N/A", "NUMERO": "N/A", "DERE_TRAN": "N/A", "ADMINISTRA": "N/A", "NUME_CARR": "N/A", "CONDICION": "N/A", "ORIGEN": "BCU", "CALI_REPR": "N/A", "CVEGEO": "140500011", "NOMVIAL": "GUILLERMO VILAS", "SENTIDO": "UN SENTIDO", "LONGITUD": 97.42, "UNIDAD": "e14" }, "geometry": { "type": "LineString", "coordinates": [ [ -103.3358445, 20.2930839 ], [ -103.3360316, 20.2927476 ], [ -103.336165, 20.29226 ] ] } },
{ "type": "Feature", "properties": { "ID": 1730806, "TIPOVIA": "CALLE", "TIPO": "N/A", "NUMERO": "N/A", "DERE_TRAN": "N/A", "ADMINISTRA": "N/A", "NUME_CARR": "N/A", "CONDICION": "N/A", "ORIGEN": "BCU", "CALI_REPR": "N/A", "CVEGEO": "140500011", "NOMVIAL": "MANUEL ORANTES", "SENTIDO": "UN SENTIDO", "LONGITUD": 134.64, "UNIDAD": "e14" }, "geometry": { "type": "LineString", "coordinates": [ [ -103.3346072, 20.2927425 ], [ -103.3349914, 20.2928016 ], [ -103.3352472, 20.2928696 ], [ -103.3358445, 20.2930839 ] ] } },
{ "type": "Feature", "properties": { "ID": 1730807, "TIPOVIA": "PRIVADA", "TIPO": "N/A", "NUMERO": "N/A", "DERE_TRAN": "N/A", "ADMINISTRA": "N/A", "NUME_CARR": "N/A", "CONDICION": "N/A", "ORIGEN": "BCU", "CALI_REPR": "N/A", "CVEGEO": "140500011", "NOMVIAL": "LA PUERTA", "SENTIDO": "UN SENTIDO", "LONGITUD": 284.57, "UNIDAD": "e14" }, "geometry": { "type": "LineString", "coordinates": [ [ -103.3514852, 20.2929483 ], [ -103.3518993, 20.2918641 ], [ -103.3519286, 20.2916548 ], [ -103.3517202, 20.291468 ], [ -103.3517074, 20.290963 ], [ -103.3517628, 20.2905256 ] ] } },
{ "type": "Feature", "properties": { "ID": 1730808, "TIPOVIA": "CERRADA", "TIPO": "N/A", "NUMERO": "N/A", "DERE_TRAN": "N/A", "ADMINISTRA": "N/A", "NUME_CARR": "N/A", "CONDICION": "N/A", "ORIGEN": "BCU", "CALI_REPR": "N/A", "CVEGEO": "140500011", "NOMVIAL": "EL LIMÓN", "SENTIDO": "UN SENTIDO", "LONGITUD": 89.85, "UNIDAD": "e14" }, "geometry": { "type": "LineString", "coordinates": [ [ -103.3514852, 20.2929483 ], [ -103.3512859, 20.2927216 ], [ -103.3512803, 20.2925118 ], [ -103.3509654, 20.2924222 ] ] } },
{ "type": "Feature", "properties": { "ID": 1730811, "TIPOVIA": "CALLE", "TIPO": "N/A", "NUMERO": "N/A", "DERE_TRAN": "N/A", "ADMINISTRA": "N/A", "NUME_CARR": "N/A", "CONDICION": "N/A", "ORIGEN": "BCU", "CALI_REPR": "N/A", "CVEGEO": "140500011", "NOMVIAL": "RAÚL RAMÍREZ", "SENTIDO": "UN SENTIDO", "LONGITUD": 202.55, "UNIDAD": "e14" }, "geometry": { "type": "LineString", "coordinates": [ [ -103.3310111, 20.2931416 ], [ -103.3313088, 20.2922559 ], [ -103.331671, 20.291415 ] ] } },
{ "type": "Feature", "properties": { "ID": 1730812, "TIPOVIA": "CALLE", "TIPO": "N/A", "NUMERO": "N/A", "DERE_TRAN": "N/A", "ADMINISTRA": "N/A", "NUME_CARR": "N/A", "CONDICION": "N/A", "ORIGEN": "BCU", "CALI_REPR": "N/A", "CVEGEO": "140500001", "NOMVIAL": "NINGUNO", "SENTIDO": "UN SENTIDO", "LONGITUD": 83.82, "UNIDAD": "e14" }, "geometry": { "type": "LineString", "coordinates": [ [ -103.4400953, 20.292153 ], [ -103.4401977, 20.2913991 ] ] } },
{ "type": "Feature", "properties": { "ID": 1730813, "TIPOVIA": "CALLE", "TIPO": "N/A", "NUMERO": "N/A", "DERE_TRAN": "N/A", "ADMINISTRA": "N/A", "NUME_CARR": "N/A", "CONDICION": "N/A", "ORIGEN": "BCU", "CALI_REPR": "N/A", "CVEGEO": "140500001", "NOMVIAL": "VERANO", "SENTIDO": "UN SENTIDO", "LONGITUD": 94.64, "UNIDAD": "e14" }, "geometry": { "type": "LineString", "coordinates": [ [ -103.4400953, 20.292153 ], [ -103.4391985, 20.2920099 ] ] } },
{ "type": "Feature", "properties": { "ID": 1730816, "TIPOVIA": "CALLE", "TIPO": "N/A", "NUMERO": "N/A", "DERE_TRAN": "N/A", "ADMINISTRA": "N/A", "NUME_CARR": "N/A", "CONDICION": "N/A", "ORIGEN": "BCU", "CALI_REPR": "N/A", "CVEGEO": "140500001", "NOMVIAL": "LÁZARO CÁRDENAS", "SENTIDO": "UN SENTIDO", "LONGITUD": 72.22, "UNIDAD": "e14" }, "geometry": { "type": "LineString", "coordinates": [ [ -103.4362724, 20.2921968 ], [ -103.436387, 20.2915508 ] ] } },
{ "type": "Feature", "properties": { "ID": 1730820, "TIPOVIA": "CALLE", "TIPO": "N/A", "NUMERO": "23", "DERE_TRAN": "LIBRE", "ADMINISTRA": "FEDERAL", "NUME_CARR": "N/A", "CONDICION": "N/A", "ORIGEN": "BCU", "CALI_REPR": "N/A", "CVEGEO": "140500002", "NOMVIAL": "EL CHANTE", "SENTIDO": "UN SENTIDO", "LONGITUD": 64.79, "UNIDAD": "e14" }, "geometry": { "type": "LineString", "coordinates": [ [ -103.3991534, 20.2924678 ], [ -103.398539, 20.2925636 ] ] } },
{ "type": "Feature", "properties": { "ID": 1730821, "TIPOVIA": "CALLE", "TIPO": "N/A", "NUMERO": "N/A", "DERE_TRAN": "N/A", "ADMINISTRA": "N/A", "NUME_CARR": "N/A", "CONDICION": "N/A", "ORIGEN": "BCU", "CALI_REPR": "N/A", "CVEGEO": "140500002", "NOMVIAL": "NINGUNO", "SENTIDO": "UN SENTIDO", "LONGITUD": 27.49, "UNIDAD": "e14" }, "geometry": { "type": "LineString", "coordinates": [ [ -103.3985316, 20.2923144 ], [ -103.398539, 20.2925636 ] ] } },
{ "type": "Feature", "properties": { "ID": 1730822, "TIPOVIA": "CALLE", "TIPO": "N/A", "NUMERO": "N/A", "DERE_TRAN": "N/A", "ADMINISTRA": "N/A", "NUME_CARR": "N/A", "CONDICION": "N/A", "ORIGEN": "BCU", "CALI_REPR": "N/A", "CVEGEO": "140500001", "NOMVIAL": "NINGUNO", "SENTIDO": "UN SENTIDO", "LONGITUD": 84.08, "UNIDAD": "e14" }, "geometry": { "type": "LineString", "coordinates": [ [ -103.4404658, 20.2914184 ], [ -103.4403623, 20.2921746 ] ] } },
{ "type": "Feature", "properties": { "ID": 1730823, "TIPOVIA": "CALLE", "TIPO": "N/A", "NUMERO": "N/A", "DERE_TRAN": "N/A", "ADMINISTRA": "N/A", "NUME_CARR": "N/A", "CONDICION": "N/A", "ORIGEN": "BCU", "CALI_REPR": "N/A", "CVEGEO": "140500001", "NOMVIAL": "VERANO", "SENTIDO": "UN SENTIDO", "LONGITUD": 27.88, "UNIDAD": "e14" }, "geometry": { "type": "LineString", "coordinates": [ [ -103.4400953, 20.292153 ], [ -103.4403623, 20.2921746 ] ] } },
{ "type": "Feature", "properties": { "ID": 1730831, "TIPOVIA": "CALLE", "TIPO": "N/A", "NUMERO": "N/A", "DERE_TRAN": "N/A", "ADMINISTRA": "N/A", "NUME_CARR": "N/A", "CONDICION": "N/A", "ORIGEN": "BCU", "CALI_REPR": "N/A", "CVEGEO": "140500001", "NOMVIAL": "NINGUNO", "SENTIDO": "UN SENTIDO", "LONGITUD": 83.39, "UNIDAD": "e14" }, "geometry": { "type": "LineString", "coordinates": [ [ -103.4408298, 20.2914447 ], [ -103.4408017, 20.2922004 ] ] } },
{ "type": "Feature", "properties": { "ID": 1730832, "TIPOVIA": "CALLE", "TIPO": "N/A", "NUMERO": "N/A", "DERE_TRAN": "N/A", "ADMINISTRA": "N/A", "NUME_CARR": "N/A", "CONDICION": "N/A", "ORIGEN": "BCU", "CALI_REPR": "N/A", "CVEGEO": "140500001", "NOMVIAL": "VERANO", "SENTIDO": "UN SENTIDO", "LONGITUD": 45.8, "UNIDAD": "e14" }, "geometry": { "type": "LineString", "coordinates": [ [ -103.4403623, 20.2921746 ], [ -103.4408017, 20.2922004 ] ] } },
{ "type": "Feature", "properties": { "ID": 1730836, "TIPOVIA": "CALLE", "TIPO": "N/A", "NUMERO": "N/A", "DERE_TRAN": "N/A", "ADMINISTRA": "N/A", "NUME_CARR": "N/A", "CONDICION": "N/A", "ORIGEN": "BCU", "CALI_REPR": "N/A", "CVEGEO": "140500001", "NOMVIAL": "NINGUNO", "SENTIDO": "UN SENTIDO", "LONGITUD": 81.56, "UNIDAD": "e14" }, "geometry": { "type": "LineString", "coordinates": [ [ -103.4412216, 20.292223 ], [ -103.4412884, 20.2914861 ] ] } },
{ "type": "Feature", "properties": { "ID": 1730837, "TIPOVIA": "CALLE", "TIPO": "N/A", "NUMERO": "N/A", "DERE_TRAN": "N/A", "ADMINISTRA": "N/A", "NUME_CARR": "N/A", "CONDICION": "N/A", "ORIGEN": "BCU", "CALI_REPR": "N/A", "CVEGEO": "140500001", "NOMVIAL": "VERANO", "SENTIDO": "UN SENTIDO", "LONGITUD": 43.76, "UNIDAD": "e14" }, "geometry": { "type": "LineString", "coordinates": [ [ -103.4408017, 20.2922004 ], [ -103.4412216, 20.292223 ] ] } },
{ "type": "Feature", "properties": { "ID": 1730842, "TIPOVIA": "CALLE", "TIPO": "N/A", "NUMERO": "N/A", "DERE_TRAN": "N/A", "ADMINISTRA": "N/A", "NUME_CARR": "N/A", "CONDICION": "N/A", "ORIGEN": "BCU", "CALI_REPR": "N/A", "CVEGEO": "140500001", "NOMVIAL": "NIÑOS HÉROES NORTE", "SENTIDO": "UN SENTIDO", "LONGITUD": 55.26, "UNIDAD": "e14" }, "geometry": { "type": "LineString", "coordinates": [ [ -103.4338152, 20.2923101 ], [ -103.4339251, 20.2918198 ] ] } },
{ "type": "Feature", "properties": { "ID": 1730843, "TIPOVIA": "CALLE", "TIPO": "N/A", "NUMERO": "N/A", "DERE_TRAN": "N/A", "ADMINISTRA": "N/A", "NUME_CARR": "N/A", "CONDICION": "N/A", "ORIGEN": "BCU", "CALI_REPR": "N/A", "CVEGEO": "140500001", "NOMVIAL": "INVIERNO", "SENTIDO": "UN SENTIDO", "LONGITUD": 134.73, "UNIDAD": "e14" }, "geometry": { "type": "LineString", "coordinates": [ [ -103.4325404, 20.2920958 ], [ -103.4338152, 20.2923101 ] ] } },
{ "type": "Feature", "properties": { "ID": 1730846, "TIPOVIA": "CALLE", "TIPO": "N/A", "NUMERO": "N/A", "DERE_TRAN": "N/A", "ADMINISTRA": "N/A", "NUME_CARR": "N/A", "CONDICION": "N/A", "ORIGEN": "BCU", "CALI_REPR": "N/A", "CVEGEO": "140500002", "NOMVIAL": "NINGUNO", "SENTIDO": "UN SENTIDO", "LONGITUD": 760.71, "UNIDAD": "e14" }, "geometry": { "type": "LineString", "coordinates": [ [ -103.3822146, 20.2917767 ], [ -103.3822146, 20.2917767 ], [ -103.3804353, 20.2924935 ], [ -103.3792778, 20.2928227 ] ] } },
{ "type": "Feature", "properties": { "ID": 1730849, "TIPOVIA": "CALLE", "TIPO": "N/A", "NUMERO": "N/A", "DERE_TRAN": "N/A", "ADMINISTRA": "N/A", "NUME_CARR": "N/A", "CONDICION": "N/A", "ORIGEN": "BCU", "CALI_REPR": "N/A", "CVEGEO": "140500001", "NOMVIAL": "FRANCISCO VILLA", "SENTIDO": "UN SENTIDO", "LONGITUD": 69.12, "UNIDAD": "e14" }, "geometry": { "type": "LineString", "coordinates": [ [ -103.4370242, 20.2916743 ], [ -103.4369169, 20.2922928 ] ] } },
{ "type": "Feature", "properties": { "ID": 1730850, "TIPOVIA": "CALLE", "TIPO": "N/A", "NUMERO": "N/A", "DERE_TRAN": "N/A", "ADMINISTRA": "N/A", "NUME_CARR": "N/A", "CONDICION": "N/A", "ORIGEN": "BCU", "CALI_REPR": "N/A", "CVEGEO": "140500001", "NOMVIAL": "OTOÑO", "SENTIDO": "UN SENTIDO", "LONGITUD": 67.88, "UNIDAD": "e14" }, "geometry": { "type": "LineString", "coordinates": [ [ -103.4369169, 20.2922928 ], [ -103.4362724, 20.2921968 ] ] } },
{ "type": "Feature", "properties": { "ID": 1730858, "TIPOVIA": "CALLE", "TIPO": "N/A", "NUMERO": "N/A", "DERE_TRAN": "N/A", "ADMINISTRA": "N/A", "NUME_CARR": "N/A", "CONDICION": "N/A", "ORIGEN": "BCU", "CALI_REPR": "N/A", "CVEGEO": "140500001", "NOMVIAL": "NINGUNO", "SENTIDO": "UN SENTIDO", "LONGITUD": 82.58, "UNIDAD": "e14" }, "geometry": { "type": "LineString", "coordinates": [ [ -103.4417174, 20.2915087 ], [ -103.4416681, 20.2922562 ] ] } },
{ "type": "Feature", "properties": { "ID": 1730859, "TIPOVIA": "CALLE", "TIPO": "N/A", "NUMERO": "N/A", "DERE_TRAN": "N/A", "ADMINISTRA": "N/A", "NUME_CARR": "N/A", "CONDICION": "N/A", "ORIGEN": "BCU", "CALI_REPR": "N/A", "CVEGEO": "140500001", "NOMVIAL": "VERANO", "SENTIDO": "UN SENTIDO", "LONGITUD": 46.59, "UNIDAD": "e14" }, "geometry": { "type": "LineString", "coordinates": [ [ -103.4412216, 20.292223 ], [ -103.4416681, 20.2922562 ] ] } },
{ "type": "Feature", "properties": { "ID": 1730866, "TIPOVIA": "OTRO", "TIPO": "N/A", "NUMERO": "N/A", "DERE_TRAN": "N/A", "ADMINISTRA": "N/A", "NUME_CARR": "N/A", "CONDICION": "N/A", "ORIGEN": "BCU", "CALI_REPR": "N/A", "CVEGEO": "140500001", "NOMVIAL": "LÍMITE PREDIAL", "SENTIDO": "N/A", "LONGITUD": 79.27, "UNIDAD": "e14" }, "geometry": { "type": "LineString", "coordinates": [ [ -103.4421843, 20.2922632 ], [ -103.442225, 20.2915454 ] ] } },
{ "type": "Feature", "properties": { "ID": 1730867, "TIPOVIA": "CALLE", "TIPO": "N/A", "NUMERO": "N/A", "DERE_TRAN": "N/A", "ADMINISTRA": "N/A", "NUME_CARR": "N/A", "CONDICION": "N/A", "ORIGEN": "BCU", "CALI_REPR": "N/A", "CVEGEO": "140500001", "NOMVIAL": "VERANO", "SENTIDO": "UN SENTIDO", "LONGITUD": 53.71, "UNIDAD": "e14" }, "geometry": { "type": "LineString", "coordinates": [ [ -103.4416681, 20.2922562 ], [ -103.4421843, 20.2922632 ] ] } },
{ "type": "Feature", "properties": { "ID": 1730873, "TIPOVIA": "CALLE", "TIPO": "N/A", "NUMERO": "N/A", "DERE_TRAN": "N/A", "ADMINISTRA": "N/A", "NUME_CARR": "N/A", "CONDICION": "N/A", "ORIGEN": "BCU", "CALI_REPR": "N/A", "CVEGEO": "140500011", "NOMVIAL": "TOÑO PALAFOX", "SENTIDO": "UN SENTIDO", "LONGITUD": 87.5, "UNIDAD": "e14" }, "geometry": { "type": "LineString", "coordinates": [ [ -103.3328869, 20.2932864 ], [ -103.3330813, 20.2925145 ] ] } },
{ "type": "Feature", "properties": { "ID": 1730874, "TIPOVIA": "CALLE", "TIPO": "N/A", "NUMERO": "N/A", "DERE_TRAN": "N/A", "ADMINISTRA": "N/A", "NUME_CARR": "N/A", "CONDICION": "N/A", "ORIGEN": "BCU", "CALI_REPR": "N/A", "CVEGEO": "140500011", "NOMVIAL": "PANCHO GONZÁLEZ", "SENTIDO": "UN SENTIDO", "LONGITUD": 197.1, "UNIDAD": "e14" }, "geometry": { "type": "LineString", "coordinates": [ [ -103.3328869, 20.2932864 ], [ -103.3327888, 20.2932438 ], [ -103.3326238, 20.2932002 ], [ -103.3323948, 20.29318 ], [ -103.3320768, 20.293153 ], [ -103.3310111, 20.2931416 ] ] } },
{ "type": "Feature", "properties": { "ID": 1730879, "TIPOVIA": "CALLE", "TIPO": "N/A", "NUMERO": "N/A", "DERE_TRAN": "N/A", "ADMINISTRA": "N/A", "NUME_CARR": "N/A", "CONDICION": "N/A", "ORIGEN": "BCU", "CALI_REPR": "N/A", "CVEGEO": "140500011", "NOMVIAL": "RINCONADA EL LIMÓN", "SENTIDO": "UN SENTIDO", "LONGITUD": 89.28, "UNIDAD": "e14" }, "geometry": { "type": "LineString", "coordinates": [ [ -103.3528024, 20.2931153 ], [ -103.353056, 20.2923418 ] ] } },
{ "type": "Feature", "properties": { "ID": 1730880, "TIPOVIA": "CALLE", "TIPO": "N/A", "NUMERO": "N/A", "DERE_TRAN": "N/A", "ADMINISTRA": "N/A", "NUME_CARR": "N/A", "CONDICION": "N/A", "ORIGEN": "BCU", "CALI_REPR": "N/A", "CVEGEO": "140500002", "NOMVIAL": "NINGUNO", "SENTIDO": "UN SENTIDO", "LONGITUD": 140.17, "UNIDAD": "e14" }, "geometry": { "type": "LineString", "coordinates": [ [ -103.4117346, 20.2925886 ], [ -103.4127047, 20.2917066 ] ] } },
{ "type": "Feature", "properties": { "ID": 1730881, "TIPOVIA": "CALLE", "TIPO": "N/A", "NUMERO": "N/A", "DERE_TRAN": "N/A", "ADMINISTRA": "N/A", "NUME_CARR": "N/A", "CONDICION": "N/A", "ORIGEN": "BCU", "CALI_REPR": "N/A", "CVEGEO": "140500002", "NOMVIAL": "NINGUNO", "SENTIDO": "UN SENTIDO", "LONGITUD": 210.04, "UNIDAD": "e14" }, "geometry": { "type": "LineString", "coordinates": [ [ -103.4098838, 20.2922034 ], [ -103.4107284, 20.2920475 ], [ -103.4117346, 20.2925886 ] ] } },
{ "type": "Feature", "properties": { "ID": 1730882, "TIPOVIA": "PRIVADA", "TIPO": "N/A", "NUMERO": "N/A", "DERE_TRAN": "N/A", "ADMINISTRA": "N/A", "NUME_CARR": "N/A", "CONDICION": "N/A", "ORIGEN": "BCU", "CALI_REPR": "N/A", "CVEGEO": "140500002", "NOMVIAL": "NINGUNO", "SENTIDO": "UN SENTIDO", "LONGITUD": 50.51, "UNIDAD": "e14" }, "geometry": { "type": "LineString", "coordinates": [ [ -103.3859389, 20.2928305 ], [ -103.3860385, 20.2923821 ] ] } },
{ "type": "Feature", "properties": { "ID": 1730883, "TIPOVIA": "PRIVADA", "TIPO": "N/A", "NUMERO": "N/A", "DERE_TRAN": "N/A", "ADMINISTRA": "N/A", "NUME_CARR": "N/A", "CONDICION": "N/A", "ORIGEN": "BCU", "CALI_REPR": "N/A", "CVEGEO": "140500002", "NOMVIAL": "LAGO", "SENTIDO": "UN SENTIDO", "LONGITUD": 127.41, "UNIDAD": "e14" }, "geometry": { "type": "LineString", "coordinates": [ [ -103.3859389, 20.2928305 ], [ -103.3847176, 20.2927456 ] ] } },
{ "type": "Feature", "properties": { "ID": 1730887, "TIPOVIA": "CALLE", "TIPO": "N/A", "NUMERO": "N/A", "DERE_TRAN": "N/A", "ADMINISTRA": "N/A", "NUME_CARR": "N/A", "CONDICION": "N/A", "ORIGEN": "BCU", "CALI_REPR": "N/A", "CVEGEO": "140500011", "NOMVIAL": "RINCONADA DEL LIMÓN", "SENTIDO": "UN SENTIDO", "LONGITUD": 27.33, "UNIDAD": "e14" }, "geometry": { "type": "LineString", "coordinates": [ [ -103.3513598, 20.2931661 ], [ -103.3514852, 20.2929483 ] ] } },
{ "type": "Feature", "properties": { "ID": 1730888, "TIPOVIA": "OTRO", "TIPO": "N/A", "NUMERO": "N/A", "DERE_TRAN": "N/A", "ADMINISTRA": "N/A", "NUME_CARR": "N/A", "CONDICION": "N/A", "ORIGEN": "BCU", "CALI_REPR": "N/A", "CVEGEO": "140500011", "NOMVIAL": "LÍMITE PREDIAL", "SENTIDO": "N/A", "LONGITUD": 137.3, "UNIDAD": "e14" }, "geometry": { "type": "LineString", "coordinates": [ [ -103.3504017, 20.2927143 ], [ -103.351128, 20.2928662 ], [ -103.3510686, 20.2931256 ], [ -103.3513598, 20.2931661 ] ] } },
{ "type": "Feature", "properties": { "ID": 1730890, "TIPOVIA": "CALLE", "TIPO": "N/A", "NUMERO": "N/A", "DERE_TRAN": "N/A", "ADMINISTRA": "N/A", "NUME_CARR": "N/A", "CONDICION": "N/A", "ORIGEN": "BCU", "CALI_REPR": "N/A", "CVEGEO": "140500011", "NOMVIAL": "PANCHO GONZÁLEZ", "SENTIDO": "UN SENTIDO", "LONGITUD": 48.96, "UNIDAD": "e14" }, "geometry": { "type": "LineString", "coordinates": [ [ -103.3310111, 20.2931416 ], [ -103.3305964, 20.2933514 ] ] } },
{ "type": "Feature", "properties": { "ID": 1730891, "TIPOVIA": "CALLE", "TIPO": "N/A", "NUMERO": "N/A", "DERE_TRAN": "N/A", "ADMINISTRA": "N/A", "NUME_CARR": "N/A", "CONDICION": "N/A", "ORIGEN": "BCU", "CALI_REPR": "N/A", "CVEGEO": "140500011", "NOMVIAL": "BJÖRN BORG", "SENTIDO": "UN SENTIDO", "LONGITUD": 230.73, "UNIDAD": "e14" }, "geometry": { "type": "LineString", "coordinates": [ [ -103.3291621, 20.2926829 ], [ -103.3292746, 20.2924274 ], [ -103.32945, 20.2923341 ], [ -103.3296905, 20.2923231 ], [ -103.3298299, 20.2923668 ], [ -103.3300086, 20.2924449 ], [ -103.3301587, 20.2925725 ], [ -103.3304655, 20.293061 ], [ -103.3305964, 20.2933514 ] ] } },
{ "type": "Feature", "properties": { "ID": 1730896, "TIPOVIA": "CALLE", "TIPO": "N/A", "NUMERO": "N/A", "DERE_TRAN": "N/A", "ADMINISTRA": "N/A", "NUME_CARR": "N/A", "CONDICION": "N/A", "ORIGEN": "BCU", "CALI_REPR": "N/A", "CVEGEO": "140500011", "NOMVIAL": "JACK KRAMER", "SENTIDO": "UN SENTIDO", "LONGITUD": 28.86, "UNIDAD": "e14" }, "geometry": { "type": "LineString", "coordinates": [ [ -103.3276179, 20.2933179 ], [ -103.3275737, 20.2935763 ] ] } },
{ "type": "Feature", "properties": { "ID": 1730904, "TIPOVIA": "CALLE", "TIPO": "N/A", "NUMERO": "N/A", "DERE_TRAN": "N/A", "ADMINISTRA": "N/A", "NUME_CARR": "N/A", "CONDICION": "N/A", "ORIGEN": "BCU", "CALI_REPR": "N/A", "CVEGEO": "140500001", "NOMVIAL": "21 DE MARZO", "SENTIDO": "UN SENTIDO", "LONGITUD": 65.36, "UNIDAD": "e14" }, "geometry": { "type": "LineString", "coordinates": [ [ -103.4391985, 20.2920099 ], [ -103.4391309, 20.2925992 ] ] } },
{ "type": "Feature", "properties": { "ID": 1730905, "TIPOVIA": "CALLE", "TIPO": "N/A", "NUMERO": "N/A", "DERE_TRAN": "N/A", "ADMINISTRA": "N/A", "NUME_CARR": "N/A", "CONDICION": "N/A", "ORIGEN": "BCU", "CALI_REPR": "N/A", "CVEGEO": "140500001", "NOMVIAL": "OTOÑO", "SENTIDO": "UN SENTIDO", "LONGITUD": 76.45, "UNIDAD": "e14" }, "geometry": { "type": "LineString", "coordinates": [ [ -103.4391309, 20.2925992 ], [ -103.4384012, 20.2925176 ] ] } },
{ "type": "Feature", "properties": { "ID": 1730911, "TIPOVIA": "CALLE", "TIPO": "N/A", "NUMERO": "N/A", "DERE_TRAN": "N/A", "ADMINISTRA": "N/A", "NUME_CARR": "N/A", "CONDICION": "N/A", "ORIGEN": "BCU", "CALI_REPR": "N/A", "CVEGEO": "140500011", "NOMVIAL": "PANCHO GONZÁLEZ", "SENTIDO": "UN SENTIDO", "LONGITUD": 159.49, "UNIDAD": "e14" }, "geometry": { "type": "LineString", "coordinates": [ [ -103.3343848, 20.2935673 ], [ -103.3336912, 20.2934415 ], [ -103.3333334, 20.2933836 ], [ -103.3329519, 20.2933256 ], [ -103.3328869, 20.2932864 ] ] } },
{ "type": "Feature", "properties": { "ID": 1730925, "TIPOVIA": "CALLE", "TIPO": "N/A", "NUMERO": "N/A", "DERE_TRAN": "N/A", "ADMINISTRA": "N/A", "NUME_CARR": "N/A", "CONDICION": "N/A", "ORIGEN": "BCU", "CALI_REPR": "N/A", "CVEGEO": "140500001", "NOMVIAL": "NINGUNO", "SENTIDO": "UN SENTIDO", "LONGITUD": 53.15, "UNIDAD": "e14" }, "geometry": { "type": "LineString", "coordinates": [ [ -103.440041, 20.2926323 ], [ -103.4400953, 20.292153 ] ] } },
{ "type": "Feature", "properties": { "ID": 1730934, "TIPOVIA": "CALLE", "TIPO": "N/A", "NUMERO": "N/A", "DERE_TRAN": "N/A", "ADMINISTRA": "N/A", "NUME_CARR": "N/A", "CONDICION": "N/A", "ORIGEN": "BCU", "CALI_REPR": "N/A", "CVEGEO": "140500001", "NOMVIAL": "OTOÑO", "SENTIDO": "UN SENTIDO", "LONGITUD": 53.78, "UNIDAD": "e14" }, "geometry": { "type": "LineString", "coordinates": [ [ -103.4396449, 20.2926505 ], [ -103.4391309, 20.2925992 ] ] } },
{ "type": "Feature", "properties": { "ID": 1730940, "TIPOVIA": "CALLE", "TIPO": "N/A", "NUMERO": "N/A", "DERE_TRAN": "N/A", "ADMINISTRA": "N/A", "NUME_CARR": "N/A", "CONDICION": "N/A", "ORIGEN": "BCU", "CALI_REPR": "N/A", "CVEGEO": "140500001", "NOMVIAL": "NINGUNO", "SENTIDO": "UN SENTIDO", "LONGITUD": 52.44, "UNIDAD": "e14" }, "geometry": { "type": "LineString", "coordinates": [ [ -103.4403623, 20.2921746 ], [ -103.4403306, 20.2926492 ] ] } },
{ "type": "Feature", "properties": { "ID": 1730941, "TIPOVIA": "CALLE", "TIPO": "N/A", "NUMERO": "N/A", "DERE_TRAN": "N/A", "ADMINISTRA": "N/A", "NUME_CARR": "N/A", "CONDICION": "N/A", "ORIGEN": "BCU", "CALI_REPR": "N/A", "CVEGEO": "140500001", "NOMVIAL": "NINGUNO", "SENTIDO": "UN SENTIDO", "LONGITUD": 30.18, "UNIDAD": "e14" }, "geometry": { "type": "LineString", "coordinates": [ [ -103.440041, 20.2926323 ], [ -103.4403306, 20.2926492 ] ] } },
{ "type": "Feature", "properties": { "ID": 1730942, "TIPOVIA": "CALLE", "TIPO": "N/A", "NUMERO": "N/A", "DERE_TRAN": "N/A", "ADMINISTRA": "N/A", "NUME_CARR": "N/A", "CONDICION": "N/A", "ORIGEN": "BCU", "CALI_REPR": "N/A", "CVEGEO": "140500002", "NOMVIAL": "PLAYAS DE LA LAGUNA", "SENTIDO": "UN SENTIDO", "LONGITUD": 143.6, "UNIDAD": "e14" }, "geometry": { "type": "LineString", "coordinates": [ [ -103.3913393, 20.293108 ], [ -103.3913367, 20.2929809 ], [ -103.3911965, 20.292795 ], [ -103.3911461, 20.292784 ], [ -103.3910817, 20.2927346 ], [ -103.3909906, 20.2926597 ], [ -103.3909199, 20.2925617 ], [ -103.3909731, 20.2919766 ] ] } },
{ "type": "Feature", "properties": { "ID": 1730958, "TIPOVIA": "CALLE", "TIPO": "N/A", "NUMERO": "N/A", "DERE_TRAN": "N/A", "ADMINISTRA": "N/A", "NUME_CARR": "N/A", "CONDICION": "N/A", "ORIGEN": "BCU", "CALI_REPR": "N/A", "CVEGEO": "140500001", "NOMVIAL": "NINGUNO", "SENTIDO": "UN SENTIDO", "LONGITUD": 52.42, "UNIDAD": "e14" }, "geometry": { "type": "LineString", "coordinates": [ [ -103.4408017, 20.2922004 ], [ -103.440775, 20.2926751 ] ] } },
{ "type": "Feature", "properties": { "ID": 1730959, "TIPOVIA": "CALLE", "TIPO": "N/A", "NUMERO": "N/A", "DERE_TRAN": "N/A", "ADMINISTRA": "N/A", "NUME_CARR": "N/A", "CONDICION": "N/A", "ORIGEN": "BCU", "CALI_REPR": "N/A", "CVEGEO": "140500001", "NOMVIAL": "NINGUNO", "SENTIDO": "UN SENTIDO", "LONGITUD": 46.32, "UNIDAD": "e14" }, "geometry": { "type": "LineString", "coordinates": [ [ -103.4403306, 20.2926492 ], [ -103.440775, 20.2926751 ] ] } },
{ "type": "Feature", "properties": { "ID": 1730961, "TIPOVIA": "CALLE", "TIPO": "N/A", "NUMERO": "N/A", "DERE_TRAN": "N/A", "ADMINISTRA": "N/A", "NUME_CARR": "N/A", "CONDICION": "N/A", "ORIGEN": "BCU", "CALI_REPR": "N/A", "CVEGEO": "140500001", "NOMVIAL": "INVIERNO", "SENTIDO": "UN SENTIDO", "LONGITUD": 107.46, "UNIDAD": "e14" }, "geometry": { "type": "LineString", "coordinates": [ [ -103.4350663, 20.2925467 ], [ -103.4360817, 20.2927246 ] ] } },
{ "type": "Feature", "properties": { "ID": 1730971, "TIPOVIA": "PRIVADA", "TIPO": "N/A", "NUMERO": "N/A", "DERE_TRAN": "N/A", "ADMINISTRA": "N/A", "NUME_CARR": "N/A", "CONDICION": "N/A", "ORIGEN": "BCU", "CALI_REPR": "N/A", "CVEGEO": "140500002", "NOMVIAL": "CALLEJÓN DEL OZATE", "SENTIDO": "UN SENTIDO", "LONGITUD": 41.66, "UNIDAD": "e14" }, "geometry": { "type": "LineString", "coordinates": [ [ -103.3917307, 20.2931418 ], [ -103.3915868, 20.2931517 ], [ -103.391502, 20.2931151 ], [ -103.3913393, 20.293108 ] ] } },
{ "type": "Feature", "properties": { "ID": 1730975, "TIPOVIA": "CALLE", "TIPO": "N/A", "NUMERO": "N/A", "DERE_TRAN": "N/A", "ADMINISTRA": "N/A", "NUME_CARR": "N/A", "CONDICION": "N/A", "ORIGEN": "BCU", "CALI_REPR": "N/A", "CVEGEO": "140500001", "NOMVIAL": "LÁZARO CÁRDENAS", "SENTIDO": "UN SENTIDO", "LONGITUD": 60.91, "UNIDAD": "e14" }, "geometry": { "type": "LineString", "coordinates": [ [ -103.4361774, 20.2927418 ], [ -103.4362724, 20.2921968 ] ] } },
{ "type": "Feature", "properties": { "ID": 1730976, "TIPOVIA": "CALLE", "TIPO": "N/A", "NUMERO": "N/A", "DERE_TRAN": "N/A", "ADMINISTRA": "N/A", "NUME_CARR": "N/A", "CONDICION": "N/A", "ORIGEN": "BCU", "CALI_REPR": "N/A", "CVEGEO": "140500001", "NOMVIAL": "INVIERNO", "SENTIDO": "UN SENTIDO", "LONGITUD": 10.13, "UNIDAD": "e14" }, "geometry": { "type": "LineString", "coordinates": [ [ -103.4360817, 20.2927246 ], [ -103.4361774, 20.2927418 ] ] } },
{ "type": "Feature", "properties": { "ID": 1730977, "TIPOVIA": "CALLE", "TIPO": "N/A", "NUMERO": "N/A", "DERE_TRAN": "N/A", "ADMINISTRA": "N/A", "NUME_CARR": "N/A", "CONDICION": "N/A", "ORIGEN": "BCU", "CALI_REPR": "N/A", "CVEGEO": "140500011", "NOMVIAL": "NINGUNO", "SENTIDO": "UN SENTIDO", "LONGITUD": 318.88, "UNIDAD": "e14" }, "geometry": { "type": "LineString", "coordinates": [ [ -103.3416382, 20.2928627 ], [ -103.3421483, 20.2934147 ], [ -103.3422579, 20.2934926 ], [ -103.3427945, 20.2935971 ], [ -103.3432877, 20.2932835 ], [ -103.3436111, 20.2929277 ], [ -103.3439998, 20.2926134 ] ] } },
{ "type": "Feature", "properties": { "ID": 1730982, "TIPOVIA": "CALLE", "TIPO": "N/A", "NUMERO": "N/A", "DERE_TRAN": "N/A", "ADMINISTRA": "N/A", "NUME_CARR": "N/A", "CONDICION": "N/A", "ORIGEN": "BCU", "CALI_REPR": "N/A", "CVEGEO": "140500001", "NOMVIAL": "NINGUNO", "SENTIDO": "UN SENTIDO", "LONGITUD": 52.63, "UNIDAD": "e14" }, "geometry": { "type": "LineString", "coordinates": [ [ -103.4411907, 20.2926994 ], [ -103.4412216, 20.292223 ] ] } },
{ "type": "Feature", "properties": { "ID": 1730983, "TIPOVIA": "CALLE", "TIPO": "N/A", "NUMERO": "N/A", "DERE_TRAN": "N/A", "ADMINISTRA": "N/A", "NUME_CARR": "N/A", "CONDICION": "N/A", "ORIGEN": "BCU", "CALI_REPR": "N/A", "CVEGEO": "140500001", "NOMVIAL": "NINGUNO", "SENTIDO": "UN SENTIDO", "LONGITUD": 43.33, "UNIDAD": "e14" }, "geometry": { "type": "LineString", "coordinates": [ [ -103.440775, 20.2926751 ], [ -103.4411907, 20.2926994 ] ] } },
{ "type": "Feature", "properties": { "ID": 1730985, "TIPOVIA": "PRIVADA", "TIPO": "N/A", "NUMERO": "N/A", "DERE_TRAN": "N/A", "ADMINISTRA": "N/A", "NUME_CARR": "N/A", "CONDICION": "N/A", "ORIGEN": "BCU", "CALI_REPR": "N/A", "CVEGEO": "140500011", "NOMVIAL": "DEL LIMÓN", "SENTIDO": "UN SENTIDO", "LONGITUD": 247.52, "UNIDAD": "e14" }, "geometry": { "type": "LineString", "coordinates": [ [ -103.355147, 20.2934957 ], [ -103.3528024, 20.2931153 ] ] } },
{ "type": "Feature", "properties": { "ID": 1730989, "TIPOVIA": "CALLE", "TIPO": "N/A", "NUMERO": "23", "DERE_TRAN": "LIBRE", "ADMINISTRA": "FEDERAL", "NUME_CARR": "N/A", "CONDICION": "N/A", "ORIGEN": "BCU", "CALI_REPR": "N/A", "CVEGEO": "140500002", "NOMVIAL": "EL CHANTE", "SENTIDO": "UN SENTIDO", "LONGITUD": 419.51, "UNIDAD": "e14" }, "geometry": { "type": "LineString", "coordinates": [ [ -103.398539, 20.2925636 ], [ -103.3960847, 20.2929206 ], [ -103.3945541, 20.2931432 ] ] } },
{ "type": "Feature", "properties": { "ID": 1730993, "TIPOVIA": "CALLE", "TIPO": "N/A", "NUMERO": "N/A", "DERE_TRAN": "N/A", "ADMINISTRA": "N/A", "NUME_CARR": "N/A", "CONDICION": "N/A", "ORIGEN": "BCU", "CALI_REPR": "N/A", "CVEGEO": "140500001", "NOMVIAL": "NINGUNO", "SENTIDO": "UN SENTIDO", "LONGITUD": 52.17, "UNIDAD": "e14" }, "geometry": { "type": "LineString", "coordinates": [ [ -103.4416681, 20.2922562 ], [ -103.4416337, 20.2927281 ] ] } },
{ "type": "Feature", "properties": { "ID": 1730994, "TIPOVIA": "CALLE", "TIPO": "N/A", "NUMERO": "N/A", "DERE_TRAN": "N/A", "ADMINISTRA": "N/A", "NUME_CARR": "N/A", "CONDICION": "N/A", "ORIGEN": "BCU", "CALI_REPR": "N/A", "CVEGEO": "140500001", "NOMVIAL": "NINGUNO", "SENTIDO": "UN SENTIDO", "LONGITUD": 46.2, "UNIDAD": "e14" }, "geometry": { "type": "LineString", "coordinates": [ [ -103.4411907, 20.2926994 ], [ -103.4416337, 20.2927281 ] ] } },
{ "type": "Feature", "properties": { "ID": 1731003, "TIPOVIA": "CALLE", "TIPO": "N/A", "NUMERO": "N/A", "DERE_TRAN": "N/A", "ADMINISTRA": "N/A", "NUME_CARR": "N/A", "CONDICION": "N/A", "ORIGEN": "BCU", "CALI_REPR": "N/A", "CVEGEO": "140500001", "NOMVIAL": "NIÑOS HÉROES NORTE", "SENTIDO": "UN SENTIDO", "LONGITUD": 57.09, "UNIDAD": "e14" }, "geometry": { "type": "LineString", "coordinates": [ [ -103.4337178, 20.2928196 ], [ -103.4338152, 20.2923101 ] ] } },
{ "type": "Feature", "properties": { "ID": 1731004, "TIPOVIA": "CALLE", "TIPO": "N/A", "NUMERO": "N/A", "DERE_TRAN": "N/A", "ADMINISTRA": "N/A", "NUME_CARR": "N/A", "CONDICION": "N/A", "ORIGEN": "BCU", "CALI_REPR": "N/A", "CVEGEO": "140500001", "NOMVIAL": "NINGUNO", "SENTIDO": "UN SENTIDO", "LONGITUD": 110.22, "UNIDAD": "e14" }, "geometry": { "type": "LineString", "coordinates": [ [ -103.4326811, 20.2926138 ], [ -103.4337178, 20.2928196 ] ] } },
{ "type": "Feature", "properties": { "ID": 1731005, "TIPOVIA": "PRIVADA", "TIPO": "N/A", "NUMERO": "N/A", "DERE_TRAN": "N/A", "ADMINISTRA": "N/A", "NUME_CARR": "N/A", "CONDICION": "N/A", "ORIGEN": "BCU", "CALI_REPR": "N/A", "CVEGEO": "140500011", "NOMVIAL": "NINGUNO", "SENTIDO": "UN SENTIDO", "LONGITUD": 81.1, "UNIDAD": "e14" }, "geometry": { "type": "LineString", "coordinates": [ [ -103.3560892, 20.293536 ], [ -103.3562564, 20.2928176 ] ] } },
{ "type": "Feature", "properties": { "ID": 1731006, "TIPOVIA": "CALLE", "TIPO": "N/A", "NUMERO": "N/A", "DERE_TRAN": "N/A", "ADMINISTRA": "N/A", "NUME_CARR": "N/A", "CONDICION": "N/A", "ORIGEN": "BCU", "CALI_REPR": "N/A", "CVEGEO": "140500011", "NOMVIAL": "PANCHO GONZÁLEZ", "SENTIDO": "UN SENTIDO", "LONGITUD": 95.49, "UNIDAD": "e14" }, "geometry": { "type": "LineString", "coordinates": [ [ -103.3305964, 20.2933514 ], [ -103.3301902, 20.2935606 ], [ -103.3297923, 20.2937689 ] ] } },
{ "type": "Feature", "properties": { "ID": 1731007, "TIPOVIA": "CALLE", "TIPO": "N/A", "NUMERO": "N/A", "DERE_TRAN": "N/A", "ADMINISTRA": "N/A", "NUME_CARR": "N/A", "CONDICION": "N/A", "ORIGEN": "BCU", "CALI_REPR": "N/A", "CVEGEO": "140500011", "NOMVIAL": "ILIE NASTASE", "SENTIDO": "UN SENTIDO", "LONGITUD": 136.62, "UNIDAD": "e14" }, "geometry": { "type": "LineString", "coordinates": [ [ -103.3297923, 20.2937689 ], [ -103.3296914, 20.2936233 ], [ -103.3295067, 20.2933076 ], [ -103.329349, 20.2930334 ], [ -103.3291621, 20.2926829 ] ] } },
{ "type": "Feature", "properties": { "ID": 1731010, "TIPOVIA": "CALLE", "TIPO": "N/A", "NUMERO": "N/A", "DERE_TRAN": "N/A", "ADMINISTRA": "N/A", "NUME_CARR": "N/A", "CONDICION": "N/A", "ORIGEN": "BCU", "CALI_REPR": "N/A", "CVEGEO": "140500002", "NOMVIAL": "NINGUNO", "SENTIDO": "UN SENTIDO", "LONGITUD": 49.48, "UNIDAD": "e14" }, "geometry": { "type": "LineString", "coordinates": [ [ -103.4117346, 20.2925886 ], [ -103.411715, 20.2927009 ], [ -103.411748, 20.2930343 ] ] } },
{ "type": "Feature", "properties": { "ID": 1731015, "TIPOVIA": "CALLE", "TIPO": "N/A", "NUMERO": "23", "DERE_TRAN": "LIBRE", "ADMINISTRA": "FEDERAL", "NUME_CARR": "N/A", "CONDICION": "N/A", "ORIGEN": "BCU", "CALI_REPR": "N/A", "CVEGEO": "140500002", "NOMVIAL": "EL CHANTE", "SENTIDO": "UN SENTIDO", "LONGITUD": 65.95, "UNIDAD": "e14" }, "geometry": { "type": "LineString", "coordinates": [ [ -103.3945541, 20.2931432 ], [ -103.3939257, 20.2932218 ] ] } },
{ "type": "Feature", "properties": { "ID": 1731016, "TIPOVIA": "CALLE", "TIPO": "N/A", "NUMERO": "N/A", "DERE_TRAN": "N/A", "ADMINISTRA": "N/A", "NUME_CARR": "N/A", "CONDICION": "N/A", "ORIGEN": "BCU", "CALI_REPR": "N/A", "CVEGEO": "140500002", "NOMVIAL": "XÓCHITL", "SENTIDO": "UN SENTIDO", "LONGITUD": 87.26, "UNIDAD": "e14" }, "geometry": { "type": "LineString", "coordinates": [ [ -103.3939257, 20.2932218 ], [ -103.3938699, 20.2924323 ] ] } },
{ "type": "Feature", "properties": { "ID": 1731022, "TIPOVIA": "CALLE", "TIPO": "N/A", "NUMERO": "N/A", "DERE_TRAN": "N/A", "ADMINISTRA": "N/A", "NUME_CARR": "N/A", "CONDICION": "N/A", "ORIGEN": "BCU", "CALI_REPR": "N/A", "CVEGEO": "140500002", "NOMVIAL": "NINGUNO", "SENTIDO": "UN SENTIDO", "LONGITUD": 297.27, "UNIDAD": "e14" }, "geometry": { "type": "LineString", "coordinates": [ [ -103.3887287, 20.2932251 ], [ -103.3876344, 20.2932818 ], [ -103.3871072, 20.2932901 ], [ -103.3858735, 20.2933084 ] ] } },
{ "type": "Feature", "properties": { "ID": 1731023, "TIPOVIA": "PRIVADA", "TIPO": "N/A", "NUMERO": "N/A", "DERE_TRAN": "N/A", "ADMINISTRA": "N/A", "NUME_CARR": "N/A", "CONDICION": "N/A", "ORIGEN": "BCU", "CALI_REPR": "N/A", "CVEGEO": "140500002", "NOMVIAL": "NINGUNO", "SENTIDO": "UN SENTIDO", "LONGITUD": 53.14, "UNIDAD": "e14" }, "geometry": { "type": "LineString", "coordinates": [ [ -103.3858735, 20.2933084 ], [ -103.3859389, 20.2928305 ] ] } },
{ "type": "Feature", "properties": { "ID": 1731031, "TIPOVIA": "CALLE", "TIPO": "N/A", "NUMERO": "N/A", "DERE_TRAN": "N/A", "ADMINISTRA": "N/A", "NUME_CARR": "N/A", "CONDICION": "N/A", "ORIGEN": "BCU", "CALI_REPR": "N/A", "CVEGEO": "140500001", "NOMVIAL": "FRANCISCO VILLA", "SENTIDO": "UN SENTIDO", "LONGITUD": 63.14, "UNIDAD": "e14" }, "geometry": { "type": "LineString", "coordinates": [ [ -103.4369169, 20.2922928 ], [ -103.4368243, 20.2928587 ] ] } },
{ "type": "Feature", "properties": { "ID": 1731032, "TIPOVIA": "CALLE", "TIPO": "N/A", "NUMERO": "N/A", "DERE_TRAN": "N/A", "ADMINISTRA": "N/A", "NUME_CARR": "N/A", "CONDICION": "N/A", "ORIGEN": "BCU", "CALI_REPR": "N/A", "CVEGEO": "140500001", "NOMVIAL": "INVIERNO", "SENTIDO": "UN SENTIDO", "LONGITUD": 68.53, "UNIDAD": "e14" }, "geometry": { "type": "LineString", "coordinates": [ [ -103.4361774, 20.2927418 ], [ -103.4368243, 20.2928587 ] ] } },
{ "type": "Feature", "properties": { "ID": 1731033, "TIPOVIA": "CALLE", "TIPO": "N/A", "NUMERO": "N/A", "DERE_TRAN": "N/A", "ADMINISTRA": "N/A", "NUME_CARR": "N/A", "CONDICION": "N/A", "ORIGEN": "BCU", "CALI_REPR": "N/A", "CVEGEO": "140500001", "NOMVIAL": "LÁZARO CÁRDENAS", "SENTIDO": "UN SENTIDO", "LONGITUD": 16.2, "UNIDAD": "e14" }, "geometry": { "type": "LineString", "coordinates": [ [ -103.4360444, 20.2928672 ], [ -103.4360817, 20.2927246 ] ] } },
{ "type": "Feature", "properties": { "ID": 1731034, "TIPOVIA": "CALLE", "TIPO": "N/A", "NUMERO": "N/A", "DERE_TRAN": "N/A", "ADMINISTRA": "N/A", "NUME_CARR": "N/A", "CONDICION": "N/A", "ORIGEN": "BCU", "CALI_REPR": "N/A", "CVEGEO": "140500001", "NOMVIAL": "ZARAGOZA NORTE", "SENTIDO": "UN SENTIDO", "LONGITUD": 37.34, "UNIDAD": "e14" }, "geometry": { "type": "LineString", "coordinates": [ [ -103.4350043, 20.2928803 ], [ -103.4350663, 20.2925467 ] ] } },
{ "type": "Feature", "properties": { "ID": 1731035, "TIPOVIA": "CALLE", "TIPO": "N/A", "NUMERO": "N/A", "DERE_TRAN": "N/A", "ADMINISTRA": "N/A", "NUME_CARR": "N/A", "CONDICION": "N/A", "ORIGEN": "BCU", "CALI_REPR": "N/A", "CVEGEO": "140500002", "NOMVIAL": "CASTILLOS DEL CHANTE", "SENTIDO": "UN SENTIDO", "LONGITUD": 190.5, "UNIDAD": "e14" }, "geometry": { "type": "LineString", "coordinates": [ [ -103.4062017, 20.2922145 ], [ -103.4062645, 20.2929262 ], [ -103.4062508, 20.2930309 ], [ -103.4052984, 20.2931609 ] ] } },
{ "type": "Feature", "properties": { "ID": 1731036, "TIPOVIA": "CALLE", "TIPO": "N/A", "NUMERO": "N/A", "DERE_TRAN": "N/A", "ADMINISTRA": "N/A", "NUME_CARR": "N/A", "CONDICION": "N/A", "ORIGEN": "BCU", "CALI_REPR": "N/A", "CVEGEO": "140500002", "NOMVIAL": "DE LAS FUENTES", "SENTIDO": "UN SENTIDO", "LONGITUD": 100.93, "UNIDAD": "e14" }, "geometry": { "type": "LineString", "coordinates": [ [ -103.4052984, 20.2931609 ], [ -103.4052836, 20.2931089 ], [ -103.4053427, 20.2927738 ], [ -103.4054683, 20.2922658 ] ] } },
{ "type": "Feature", "properties": { "ID": 1731038, "TIPOVIA": "PRIVADA", "TIPO": "N/A", "NUMERO": "N/A", "DERE_TRAN": "N/A", "ADMINISTRA": "N/A", "NUME_CARR": "N/A", "CONDICION": "N/A", "ORIGEN": "BCU", "CALI_REPR": "N/A", "CVEGEO": "140500002", "NOMVIAL": "NINGUNO", "SENTIDO": "UN SENTIDO", "LONGITUD": 4.32, "UNIDAD": "e14" }, "geometry": { "type": "LineString", "coordinates": [ [ -103.3858657, 20.2933469 ], [ -103.3858735, 20.2933084 ] ] } },
{ "type": "Feature", "properties": { "ID": 1731039, "TIPOVIA": "PRIVADA", "TIPO": "N/A", "NUMERO": "N/A", "DERE_TRAN": "N/A", "ADMINISTRA": "N/A", "NUME_CARR": "N/A", "CONDICION": "N/A", "ORIGEN": "BCU", "CALI_REPR": "N/A", "CVEGEO": "140500002", "NOMVIAL": "BRISA", "SENTIDO": "UN SENTIDO", "LONGITUD": 124.52, "UNIDAD": "e14" }, "geometry": { "type": "LineString", "coordinates": [ [ -103.3858657, 20.2933469 ], [ -103.3846732, 20.2932511 ] ] } },
{ "type": "Feature", "properties": { "ID": 1731040, "TIPOVIA": "CALLE", "TIPO": "N/A", "NUMERO": "N/A", "DERE_TRAN": "N/A", "ADMINISTRA": "N/A", "NUME_CARR": "N/A", "CONDICION": "N/A", "ORIGEN": "BCU", "CALI_REPR": "N/A", "CVEGEO": "140500011", "NOMVIAL": "PANCHO GONZÁLEZ", "SENTIDO": "UN SENTIDO", "LONGITUD": 96.16, "UNIDAD": "e14" }, "geometry": { "type": "LineString", "coordinates": [ [ -103.3352747, 20.2938011 ], [ -103.3350442, 20.2937273 ], [ -103.3343848, 20.2935673 ] ] } },
{ "type": "Feature", "properties": { "ID": 1731042, "TIPOVIA": "CALLE", "TIPO": "N/A", "NUMERO": "N/A", "DERE_TRAN": "N/A", "ADMINISTRA": "N/A", "NUME_CARR": "N/A", "CONDICION": "N/A", "ORIGEN": "BCU", "CALI_REPR": "N/A", "CVEGEO": "140500011", "NOMVIAL": "ILIE NASTASE", "SENTIDO": "UN SENTIDO", "LONGITUD": 13.98, "UNIDAD": "e14" }, "geometry": { "type": "LineString", "coordinates": [ [ -103.3298832, 20.2938623 ], [ -103.3297923, 20.2937689 ] ] } },
{ "type": "Feature", "properties": { "ID": 1731043, "TIPOVIA": "CALLE", "TIPO": "N/A", "NUMERO": "N/A", "DERE_TRAN": "N/A", "ADMINISTRA": "N/A", "NUME_CARR": "N/A", "CONDICION": "N/A", "ORIGEN": "BCU", "CALI_REPR": "N/A", "CVEGEO": "140500011", "NOMVIAL": "GUILLERMO VILAS", "SENTIDO": "UN SENTIDO", "LONGITUD": 96.56, "UNIDAD": "e14" }, "geometry": { "type": "LineString", "coordinates": [ [ -103.3353937, 20.2938151 ], [ -103.3354778, 20.2937939 ], [ -103.3355554, 20.2937047 ], [ -103.3358184, 20.2931345 ], [ -103.3358445, 20.2930839 ] ] } },
{ "type": "Feature", "properties": { "ID": 1731044, "TIPOVIA": "CALLE", "TIPO": "N/A", "NUMERO": "N/A", "DERE_TRAN": "N/A", "ADMINISTRA": "N/A", "NUME_CARR": "N/A", "CONDICION": "N/A", "ORIGEN": "BCU", "CALI_REPR": "N/A", "CVEGEO": "140500011", "NOMVIAL": "PANCHO GONZÁLEZ", "SENTIDO": "UN SENTIDO", "LONGITUD": 12.47, "UNIDAD": "e14" }, "geometry": { "type": "LineString", "coordinates": [ [ -103.3353937, 20.2938151 ], [ -103.3352747, 20.2938011 ] ] } },
{ "type": "Feature", "properties": { "ID": 1731052, "TIPOVIA": "CALLE", "TIPO": "N/A", "NUMERO": "N/A", "DERE_TRAN": "N/A", "ADMINISTRA": "N/A", "NUME_CARR": "N/A", "CONDICION": "N/A", "ORIGEN": "BCU", "CALI_REPR": "N/A", "CVEGEO": "140500001", "NOMVIAL": "FRANCISCO VILLA", "SENTIDO": "UN SENTIDO", "LONGITUD": 8.18, "UNIDAD": "e14" }, "geometry": { "type": "LineString", "coordinates": [ [ -103.4368243, 20.2928587 ], [ -103.4368151, 20.2929324 ] ] } },
{ "type": "Feature", "properties": { "ID": 1731061, "TIPOVIA": "CALLE", "TIPO": "N/A", "NUMERO": "23", "DERE_TRAN": "LIBRE", "ADMINISTRA": "FEDERAL", "NUME_CARR": "N/A", "CONDICION": "N/A", "ORIGEN": "BCU", "CALI_REPR": "N/A", "CVEGEO": "140500002", "NOMVIAL": "EL CHANTE", "SENTIDO": "UN SENTIDO", "LONGITUD": 134.24, "UNIDAD": "e14" }, "geometry": { "type": "LineString", "coordinates": [ [ -103.3939257, 20.2932218 ], [ -103.392644, 20.2933621 ] ] } },
{ "type": "Feature", "properties": { "ID": 1731062, "TIPOVIA": "CALLE", "TIPO": "N/A", "NUMERO": "N/A", "DERE_TRAN": "N/A", "ADMINISTRA": "N/A", "NUME_CARR": "N/A", "CONDICION": "N/A", "ORIGEN": "BCU", "CALI_REPR": "N/A", "CVEGEO": "140500002", "NOMVIAL": "DEL SOL", "SENTIDO": "UN SENTIDO", "LONGITUD": 146.03, "UNIDAD": "e14" }, "geometry": { "type": "LineString", "coordinates": [ [ -103.392644, 20.2933621 ], [ -103.3926558, 20.2920379 ] ] } },
{ "type": "Feature", "properties": { "ID": 1731066, "TIPOVIA": "CALLE", "TIPO": "N/A", "NUMERO": "N/A", "DERE_TRAN": "N/A", "ADMINISTRA": "N/A", "NUME_CARR": "N/A", "CONDICION": "N/A", "ORIGEN": "BCU", "CALI_REPR": "N/A", "CVEGEO": "140500001", "NOMVIAL": "NINGUNO", "SENTIDO": "UN SENTIDO", "LONGITUD": 32.61, "UNIDAD": "e14" }, "geometry": { "type": "LineString", "coordinates": [ [ -103.440006, 20.2929262 ], [ -103.440041, 20.2926323 ] ] } },
{ "type": "Feature", "properties": { "ID": 1731067, "TIPOVIA": "CALLE", "TIPO": "N/A", "NUMERO": "N/A", "DERE_TRAN": "N/A", "ADMINISTRA": "N/A", "NUME_CARR": "N/A", "CONDICION": "N/A", "ORIGEN": "BCU", "CALI_REPR": "N/A", "CVEGEO": "140500001", "NOMVIAL": "VENUSTIANO CARRANZA", "SENTIDO": "UN SENTIDO", "LONGITUD": 61.35, "UNIDAD": "e14" }, "geometry": { "type": "LineString", "coordinates": [ [ -103.4375526, 20.2929495 ], [ -103.4376316, 20.2923981 ] ] } },
{ "type": "Feature", "properties": { "ID": 1731068, "TIPOVIA": "CALLE", "TIPO": "N/A", "NUMERO": "N/A", "DERE_TRAN": "N/A", "ADMINISTRA": "N/A", "NUME_CARR": "N/A", "CONDICION": "N/A", "ORIGEN": "BCU", "CALI_REPR": "N/A", "CVEGEO": "140500001", "NOMVIAL": "INVIERNO", "SENTIDO": "UN SENTIDO", "LONGITUD": 76.42, "UNIDAD": "e14" }, "geometry": { "type": "LineString", "coordinates": [ [ -103.4368243, 20.2928587 ], [ -103.4375526, 20.2929495 ] ] } },
{ "type": "Feature", "properties": { "ID": 1731069, "TIPOVIA": "OTRO", "TIPO": "N/A", "NUMERO": "N/A", "DERE_TRAN": "N/A", "ADMINISTRA": "N/A", "NUME_CARR": "N/A", "CONDICION": "N/A", "ORIGEN": "BCU", "CALI_REPR": "N/A", "CVEGEO": "140500001", "NOMVIAL": "LÍMITE PREDIAL", "SENTIDO": "N/A", "LONGITUD": 111.24, "UNIDAD": "e14" }, "geometry": { "type": "LineString", "coordinates": [ [ -103.441618, 20.2929207 ], [ -103.4420718, 20.2928206 ], [ -103.4421615, 20.2924903 ], [ -103.4421843, 20.2922632 ] ] } },
{ "type": "Feature", "properties": { "ID": 1731070, "TIPOVIA": "CALLE", "TIPO": "N/A", "NUMERO": "N/A", "DERE_TRAN": "N/A", "ADMINISTRA": "N/A", "NUME_CARR": "N/A", "CONDICION": "N/A", "ORIGEN": "BCU", "CALI_REPR": "N/A", "CVEGEO": "140500001", "NOMVIAL": "NINGUNO", "SENTIDO": "UN SENTIDO", "LONGITUD": 21.29, "UNIDAD": "e14" }, "geometry": { "type": "LineString", "coordinates": [ [ -103.4416337, 20.2927281 ], [ -103.441618, 20.2929207 ] ] } },
{ "type": "Feature", "properties": { "ID": 1731072, "TIPOVIA": "PRIVADA", "TIPO": "N/A", "NUMERO": "N/A", "DERE_TRAN": "N/A", "ADMINISTRA": "N/A", "NUME_CARR": "N/A", "CONDICION": "N/A", "ORIGEN": "BCU", "CALI_REPR": "N/A", "CVEGEO": "140500002", "NOMVIAL": "CASTILLOS DEL CHANTE", "SENTIDO": "UN SENTIDO", "LONGITUD": 115.05, "UNIDAD": "e14" }, "geometry": { "type": "LineString", "coordinates": [ [ -103.4042016, 20.2932937 ], [ -103.4052984, 20.2931609 ] ] } },
{ "type": "Feature", "properties": { "ID": 1731073, "TIPOVIA": "CALLE", "TIPO": "N/A", "NUMERO": "N/A", "DERE_TRAN": "N/A", "ADMINISTRA": "N/A", "NUME_CARR": "N/A", "CONDICION": "N/A", "ORIGEN": "BCU", "CALI_REPR": "N/A", "CVEGEO": "140500002", "NOMVIAL": "LOMAS ALTAS", "SENTIDO": "UN SENTIDO", "LONGITUD": 153.28, "UNIDAD": "e14" }, "geometry": { "type": "LineString", "coordinates": [ [ -103.4072807, 20.291972 ], [ -103.4068357, 20.2929033 ], [ -103.4068702, 20.2932702 ] ] } },
{ "type": "Feature", "properties": { "ID": 1731077, "TIPOVIA": "OTRO", "TIPO": "N/A", "NUMERO": "N/A", "DERE_TRAN": "N/A", "ADMINISTRA": "N/A", "NUME_CARR": "N/A", "CONDICION": "N/A", "ORIGEN": "BCU", "CALI_REPR": "N/A", "CVEGEO": "140500001", "NOMVIAL": "LÍMITE PREDIAL", "SENTIDO": "N/A", "LONGITUD": 168.0, "UNIDAD": "e14" }, "geometry": { "type": "LineString", "coordinates": [ [ -103.440006, 20.2929262 ], [ -103.4406258, 20.292962 ], [ -103.4410739, 20.2929589 ], [ -103.441618, 20.2929207 ] ] } },
{ "type": "Feature", "properties": { "ID": 1731092, "TIPOVIA": "CALLE", "TIPO": "N/A", "NUMERO": "N/A", "DERE_TRAN": "N/A", "ADMINISTRA": "N/A", "NUME_CARR": "N/A", "CONDICION": "N/A", "ORIGEN": "BCU", "CALI_REPR": "N/A", "CVEGEO": "140500011", "NOMVIAL": "RAÚL RAMÍREZ", "SENTIDO": "UN SENTIDO", "LONGITUD": 109.31, "UNIDAD": "e14" }, "geometry": { "type": "LineString", "coordinates": [ [ -103.3313243, 20.2940136 ], [ -103.3313935, 20.2939204 ], [ -103.3311083, 20.2932009 ], [ -103.3310111, 20.2931416 ] ] } },
{ "type": "Feature", "properties": { "ID": 1731097, "TIPOVIA": "CALLE", "TIPO": "N/A", "NUMERO": "N/A", "DERE_TRAN": "N/A", "ADMINISTRA": "N/A", "NUME_CARR": "N/A", "CONDICION": "N/A", "ORIGEN": "BCU", "CALI_REPR": "N/A", "CVEGEO": "140500001", "NOMVIAL": "20 DE NOVIEMBRE", "SENTIDO": "UN SENTIDO", "LONGITUD": 59.1, "UNIDAD": "e14" }, "geometry": { "type": "LineString", "coordinates": [ [ -103.4383507, 20.2930514 ], [ -103.4384012, 20.2925176 ] ] } },
{ "type": "Feature", "properties": { "ID": 1731098, "TIPOVIA": "CALLE", "TIPO": "N/A", "NUMERO": "N/A", "DERE_TRAN": "N/A", "ADMINISTRA": "N/A", "NUME_CARR": "N/A", "CONDICION": "N/A", "ORIGEN": "BCU", "CALI_REPR": "N/A", "CVEGEO": "140500001", "NOMVIAL": "INVIERNO", "SENTIDO": "UN SENTIDO", "LONGITUD": 83.79, "UNIDAD": "e14" }, "geometry": { "type": "LineString", "coordinates": [ [ -103.4375526, 20.2929495 ], [ -103.4383507, 20.2930514 ] ] } },
{ "type": "Feature", "properties": { "ID": 1731104, "TIPOVIA": "CALLE", "TIPO": "N/A", "NUMERO": "N/A", "DERE_TRAN": "N/A", "ADMINISTRA": "N/A", "NUME_CARR": "N/A", "CONDICION": "N/A", "ORIGEN": "BCU", "CALI_REPR": "N/A", "CVEGEO": "140500011", "NOMVIAL": "TOÑO PALAFOX", "SENTIDO": "UN SENTIDO", "LONGITUD": 84.19, "UNIDAD": "e14" }, "geometry": { "type": "LineString", "coordinates": [ [ -103.3327485, 20.2940386 ], [ -103.3328869, 20.2932864 ] ] } },
{ "type": "Feature", "properties": { "ID": 1731105, "TIPOVIA": "CALLE", "TIPO": "N/A", "NUMERO": "N/A", "DERE_TRAN": "N/A", "ADMINISTRA": "N/A", "NUME_CARR": "N/A", "CONDICION": "N/A", "ORIGEN": "BCU", "CALI_REPR": "N/A", "CVEGEO": "140500011", "NOMVIAL": "WILLIAM TILDEN", "SENTIDO": "UN SENTIDO", "LONGITUD": 149.52, "UNIDAD": "e14" }, "geometry": { "type": "LineString", "coordinates": [ [ -103.3313243, 20.2940136 ], [ -103.3314883, 20.2939645 ], [ -103.3319495, 20.2939568 ], [ -103.3323984, 20.2939971 ], [ -103.3327485, 20.2940386 ] ] } },
{ "type": "Feature", "properties": { "ID": 1731106, "TIPOVIA": "CALLE", "TIPO": "N/A", "NUMERO": "23", "DERE_TRAN": "LIBRE", "ADMINISTRA": "FEDERAL", "NUME_CARR": "N/A", "CONDICION": "N/A", "ORIGEN": "BCU", "CALI_REPR": "N/A", "CVEGEO": "140500002", "NOMVIAL": "EL CHANTE", "SENTIDO": "UN SENTIDO", "LONGITUD": 136.15, "UNIDAD": "e14" }, "geometry": { "type": "LineString", "coordinates": [ [ -103.392644, 20.2933621 ], [ -103.3913463, 20.2935206 ] ] } },
{ "type": "Feature", "properties": { "ID": 1731107, "TIPOVIA": "CALLE", "TIPO": "N/A", "NUMERO": "N/A", "DERE_TRAN": "N/A", "ADMINISTRA": "N/A", "NUME_CARR": "N/A", "CONDICION": "N/A", "ORIGEN": "BCU", "CALI_REPR": "N/A", "CVEGEO": "140500002", "NOMVIAL": "PLAYAS DE LA LAGUNA", "SENTIDO": "UN SENTIDO", "LONGITUD": 45.5, "UNIDAD": "e14" }, "geometry": { "type": "LineString", "coordinates": [ [ -103.3913463, 20.2935206 ], [ -103.3913393, 20.293108 ] ] } },
{ "type": "Feature", "properties": { "ID": 1731108, "TIPOVIA": "CALLE", "TIPO": "N/A", "NUMERO": "N/A", "DERE_TRAN": "N/A", "ADMINISTRA": "N/A", "NUME_CARR": "N/A", "CONDICION": "N/A", "ORIGEN": "BCU", "CALI_REPR": "N/A", "CVEGEO": "140500011", "NOMVIAL": "LUIS BARALDI", "SENTIDO": "UN SENTIDO", "LONGITUD": 77.73, "UNIDAD": "e14" }, "geometry": { "type": "LineString", "coordinates": [ [ -103.3280757, 20.2940972 ], [ -103.3278306, 20.2938173 ], [ -103.3275737, 20.2935763 ] ] } },
{ "type": "Feature", "properties": { "ID": 1731129, "TIPOVIA": "CALLE", "TIPO": "N/A", "NUMERO": "N/A", "DERE_TRAN": "N/A", "ADMINISTRA": "N/A", "NUME_CARR": "N/A", "CONDICION": "N/A", "ORIGEN": "BCU", "CALI_REPR": "N/A", "CVEGEO": "140500001", "NOMVIAL": "21 DE MARZO", "SENTIDO": "UN SENTIDO", "LONGITUD": 59.49, "UNIDAD": "e14" }, "geometry": { "type": "LineString", "coordinates": [ [ -103.4391309, 20.2925992 ], [ -103.439058, 20.2931343 ] ] } },
{ "type": "Feature", "properties": { "ID": 1731130, "TIPOVIA": "CALLE", "TIPO": "N/A", "NUMERO": "N/A", "DERE_TRAN": "N/A", "ADMINISTRA": "N/A", "NUME_CARR": "N/A", "CONDICION": "N/A", "ORIGEN": "BCU", "CALI_REPR": "N/A", "CVEGEO": "140500001", "NOMVIAL": "INVIERNO", "SENTIDO": "UN SENTIDO", "LONGITUD": 74.15, "UNIDAD": "e14" }, "geometry": { "type": "LineString", "coordinates": [ [ -103.439058, 20.2931343 ], [ -103.4383507, 20.2930514 ] ] } },
{ "type": "Feature", "properties": { "ID": 1731133, "TIPOVIA": "CALLE", "TIPO": "N/A", "NUMERO": "N/A", "DERE_TRAN": "N/A", "ADMINISTRA": "N/A", "NUME_CARR": "N/A", "CONDICION": "N/A", "ORIGEN": "BCU", "CALI_REPR": "N/A", "CVEGEO": "140500011", "NOMVIAL": "PANCHO GONZÁLEZ", "SENTIDO": "UN SENTIDO", "LONGITUD": 85.96, "UNIDAD": "e14" }, "geometry": { "type": "LineString", "coordinates": [ [ -103.3297923, 20.2937689 ], [ -103.3295361, 20.2939042 ], [ -103.3292034, 20.294063 ], [ -103.32907, 20.2941459 ] ] } },
{ "type": "Feature", "properties": { "ID": 1731134, "TIPOVIA": "CALLE", "TIPO": "N/A", "NUMERO": "N/A", "DERE_TRAN": "N/A", "ADMINISTRA": "N/A", "NUME_CARR": "N/A", "CONDICION": "N/A", "ORIGEN": "BCU", "CALI_REPR": "N/A", "CVEGEO": "140500011", "NOMVIAL": "JACK KRAMER", "SENTIDO": "UN SENTIDO", "LONGITUD": 205.14, "UNIDAD": "e14" }, "geometry": { "type": "LineString", "coordinates": [ [ -103.32907, 20.2941459 ], [ -103.3288887, 20.2938539 ], [ -103.3287182, 20.2935892 ], [ -103.3284963, 20.2933861 ], [ -103.3282512, 20.2932617 ], [ -103.3279363, 20.2931629 ], [ -103.3277559, 20.2932128 ], [ -103.3276179, 20.2933179 ] ] } },
{ "type": "Feature", "properties": { "ID": 1731135, "TIPOVIA": "CALLE", "TIPO": "N/A", "NUMERO": "23", "DERE_TRAN": "LIBRE", "ADMINISTRA": "FEDERAL", "NUME_CARR": "N/A", "CONDICION": "N/A", "ORIGEN": "BCU", "CALI_REPR": "N/A", "CVEGEO": "140500002", "NOMVIAL": "EL CHANTE", "SENTIDO": "UN SENTIDO", "LONGITUD": 54.57, "UNIDAD": "e14" }, "geometry": { "type": "LineString", "coordinates": [ [ -103.3913463, 20.2935206 ], [ -103.3908285, 20.2935989 ] ] } },
{ "type": "Feature", "properties": { "ID": 1731147, "TIPOVIA": "CALLE", "TIPO": "N/A", "NUMERO": "N/A", "DERE_TRAN": "N/A", "ADMINISTRA": "N/A", "NUME_CARR": "N/A", "CONDICION": "N/A", "ORIGEN": "BCU", "CALI_REPR": "N/A", "CVEGEO": "140500011", "NOMVIAL": "VICENTE ZARAZÚA", "SENTIDO": "UN SENTIDO", "LONGITUD": 106.55, "UNIDAD": "e14" }, "geometry": { "type": "LineString", "coordinates": [ [ -103.3275737, 20.2935763 ], [ -103.3275389, 20.2936613 ], [ -103.3271516, 20.2938989 ], [ -103.3269268, 20.2940754 ], [ -103.3268611, 20.2941735 ], [ -103.3268279, 20.2942089 ] ] } },
{ "type": "Feature", "properties": { "ID": 1731151, "TIPOVIA": "CALLE", "TIPO": "N/A", "NUMERO": "N/A", "DERE_TRAN": "N/A", "ADMINISTRA": "N/A", "NUME_CARR": "N/A", "CONDICION": "N/A", "ORIGEN": "BCU", "CALI_REPR": "N/A", "CVEGEO": "140500002", "NOMVIAL": "NINGUNO", "SENTIDO": "UN SENTIDO", "LONGITUD": 138.53, "UNIDAD": "e14" }, "geometry": { "type": "LineString", "coordinates": [ [ -103.4107759, 20.2934602 ], [ -103.4111712, 20.2931082 ], [ -103.4117346, 20.2925886 ] ] } },
{ "type": "Feature", "properties": { "ID": 1731152, "TIPOVIA": "CALLE", "TIPO": "N/A", "NUMERO": "N/A", "DERE_TRAN": "N/A", "ADMINISTRA": "N/A", "NUME_CARR": "N/A", "CONDICION": "N/A", "ORIGEN": "BCU", "CALI_REPR": "N/A", "CVEGEO": "140500002", "NOMVIAL": "NINGUNO", "SENTIDO": "UN SENTIDO", "LONGITUD": 102.2, "UNIDAD": "e14" }, "geometry": { "type": "LineString", "coordinates": [ [ -103.3792714, 20.2937494 ], [ -103.3792778, 20.2928227 ] ] } },
{ "type": "Feature", "properties": { "ID": 1731153, "TIPOVIA": "CALLE", "TIPO": "N/A", "NUMERO": "N/A", "DERE_TRAN": "N/A", "ADMINISTRA": "N/A", "NUME_CARR": "N/A", "CONDICION": "N/A", "ORIGEN": "BCU", "CALI_REPR": "N/A", "CVEGEO": "140500011", "NOMVIAL": "WILLIAM TILDEN", "SENTIDO": "UN SENTIDO", "LONGITUD": 73.6, "UNIDAD": "e14" }, "geometry": { "type": "LineString", "coordinates": [ [ -103.3327485, 20.2940386 ], [ -103.3330848, 20.2941057 ], [ -103.3333253, 20.294146 ], [ -103.333443, 20.2941643 ] ] } },
{ "type": "Feature", "properties": { "ID": 1731157, "TIPOVIA": "PRIVADA", "TIPO": "N/A", "NUMERO": "N/A", "DERE_TRAN": "N/A", "ADMINISTRA": "N/A", "NUME_CARR": "N/A", "CONDICION": "N/A", "ORIGEN": "BCU", "CALI_REPR": "N/A", "CVEGEO": "140500011", "NOMVIAL": "NINGUNO", "SENTIDO": "UN SENTIDO", "LONGITUD": 39.4, "UNIDAD": "e14" }, "geometry": { "type": "LineString", "coordinates": [ [ -103.3285055, 20.2940392 ], [ -103.3281769, 20.2942167 ] ] } },
{ "type": "Feature", "properties": { "ID": 1731158, "TIPOVIA": "PRIVADA", "TIPO": "N/A", "NUMERO": "N/A", "DERE_TRAN": "N/A", "ADMINISTRA": "N/A", "NUME_CARR": "N/A", "CONDICION": "N/A", "ORIGEN": "BCU", "CALI_REPR": "N/A", "CVEGEO": "140500011", "NOMVIAL": "LUIS BARALDI", "SENTIDO": "UN SENTIDO", "LONGITUD": 16.87, "UNIDAD": "e14" }, "geometry": { "type": "LineString", "coordinates": [ [ -103.3281769, 20.2942167 ], [ -103.3280757, 20.2940972 ] ] } },
{ "type": "Feature", "properties": { "ID": 1731159, "TIPOVIA": "OTRO", "TIPO": "N/A", "NUMERO": "N/A", "DERE_TRAN": "N/A", "ADMINISTRA": "N/A", "NUME_CARR": "N/A", "CONDICION": "N/A", "ORIGEN": "BCU", "CALI_REPR": "N/A", "CVEGEO": "140500011", "NOMVIAL": "LÍMITE PREDIAL", "SENTIDO": "N/A", "LONGITUD": 215.25, "UNIDAD": "e14" }, "geometry": { "type": "LineString", "coordinates": [ [ -103.3358554, 20.2941563 ], [ -103.3358684, 20.2941027 ], [ -103.3359362, 20.2939833 ], [ -103.3360182, 20.2938721 ], [ -103.3360693, 20.2937454 ], [ -103.3361509, 20.2936339 ], [ -103.3362373, 20.2935257 ], [ -103.3363145, 20.2934114 ], [ -103.3363907, 20.2932966 ], [ -103.3364466, 20.2931718 ], [ -103.3364972, 20.293045 ], [ -103.3366031, 20.2929535 ], [ -103.3367117, 20.2928648 ], [ -103.33684, 20.2928039 ], [ -103.3369753, 20.2927587 ], [ -103.3370818, 20.2926677 ] ] } },
{ "type": "Feature", "properties": { "ID": 1731160, "TIPOVIA": "CALLE", "TIPO": "N/A", "NUMERO": "N/A", "DERE_TRAN": "N/A", "ADMINISTRA": "N/A", "NUME_CARR": "N/A", "CONDICION": "N/A", "ORIGEN": "BCU", "CALI_REPR": "N/A", "CVEGEO": "140500011", "NOMVIAL": "NINGUNO", "SENTIDO": "UN SENTIDO", "LONGITUD": 48.6, "UNIDAD": "e14" }, "geometry": { "type": "LineString", "coordinates": [ [ -103.3298832, 20.2938623 ], [ -103.3295997, 20.2942125 ] ] } },
{ "type": "Feature", "properties": { "ID": 1731169, "TIPOVIA": "CALLE", "TIPO": "N/A", "NUMERO": "23", "DERE_TRAN": "LIBRE", "ADMINISTRA": "FEDERAL", "NUME_CARR": "N/A", "CONDICION": "N/A", "ORIGEN": "BCU", "CALI_REPR": "N/A", "CVEGEO": "140500002", "NOMVIAL": "EL CHANTE", "SENTIDO": "UN SENTIDO", "LONGITUD": 31.6, "UNIDAD": "e14" }, "geometry": { "type": "LineString", "coordinates": [ [ -103.3899248, 20.2937265 ], [ -103.3897433, 20.2937528 ], [ -103.3896245, 20.2937698 ] ] } },
{ "type": "Feature", "properties": { "ID": 1731171, "TIPOVIA": "OTRO", "TIPO": "N/A", "NUMERO": "N/A", "DERE_TRAN": "N/A", "ADMINISTRA": "N/A", "NUME_CARR": "N/A", "CONDICION": "N/A", "ORIGEN": "BCU", "CALI_REPR": "N/A", "CVEGEO": "140500011", "NOMVIAL": "LÍMITE PREDIAL", "SENTIDO": "N/A", "LONGITUD": 113.46, "UNIDAD": "e14" }, "geometry": { "type": "LineString", "coordinates": [ [ -103.334771, 20.2942649 ], [ -103.3358554, 20.2941563 ] ] } },
{ "type": "Feature", "properties": { "ID": 1731172, "TIPOVIA": "CALLE", "TIPO": "N/A", "NUMERO": "N/A", "DERE_TRAN": "N/A", "ADMINISTRA": "N/A", "NUME_CARR": "N/A", "CONDICION": "N/A", "ORIGEN": "BCU", "CALI_REPR": "N/A", "CVEGEO": "140500011", "NOMVIAL": "WILLIAM TILDEN", "SENTIDO": "UN SENTIDO", "LONGITUD": 79.44, "UNIDAD": "e14" }, "geometry": { "type": "LineString", "coordinates": [ [ -103.3342249, 20.2942717 ], [ -103.3343848, 20.2935673 ] ] } },
{ "type": "Feature", "properties": { "ID": 1731173, "TIPOVIA": "CALLE", "TIPO": "N/A", "NUMERO": "N/A", "DERE_TRAN": "N/A", "ADMINISTRA": "N/A", "NUME_CARR": "N/A", "CONDICION": "N/A", "ORIGEN": "BCU", "CALI_REPR": "N/A", "CVEGEO": "140500011", "NOMVIAL": "WILLIAM TILDEN", "SENTIDO": "UN SENTIDO", "LONGITUD": 82.22, "UNIDAD": "e14" }, "geometry": { "type": "LineString", "coordinates": [ [ -103.333443, 20.2941643 ], [ -103.3338717, 20.2942299 ], [ -103.3342249, 20.2942717 ] ] } },
{ "type": "Feature", "properties": { "ID": 1731184, "TIPOVIA": "PRIVADA", "TIPO": "N/A", "NUMERO": "N/A", "DERE_TRAN": "N/A", "ADMINISTRA": "N/A", "NUME_CARR": "N/A", "CONDICION": "N/A", "ORIGEN": "BCU", "CALI_REPR": "N/A", "CVEGEO": "140500002", "NOMVIAL": "NINGUNO", "SENTIDO": "UN SENTIDO", "LONGITUD": 55.3, "UNIDAD": "e14" }, "geometry": { "type": "LineString", "coordinates": [ [ -103.3857664, 20.2938396 ], [ -103.3858657, 20.2933469 ] ] } },
{ "type": "Feature", "properties": { "ID": 1731185, "TIPOVIA": "PRIVADA", "TIPO": "N/A", "NUMERO": "N/A", "DERE_TRAN": "N/A", "ADMINISTRA": "N/A", "NUME_CARR": "N/A", "CONDICION": "N/A", "ORIGEN": "BCU", "CALI_REPR": "N/A", "CVEGEO": "140500002", "NOMVIAL": "MIRADOR", "SENTIDO": "UN SENTIDO", "LONGITUD": 118.72, "UNIDAD": "e14" }, "geometry": { "type": "LineString", "coordinates": [ [ -103.3857664, 20.2938396 ], [ -103.3846284, 20.2937612 ] ] } },
{ "type": "Feature", "properties": { "ID": 1731188, "TIPOVIA": "CALLE", "TIPO": "N/A", "NUMERO": "N/A", "DERE_TRAN": "N/A", "ADMINISTRA": "N/A", "NUME_CARR": "N/A", "CONDICION": "N/A", "ORIGEN": "BCU", "CALI_REPR": "N/A", "CVEGEO": "140500011", "NOMVIAL": "WILLIAM TILDEN", "SENTIDO": "UN SENTIDO", "LONGITUD": 111.24, "UNIDAD": "e14" }, "geometry": { "type": "LineString", "coordinates": [ [ -103.3303208, 20.2943559 ], [ -103.3306004, 20.2942462 ], [ -103.3310159, 20.2940882 ], [ -103.3313243, 20.2940136 ] ] } },
{ "type": "Feature", "properties": { "ID": 1731189, "TIPOVIA": "CALLE", "TIPO": "N/A", "NUMERO": "N/A", "DERE_TRAN": "N/A", "ADMINISTRA": "N/A", "NUME_CARR": "N/A", "CONDICION": "N/A", "ORIGEN": "BCU", "CALI_REPR": "N/A", "CVEGEO": "140500011", "NOMVIAL": "ILIE NASTASE", "SENTIDO": "UN SENTIDO", "LONGITUD": 70.96, "UNIDAD": "e14" }, "geometry": { "type": "LineString", "coordinates": [ [ -103.3303208, 20.2943559 ], [ -103.3298832, 20.2938623 ] ] } },
{ "type": "Feature", "properties": { "ID": 1731210, "TIPOVIA": "PRIVADA", "TIPO": "N/A", "NUMERO": "N/A", "DERE_TRAN": "N/A", "ADMINISTRA": "N/A", "NUME_CARR": "N/A", "CONDICION": "N/A", "ORIGEN": "BCU", "CALI_REPR": "N/A", "CVEGEO": "140500002", "NOMVIAL": "CHULA VISTA", "SENTIDO": "UN SENTIDO", "LONGITUD": 18.37, "UNIDAD": "e14" }, "geometry": { "type": "LineString", "coordinates": [ [ -103.4026108, 20.2935961 ], [ -103.4026472, 20.2937591 ] ] } },
{ "type": "Feature", "properties": { "ID": 1731236, "TIPOVIA": "CALLE", "TIPO": "N/A", "NUMERO": "23", "DERE_TRAN": "LIBRE", "ADMINISTRA": "FEDERAL", "NUME_CARR": "N/A", "CONDICION": "N/A", "ORIGEN": "BCU", "CALI_REPR": "N/A", "CVEGEO": "140500002", "NOMVIAL": "NINGUNO", "SENTIDO": "UN SENTIDO", "LONGITUD": 147.29, "UNIDAD": "e14" }, "geometry": { "type": "LineString", "coordinates": [ [ -103.3896245, 20.2937698 ], [ -103.3895041, 20.29379 ], [ -103.389338, 20.2938752 ], [ -103.3882396, 20.2939824 ] ] } },
{ "type": "Feature", "properties": { "ID": 1731239, "TIPOVIA": "PRIVADA", "TIPO": "N/A", "NUMERO": "N/A", "DERE_TRAN": "N/A", "ADMINISTRA": "N/A", "NUME_CARR": "N/A", "CONDICION": "N/A", "ORIGEN": "BCU", "CALI_REPR": "N/A", "CVEGEO": "140500002", "NOMVIAL": "LINDAVISTA", "SENTIDO": "UN SENTIDO", "LONGITUD": 90.84, "UNIDAD": "e14" }, "geometry": { "type": "LineString", "coordinates": [ [ -103.4026472, 20.2937591 ], [ -103.4017817, 20.2938674 ] ] } },
{ "type": "Feature", "properties": { "ID": 1731243, "TIPOVIA": "CALLE", "TIPO": "N/A", "NUMERO": "N/A", "DERE_TRAN": "N/A", "ADMINISTRA": "N/A", "NUME_CARR": "N/A", "CONDICION": "N/A", "ORIGEN": "BCU", "CALI_REPR": "N/A", "CVEGEO": "140500011", "NOMVIAL": "VICENTE ZARAZÚA", "SENTIDO": "UN SENTIDO", "LONGITUD": 64.08, "UNIDAD": "e14" }, "geometry": { "type": "LineString", "coordinates": [ [ -103.3268279, 20.2942089 ], [ -103.326556, 20.2943572 ], [ -103.3264072, 20.2944495 ], [ -103.3263604, 20.2945576 ] ] } },
{ "type": "Feature", "properties": { "ID": 1731256, "TIPOVIA": "CALLE", "TIPO": "N/A", "NUMERO": "N/A", "DERE_TRAN": "N/A", "ADMINISTRA": "N/A", "NUME_CARR": "N/A", "CONDICION": "N/A", "ORIGEN": "BCU", "CALI_REPR": "N/A", "CVEGEO": "140500011", "NOMVIAL": "ROBERTO CHÁVEZ", "SENTIDO": "UN SENTIDO", "LONGITUD": 93.74, "UNIDAD": "e14" }, "geometry": { "type": "LineString", "coordinates": [ [ -103.3273484, 20.294588 ], [ -103.3274687, 20.2944701 ], [ -103.3277351, 20.2942684 ], [ -103.3280757, 20.2940972 ] ] } },
{ "type": "Feature", "properties": { "ID": 1731257, "TIPOVIA": "CALLE", "TIPO": "N/A", "NUMERO": "N/A", "DERE_TRAN": "N/A", "ADMINISTRA": "N/A", "NUME_CARR": "N/A", "CONDICION": "N/A", "ORIGEN": "BCU", "CALI_REPR": "N/A", "CVEGEO": "140500011", "NOMVIAL": "JOAQUÍN LOYO MAYO", "SENTIDO": "UN SENTIDO", "LONGITUD": 68.41, "UNIDAD": "e14" }, "geometry": { "type": "LineString", "coordinates": [ [ -103.3273484, 20.294588 ], [ -103.327183, 20.2944696 ], [ -103.3268279, 20.2942089 ] ] } },
{ "type": "Feature", "properties": { "ID": 1731258, "TIPOVIA": "PRIVADA", "TIPO": "N/A", "NUMERO": "N/A", "DERE_TRAN": "N/A", "ADMINISTRA": "N/A", "NUME_CARR": "N/A", "CONDICION": "N/A", "ORIGEN": "BCU", "CALI_REPR": "N/A", "CVEGEO": "140500011", "NOMVIAL": "LUIS BARALDI", "SENTIDO": "UN SENTIDO", "LONGITUD": 45.88, "UNIDAD": "e14" }, "geometry": { "type": "LineString", "coordinates": [ [ -103.3281255, 20.2945818 ], [ -103.3282148, 20.2944833 ], [ -103.3282444, 20.2943242 ], [ -103.3281769, 20.2942167 ] ] } },
{ "type": "Feature", "properties": { "ID": 1731273, "TIPOVIA": "CALLE", "TIPO": "N/A", "NUMERO": "N/A", "DERE_TRAN": "N/A", "ADMINISTRA": "N/A", "NUME_CARR": "N/A", "CONDICION": "N/A", "ORIGEN": "BCU", "CALI_REPR": "N/A", "CVEGEO": "140500002", "NOMVIAL": "DE LAS FUENTES", "SENTIDO": "UN SENTIDO", "LONGITUD": 84.37, "UNIDAD": "e14" }, "geometry": { "type": "LineString", "coordinates": [ [ -103.4054331, 20.293911 ], [ -103.4053636, 20.2937264 ], [ -103.4053247, 20.2934874 ], [ -103.4052984, 20.2931609 ] ] } },
{ "type": "Feature", "properties": { "ID": 1731276, "TIPOVIA": "CALLE", "TIPO": "N/A", "NUMERO": "N/A", "DERE_TRAN": "N/A", "ADMINISTRA": "N/A", "NUME_CARR": "N/A", "CONDICION": "N/A", "ORIGEN": "BCU", "CALI_REPR": "N/A", "CVEGEO": "140500011", "NOMVIAL": "RINCONADA DEL LIMÓN", "SENTIDO": "UN SENTIDO", "LONGITUD": 140.8, "UNIDAD": "e14" }, "geometry": { "type": "LineString", "coordinates": [ [ -103.3510568, 20.2944089 ], [ -103.3511826, 20.2937551 ], [ -103.3513598, 20.2931661 ] ] } },
{ "type": "Feature", "properties": { "ID": 1731281, "TIPOVIA": "PRIVADA", "TIPO": "N/A", "NUMERO": "N/A", "DERE_TRAN": "N/A", "ADMINISTRA": "N/A", "NUME_CARR": "N/A", "CONDICION": "N/A", "ORIGEN": "BCU", "CALI_REPR": "N/A", "CVEGEO": "140500002", "NOMVIAL": "NINGUNO", "SENTIDO": "UN SENTIDO", "LONGITUD": 44.4, "UNIDAD": "e14" }, "geometry": { "type": "LineString", "coordinates": [ [ -103.3901765, 20.2940798 ], [ -103.3901455, 20.2939649 ], [ -103.3901562, 20.2938395 ], [ -103.3900652, 20.2937065 ] ] } },
{ "type": "Feature", "properties": { "ID": 1731282, "TIPOVIA": "CALLE", "TIPO": "N/A", "NUMERO": "N/A", "DERE_TRAN": "N/A", "ADMINISTRA": "N/A", "NUME_CARR": "N/A", "CONDICION": "N/A", "ORIGEN": "BCU", "CALI_REPR": "N/A", "CVEGEO": "140500002", "NOMVIAL": "NINGUNO", "SENTIDO": "UN SENTIDO", "LONGITUD": 197.25, "UNIDAD": "e14" }, "geometry": { "type": "LineString", "coordinates": [ [ -103.4008328, 20.2939848 ], [ -103.4008501, 20.293846 ], [ -103.4008772, 20.2936207 ], [ -103.4008905, 20.2935081 ], [ -103.4009366, 20.2930755 ], [ -103.4009991, 20.2922034 ] ] } },
{ "type": "Feature", "properties": { "ID": 1731288, "TIPOVIA": "OTRO", "TIPO": "N/A", "NUMERO": "N/A", "DERE_TRAN": "N/A", "ADMINISTRA": "N/A", "NUME_CARR": "N/A", "CONDICION": "N/A", "ORIGEN": "BCU", "CALI_REPR": "N/A", "CVEGEO": "140500002", "NOMVIAL": "NINGUNO", "SENTIDO": "N/A", "LONGITUD": 448.7, "UNIDAD": "e14" }, "geometry": { "type": "LineString", "coordinates": [ [ -103.4131464, 20.291609 ], [ -103.413095, 20.2920849 ], [ -103.4119073, 20.2932285 ], [ -103.4118966, 20.2938209 ], [ -103.4110518, 20.2938985 ], [ -103.4110827, 20.293651 ], [ -103.4107759, 20.2934602 ] ] } },
{ "type": "Feature", "properties": { "ID": 1731289, "TIPOVIA": "CALLE", "TIPO": "N/A", "NUMERO": "N/A", "DERE_TRAN": "N/A", "ADMINISTRA": "N/A", "NUME_CARR": "N/A", "CONDICION": "N/A", "ORIGEN": "BCU", "CALI_REPR": "N/A", "CVEGEO": "140500002", "NOMVIAL": "LOMAS ALTAS", "SENTIDO": "UN SENTIDO", "LONGITUD": 58.53, "UNIDAD": "e14" }, "geometry": { "type": "LineString", "coordinates": [ [ -103.4080172, 20.2935622 ], [ -103.408265, 20.2937648 ], [ -103.4084208, 20.2939303 ] ] } },
{ "type": "Feature", "properties": { "ID": 1731290, "TIPOVIA": "CALLE", "TIPO": "N/A", "NUMERO": "N/A", "DERE_TRAN": "N/A", "ADMINISTRA": "N/A", "NUME_CARR": "N/A", "CONDICION": "N/A", "ORIGEN": "BCU", "CALI_REPR": "N/A", "CVEGEO": "140500002", "NOMVIAL": "DE LAS FUENTES", "SENTIDO": "UN SENTIDO", "LONGITUD": 6.58, "UNIDAD": "e14" }, "geometry": { "type": "LineString", "coordinates": [ [ -103.4054706, 20.2939591 ], [ -103.4054331, 20.293911 ] ] } },
{ "type": "Feature", "properties": { "ID": 1731291, "TIPOVIA": "CALLE", "TIPO": "N/A", "NUMERO": "N/A", "DERE_TRAN": "N/A", "ADMINISTRA": "N/A", "NUME_CARR": "N/A", "CONDICION": "N/A", "ORIGEN": "BCU", "CALI_REPR": "N/A", "CVEGEO": "140500011", "NOMVIAL": "NINGUNO", "SENTIDO": "UN SENTIDO", "LONGITUD": 94.06, "UNIDAD": "e14" }, "geometry": { "type": "LineString", "coordinates": [ [ -103.3295997, 20.2942125 ], [ -103.3293505, 20.2944691 ], [ -103.3288513, 20.2946512 ] ] } },
{ "type": "Feature", "properties": { "ID": 1731292, "TIPOVIA": "OTRO", "TIPO": "N/A", "NUMERO": "N/A", "DERE_TRAN": "N/A", "ADMINISTRA": "N/A", "NUME_CARR": "N/A", "CONDICION": "N/A", "ORIGEN": "BCU", "CALI_REPR": "N/A", "CVEGEO": "140500011", "NOMVIAL": "LÍMITE PREDIAL", "SENTIDO": "N/A", "LONGITUD": 36.08, "UNIDAD": "e14" }, "geometry": { "type": "LineString", "coordinates": [ [ -103.3286487, 20.2943856 ], [ -103.3288513, 20.2946512 ] ] } },
{ "type": "Feature", "properties": { "ID": 1731306, "TIPOVIA": "CALLE", "TIPO": "N/A", "NUMERO": "23", "DERE_TRAN": "LIBRE", "ADMINISTRA": "FEDERAL", "NUME_CARR": "N/A", "CONDICION": "N/A", "ORIGEN": "BCU", "CALI_REPR": "N/A", "CVEGEO": "140500002", "NOMVIAL": "NINGUNO", "SENTIDO": "UN SENTIDO", "LONGITUD": 523.99, "UNIDAD": "e14" }, "geometry": { "type": "LineString", "coordinates": [ [ -103.3842809, 20.2942225 ], [ -103.3822881, 20.2940946 ], [ -103.3792714, 20.2937494 ] ] } },
{ "type": "Feature", "properties": { "ID": 1731312, "TIPOVIA": "PRIVADA", "TIPO": "N/A", "NUMERO": "N/A", "DERE_TRAN": "N/A", "ADMINISTRA": "N/A", "NUME_CARR": "N/A", "CONDICION": "N/A", "ORIGEN": "BCU", "CALI_REPR": "N/A", "CVEGEO": "140500002", "NOMVIAL": "CHANTECLERE", "SENTIDO": "UN SENTIDO", "LONGITUD": 138.74, "UNIDAD": "e14" }, "geometry": { "type": "LineString", "coordinates": [ [ -103.4066545, 20.294028 ], [ -103.4066068, 20.2939214 ], [ -103.4065629, 20.2938377 ], [ -103.4065118, 20.293811 ], [ -103.406444, 20.2938178 ], [ -103.4060114, 20.2938678 ], [ -103.4059696, 20.2938739 ], [ -103.4055442, 20.2939481 ], [ -103.4054706, 20.2939591 ] ] } },
{ "type": "Feature", "properties": { "ID": 1731326, "TIPOVIA": "PRIVADA", "TIPO": "N/A", "NUMERO": "N/A", "DERE_TRAN": "N/A", "ADMINISTRA": "N/A", "NUME_CARR": "N/A", "CONDICION": "N/A", "ORIGEN": "BCU", "CALI_REPR": "N/A", "CVEGEO": "140500011", "NOMVIAL": "RAÚL RAMÍREZ", "SENTIDO": "UN SENTIDO", "LONGITUD": 118.51, "UNIDAD": "e14" }, "geometry": { "type": "LineString", "coordinates": [ [ -103.3320742, 20.2947169 ], [ -103.331584, 20.294538 ], [ -103.3313243, 20.2940136 ] ] } },
{ "type": "Feature", "properties": { "ID": 1731329, "TIPOVIA": "PROLONGACION", "TIPO": "N/A", "NUMERO": "N/A", "DERE_TRAN": "N/A", "ADMINISTRA": "N/A", "NUME_CARR": "N/A", "CONDICION": "N/A", "ORIGEN": "BCU", "CALI_REPR": "N/A", "CVEGEO": "140500002", "NOMVIAL": "CHANTECLERE", "SENTIDO": "UN SENTIDO", "LONGITUD": 93.79, "UNIDAD": "e14" }, "geometry": { "type": "LineString", "coordinates": [ [ -103.4054331, 20.293911 ], [ -103.4045478, 20.2940714 ] ] } },
{ "type": "Feature", "properties": { "ID": 1731332, "TIPOVIA": "CALLE", "TIPO": "N/A", "NUMERO": "23", "DERE_TRAN": "LIBRE", "ADMINISTRA": "FEDERAL", "NUME_CARR": "N/A", "CONDICION": "N/A", "ORIGEN": "BCU", "CALI_REPR": "N/A", "CVEGEO": "140500002", "NOMVIAL": "NINGUNO", "SENTIDO": "UN SENTIDO", "LONGITUD": 267.08, "UNIDAD": "e14" }, "geometry": { "type": "LineString", "coordinates": [ [ -103.3882396, 20.2939824 ], [ -103.3856881, 20.2942476 ] ] } },
{ "type": "Feature", "properties": { "ID": 1731333, "TIPOVIA": "PRIVADA", "TIPO": "N/A", "NUMERO": "N/A", "DERE_TRAN": "N/A", "ADMINISTRA": "N/A", "NUME_CARR": "N/A", "CONDICION": "N/A", "ORIGEN": "BCU", "CALI_REPR": "N/A", "CVEGEO": "140500002", "NOMVIAL": "NINGUNO", "SENTIDO": "UN SENTIDO", "LONGITUD": 45.72, "UNIDAD": "e14" }, "geometry": { "type": "LineString", "coordinates": [ [ -103.3856881, 20.2942476 ], [ -103.3857664, 20.2938396 ] ] } },
{ "type": "Feature", "properties": { "ID": 1731334, "TIPOVIA": "CALLE", "TIPO": "N/A", "NUMERO": "23", "DERE_TRAN": "LIBRE", "ADMINISTRA": "FEDERAL", "NUME_CARR": "N/A", "CONDICION": "N/A", "ORIGEN": "BCU", "CALI_REPR": "N/A", "CVEGEO": "140500002", "NOMVIAL": "NINGUNO", "SENTIDO": "UN SENTIDO", "LONGITUD": 146.44, "UNIDAD": "e14" }, "geometry": { "type": "LineString", "coordinates": [ [ -103.3856881, 20.2942476 ], [ -103.3842809, 20.2942225 ] ] } },
{ "type": "Feature", "properties": { "ID": 1731344, "TIPOVIA": "OTRO", "TIPO": "N/A", "NUMERO": "N/A", "DERE_TRAN": "N/A", "ADMINISTRA": "N/A", "NUME_CARR": "N/A", "CONDICION": "N/A", "ORIGEN": "BCU", "CALI_REPR": "N/A", "CVEGEO": "140500002", "NOMVIAL": "NINGUNO", "SENTIDO": "N/A", "LONGITUD": 787.41, "UNIDAD": "e14" }, "geometry": { "type": "LineString", "coordinates": [ [ -103.4008328, 20.2939848 ], [ -103.3969435, 20.2933694 ], [ -103.3968488, 20.2941861 ], [ -103.3958626, 20.2934259 ], [ -103.3947433, 20.2934329 ], [ -103.3945541, 20.2931432 ] ] } },
{ "type": "Feature", "properties": { "ID": 1731346, "TIPOVIA": "OTRO", "TIPO": "N/A", "NUMERO": "N/A", "DERE_TRAN": "N/A", "ADMINISTRA": "N/A", "NUME_CARR": "N/A", "CONDICION": "N/A", "ORIGEN": "BCU", "CALI_REPR": "N/A", "CVEGEO": "140500001", "NOMVIAL": "LÍMITE PREDIAL", "SENTIDO": "N/A", "LONGITUD": 123.76, "UNIDAD": "e14" }, "geometry": { "type": "LineString", "coordinates": [ [ -103.4396005, 20.2937947 ], [ -103.4397518, 20.292924 ], [ -103.440006, 20.2929262 ] ] } },
{ "type": "Feature", "properties": { "ID": 1731347, "TIPOVIA": "CALLE", "TIPO": "N/A", "NUMERO": "N/A", "DERE_TRAN": "N/A", "ADMINISTRA": "N/A", "NUME_CARR": "N/A", "CONDICION": "N/A", "ORIGEN": "BCU", "CALI_REPR": "N/A", "CVEGEO": "140500001", "NOMVIAL": "NINGUNO", "SENTIDO": "UN SENTIDO", "LONGITUD": 621.62, "UNIDAD": "e14" }, "geometry": { "type": "LineString", "coordinates": [ [ -103.4337178, 20.2928196 ], [ -103.4349371, 20.2930627 ], [ -103.4349376, 20.2930628 ], [ -103.4359706, 20.2932203 ], [ -103.4367112, 20.2933589 ], [ -103.4374068, 20.2934789 ], [ -103.4396005, 20.2937947 ] ] } },
{ "type": "Feature", "properties": { "ID": 1731350, "TIPOVIA": "PRIVADA", "TIPO": "N/A", "NUMERO": "N/A", "DERE_TRAN": "N/A", "ADMINISTRA": "N/A", "NUME_CARR": "N/A", "CONDICION": "N/A", "ORIGEN": "BCU", "CALI_REPR": "N/A", "CVEGEO": "140500002", "NOMVIAL": "NINGUNO", "SENTIDO": "UN SENTIDO", "LONGITUD": 77.17, "UNIDAD": "e14" }, "geometry": { "type": "LineString", "coordinates": [ [ -103.3910039, 20.2942542 ], [ -103.3909571, 20.2940994 ], [ -103.3908488, 20.2939803 ], [ -103.3908285, 20.2935989 ] ] } },
{ "type": "Feature", "properties": { "ID": 1731355, "TIPOVIA": "PRIVADA", "TIPO": "N/A", "NUMERO": "N/A", "DERE_TRAN": "N/A", "ADMINISTRA": "N/A", "NUME_CARR": "N/A", "CONDICION": "N/A", "ORIGEN": "BCU", "CALI_REPR": "N/A", "CVEGEO": "140500002", "NOMVIAL": "ESTRELLA", "SENTIDO": "UN SENTIDO", "LONGITUD": 63.74, "UNIDAD": "e14" }, "geometry": { "type": "LineString", "coordinates": [ [ -103.3887921, 20.2942679 ], [ -103.3881797, 20.2942873 ] ] } },
{ "type": "Feature", "properties": { "ID": 1731356, "TIPOVIA": "PRIVADA", "TIPO": "N/A", "NUMERO": "N/A", "DERE_TRAN": "N/A", "ADMINISTRA": "N/A", "NUME_CARR": "N/A", "CONDICION": "N/A", "ORIGEN": "BCU", "CALI_REPR": "N/A", "CVEGEO": "140500002", "NOMVIAL": "ESTRELLA", "SENTIDO": "UN SENTIDO", "LONGITUD": 34.2, "UNIDAD": "e14" }, "geometry": { "type": "LineString", "coordinates": [ [ -103.3881797, 20.2942873 ], [ -103.3882396, 20.2939824 ] ] } },
{ "type": "Feature", "properties": { "ID": 1731369, "TIPOVIA": "CALLE", "TIPO": "N/A", "NUMERO": "N/A", "DERE_TRAN": "N/A", "ADMINISTRA": "N/A", "NUME_CARR": "N/A", "CONDICION": "N/A", "ORIGEN": "BCU", "CALI_REPR": "N/A", "CVEGEO": "140500002", "NOMVIAL": "NINGUNO", "SENTIDO": "UN SENTIDO", "LONGITUD": 8.44, "UNIDAD": "e14" }, "geometry": { "type": "LineString", "coordinates": [ [ -103.3922029, 20.2942811 ], [ -103.3921219, 20.2942863 ] ] } },
{ "type": "Feature", "properties": { "ID": 1731370, "TIPOVIA": "PRIVADA", "TIPO": "N/A", "NUMERO": "N/A", "DERE_TRAN": "N/A", "ADMINISTRA": "N/A", "NUME_CARR": "N/A", "CONDICION": "N/A", "ORIGEN": "BCU", "CALI_REPR": "N/A", "CVEGEO": "140500002", "NOMVIAL": "NINGUNO", "SENTIDO": "UN SENTIDO", "LONGITUD": 37.1, "UNIDAD": "e14" }, "geometry": { "type": "LineString", "coordinates": [ [ -103.3921219, 20.2942863 ], [ -103.3921302, 20.2939499 ] ] } },
{ "type": "Feature", "properties": { "ID": 1731371, "TIPOVIA": "CALLE", "TIPO": "N/A", "NUMERO": "N/A", "DERE_TRAN": "N/A", "ADMINISTRA": "N/A", "NUME_CARR": "N/A", "CONDICION": "N/A", "ORIGEN": "BCU", "CALI_REPR": "N/A", "CVEGEO": "140500011", "NOMVIAL": "JOAQUÍN LOYO MAYO", "SENTIDO": "UN SENTIDO", "LONGITUD": 48.14, "UNIDAD": "e14" }, "geometry": { "type": "LineString", "coordinates": [ [ -103.3276826, 20.2948688 ], [ -103.3276334, 20.2947624 ], [ -103.3273484, 20.294588 ] ] } },
{ "type": "Feature", "properties": { "ID": 1731377, "TIPOVIA": "CALLE", "TIPO": "N/A", "NUMERO": "N/A", "DERE_TRAN": "N/A", "ADMINISTRA": "N/A", "NUME_CARR": "N/A", "CONDICION": "N/A", "ORIGEN": "BCU", "CALI_REPR": "N/A", "CVEGEO": "140500002", "NOMVIAL": "NINGUNO", "SENTIDO": "UN SENTIDO", "LONGITUD": 49.58, "UNIDAD": "e14" }, "geometry": { "type": "LineString", "coordinates": [ [ -103.3921219, 20.2942863 ], [ -103.3916464, 20.2943167 ] ] } },
{ "type": "Feature", "properties": { "ID": 1731378, "TIPOVIA": "CALLE", "TIPO": "N/A", "NUMERO": "N/A", "DERE_TRAN": "N/A", "ADMINISTRA": "N/A", "NUME_CARR": "N/A", "CONDICION": "N/A", "ORIGEN": "BCU", "CALI_REPR": "N/A", "CVEGEO": "140500002", "NOMVIAL": "NINGUNO", "SENTIDO": "UN SENTIDO", "LONGITUD": 67.2, "UNIDAD": "e14" }, "geometry": { "type": "LineString", "coordinates": [ [ -103.3916464, 20.2943167 ], [ -103.3910039, 20.2942542 ] ] } },
{ "type": "Feature", "properties": { "ID": 1731394, "TIPOVIA": "PRIVADA", "TIPO": "N/A", "NUMERO": "N/A", "DERE_TRAN": "N/A", "ADMINISTRA": "N/A", "NUME_CARR": "N/A", "CONDICION": "N/A", "ORIGEN": "BCU", "CALI_REPR": "N/A", "CVEGEO": "140500002", "NOMVIAL": "CHULA VISTA", "SENTIDO": "UN SENTIDO", "LONGITUD": 61.19, "UNIDAD": "e14" }, "geometry": { "type": "LineString", "coordinates": [ [ -103.4026472, 20.2937591 ], [ -103.4027327, 20.2943081 ] ] } },
{ "type": "Feature", "properties": { "ID": 1731415, "TIPOVIA": "PRIVADA", "TIPO": "N/A", "NUMERO": "N/A", "DERE_TRAN": "N/A", "ADMINISTRA": "N/A", "NUME_CARR": "N/A", "CONDICION": "N/A", "ORIGEN": "BCU", "CALI_REPR": "N/A", "CVEGEO": "140500011", "NOMVIAL": "VINCET", "SENTIDO": "UN SENTIDO", "LONGITUD": 126.54, "UNIDAD": "e14" }, "geometry": { "type": "LineString", "coordinates": [ [ -103.3327079, 20.295078 ], [ -103.3329944, 20.2947327 ], [ -103.3331519, 20.29455 ], [ -103.333443, 20.2941643 ] ] } },
{ "type": "Feature", "properties": { "ID": 1731416, "TIPOVIA": "PRIVADA", "TIPO": "N/A", "NUMERO": "N/A", "DERE_TRAN": "N/A", "ADMINISTRA": "N/A", "NUME_CARR": "N/A", "CONDICION": "N/A", "ORIGEN": "BCU", "CALI_REPR": "N/A", "CVEGEO": "140500011", "NOMVIAL": "RICHARS VINCENT", "SENTIDO": "UN SENTIDO", "LONGITUD": 88.47, "UNIDAD": "e14" }, "geometry": { "type": "LineString", "coordinates": [ [ -103.3335577, 20.2950717 ], [ -103.3329029, 20.2950651 ], [ -103.3327079, 20.295078 ] ] } },
{ "type": "Feature", "properties": { "ID": 1731429, "TIPOVIA": "PRIVADA", "TIPO": "N/A", "NUMERO": "N/A", "DERE_TRAN": "N/A", "ADMINISTRA": "N/A", "NUME_CARR": "N/A", "CONDICION": "N/A", "ORIGEN": "BCU", "CALI_REPR": "N/A", "CVEGEO": "140500002", "NOMVIAL": "ALTAVISTA", "SENTIDO": "UN SENTIDO", "LONGITUD": 71.34, "UNIDAD": "e14" }, "geometry": { "type": "LineString", "coordinates": [ [ -103.4027327, 20.2943081 ], [ -103.4023577, 20.2943589 ], [ -103.4021717, 20.294443 ], [ -103.402104, 20.2945131 ] ] } },
{ "type": "Feature", "properties": { "ID": 1731430, "TIPOVIA": "CALLE", "TIPO": "N/A", "NUMERO": "N/A", "DERE_TRAN": "N/A", "ADMINISTRA": "N/A", "NUME_CARR": "N/A", "CONDICION": "N/A", "ORIGEN": "BCU", "CALI_REPR": "N/A", "CVEGEO": "140500002", "NOMVIAL": "NINGUNO", "SENTIDO": "UN SENTIDO", "LONGITUD": 182.56, "UNIDAD": "e14" }, "geometry": { "type": "LineString", "coordinates": [ [ -103.3898641, 20.2946282 ], [ -103.3881096, 20.2946452 ] ] } },
{ "type": "Feature", "properties": { "ID": 1731431, "TIPOVIA": "PRIVADA", "TIPO": "N/A", "NUMERO": "N/A", "DERE_TRAN": "N/A", "ADMINISTRA": "N/A", "NUME_CARR": "N/A", "CONDICION": "N/A", "ORIGEN": "BCU", "CALI_REPR": "N/A", "CVEGEO": "140500002", "NOMVIAL": "ESTRELLA", "SENTIDO": "UN SENTIDO", "LONGITUD": 40.13, "UNIDAD": "e14" }, "geometry": { "type": "LineString", "coordinates": [ [ -103.3881096, 20.2946452 ], [ -103.3881797, 20.2942873 ] ] } },
{ "type": "Feature", "properties": { "ID": 1731446, "TIPOVIA": "CALLE", "TIPO": "N/A", "NUMERO": "N/A", "DERE_TRAN": "N/A", "ADMINISTRA": "N/A", "NUME_CARR": "N/A", "CONDICION": "N/A", "ORIGEN": "BCU", "CALI_REPR": "N/A", "CVEGEO": "140500011", "NOMVIAL": "JOAQUÍN LOYO MAYO", "SENTIDO": "UN SENTIDO", "LONGITUD": 65.36, "UNIDAD": "e14" }, "geometry": { "type": "LineString", "coordinates": [ [ -103.327241, 20.2952487 ], [ -103.3273732, 20.2952091 ], [ -103.3275808, 20.295066 ], [ -103.3276826, 20.2948688 ] ] } },
{ "type": "Feature", "properties": { "ID": 1731447, "TIPOVIA": "CALLE", "TIPO": "N/A", "NUMERO": "N/A", "DERE_TRAN": "N/A", "ADMINISTRA": "N/A", "NUME_CARR": "N/A", "CONDICION": "N/A", "ORIGEN": "BCU", "CALI_REPR": "N/A", "CVEGEO": "140500011", "NOMVIAL": "MARCELO LARA", "SENTIDO": "UN SENTIDO", "LONGITUD": 122.16, "UNIDAD": "e14" }, "geometry": { "type": "LineString", "coordinates": [ [ -103.3263604, 20.2945576 ], [ -103.3264883, 20.2947729 ], [ -103.326706, 20.294948 ], [ -103.3269526, 20.2951241 ], [ -103.327241, 20.2952487 ] ] } },
{ "type": "Feature", "properties": { "ID": 1731456, "TIPOVIA": "CALLE", "TIPO": "N/A", "NUMERO": "N/A", "DERE_TRAN": "N/A", "ADMINISTRA": "N/A", "NUME_CARR": "N/A", "CONDICION": "N/A", "ORIGEN": "BCU", "CALI_REPR": "N/A", "CVEGEO": "140500002", "NOMVIAL": "NINGUNO", "SENTIDO": "UN SENTIDO", "LONGITUD": 46.82, "UNIDAD": "e14" }, "geometry": { "type": "LineString", "coordinates": [ [ -103.3922106, 20.2947018 ], [ -103.3922334, 20.2944182 ], [ -103.3922029, 20.2942811 ] ] } },
{ "type": "Feature", "properties": { "ID": 1731476, "TIPOVIA": "OTRO", "TIPO": "N/A", "NUMERO": "N/A", "DERE_TRAN": "N/A", "ADMINISTRA": "N/A", "NUME_CARR": "N/A", "CONDICION": "N/A", "ORIGEN": "BCU", "CALI_REPR": "N/A", "CVEGEO": "140500011", "NOMVIAL": "LÍMITE PREDIAL", "SENTIDO": "N/A", "LONGITUD": 996.7, "UNIDAD": "e14" }, "geometry": { "type": "LineString", "coordinates": [ [ -103.3585385, 20.2937446 ], [ -103.3581502, 20.2938525 ], [ -103.3575245, 20.2936939 ], [ -103.357256, 20.2938012 ], [ -103.3569263, 20.2943991 ], [ -103.3568135, 20.2948965 ], [ -103.3566832, 20.2949589 ], [ -103.3557256, 20.2948489 ], [ -103.3554551, 20.2948597 ], [ -103.354998, 20.2951076 ], [ -103.3550198, 20.2941662 ], [ -103.3544262, 20.294035 ], [ -103.3540104, 20.294079 ], [ -103.3538354, 20.2942558 ], [ -103.3526961, 20.294285 ], [ -103.3521871, 20.2942629 ], [ -103.3513361, 20.2943807 ], [ -103.3510568, 20.2944089 ] ] } },
{ "type": "Feature", "properties": { "ID": 1731479, "TIPOVIA": "OTRO", "TIPO": "N/A", "NUMERO": "N/A", "DERE_TRAN": "N/A", "ADMINISTRA": "N/A", "NUME_CARR": "N/A", "CONDICION": "N/A", "ORIGEN": "BCU", "CALI_REPR": "N/A", "CVEGEO": "140500011", "NOMVIAL": "LÍMITE PREDIAL", "SENTIDO": "N/A", "LONGITUD": 1266.2, "UNIDAD": "e14" }, "geometry": { "type": "LineString", "coordinates": [ [ -103.3262626, 20.2866501 ], [ -103.3268962, 20.2874488 ], [ -103.3273914, 20.2873932 ], [ -103.3280013, 20.2878155 ], [ -103.3283466, 20.2884108 ], [ -103.3284382, 20.2888412 ], [ -103.3283083, 20.2895703 ], [ -103.3281494, 20.2899678 ], [ -103.3280795, 20.2903106 ], [ -103.3278496, 20.2912133 ], [ -103.3275592, 20.2911555 ], [ -103.327402, 20.2912539 ], [ -103.3272913, 20.2916189 ], [ -103.3272244, 20.2920817 ], [ -103.3275771, 20.2928977 ], [ -103.3260522, 20.294171 ], [ -103.3257844, 20.2948143 ], [ -103.3265872, 20.2953744 ] ] } },
{ "type": "Feature", "properties": { "ID": 1731486, "TIPOVIA": "CALLE", "TIPO": "N/A", "NUMERO": "N/A", "DERE_TRAN": "N/A", "ADMINISTRA": "N/A", "NUME_CARR": "N/A", "CONDICION": "N/A", "ORIGEN": "BCU", "CALI_REPR": "N/A", "CVEGEO": "140500002", "NOMVIAL": "NINGUNO", "SENTIDO": "UN SENTIDO", "LONGITUD": 59.1, "UNIDAD": "e14" }, "geometry": { "type": "LineString", "coordinates": [ [ -103.3916567, 20.294818 ], [ -103.3919644, 20.2947662 ], [ -103.3922106, 20.2947018 ] ] } },
{ "type": "Feature", "properties": { "ID": 1731487, "TIPOVIA": "CALLE", "TIPO": "N/A", "NUMERO": "N/A", "DERE_TRAN": "N/A", "ADMINISTRA": "N/A", "NUME_CARR": "N/A", "CONDICION": "N/A", "ORIGEN": "BCU", "CALI_REPR": "N/A", "CVEGEO": "140500002", "NOMVIAL": "NINGUNO", "SENTIDO": "UN SENTIDO", "LONGITUD": 55.29, "UNIDAD": "e14" }, "geometry": { "type": "LineString", "coordinates": [ [ -103.3916567, 20.294818 ], [ -103.3916464, 20.2943167 ] ] } },
{ "type": "Feature", "properties": { "ID": 1731498, "TIPOVIA": "CALLE", "TIPO": "N/A", "NUMERO": "N/A", "DERE_TRAN": "N/A", "ADMINISTRA": "N/A", "NUME_CARR": "N/A", "CONDICION": "N/A", "ORIGEN": "BCU", "CALI_REPR": "N/A", "CVEGEO": "140500002", "NOMVIAL": "NINGUNO", "SENTIDO": "UN SENTIDO", "LONGITUD": 68.26, "UNIDAD": "e14" }, "geometry": { "type": "LineString", "coordinates": [ [ -103.3910017, 20.2948535 ], [ -103.3916567, 20.294818 ] ] } },
{ "type": "Feature", "properties": { "ID": 1731499, "TIPOVIA": "PRIVADA", "TIPO": "N/A", "NUMERO": "N/A", "DERE_TRAN": "N/A", "ADMINISTRA": "N/A", "NUME_CARR": "N/A", "CONDICION": "N/A", "ORIGEN": "BCU", "CALI_REPR": "N/A", "CVEGEO": "140500002", "NOMVIAL": "NINGUNO", "SENTIDO": "UN SENTIDO", "LONGITUD": 66.09, "UNIDAD": "e14" }, "geometry": { "type": "LineString", "coordinates": [ [ -103.3910017, 20.2948535 ], [ -103.3910039, 20.2942542 ] ] } },
{ "type": "Feature", "properties": { "ID": 1731502, "TIPOVIA": "CALLE", "TIPO": "N/A", "NUMERO": "N/A", "DERE_TRAN": "N/A", "ADMINISTRA": "N/A", "NUME_CARR": "N/A", "CONDICION": "N/A", "ORIGEN": "BCU", "CALI_REPR": "N/A", "CVEGEO": "140500002", "NOMVIAL": "NINGUNO", "SENTIDO": "UN SENTIDO", "LONGITUD": 36.61, "UNIDAD": "e14" }, "geometry": { "type": "LineString", "coordinates": [ [ -103.3906499, 20.2948615 ], [ -103.3910017, 20.2948535 ] ] } },
{ "type": "Feature", "properties": { "ID": 1731507, "TIPOVIA": "PRIVADA", "TIPO": "N/A", "NUMERO": "N/A", "DERE_TRAN": "N/A", "ADMINISTRA": "N/A", "NUME_CARR": "N/A", "CONDICION": "N/A", "ORIGEN": "BCU", "CALI_REPR": "N/A", "CVEGEO": "140500002", "NOMVIAL": "VISTA DEL CHANTE", "SENTIDO": "UN SENTIDO", "LONGITUD": 74.43, "UNIDAD": "e14" }, "geometry": { "type": "LineString", "coordinates": [ [ -103.4066746, 20.2946434 ], [ -103.4059656, 20.2947333 ] ] } },
{ "type": "Feature", "properties": { "ID": 1731508, "TIPOVIA": "CALLE", "TIPO": "N/A", "NUMERO": "N/A", "DERE_TRAN": "N/A", "ADMINISTRA": "N/A", "NUME_CARR": "N/A", "CONDICION": "N/A", "ORIGEN": "BCU", "CALI_REPR": "N/A", "CVEGEO": "140500002", "NOMVIAL": "DE LAS FUENTES", "SENTIDO": "UN SENTIDO", "LONGITUD": 99.71, "UNIDAD": "e14" }, "geometry": { "type": "LineString", "coordinates": [ [ -103.4059656, 20.2947333 ], [ -103.4054706, 20.2939591 ] ] } },
{ "type": "Feature", "properties": { "ID": 1731509, "TIPOVIA": "CALLE", "TIPO": "N/A", "NUMERO": "N/A", "DERE_TRAN": "N/A", "ADMINISTRA": "N/A", "NUME_CARR": "N/A", "CONDICION": "N/A", "ORIGEN": "BCU", "CALI_REPR": "N/A", "CVEGEO": "140500002", "NOMVIAL": "NINGUNO", "SENTIDO": "UN SENTIDO", "LONGITUD": 177.88, "UNIDAD": "e14" }, "geometry": { "type": "LineString", "coordinates": [ [ -103.4068702, 20.2932702 ], [ -103.4067392, 20.293609 ], [ -103.4068859, 20.2940073 ], [ -103.4071685, 20.2945024 ], [ -103.4073075, 20.2947366 ] ] } },
{ "type": "Feature", "properties": { "ID": 1731514, "TIPOVIA": "CALLE", "TIPO": "N/A", "NUMERO": "N/A", "DERE_TRAN": "N/A", "ADMINISTRA": "N/A", "NUME_CARR": "N/A", "CONDICION": "N/A", "ORIGEN": "BCU", "CALI_REPR": "N/A", "CVEGEO": "140500002", "NOMVIAL": "NINGUNO", "SENTIDO": "UN SENTIDO", "LONGITUD": 142.93, "UNIDAD": "e14" }, "geometry": { "type": "LineString", "coordinates": [ [ -103.3901851, 20.2949019 ], [ -103.3901963, 20.2946424 ], [ -103.3901127, 20.2944135 ], [ -103.3900102, 20.2943223 ], [ -103.3899699, 20.294126 ], [ -103.3900194, 20.2940967 ], [ -103.3899813, 20.2939807 ], [ -103.3900211, 20.2939027 ], [ -103.3899248, 20.2937265 ] ] } },
{ "type": "Feature", "properties": { "ID": 1731515, "TIPOVIA": "OTRO", "TIPO": "N/A", "NUMERO": "N/A", "DERE_TRAN": "N/A", "ADMINISTRA": "N/A", "NUME_CARR": "N/A", "CONDICION": "N/A", "ORIGEN": "BCU", "CALI_REPR": "N/A", "CVEGEO": "140500002", "NOMVIAL": "NINGUNO", "SENTIDO": "N/A", "LONGITUD": 36.9, "UNIDAD": "e14" }, "geometry": { "type": "LineString", "coordinates": [ [ -103.3901851, 20.2949019 ], [ -103.3898592, 20.2947697 ] ] } },
{ "type": "Feature", "properties": { "ID": 1731521, "TIPOVIA": "PRIVADA", "TIPO": "N/A", "NUMERO": "N/A", "DERE_TRAN": "N/A", "ADMINISTRA": "N/A", "NUME_CARR": "N/A", "CONDICION": "N/A", "ORIGEN": "BCU", "CALI_REPR": "N/A", "CVEGEO": "140500011", "NOMVIAL": "ILIE NASTASE", "SENTIDO": "UN SENTIDO", "LONGITUD": 188.29, "UNIDAD": "e14" }, "geometry": { "type": "LineString", "coordinates": [ [ -103.3314987, 20.2954457 ], [ -103.3312829, 20.2954157 ], [ -103.3310484, 20.295145 ], [ -103.3308139, 20.2947788 ], [ -103.3304057, 20.2946614 ], [ -103.3303758, 20.2946315 ], [ -103.3303208, 20.2943559 ] ] } },
{ "type": "Feature", "properties": { "ID": 1731526, "TIPOVIA": "PRIVADA", "TIPO": "N/A", "NUMERO": "N/A", "DERE_TRAN": "N/A", "ADMINISTRA": "N/A", "NUME_CARR": "N/A", "CONDICION": "N/A", "ORIGEN": "BCU", "CALI_REPR": "N/A", "CVEGEO": "140500011", "NOMVIAL": "VINCET", "SENTIDO": "UN SENTIDO", "LONGITUD": 105.25, "UNIDAD": "e14" }, "geometry": { "type": "LineString", "coordinates": [ [ -103.3318871, 20.2954345 ], [ -103.3323942, 20.2954504 ], [ -103.3325284, 20.2952934 ], [ -103.3327079, 20.295078 ] ] } },
{ "type": "Feature", "properties": { "ID": 1731534, "TIPOVIA": "PRIVADA", "TIPO": "N/A", "NUMERO": "N/A", "DERE_TRAN": "N/A", "ADMINISTRA": "N/A", "NUME_CARR": "N/A", "CONDICION": "N/A", "ORIGEN": "BCU", "CALI_REPR": "N/A", "CVEGEO": "140500002", "NOMVIAL": "VISTA DEL CHANTE", "SENTIDO": "UN SENTIDO", "LONGITUD": 78.65, "UNIDAD": "e14" }, "geometry": { "type": "LineString", "coordinates": [ [ -103.4059656, 20.2947333 ], [ -103.4052177, 20.2948369 ] ] } },
{ "type": "Feature", "properties": { "ID": 1731538, "TIPOVIA": "OTRO", "TIPO": "N/A", "NUMERO": "N/A", "DERE_TRAN": "N/A", "ADMINISTRA": "N/A", "NUME_CARR": "N/A", "CONDICION": "N/A", "ORIGEN": "BCU", "CALI_REPR": "N/A", "CVEGEO": "140500002", "NOMVIAL": "NINGUNO", "SENTIDO": "N/A", "LONGITUD": 92.58, "UNIDAD": "e14" }, "geometry": { "type": "LineString", "coordinates": [ [ -103.3841455, 20.2950523 ], [ -103.3842809, 20.2942225 ] ] } },
{ "type": "Feature", "properties": { "ID": 1731540, "TIPOVIA": "CALLE", "TIPO": "N/A", "NUMERO": "N/A", "DERE_TRAN": "N/A", "ADMINISTRA": "N/A", "NUME_CARR": "N/A", "CONDICION": "N/A", "ORIGEN": "BCU", "CALI_REPR": "N/A", "CVEGEO": "140500002", "NOMVIAL": "NINGUNO", "SENTIDO": "UN SENTIDO", "LONGITUD": 178.86, "UNIDAD": "e14" }, "geometry": { "type": "LineString", "coordinates": [ [ -103.3926325, 20.294984 ], [ -103.392644, 20.2933621 ] ] } },
{ "type": "Feature", "properties": { "ID": 1731545, "TIPOVIA": "PRIVADA", "TIPO": "N/A", "NUMERO": "N/A", "DERE_TRAN": "N/A", "ADMINISTRA": "N/A", "NUME_CARR": "N/A", "CONDICION": "N/A", "ORIGEN": "BCU", "CALI_REPR": "N/A", "CVEGEO": "140500002", "NOMVIAL": "ESTRELLA", "SENTIDO": "UN SENTIDO", "LONGITUD": 43.08, "UNIDAD": "e14" }, "geometry": { "type": "LineString", "coordinates": [ [ -103.3880501, 20.2950319 ], [ -103.3881096, 20.2946452 ] ] } },
{ "type": "Feature", "properties": { "ID": 1731550, "TIPOVIA": "PRIVADA", "TIPO": "N/A", "NUMERO": "N/A", "DERE_TRAN": "N/A", "ADMINISTRA": "N/A", "NUME_CARR": "N/A", "CONDICION": "N/A", "ORIGEN": "BCU", "CALI_REPR": "N/A", "CVEGEO": "140500002", "NOMVIAL": "NINGUNO", "SENTIDO": "UN SENTIDO", "LONGITUD": 91.96, "UNIDAD": "e14" }, "geometry": { "type": "LineString", "coordinates": [ [ -103.3855841, 20.2950757 ], [ -103.3856881, 20.2942476 ] ] } },
{ "type": "Feature", "properties": { "ID": 1731551, "TIPOVIA": "CALLE", "TIPO": "N/A", "NUMERO": "N/A", "DERE_TRAN": "N/A", "ADMINISTRA": "N/A", "NUME_CARR": "N/A", "CONDICION": "N/A", "ORIGEN": "BCU", "CALI_REPR": "N/A", "CVEGEO": "140500002", "NOMVIAL": "NINGUNO", "SENTIDO": "UN SENTIDO", "LONGITUD": 149.7, "UNIDAD": "e14" }, "geometry": { "type": "LineString", "coordinates": [ [ -103.3855841, 20.2950757 ], [ -103.3841455, 20.2950523 ] ] } },
{ "type": "Feature", "properties": { "ID": 1731552, "TIPOVIA": "OTRO", "TIPO": "N/A", "NUMERO": "N/A", "DERE_TRAN": "N/A", "ADMINISTRA": "N/A", "NUME_CARR": "N/A", "CONDICION": "N/A", "ORIGEN": "BCU", "CALI_REPR": "N/A", "CVEGEO": "140500002", "NOMVIAL": "NINGUNO", "SENTIDO": "N/A", "LONGITUD": 30.07, "UNIDAD": "e14" }, "geometry": { "type": "LineString", "coordinates": [ [ -103.3898592, 20.2947697 ], [ -103.38988, 20.2950417 ] ] } },
{ "type": "Feature", "properties": { "ID": 1731553, "TIPOVIA": "CALLE", "TIPO": "N/A", "NUMERO": "N/A", "DERE_TRAN": "N/A", "ADMINISTRA": "N/A", "NUME_CARR": "N/A", "CONDICION": "N/A", "ORIGEN": "BCU", "CALI_REPR": "N/A", "CVEGEO": "140500002", "NOMVIAL": "NINGUNO", "SENTIDO": "UN SENTIDO", "LONGITUD": 190.39, "UNIDAD": "e14" }, "geometry": { "type": "LineString", "coordinates": [ [ -103.38988, 20.2950417 ], [ -103.3880501, 20.2950319 ] ] } },
{ "type": "Feature", "properties": { "ID": 1731561, "TIPOVIA": "CALLE", "TIPO": "N/A", "NUMERO": "N/A", "DERE_TRAN": "N/A", "ADMINISTRA": "N/A", "NUME_CARR": "N/A", "CONDICION": "N/A", "ORIGEN": "BCU", "CALI_REPR": "N/A", "CVEGEO": "140500011", "NOMVIAL": "PANCHO GONZÁLEZ", "SENTIDO": "UN SENTIDO", "LONGITUD": 280.47, "UNIDAD": "e14" }, "geometry": { "type": "LineString", "coordinates": [ [ -103.3265872, 20.2953744 ], [ -103.3273801, 20.2956345 ], [ -103.3278971, 20.2953066 ], [ -103.3284231, 20.2947029 ], [ -103.3286487, 20.2943856 ] ] } },
{ "type": "Feature", "properties": { "ID": 1731579, "TIPOVIA": "OTRO", "TIPO": "N/A", "NUMERO": "N/A", "DERE_TRAN": "N/A", "ADMINISTRA": "N/A", "NUME_CARR": "N/A", "CONDICION": "N/A", "ORIGEN": "BCU", "CALI_REPR": "N/A", "CVEGEO": "140500002", "NOMVIAL": "NINGUNO", "SENTIDO": "N/A", "LONGITUD": 262.5, "UNIDAD": "e14" }, "geometry": { "type": "LineString", "coordinates": [ [ -103.3926325, 20.294984 ], [ -103.3906514, 20.2951481 ], [ -103.3901851, 20.2949019 ] ] } },
{ "type": "Feature", "properties": { "ID": 1731608, "TIPOVIA": "PRIVADA", "TIPO": "N/A", "NUMERO": "N/A", "DERE_TRAN": "N/A", "ADMINISTRA": "N/A", "NUME_CARR": "N/A", "CONDICION": "N/A", "ORIGEN": "BCU", "CALI_REPR": "N/A", "CVEGEO": "140500002", "NOMVIAL": "NINGUNO", "SENTIDO": "UN SENTIDO", "LONGITUD": 48.79, "UNIDAD": "e14" }, "geometry": { "type": "LineString", "coordinates": [ [ -103.4066743, 20.2951063 ], [ -103.4062059, 20.2951278 ] ] } },
{ "type": "Feature", "properties": { "ID": 1731609, "TIPOVIA": "CALLE", "TIPO": "N/A", "NUMERO": "N/A", "DERE_TRAN": "N/A", "ADMINISTRA": "N/A", "NUME_CARR": "N/A", "CONDICION": "N/A", "ORIGEN": "BCU", "CALI_REPR": "N/A", "CVEGEO": "140500002", "NOMVIAL": "DE LAS FUENTES", "SENTIDO": "UN SENTIDO", "LONGITUD": 50.18, "UNIDAD": "e14" }, "geometry": { "type": "LineString", "coordinates": [ [ -103.4062059, 20.2951278 ], [ -103.4059656, 20.2947333 ] ] } },
{ "type": "Feature", "properties": { "ID": 1731661, "TIPOVIA": "PRIVADA", "TIPO": "N/A", "NUMERO": "N/A", "DERE_TRAN": "N/A", "ADMINISTRA": "N/A", "NUME_CARR": "N/A", "CONDICION": "N/A", "ORIGEN": "BCU", "CALI_REPR": "N/A", "CVEGEO": "140500002", "NOMVIAL": "CREPÚSCULO", "SENTIDO": "UN SENTIDO", "LONGITUD": 124.94, "UNIDAD": "e14" }, "geometry": { "type": "LineString", "coordinates": [ [ -103.4044276, 20.2952398 ], [ -103.4032359, 20.2953791 ] ] } },
{ "type": "Feature", "properties": { "ID": 1731662, "TIPOVIA": "PRIVADA", "TIPO": "N/A", "NUMERO": "N/A", "DERE_TRAN": "N/A", "ADMINISTRA": "N/A", "NUME_CARR": "N/A", "CONDICION": "N/A", "ORIGEN": "BCU", "CALI_REPR": "N/A", "CVEGEO": "140500002", "NOMVIAL": "CHULA VISTA", "SENTIDO": "UN SENTIDO", "LONGITUD": 134.37, "UNIDAD": "e14" }, "geometry": { "type": "LineString", "coordinates": [ [ -103.4027327, 20.2943081 ], [ -103.4028249, 20.2948307 ], [ -103.4029774, 20.2951658 ], [ -103.4032359, 20.2953791 ] ] } },
{ "type": "Feature", "properties": { "ID": 1731663, "TIPOVIA": "OTRO", "TIPO": "N/A", "NUMERO": "N/A", "DERE_TRAN": "N/A", "ADMINISTRA": "N/A", "NUME_CARR": "N/A", "CONDICION": "N/A", "ORIGEN": "BCU", "CALI_REPR": "N/A", "CVEGEO": "140500011", "NOMVIAL": "LÍMITE PREDIAL", "SENTIDO": "N/A", "LONGITUD": 730.35, "UNIDAD": "e14" }, "geometry": { "type": "LineString", "coordinates": [ [ -103.3295997, 20.2942125 ], [ -103.3295151, 20.2944009 ], [ -103.3299238, 20.2949151 ], [ -103.3302816, 20.2951395 ], [ -103.3304641, 20.2956281 ], [ -103.3311026, 20.2960349 ], [ -103.3320478, 20.2958988 ], [ -103.3332154, 20.2957886 ], [ -103.3338951, 20.2951145 ], [ -103.334207, 20.2947987 ], [ -103.3344952, 20.2945231 ], [ -103.334771, 20.2942649 ] ] } },
{ "type": "Feature", "properties": { "ID": 1731687, "TIPOVIA": "OTRO", "TIPO": "N/A", "NUMERO": "N/A", "DERE_TRAN": "N/A", "ADMINISTRA": "N/A", "NUME_CARR": "N/A", "CONDICION": "N/A", "ORIGEN": "BCU", "CALI_REPR": "N/A", "CVEGEO": "140500002", "NOMVIAL": "NINGUNO", "SENTIDO": "N/A", "LONGITUD": 69.1, "UNIDAD": "e14" }, "geometry": { "type": "LineString", "coordinates": [ [ -103.3840764, 20.2956755 ], [ -103.3841455, 20.2950523 ] ] } },
{ "type": "Feature", "properties": { "ID": 1731690, "TIPOVIA": "CALLE", "TIPO": "N/A", "NUMERO": "N/A", "DERE_TRAN": "N/A", "ADMINISTRA": "N/A", "NUME_CARR": "N/A", "CONDICION": "N/A", "ORIGEN": "BCU", "CALI_REPR": "N/A", "CVEGEO": "140500002", "NOMVIAL": "DE LAS FUENTES", "SENTIDO": "UN SENTIDO", "LONGITUD": 45.53, "UNIDAD": "e14" }, "geometry": { "type": "LineString", "coordinates": [ [ -103.4064384, 20.2954756 ], [ -103.4063588, 20.2953883 ], [ -103.4062059, 20.2951278 ] ] } },
{ "type": "Feature", "properties": { "ID": 1731722, "TIPOVIA": "PRIVADA", "TIPO": "N/A", "NUMERO": "N/A", "DERE_TRAN": "N/A", "ADMINISTRA": "N/A", "NUME_CARR": "N/A", "CONDICION": "N/A", "ORIGEN": "BCU", "CALI_REPR": "N/A", "CVEGEO": "140500002", "NOMVIAL": "ZARAHEMLA", "SENTIDO": "UN SENTIDO", "LONGITUD": 82.0, "UNIDAD": "e14" }, "geometry": { "type": "LineString", "coordinates": [ [ -103.4064384, 20.2954756 ], [ -103.4056584, 20.2955824 ] ] } },
{ "type": "Feature", "properties": { "ID": 1731723, "TIPOVIA": "OTRO", "TIPO": "N/A", "NUMERO": "N/A", "DERE_TRAN": "N/A", "ADMINISTRA": "N/A", "NUME_CARR": "N/A", "CONDICION": "N/A", "ORIGEN": "BCU", "CALI_REPR": "N/A", "CVEGEO": "140500002", "NOMVIAL": "NINGUNO", "SENTIDO": "N/A", "LONGITUD": 231.04, "UNIDAD": "e14" }, "geometry": { "type": "LineString", "coordinates": [ [ -103.38988, 20.2950417 ], [ -103.3898673, 20.2952843 ], [ -103.3893454, 20.2957136 ], [ -103.3880751, 20.2957446 ] ] } },
{ "type": "Feature", "properties": { "ID": 1731724, "TIPOVIA": "PRIVADA", "TIPO": "N/A", "NUMERO": "N/A", "DERE_TRAN": "N/A", "ADMINISTRA": "N/A", "NUME_CARR": "N/A", "CONDICION": "N/A", "ORIGEN": "BCU", "CALI_REPR": "N/A", "CVEGEO": "140500002", "NOMVIAL": "ESTRELLA", "SENTIDO": "UN SENTIDO", "LONGITUD": 78.64, "UNIDAD": "e14" }, "geometry": { "type": "LineString", "coordinates": [ [ -103.3880751, 20.2957446 ], [ -103.3880501, 20.2950319 ] ] } },
{ "type": "Feature", "properties": { "ID": 1731725, "TIPOVIA": "PRIVADA", "TIPO": "N/A", "NUMERO": "N/A", "DERE_TRAN": "N/A", "ADMINISTRA": "N/A", "NUME_CARR": "N/A", "CONDICION": "N/A", "ORIGEN": "BCU", "CALI_REPR": "N/A", "CVEGEO": "140500002", "NOMVIAL": "NINGUNO", "SENTIDO": "UN SENTIDO", "LONGITUD": 77.99, "UNIDAD": "e14" }, "geometry": { "type": "LineString", "coordinates": [ [ -103.3854808, 20.2957762 ], [ -103.3855841, 20.2950757 ] ] } },
{ "type": "Feature", "properties": { "ID": 1731726, "TIPOVIA": "CALLE", "TIPO": "N/A", "NUMERO": "N/A", "DERE_TRAN": "N/A", "ADMINISTRA": "N/A", "NUME_CARR": "N/A", "CONDICION": "N/A", "ORIGEN": "BCU", "CALI_REPR": "N/A", "CVEGEO": "140500002", "NOMVIAL": "NINGUNO", "SENTIDO": "UN SENTIDO", "LONGITUD": 152.61, "UNIDAD": "e14" }, "geometry": { "type": "LineString", "coordinates": [ [ -103.3854808, 20.2957762 ], [ -103.3852371, 20.2957627 ], [ -103.3852396, 20.2957071 ], [ -103.3840764, 20.2956755 ] ] } },
{ "type": "Feature", "properties": { "ID": 1731766, "TIPOVIA": "CALLE", "TIPO": "N/A", "NUMERO": "N/A", "DERE_TRAN": "N/A", "ADMINISTRA": "N/A", "NUME_CARR": "N/A", "CONDICION": "N/A", "ORIGEN": "BCU", "CALI_REPR": "N/A", "CVEGEO": "140500002", "NOMVIAL": "NINGUNO", "SENTIDO": "UN SENTIDO", "LONGITUD": 201.31, "UNIDAD": "e14" }, "geometry": { "type": "LineString", "coordinates": [ [ -103.4005638, 20.2957926 ], [ -103.4008328, 20.2939848 ] ] } },
{ "type": "Feature", "properties": { "ID": 1731931, "TIPOVIA": "OTRO", "TIPO": "N/A", "NUMERO": "N/A", "DERE_TRAN": "N/A", "ADMINISTRA": "N/A", "NUME_CARR": "N/A", "CONDICION": "N/A", "ORIGEN": "BCU", "CALI_REPR": "N/A", "CVEGEO": "140500002", "NOMVIAL": "NINGUNO", "SENTIDO": "N/A", "LONGITUD": 116.59, "UNIDAD": "e14" }, "geometry": { "type": "LineString", "coordinates": [ [ -103.3835264, 20.2965967 ], [ -103.3840764, 20.2956755 ] ] } },
{ "type": "Feature", "properties": { "ID": 1731938, "TIPOVIA": "PRIVADA", "TIPO": "N/A", "NUMERO": "N/A", "DERE_TRAN": "N/A", "ADMINISTRA": "N/A", "NUME_CARR": "N/A", "CONDICION": "N/A", "ORIGEN": "BCU", "CALI_REPR": "N/A", "CVEGEO": "140500002", "NOMVIAL": "NINGUNO", "SENTIDO": "UN SENTIDO", "LONGITUD": 91.91, "UNIDAD": "e14" }, "geometry": { "type": "LineString", "coordinates": [ [ -103.3853407, 20.2965991 ], [ -103.3854808, 20.2957762 ] ] } },
{ "type": "Feature", "properties": { "ID": 1731939, "TIPOVIA": "CALLE", "TIPO": "N/A", "NUMERO": "N/A", "DERE_TRAN": "N/A", "ADMINISTRA": "N/A", "NUME_CARR": "N/A", "CONDICION": "N/A", "ORIGEN": "BCU", "CALI_REPR": "N/A", "CVEGEO": "140500002", "NOMVIAL": "NINGUNO", "SENTIDO": "UN SENTIDO", "LONGITUD": 188.77, "UNIDAD": "e14" }, "geometry": { "type": "LineString", "coordinates": [ [ -103.3853407, 20.2965991 ], [ -103.3835264, 20.2965967 ] ] } },
{ "type": "Feature", "properties": { "ID": 1731978, "TIPOVIA": "PRIVADA", "TIPO": "N/A", "NUMERO": "N/A", "DERE_TRAN": "N/A", "ADMINISTRA": "N/A", "NUME_CARR": "N/A", "CONDICION": "N/A", "ORIGEN": "BCU", "CALI_REPR": "N/A", "CVEGEO": "140500002", "NOMVIAL": "CHULA VISTA", "SENTIDO": "UN SENTIDO", "LONGITUD": 167.6, "UNIDAD": "e14" }, "geometry": { "type": "LineString", "coordinates": [ [ -103.4032359, 20.2953791 ], [ -103.4037746, 20.2958129 ], [ -103.4038363, 20.2960868 ], [ -103.4038188, 20.2964039 ], [ -103.4036597, 20.2966089 ] ] } },
{ "type": "Feature", "properties": { "ID": 1731989, "TIPOVIA": "OTRO", "TIPO": "N/A", "NUMERO": "N/A", "DERE_TRAN": "N/A", "ADMINISTRA": "N/A", "NUME_CARR": "N/A", "CONDICION": "N/A", "ORIGEN": "BCU", "CALI_REPR": "N/A", "CVEGEO": "140500002", "NOMVIAL": "NINGUNO", "SENTIDO": "N/A", "LONGITUD": 649.08, "UNIDAD": "e14" }, "geometry": { "type": "LineString", "coordinates": [ [ -103.4098838, 20.2922034 ], [ -103.4087239, 20.2924273 ], [ -103.4088183, 20.2959326 ], [ -103.4078583, 20.2966287 ], [ -103.4077312, 20.2966246 ] ] } },
{ "type": "Feature", "properties": { "ID": 1732025, "TIPOVIA": "CALLE", "TIPO": "N/A", "NUMERO": "N/A", "DERE_TRAN": "N/A", "ADMINISTRA": "N/A", "NUME_CARR": "N/A", "CONDICION": "N/A", "ORIGEN": "BCU", "CALI_REPR": "N/A", "CVEGEO": "140500002", "NOMVIAL": "NINGUNO", "SENTIDO": "UN SENTIDO", "LONGITUD": 37.9, "UNIDAD": "e14" }, "geometry": { "type": "LineString", "coordinates": [ [ -103.4074235, 20.2967966 ], [ -103.4075479, 20.2967634 ], [ -103.4076432, 20.2966941 ], [ -103.4077312, 20.2966246 ] ] } },
{ "type": "Feature", "properties": { "ID": 1732026, "TIPOVIA": "CALLE", "TIPO": "N/A", "NUMERO": "N/A", "DERE_TRAN": "N/A", "ADMINISTRA": "N/A", "NUME_CARR": "N/A", "CONDICION": "N/A", "ORIGEN": "BCU", "CALI_REPR": "N/A", "CVEGEO": "140500002", "NOMVIAL": "DE LAS FUENTES", "SENTIDO": "UN SENTIDO", "LONGITUD": 194.38, "UNIDAD": "e14" }, "geometry": { "type": "LineString", "coordinates": [ [ -103.4074235, 20.2967966 ], [ -103.4074182, 20.2964656 ], [ -103.4072942, 20.2961135 ], [ -103.4070929, 20.2958135 ], [ -103.4069139, 20.2956964 ], [ -103.4064384, 20.2954756 ] ] } },
{ "type": "Feature", "properties": { "ID": 1732037, "TIPOVIA": "OTRO", "TIPO": "N/A", "NUMERO": "N/A", "DERE_TRAN": "N/A", "ADMINISTRA": "N/A", "NUME_CARR": "N/A", "CONDICION": "N/A", "ORIGEN": "BCU", "CALI_REPR": "N/A", "CVEGEO": "140500002", "NOMVIAL": "NINGUNO", "SENTIDO": "N/A", "LONGITUD": 59.71, "UNIDAD": "e14" }, "geometry": { "type": "LineString", "coordinates": [ [ -103.383243, 20.2970675 ], [ -103.3835264, 20.2965967 ] ] } },
{ "type": "Feature", "properties": { "ID": 1732089, "TIPOVIA": "CALLE", "TIPO": "N/A", "NUMERO": "N/A", "DERE_TRAN": "N/A", "ADMINISTRA": "N/A", "NUME_CARR": "N/A", "CONDICION": "N/A", "ORIGEN": "BCU", "CALI_REPR": "N/A", "CVEGEO": "140500002", "NOMVIAL": "NINGUNO", "SENTIDO": "UN SENTIDO", "LONGITUD": 207.21, "UNIDAD": "e14" }, "geometry": { "type": "LineString", "coordinates": [ [ -103.3850281, 20.2973326 ], [ -103.3850456, 20.2971577 ], [ -103.3849964, 20.2971513 ], [ -103.383243, 20.2970675 ] ] } },
{ "type": "Feature", "properties": { "ID": 1732091, "TIPOVIA": "PRIVADA", "TIPO": "N/A", "NUMERO": "N/A", "DERE_TRAN": "N/A", "ADMINISTRA": "N/A", "NUME_CARR": "N/A", "CONDICION": "N/A", "ORIGEN": "BCU", "CALI_REPR": "N/A", "CVEGEO": "140500002", "NOMVIAL": "NINGUNO", "SENTIDO": "UN SENTIDO", "LONGITUD": 82.65, "UNIDAD": "e14" }, "geometry": { "type": "LineString", "coordinates": [ [ -103.385247, 20.2973434 ], [ -103.3853407, 20.2965991 ] ] } },
{ "type": "Feature", "properties": { "ID": 1732092, "TIPOVIA": "CALLE", "TIPO": "N/A", "NUMERO": "N/A", "DERE_TRAN": "N/A", "ADMINISTRA": "N/A", "NUME_CARR": "N/A", "CONDICION": "N/A", "ORIGEN": "BCU", "CALI_REPR": "N/A", "CVEGEO": "140500002", "NOMVIAL": "NINGUNO", "SENTIDO": "UN SENTIDO", "LONGITUD": 22.81, "UNIDAD": "e14" }, "geometry": { "type": "LineString", "coordinates": [ [ -103.385247, 20.2973434 ], [ -103.3850281, 20.2973326 ] ] } },
{ "type": "Feature", "properties": { "ID": 1732175, "TIPOVIA": "OTRO", "TIPO": "N/A", "NUMERO": "N/A", "DERE_TRAN": "N/A", "ADMINISTRA": "N/A", "NUME_CARR": "N/A", "CONDICION": "N/A", "ORIGEN": "BCU", "CALI_REPR": "N/A", "CVEGEO": "140500002", "NOMVIAL": "NINGUNO", "SENTIDO": "N/A", "LONGITUD": 90.52, "UNIDAD": "e14" }, "geometry": { "type": "LineString", "coordinates": [ [ -103.3833083, 20.2978773 ], [ -103.3832059, 20.2973727 ], [ -103.383243, 20.2970675 ] ] } },
{ "type": "Feature", "properties": { "ID": 1732180, "TIPOVIA": "CALLE", "TIPO": "N/A", "NUMERO": "N/A", "DERE_TRAN": "N/A", "ADMINISTRA": "N/A", "NUME_CARR": "N/A", "CONDICION": "N/A", "ORIGEN": "BCU", "CALI_REPR": "N/A", "CVEGEO": "140500002", "NOMVIAL": "NINGUNO", "SENTIDO": "UN SENTIDO", "LONGITUD": 73.13, "UNIDAD": "e14" }, "geometry": { "type": "LineString", "coordinates": [ [ -103.3840111, 20.2978872 ], [ -103.3833083, 20.2978773 ] ] } },
{ "type": "Feature", "properties": { "ID": 1732181, "TIPOVIA": "CALLE", "TIPO": "N/A", "NUMERO": "N/A", "DERE_TRAN": "N/A", "ADMINISTRA": "N/A", "NUME_CARR": "N/A", "CONDICION": "N/A", "ORIGEN": "BCU", "CALI_REPR": "N/A", "CVEGEO": "140500002", "NOMVIAL": "NINGUNO", "SENTIDO": "UN SENTIDO", "LONGITUD": 94.02, "UNIDAD": "e14" }, "geometry": { "type": "LineString", "coordinates": [ [ -103.3850281, 20.2973326 ], [ -103.3850061, 20.2978818 ], [ -103.3846854, 20.2978958 ] ] } },
{ "type": "Feature", "properties": { "ID": 1732182, "TIPOVIA": "CALLE", "TIPO": "N/A", "NUMERO": "N/A", "DERE_TRAN": "N/A", "ADMINISTRA": "N/A", "NUME_CARR": "N/A", "CONDICION": "N/A", "ORIGEN": "BCU", "CALI_REPR": "N/A", "CVEGEO": "140500002", "NOMVIAL": "NINGUNO", "SENTIDO": "UN SENTIDO", "LONGITUD": 70.15, "UNIDAD": "e14" }, "geometry": { "type": "LineString", "coordinates": [ [ -103.3846854, 20.2978958 ], [ -103.3840111, 20.2978872 ] ] } },
{ "type": "Feature", "properties": { "ID": 1732198, "TIPOVIA": "OTRO", "TIPO": "N/A", "NUMERO": "N/A", "DERE_TRAN": "N/A", "ADMINISTRA": "N/A", "NUME_CARR": "N/A", "CONDICION": "N/A", "ORIGEN": "BCU", "CALI_REPR": "N/A", "CVEGEO": "140500002", "NOMVIAL": "NINGUNO", "SENTIDO": "N/A", "LONGITUD": 707.75, "UNIDAD": "e14" }, "geometry": { "type": "LineString", "coordinates": [ [ -103.4054546, 20.2978019 ], [ -103.4052467, 20.2977029 ], [ -103.4051138, 20.2975485 ], [ -103.4041953, 20.2976419 ], [ -103.4041046, 20.297798 ], [ -103.4029008, 20.297804 ], [ -103.4028185, 20.2971854 ], [ -103.4024136, 20.2962236 ], [ -103.4005015, 20.2961369 ], [ -103.4005638, 20.2957926 ] ] } },
{ "type": "Feature", "properties": { "ID": 1732200, "TIPOVIA": "CALLE", "TIPO": "N/A", "NUMERO": "N/A", "DERE_TRAN": "N/A", "ADMINISTRA": "N/A", "NUME_CARR": "N/A", "CONDICION": "N/A", "ORIGEN": "BCU", "CALI_REPR": "N/A", "CVEGEO": "140500002", "NOMVIAL": "NINGUNO", "SENTIDO": "UN SENTIDO", "LONGITUD": 149.8, "UNIDAD": "e14" }, "geometry": { "type": "LineString", "coordinates": [ [ -103.4054546, 20.2978019 ], [ -103.4054697, 20.2977404 ], [ -103.405567, 20.2977459 ], [ -103.4063646, 20.2977983 ], [ -103.4065688, 20.2973928 ] ] } },
{ "type": "Feature", "properties": { "ID": 1732299, "TIPOVIA": "CALLE", "TIPO": "N/A", "NUMERO": "N/A", "DERE_TRAN": "N/A", "ADMINISTRA": "N/A", "NUME_CARR": "N/A", "CONDICION": "N/A", "ORIGEN": "BCU", "CALI_REPR": "N/A", "CVEGEO": "140500002", "NOMVIAL": "NINGUNO", "SENTIDO": "UN SENTIDO", "LONGITUD": 65.19, "UNIDAD": "e14" }, "geometry": { "type": "LineString", "coordinates": [ [ -103.3840111, 20.2978872 ], [ -103.3839979, 20.2984783 ] ] } },
{ "type": "Feature", "properties": { "ID": 1732302, "TIPOVIA": "CALLE", "TIPO": "N/A", "NUMERO": "N/A", "DERE_TRAN": "N/A", "ADMINISTRA": "N/A", "NUME_CARR": "N/A", "CONDICION": "N/A", "ORIGEN": "BCU", "CALI_REPR": "N/A", "CVEGEO": "140500002", "NOMVIAL": "NINGUNO", "SENTIDO": "UN SENTIDO", "LONGITUD": 53.43, "UNIDAD": "e14" }, "geometry": { "type": "LineString", "coordinates": [ [ -103.3839979, 20.2984783 ], [ -103.3834844, 20.2984878 ] ] } },
{ "type": "Feature", "properties": { "ID": 1732303, "TIPOVIA": "OTRO", "TIPO": "N/A", "NUMERO": "N/A", "DERE_TRAN": "N/A", "ADMINISTRA": "N/A", "NUME_CARR": "N/A", "CONDICION": "N/A", "ORIGEN": "BCU", "CALI_REPR": "N/A", "CVEGEO": "140500002", "NOMVIAL": "NINGUNO", "SENTIDO": "N/A", "LONGITUD": 69.78, "UNIDAD": "e14" }, "geometry": { "type": "LineString", "coordinates": [ [ -103.3834844, 20.2984878 ], [ -103.3833083, 20.2978773 ] ] } },
{ "type": "Feature", "properties": { "ID": 1732304, "TIPOVIA": "CALLE", "TIPO": "N/A", "NUMERO": "N/A", "DERE_TRAN": "N/A", "ADMINISTRA": "N/A", "NUME_CARR": "N/A", "CONDICION": "N/A", "ORIGEN": "BCU", "CALI_REPR": "N/A", "CVEGEO": "140500002", "NOMVIAL": "NINGUNO", "SENTIDO": "UN SENTIDO", "LONGITUD": 64.51, "UNIDAD": "e14" }, "geometry": { "type": "LineString", "coordinates": [ [ -103.3846854, 20.2978958 ], [ -103.3846793, 20.2984808 ] ] } },
{ "type": "Feature", "properties": { "ID": 1732305, "TIPOVIA": "CALLE", "TIPO": "N/A", "NUMERO": "N/A", "DERE_TRAN": "N/A", "ADMINISTRA": "N/A", "NUME_CARR": "N/A", "CONDICION": "N/A", "ORIGEN": "BCU", "CALI_REPR": "N/A", "CVEGEO": "140500002", "NOMVIAL": "NINGUNO", "SENTIDO": "UN SENTIDO", "LONGITUD": 70.89, "UNIDAD": "e14" }, "geometry": { "type": "LineString", "coordinates": [ [ -103.3846793, 20.2984808 ], [ -103.3839979, 20.2984783 ] ] } },
{ "type": "Feature", "properties": { "ID": 1732308, "TIPOVIA": "PRIVADA", "TIPO": "N/A", "NUMERO": "N/A", "DERE_TRAN": "N/A", "ADMINISTRA": "N/A", "NUME_CARR": "N/A", "CONDICION": "N/A", "ORIGEN": "BCU", "CALI_REPR": "N/A", "CVEGEO": "140500002", "NOMVIAL": "NINGUNO", "SENTIDO": "UN SENTIDO", "LONGITUD": 125.77, "UNIDAD": "e14" }, "geometry": { "type": "LineString", "coordinates": [ [ -103.3851926, 20.2984827 ], [ -103.385247, 20.2973434 ] ] } },
{ "type": "Feature", "properties": { "ID": 1732309, "TIPOVIA": "CALLE", "TIPO": "N/A", "NUMERO": "N/A", "DERE_TRAN": "N/A", "ADMINISTRA": "N/A", "NUME_CARR": "N/A", "CONDICION": "N/A", "ORIGEN": "BCU", "CALI_REPR": "N/A", "CVEGEO": "140500002", "NOMVIAL": "NINGUNO", "SENTIDO": "UN SENTIDO", "LONGITUD": 53.4, "UNIDAD": "e14" }, "geometry": { "type": "LineString", "coordinates": [ [ -103.3851926, 20.2984827 ], [ -103.3846793, 20.2984808 ] ] } },
{ "type": "Feature", "properties": { "ID": 1732407, "TIPOVIA": "PRIVADA", "TIPO": "N/A", "NUMERO": "N/A", "DERE_TRAN": "N/A", "ADMINISTRA": "N/A", "NUME_CARR": "N/A", "CONDICION": "N/A", "ORIGEN": "BCU", "CALI_REPR": "N/A", "CVEGEO": "140500002", "NOMVIAL": "NINGUNO", "SENTIDO": "UN SENTIDO", "LONGITUD": 44.75, "UNIDAD": "e14" }, "geometry": { "type": "LineString", "coordinates": [ [ -103.385162, 20.2988875 ], [ -103.3851926, 20.2984827 ] ] } },
{ "type": "Feature", "properties": { "ID": 1732455, "TIPOVIA": "OTRO", "TIPO": "N/A", "NUMERO": "N/A", "DERE_TRAN": "N/A", "ADMINISTRA": "N/A", "NUME_CARR": "N/A", "CONDICION": "N/A", "ORIGEN": "BCU", "CALI_REPR": "N/A", "CVEGEO": "140500002", "NOMVIAL": "NINGUNO", "SENTIDO": "N/A", "LONGITUD": 231.37, "UNIDAD": "e14" }, "geometry": { "type": "LineString", "coordinates": [ [ -103.385162, 20.2988875 ], [ -103.3848517, 20.2991952 ], [ -103.3843473, 20.2990102 ], [ -103.384173, 20.2990028 ], [ -103.3837924, 20.2990531 ], [ -103.3834844, 20.2984878 ] ] } },
{ "type": "Feature", "properties": { "ID": 1732816, "TIPOVIA": "CALLE", "TIPO": "N/A", "NUMERO": "N/A", "DERE_TRAN": "N/A", "ADMINISTRA": "N/A", "NUME_CARR": "N/A", "CONDICION": "N/A", "ORIGEN": "BCU", "CALI_REPR": "N/A", "CVEGEO": "140500017", "NOMVIAL": "DAVID MIRANDA", "SENTIDO": "UN SENTIDO", "LONGITUD": 16.59, "UNIDAD": "e14" }, "geometry": { "type": "LineString", "coordinates": [ [ -103.4865843, 20.3235364 ], [ -103.486721, 20.3234586 ] ] } },
{ "type": "Feature", "properties": { "ID": 1732817, "TIPOVIA": "CALLE", "TIPO": "N/A", "NUMERO": "N/A", "DERE_TRAN": "N/A", "ADMINISTRA": "N/A", "NUME_CARR": "N/A", "CONDICION": "N/A", "ORIGEN": "BCU", "CALI_REPR": "N/A", "CVEGEO": "140500017", "NOMVIAL": "PROFESOR IGNACIO MARTÍNEZ", "SENTIDO": "UN SENTIDO", "LONGITUD": 46.71, "UNIDAD": "e14" }, "geometry": { "type": "LineString", "coordinates": [ [ -103.4899436, 20.3235064 ], [ -103.4903321, 20.3232939 ] ] } },
{ "type": "Feature", "properties": { "ID": 1732818, "TIPOVIA": "CALLE", "TIPO": "N/A", "NUMERO": "N/A", "DERE_TRAN": "N/A", "ADMINISTRA": "N/A", "NUME_CARR": "N/A", "CONDICION": "N/A", "ORIGEN": "BCU", "CALI_REPR": "N/A", "CVEGEO": "140500017", "NOMVIAL": "CUAUHTÉMOC", "SENTIDO": "UN SENTIDO", "LONGITUD": 112.82, "UNIDAD": "e14" }, "geometry": { "type": "LineString", "coordinates": [ [ -103.4893385, 20.3226573 ], [ -103.4899436, 20.3235064 ] ] } },
{ "type": "Feature", "properties": { "ID": 1732819, "TIPOVIA": "CALLE", "TIPO": "N/A", "NUMERO": "N/A", "DERE_TRAN": "N/A", "ADMINISTRA": "N/A", "NUME_CARR": "N/A", "CONDICION": "N/A", "ORIGEN": "BCU", "CALI_REPR": "N/A", "CVEGEO": "140500017", "NOMVIAL": "21 DE MARZO", "SENTIDO": "UN SENTIDO", "LONGITUD": 155.33, "UNIDAD": "e14" }, "geometry": { "type": "LineString", "coordinates": [ [ -103.4762208, 20.323704 ], [ -103.4773603, 20.3227937 ] ] } },
{ "type": "Feature", "properties": { "ID": 1732820, "TIPOVIA": "CALLE", "TIPO": "N/A", "NUMERO": "N/A", "DERE_TRAN": "N/A", "ADMINISTRA": "N/A", "NUME_CARR": "N/A", "CONDICION": "N/A", "ORIGEN": "BCU", "CALI_REPR": "N/A", "CVEGEO": "140500017", "NOMVIAL": "NINGUNO", "SENTIDO": "UN SENTIDO", "LONGITUD": 74.89, "UNIDAD": "e14" }, "geometry": { "type": "LineString", "coordinates": [ [ -103.4757634, 20.3231794 ], [ -103.4762208, 20.323704 ] ] } },
{ "type": "Feature", "properties": { "ID": 1732821, "TIPOVIA": "CALLE", "TIPO": "N/A", "NUMERO": "N/A", "DERE_TRAN": "N/A", "ADMINISTRA": "N/A", "NUME_CARR": "N/A", "CONDICION": "N/A", "ORIGEN": "BCU", "CALI_REPR": "N/A", "CVEGEO": "140500017", "NOMVIAL": "21 DE OCTUBRE", "SENTIDO": "UN SENTIDO", "LONGITUD": 94.12, "UNIDAD": "e14" }, "geometry": { "type": "LineString", "coordinates": [ [ -103.4757634, 20.3231794 ], [ -103.4750965, 20.3237564 ] ] } },
{ "type": "Feature", "properties": { "ID": 1732822, "TIPOVIA": "CALLE", "TIPO": "N/A", "NUMERO": "N/A", "DERE_TRAN": "N/A", "ADMINISTRA": "N/A", "NUME_CARR": "N/A", "CONDICION": "N/A", "ORIGEN": "BCU", "CALI_REPR": "N/A", "CVEGEO": "140500017", "NOMVIAL": "PEDRO MORENO", "SENTIDO": "UN SENTIDO", "LONGITUD": 54.7, "UNIDAD": "e14" }, "geometry": { "type": "LineString", "coordinates": [ [ -103.4750965, 20.3237564 ], [ -103.4747909, 20.3233527 ] ] } },
{ "type": "Feature", "properties": { "ID": 1732823, "TIPOVIA": "CALLE", "TIPO": "N/A", "NUMERO": "N/A", "DERE_TRAN": "N/A", "ADMINISTRA": "N/A", "NUME_CARR": "N/A", "CONDICION": "N/A", "ORIGEN": "BCU", "CALI_REPR": "N/A", "CVEGEO": "140500017", "NOMVIAL": "DAVID MIRANDA", "SENTIDO": "UN SENTIDO", "LONGITUD": 23.81, "UNIDAD": "e14" }, "geometry": { "type": "LineString", "coordinates": [ [ -103.486391, 20.323652 ], [ -103.4865843, 20.3235364 ] ] } },
{ "type": "Feature", "properties": { "ID": 1732824, "TIPOVIA": "CALLE", "TIPO": "N/A", "NUMERO": "N/A", "DERE_TRAN": "N/A", "ADMINISTRA": "N/A", "NUME_CARR": "N/A", "CONDICION": "N/A", "ORIGEN": "BCU", "CALI_REPR": "N/A", "CVEGEO": "140500017", "NOMVIAL": "FRATERNIDAD", "SENTIDO": "UN SENTIDO", "LONGITUD": 103.22, "UNIDAD": "e14" }, "geometry": { "type": "LineString", "coordinates": [ [ -103.4924048, 20.3228858 ], [ -103.4930152, 20.3236238 ] ] } },
{ "type": "Feature", "properties": { "ID": 1732825, "TIPOVIA": "AVENIDA", "TIPO": "N/A", "NUMERO": "N/A", "DERE_TRAN": "N/A", "ADMINISTRA": "N/A", "NUME_CARR": "N/A", "CONDICION": "N/A", "ORIGEN": "BCU", "CALI_REPR": "N/A", "CVEGEO": "140500017", "NOMVIAL": "DEL TRABAJO", "SENTIDO": "UN SENTIDO", "LONGITUD": 64.49, "UNIDAD": "e14" }, "geometry": { "type": "LineString", "coordinates": [ [ -103.4880687, 20.3233895 ], [ -103.4875391, 20.3236935 ] ] } },
{ "type": "Feature", "properties": { "ID": 1732826, "TIPOVIA": "OTRO", "TIPO": "N/A", "NUMERO": "N/A", "DERE_TRAN": "N/A", "ADMINISTRA": "N/A", "NUME_CARR": "N/A", "CONDICION": "N/A", "ORIGEN": "BCU", "CALI_REPR": "N/A", "CVEGEO": "140500017", "NOMVIAL": "LÍMITE PREDIAL", "SENTIDO": "N/A", "LONGITUD": 60.55, "UNIDAD": "e14" }, "geometry": { "type": "LineString", "coordinates": [ [ -103.4814866, 20.3233375 ], [ -103.4818139, 20.3237917 ] ] } },
{ "type": "Feature", "properties": { "ID": 1732827, "TIPOVIA": "CALLE", "TIPO": "N/A", "NUMERO": "N/A", "DERE_TRAN": "N/A", "ADMINISTRA": "N/A", "NUME_CARR": "N/A", "CONDICION": "N/A", "ORIGEN": "BCU", "CALI_REPR": "N/A", "CVEGEO": "140500017", "NOMVIAL": "CUAUHTÉMOC", "SENTIDO": "UN SENTIDO", "LONGITUD": 28.08, "UNIDAD": "e14" }, "geometry": { "type": "LineString", "coordinates": [ [ -103.4899436, 20.3235064 ], [ -103.4901016, 20.3237129 ] ] } },
{ "type": "Feature", "properties": { "ID": 1732828, "TIPOVIA": "CALLE", "TIPO": "N/A", "NUMERO": "N/A", "DERE_TRAN": "N/A", "ADMINISTRA": "N/A", "NUME_CARR": "N/A", "CONDICION": "N/A", "ORIGEN": "BCU", "CALI_REPR": "N/A", "CVEGEO": "140500017", "NOMVIAL": "PROFESOR IGNACIO MARTÍNEZ", "SENTIDO": "UN SENTIDO", "LONGITUD": 50.48, "UNIDAD": "e14" }, "geometry": { "type": "LineString", "coordinates": [ [ -103.4895236, 20.3237358 ], [ -103.4899436, 20.3235064 ] ] } },
{ "type": "Feature", "properties": { "ID": 1732829, "TIPOVIA": "CALLE", "TIPO": "N/A", "NUMERO": "N/A", "DERE_TRAN": "N/A", "ADMINISTRA": "N/A", "NUME_CARR": "N/A", "CONDICION": "N/A", "ORIGEN": "BCU", "CALI_REPR": "N/A", "CVEGEO": "140500017", "NOMVIAL": "NINGUNO", "SENTIDO": "UN SENTIDO", "LONGITUD": 112.75, "UNIDAD": "e14" }, "geometry": { "type": "LineString", "coordinates": [ [ -103.4888758, 20.322916 ], [ -103.4895236, 20.3237358 ] ] } },
{ "type": "Feature", "properties": { "ID": 1732830, "TIPOVIA": "CALLE", "TIPO": "N/A", "NUMERO": "N/A", "DERE_TRAN": "N/A", "ADMINISTRA": "N/A", "NUME_CARR": "N/A", "CONDICION": "N/A", "ORIGEN": "BCU", "CALI_REPR": "N/A", "CVEGEO": "140500017", "NOMVIAL": "NINGUNO", "SENTIDO": "UN SENTIDO", "LONGITUD": 107.61, "UNIDAD": "e14" }, "geometry": { "type": "LineString", "coordinates": [ [ -103.4814866, 20.3233375 ], [ -103.4806012, 20.3238422 ] ] } },
{ "type": "Feature", "properties": { "ID": 1732831, "TIPOVIA": "OTRO", "TIPO": "N/A", "NUMERO": "N/A", "DERE_TRAN": "N/A", "ADMINISTRA": "N/A", "NUME_CARR": "N/A", "CONDICION": "N/A", "ORIGEN": "BCU", "CALI_REPR": "N/A", "CVEGEO": "140500017", "NOMVIAL": "LÍMITE PREDIAL", "SENTIDO": "N/A", "LONGITUD": 900.92, "UNIDAD": "e14" }, "geometry": { "type": "LineString", "coordinates": [ [ -103.483834, 20.3238285 ], [ -103.4869419, 20.3220634 ], [ -103.4891373, 20.3208332 ], [ -103.4908874, 20.3198712 ], [ -103.4912755, 20.3196494 ] ] } },
{ "type": "Feature", "properties": { "ID": 1732832, "TIPOVIA": "CALLE", "TIPO": "N/A", "NUMERO": "N/A", "DERE_TRAN": "N/A", "ADMINISTRA": "N/A", "NUME_CARR": "N/A", "CONDICION": "N/A", "ORIGEN": "BCU", "CALI_REPR": "N/A", "CVEGEO": "140500017", "NOMVIAL": "FRANCISCO BOCANEGRA", "SENTIDO": "UN SENTIDO", "LONGITUD": 59.18, "UNIDAD": "e14" }, "geometry": { "type": "LineString", "coordinates": [ [ -103.4884101, 20.3238188 ], [ -103.4880687, 20.3233895 ] ] } },
{ "type": "Feature", "properties": { "ID": 1732833, "TIPOVIA": "CALLE", "TIPO": "N/A", "NUMERO": "N/A", "DERE_TRAN": "N/A", "ADMINISTRA": "N/A", "NUME_CARR": "N/A", "CONDICION": "N/A", "ORIGEN": "BCU", "CALI_REPR": "N/A", "CVEGEO": "140500017", "NOMVIAL": "20 DE NOVIEMBRE", "SENTIDO": "UN SENTIDO", "LONGITUD": 118.91, "UNIDAD": "e14" }, "geometry": { "type": "LineString", "coordinates": [ [ -103.4783169, 20.3239199 ], [ -103.4787372, 20.3235615 ], [ -103.4788609, 20.3234309 ], [ -103.4791754, 20.323212 ] ] } },
{ "type": "Feature", "properties": { "ID": 1733872, "TIPOVIA": "CALLE", "TIPO": "N/A", "NUMERO": "N/A", "DERE_TRAN": "N/A", "ADMINISTRA": "N/A", "NUME_CARR": "N/A", "CONDICION": "N/A", "ORIGEN": "BCU", "CALI_REPR": "N/A", "CVEGEO": "140500017", "NOMVIAL": "NINGUNO", "SENTIDO": "UN SENTIDO", "LONGITUD": 35.94, "UNIDAD": "e14" }, "geometry": { "type": "LineString", "coordinates": [ [ -103.476814, 20.3174291 ], [ -103.4771127, 20.3172651 ] ] } },
{ "type": "Feature", "properties": { "ID": 1733878, "TIPOVIA": "CALLE", "TIPO": "N/A", "NUMERO": "N/A", "DERE_TRAN": "N/A", "ADMINISTRA": "N/A", "NUME_CARR": "N/A", "CONDICION": "N/A", "ORIGEN": "BCU", "CALI_REPR": "N/A", "CVEGEO": "140500017", "NOMVIAL": "NINGUNO", "SENTIDO": "UN SENTIDO", "LONGITUD": 71.09, "UNIDAD": "e14" }, "geometry": { "type": "LineString", "coordinates": [ [ -103.4762234, 20.3177534 ], [ -103.476814, 20.3174291 ] ] } },
{ "type": "Feature", "properties": { "ID": 1733891, "TIPOVIA": "CALLE", "TIPO": "N/A", "NUMERO": "N/A", "DERE_TRAN": "N/A", "ADMINISTRA": "N/A", "NUME_CARR": "N/A", "CONDICION": "N/A", "ORIGEN": "BCU", "CALI_REPR": "N/A", "CVEGEO": "140500017", "NOMVIAL": "NINGUNO", "SENTIDO": "UN SENTIDO", "LONGITUD": 96.48, "UNIDAD": "e14" }, "geometry": { "type": "LineString", "coordinates": [ [ -103.4754314, 20.3182086 ], [ -103.4762234, 20.3177534 ] ] } },
{ "type": "Feature", "properties": { "ID": 1733892, "TIPOVIA": "CALLE", "TIPO": "N/A", "NUMERO": "N/A", "DERE_TRAN": "N/A", "ADMINISTRA": "N/A", "NUME_CARR": "N/A", "CONDICION": "N/A", "ORIGEN": "BCU", "CALI_REPR": "N/A", "CVEGEO": "140500017", "NOMVIAL": "INSURGENTES", "SENTIDO": "UN SENTIDO", "LONGITUD": 25.44, "UNIDAD": "e14" }, "geometry": { "type": "LineString", "coordinates": [ [ -103.4752834, 20.318025 ], [ -103.4754314, 20.3182086 ] ] } },
{ "type": "Feature", "properties": { "ID": 1733896, "TIPOVIA": "CALLE", "TIPO": "N/A", "NUMERO": "N/A", "DERE_TRAN": "N/A", "ADMINISTRA": "N/A", "NUME_CARR": "N/A", "CONDICION": "N/A", "ORIGEN": "BCU", "CALI_REPR": "N/A", "CVEGEO": "140500017", "NOMVIAL": "INSURGENTES", "SENTIDO": "UN SENTIDO", "LONGITUD": 29.29, "UNIDAD": "e14" }, "geometry": { "type": "LineString", "coordinates": [ [ -103.4754314, 20.3182086 ], [ -103.4755892, 20.3184287 ] ] } },
{ "type": "Feature", "properties": { "ID": 1733911, "TIPOVIA": "OTRO", "TIPO": "N/A", "NUMERO": "N/A", "DERE_TRAN": "N/A", "ADMINISTRA": "N/A", "NUME_CARR": "N/A", "CONDICION": "N/A", "ORIGEN": "BCU", "CALI_REPR": "N/A", "CVEGEO": "140500017", "NOMVIAL": "LÍMITE PREDIAL", "SENTIDO": "N/A", "LONGITUD": 200.33, "UNIDAD": "e14" }, "geometry": { "type": "LineString", "coordinates": [ [ -103.47821, 20.3187579 ], [ -103.4771127, 20.3172651 ] ] } },
{ "type": "Feature", "properties": { "ID": 1733914, "TIPOVIA": "CALLE", "TIPO": "N/A", "NUMERO": "15", "DERE_TRAN": "LIBRE", "ADMINISTRA": "FEDERAL", "NUME_CARR": "N/A", "CONDICION": "N/A", "ORIGEN": "BCU", "CALI_REPR": "N/A", "CVEGEO": "140500017", "NOMVIAL": "NINGUNO", "SENTIDO": "UN SENTIDO", "LONGITUD": 99.79, "UNIDAD": "e14" }, "geometry": { "type": "LineString", "coordinates": [ [ -103.4907935, 20.3181008 ], [ -103.491513, 20.3186993 ] ] } },
{ "type": "Feature", "properties": { "ID": 1733918, "TIPOVIA": "CALLE", "TIPO": "N/A", "NUMERO": "N/A", "DERE_TRAN": "N/A", "ADMINISTRA": "N/A", "NUME_CARR": "N/A", "CONDICION": "N/A", "ORIGEN": "BCU", "CALI_REPR": "N/A", "CVEGEO": "140500017", "NOMVIAL": "NINGUNO", "SENTIDO": "UN SENTIDO", "LONGITUD": 77.64, "UNIDAD": "e14" }, "geometry": { "type": "LineString", "coordinates": [ [ -103.4755892, 20.3184287 ], [ -103.4750516, 20.3189171 ] ] } },
{ "type": "Feature", "properties": { "ID": 1733919, "TIPOVIA": "CALLE", "TIPO": "N/A", "NUMERO": "N/A", "DERE_TRAN": "N/A", "ADMINISTRA": "N/A", "NUME_CARR": "N/A", "CONDICION": "N/A", "ORIGEN": "BCU", "CALI_REPR": "N/A", "CVEGEO": "140500017", "NOMVIAL": "NINGUNO", "SENTIDO": "UN SENTIDO", "LONGITUD": 2.95, "UNIDAD": "e14" }, "geometry": { "type": "LineString", "coordinates": [ [ -103.4750516, 20.3189171 ], [ -103.4750311, 20.3189357 ] ] } },
{ "type": "Feature", "properties": { "ID": 1733920, "TIPOVIA": "OTRO", "TIPO": "N/A", "NUMERO": "N/A", "DERE_TRAN": "N/A", "ADMINISTRA": "N/A", "NUME_CARR": "N/A", "CONDICION": "N/A", "ORIGEN": "BCU", "CALI_REPR": "N/A", "CVEGEO": "140500017", "NOMVIAL": "LÍMITE PREDIAL", "SENTIDO": "N/A", "LONGITUD": 134.7, "UNIDAD": "e14" }, "geometry": { "type": "LineString", "coordinates": [ [ -103.4752834, 20.318025 ], [ -103.4747282, 20.3185498 ], [ -103.4750311, 20.3189357 ] ] } },
{ "type": "Feature", "properties": { "ID": 1733924, "TIPOVIA": "CALLE", "TIPO": "N/A", "NUMERO": "N/A", "DERE_TRAN": "N/A", "ADMINISTRA": "N/A", "NUME_CARR": "N/A", "CONDICION": "N/A", "ORIGEN": "BCU", "CALI_REPR": "N/A", "CVEGEO": "140500017", "NOMVIAL": "NINGUNO", "SENTIDO": "UN SENTIDO", "LONGITUD": 29.82, "UNIDAD": "e14" }, "geometry": { "type": "LineString", "coordinates": [ [ -103.47821, 20.3187579 ], [ -103.478191, 20.318815 ], [ -103.4780003, 20.3189247 ] ] } },
{ "type": "Feature", "properties": { "ID": 1733925, "TIPOVIA": "CALLE", "TIPO": "N/A", "NUMERO": "N/A", "DERE_TRAN": "N/A", "ADMINISTRA": "N/A", "NUME_CARR": "N/A", "CONDICION": "N/A", "ORIGEN": "BCU", "CALI_REPR": "N/A", "CVEGEO": "140500017", "NOMVIAL": "PLAN DE AYALA", "SENTIDO": "UN SENTIDO", "LONGITUD": 205.99, "UNIDAD": "e14" }, "geometry": { "type": "LineString", "coordinates": [ [ -103.4780003, 20.3189247 ], [ -103.476814, 20.3174291 ] ] } },
{ "type": "Feature", "properties": { "ID": 1733931, "TIPOVIA": "CALLE", "TIPO": "N/A", "NUMERO": "N/A", "DERE_TRAN": "N/A", "ADMINISTRA": "N/A", "NUME_CARR": "N/A", "CONDICION": "N/A", "ORIGEN": "BCU", "CALI_REPR": "N/A", "CVEGEO": "140500017", "NOMVIAL": "NINGUNO", "SENTIDO": "UN SENTIDO", "LONGITUD": 83.86, "UNIDAD": "e14" }, "geometry": { "type": "LineString", "coordinates": [ [ -103.4780003, 20.3189247 ], [ -103.4773121, 20.3193206 ] ] } },
{ "type": "Feature", "properties": { "ID": 1733932, "TIPOVIA": "CALLE", "TIPO": "N/A", "NUMERO": "N/A", "DERE_TRAN": "N/A", "ADMINISTRA": "N/A", "NUME_CARR": "N/A", "CONDICION": "N/A", "ORIGEN": "BCU", "CALI_REPR": "N/A", "CVEGEO": "140500017", "NOMVIAL": "INDEPENDENCIA", "SENTIDO": "UN SENTIDO", "LONGITUD": 206.63, "UNIDAD": "e14" }, "geometry": { "type": "LineString", "coordinates": [ [ -103.4762234, 20.3177534 ], [ -103.4773121, 20.3193206 ] ] } },
{ "type": "Feature", "properties": { "ID": 1733948, "TIPOVIA": "CALLE", "TIPO": "N/A", "NUMERO": "N/A", "DERE_TRAN": "N/A", "ADMINISTRA": "N/A", "NUME_CARR": "N/A", "CONDICION": "N/A", "ORIGEN": "BCU", "CALI_REPR": "N/A", "CVEGEO": "140500017", "NOMVIAL": "NINGUNO", "SENTIDO": "UN SENTIDO", "LONGITUD": 93.37, "UNIDAD": "e14" }, "geometry": { "type": "LineString", "coordinates": [ [ -103.4773121, 20.3193206 ], [ -103.4765542, 20.3197742 ] ] } },
{ "type": "Feature", "properties": { "ID": 1733949, "TIPOVIA": "CALLE", "TIPO": "N/A", "NUMERO": "N/A", "DERE_TRAN": "N/A", "ADMINISTRA": "N/A", "NUME_CARR": "N/A", "CONDICION": "N/A", "ORIGEN": "BCU", "CALI_REPR": "N/A", "CVEGEO": "140500017", "NOMVIAL": "INSURGENTES", "SENTIDO": "UN SENTIDO", "LONGITUD": 179.14, "UNIDAD": "e14" }, "geometry": { "type": "LineString", "coordinates": [ [ -103.4755892, 20.3184287 ], [ -103.4765542, 20.3197742 ] ] } },
{ "type": "Feature", "properties": { "ID": 1733950, "TIPOVIA": "OTRO", "TIPO": "N/A", "NUMERO": "N/A", "DERE_TRAN": "N/A", "ADMINISTRA": "N/A", "NUME_CARR": "N/A", "CONDICION": "N/A", "ORIGEN": "BCU", "CALI_REPR": "N/A", "CVEGEO": "140500017", "NOMVIAL": "LÍMITE PREDIAL", "SENTIDO": "N/A", "LONGITUD": 158.14, "UNIDAD": "e14" }, "geometry": { "type": "LineString", "coordinates": [ [ -103.4912755, 20.3196494 ], [ -103.4908256, 20.3192393 ], [ -103.491513, 20.3186993 ] ] } },
{ "type": "Feature", "properties": { "ID": 1733951, "TIPOVIA": "OTRO", "TIPO": "N/A", "NUMERO": "N/A", "DERE_TRAN": "N/A", "ADMINISTRA": "N/A", "NUME_CARR": "N/A", "CONDICION": "N/A", "ORIGEN": "BCU", "CALI_REPR": "N/A", "CVEGEO": "140500017", "NOMVIAL": "LÍMITE PREDIAL", "SENTIDO": "N/A", "LONGITUD": 660.99, "UNIDAD": "e14" }, "geometry": { "type": "LineString", "coordinates": [ [ -103.4907935, 20.3181008 ], [ -103.4911862, 20.3178068 ], [ -103.4919833, 20.3183883 ], [ -103.4922094, 20.3184392 ], [ -103.492425, 20.3184087 ], [ -103.4933116, 20.3178781 ], [ -103.4952256, 20.3192201 ], [ -103.4944214, 20.3197139 ] ] } },
{ "type": "Feature", "properties": { "ID": 1733954, "TIPOVIA": "CALLE", "TIPO": "N/A", "NUMERO": "N/A", "DERE_TRAN": "N/A", "ADMINISTRA": "N/A", "NUME_CARR": "N/A", "CONDICION": "N/A", "ORIGEN": "BCU", "CALI_REPR": "N/A", "CVEGEO": "140500017", "NOMVIAL": "IGUALDAD", "SENTIDO": "UN SENTIDO", "LONGITUD": 21.48, "UNIDAD": "e14" }, "geometry": { "type": "LineString", "coordinates": [ [ -103.4913899, 20.3198116 ], [ -103.4912755, 20.3196494 ] ] } },
{ "type": "Feature", "properties": { "ID": 1733958, "TIPOVIA": "CALLE", "TIPO": "N/A", "NUMERO": "N/A", "DERE_TRAN": "N/A", "ADMINISTRA": "N/A", "NUME_CARR": "N/A", "CONDICION": "N/A", "ORIGEN": "BCU", "CALI_REPR": "N/A", "CVEGEO": "140500017", "NOMVIAL": "NINGUNO", "SENTIDO": "UN SENTIDO", "LONGITUD": 58.65, "UNIDAD": "e14" }, "geometry": { "type": "LineString", "coordinates": [ [ -103.4765542, 20.3197742 ], [ -103.4761068, 20.3200979 ] ] } },
{ "type": "Feature", "properties": { "ID": 1733959, "TIPOVIA": "CALLE", "TIPO": "N/A", "NUMERO": "N/A", "DERE_TRAN": "N/A", "ADMINISTRA": "N/A", "NUME_CARR": "N/A", "CONDICION": "N/A", "ORIGEN": "BCU", "CALI_REPR": "N/A", "CVEGEO": "140500017", "NOMVIAL": "21 DE DICIEMBRE", "SENTIDO": "UN SENTIDO", "LONGITUD": 170.31, "UNIDAD": "e14" }, "geometry": { "type": "LineString", "coordinates": [ [ -103.4761068, 20.3200979 ], [ -103.4750516, 20.3189171 ] ] } },
{ "type": "Feature", "properties": { "ID": 1733961, "TIPOVIA": "CALLE", "TIPO": "N/A", "NUMERO": "N/A", "DERE_TRAN": "N/A", "ADMINISTRA": "N/A", "NUME_CARR": "N/A", "CONDICION": "N/A", "ORIGEN": "BCU", "CALI_REPR": "N/A", "CVEGEO": "140500017", "NOMVIAL": "IGUALDAD", "SENTIDO": "UN SENTIDO", "LONGITUD": 39.5, "UNIDAD": "e14" }, "geometry": { "type": "LineString", "coordinates": [ [ -103.4916003, 20.3201099 ], [ -103.4913899, 20.3198116 ] ] } },
{ "type": "Feature", "properties": { "ID": 1733963, "TIPOVIA": "PRIVADA", "TIPO": "N/A", "NUMERO": "N/A", "DERE_TRAN": "N/A", "ADMINISTRA": "N/A", "NUME_CARR": "N/A", "CONDICION": "N/A", "ORIGEN": "BCU", "CALI_REPR": "N/A", "CVEGEO": "140500017", "NOMVIAL": "EJIDO", "SENTIDO": "UN SENTIDO", "LONGITUD": 74.19, "UNIDAD": "e14" }, "geometry": { "type": "LineString", "coordinates": [ [ -103.4913899, 20.3198116 ], [ -103.4907815, 20.3201626 ] ] } },
{ "type": "Feature", "properties": { "ID": 1733965, "TIPOVIA": "AVENIDA", "TIPO": "N/A", "NUMERO": "N/A", "DERE_TRAN": "N/A", "ADMINISTRA": "N/A", "NUME_CARR": "N/A", "CONDICION": "N/A", "ORIGEN": "BCU", "CALI_REPR": "N/A", "CVEGEO": "140500017", "NOMVIAL": "DEL TRABAJO", "SENTIDO": "UN SENTIDO", "LONGITUD": 107.67, "UNIDAD": "e14" }, "geometry": { "type": "LineString", "coordinates": [ [ -103.4944214, 20.3197139 ], [ -103.4935396, 20.3202252 ] ] } },
{ "type": "Feature", "properties": { "ID": 1733966, "TIPOVIA": "CALLE", "TIPO": "N/A", "NUMERO": "15", "DERE_TRAN": "LIBRE", "ADMINISTRA": "FEDERAL", "NUME_CARR": "N/A", "CONDICION": "N/A", "ORIGEN": "BCU", "CALI_REPR": "N/A", "CVEGEO": "140500017", "NOMVIAL": "NINGUNO", "SENTIDO": "UN SENTIDO", "LONGITUD": 269.95, "UNIDAD": "e14" }, "geometry": { "type": "LineString", "coordinates": [ [ -103.491513, 20.3186993 ], [ -103.4921112, 20.3191134 ], [ -103.4930831, 20.3199069 ], [ -103.4935396, 20.3202252 ] ] } },
{ "type": "Feature", "properties": { "ID": 1733975, "TIPOVIA": "CALLE", "TIPO": "N/A", "NUMERO": "N/A", "DERE_TRAN": "N/A", "ADMINISTRA": "N/A", "NUME_CARR": "N/A", "CONDICION": "N/A", "ORIGEN": "BCU", "CALI_REPR": "N/A", "CVEGEO": "140500017", "NOMVIAL": "IGUALDAD", "SENTIDO": "UN SENTIDO", "LONGITUD": 52.56, "UNIDAD": "e14" }, "geometry": { "type": "LineString", "coordinates": [ [ -103.4918743, 20.3205104 ], [ -103.4916003, 20.3201099 ] ] } },
{ "type": "Feature", "properties": { "ID": 1733978, "TIPOVIA": "CALLE", "TIPO": "N/A", "NUMERO": "N/A", "DERE_TRAN": "N/A", "ADMINISTRA": "N/A", "NUME_CARR": "N/A", "CONDICION": "N/A", "ORIGEN": "BCU", "CALI_REPR": "N/A", "CVEGEO": "140500017", "NOMVIAL": "NINGUNO", "SENTIDO": "UN SENTIDO", "LONGITUD": 299.08, "UNIDAD": "e14" }, "geometry": { "type": "LineString", "coordinates": [ [ -103.4750311, 20.3189357 ], [ -103.4729011, 20.3207572 ] ] } },
{ "type": "Feature", "properties": { "ID": 1733979, "TIPOVIA": "CALLE", "TIPO": "N/A", "NUMERO": "N/A", "DERE_TRAN": "N/A", "ADMINISTRA": "N/A", "NUME_CARR": "N/A", "CONDICION": "N/A", "ORIGEN": "BCU", "CALI_REPR": "N/A", "CVEGEO": "140500017", "NOMVIAL": "DAVID MIRANDA", "SENTIDO": "UN SENTIDO", "LONGITUD": 37.55, "UNIDAD": "e14" }, "geometry": { "type": "LineString", "coordinates": [ [ -103.4922314, 20.3204044 ], [ -103.4919252, 20.3205847 ] ] } },
{ "type": "Feature", "properties": { "ID": 1733980, "TIPOVIA": "CALLE", "TIPO": "N/A", "NUMERO": "N/A", "DERE_TRAN": "N/A", "ADMINISTRA": "N/A", "NUME_CARR": "N/A", "CONDICION": "N/A", "ORIGEN": "BCU", "CALI_REPR": "N/A", "CVEGEO": "140500017", "NOMVIAL": "IGUALDAD", "SENTIDO": "UN SENTIDO", "LONGITUD": 9.76, "UNIDAD": "e14" }, "geometry": { "type": "LineString", "coordinates": [ [ -103.4919252, 20.3205847 ], [ -103.4918743, 20.3205104 ] ] } },
{ "type": "Feature", "properties": { "ID": 1733982, "TIPOVIA": "CALLE", "TIPO": "N/A", "NUMERO": "N/A", "DERE_TRAN": "N/A", "ADMINISTRA": "N/A", "NUME_CARR": "N/A", "CONDICION": "N/A", "ORIGEN": "BCU", "CALI_REPR": "N/A", "CVEGEO": "140500017", "NOMVIAL": "UNIÓN", "SENTIDO": "UN SENTIDO", "LONGITUD": 109.83, "UNIDAD": "e14" }, "geometry": { "type": "LineString", "coordinates": [ [ -103.4916003, 20.3201099 ], [ -103.4906932, 20.3206197 ] ] } },
{ "type": "Feature", "properties": { "ID": 1733989, "TIPOVIA": "OTRO", "TIPO": "N/A", "NUMERO": "N/A", "DERE_TRAN": "N/A", "ADMINISTRA": "N/A", "NUME_CARR": "N/A", "CONDICION": "N/A", "ORIGEN": "BCU", "CALI_REPR": "N/A", "CVEGEO": "140500017", "NOMVIAL": "LÍMITE PREDIAL", "SENTIDO": "N/A", "LONGITUD": 602.12, "UNIDAD": "e14" }, "geometry": { "type": "LineString", "coordinates": [ [ -103.4820061, 20.3209137 ], [ -103.4797607, 20.3178398 ], [ -103.47821, 20.3187579 ] ] } },
{ "type": "Feature", "properties": { "ID": 1733996, "TIPOVIA": "AVENIDA", "TIPO": "N/A", "NUMERO": "N/A", "DERE_TRAN": "N/A", "ADMINISTRA": "N/A", "NUME_CARR": "N/A", "CONDICION": "N/A", "ORIGEN": "BCU", "CALI_REPR": "N/A", "CVEGEO": "140500017", "NOMVIAL": "DEL TRABAJO", "SENTIDO": "UN SENTIDO", "LONGITUD": 135.33, "UNIDAD": "e14" }, "geometry": { "type": "LineString", "coordinates": [ [ -103.4935396, 20.3202252 ], [ -103.4924509, 20.320897 ] ] } },
{ "type": "Feature", "properties": { "ID": 1733998, "TIPOVIA": "CALLE", "TIPO": "N/A", "NUMERO": "N/A", "DERE_TRAN": "N/A", "ADMINISTRA": "N/A", "NUME_CARR": "N/A", "CONDICION": "N/A", "ORIGEN": "BCU", "CALI_REPR": "N/A", "CVEGEO": "140500017", "NOMVIAL": "DAVID MIRANDA", "SENTIDO": "UN SENTIDO", "LONGITUD": 104.65, "UNIDAD": "e14" }, "geometry": { "type": "LineString", "coordinates": [ [ -103.4918743, 20.3205104 ], [ -103.4910049, 20.3209879 ] ] } },
{ "type": "Feature", "properties": { "ID": 1733999, "TIPOVIA": "AVENIDA", "TIPO": "N/A", "NUMERO": "N/A", "DERE_TRAN": "N/A", "ADMINISTRA": "N/A", "NUME_CARR": "N/A", "CONDICION": "N/A", "ORIGEN": "BCU", "CALI_REPR": "N/A", "CVEGEO": "140500017", "NOMVIAL": "DEL TRABAJO", "SENTIDO": "UN SENTIDO", "LONGITUD": 27.86, "UNIDAD": "e14" }, "geometry": { "type": "LineString", "coordinates": [ [ -103.4924509, 20.320897 ], [ -103.4922161, 20.3210187 ] ] } },
{ "type": "Feature", "properties": { "ID": 1734000, "TIPOVIA": "CALLE", "TIPO": "N/A", "NUMERO": "N/A", "DERE_TRAN": "N/A", "ADMINISTRA": "N/A", "NUME_CARR": "N/A", "CONDICION": "N/A", "ORIGEN": "BCU", "CALI_REPR": "N/A", "CVEGEO": "140500017", "NOMVIAL": "IGUALDAD", "SENTIDO": "UN SENTIDO", "LONGITUD": 56.62, "UNIDAD": "e14" }, "geometry": { "type": "LineString", "coordinates": [ [ -103.4922161, 20.3210187 ], [ -103.4919252, 20.3205847 ] ] } },
{ "type": "Feature", "properties": { "ID": 1734001, "TIPOVIA": "CALLE", "TIPO": "N/A", "NUMERO": "N/A", "DERE_TRAN": "N/A", "ADMINISTRA": "N/A", "NUME_CARR": "N/A", "CONDICION": "N/A", "ORIGEN": "BCU", "CALI_REPR": "N/A", "CVEGEO": "140500017", "NOMVIAL": "NINGUNO", "SENTIDO": "UN SENTIDO", "LONGITUD": 171.28, "UNIDAD": "e14" }, "geometry": { "type": "LineString", "coordinates": [ [ -103.4761068, 20.3200979 ], [ -103.4759481, 20.320252 ], [ -103.4760699, 20.3204177 ], [ -103.4759425, 20.3205386 ], [ -103.4757155, 20.3207312 ], [ -103.4751824, 20.3211864 ] ] } },
{ "type": "Feature", "properties": { "ID": 1734002, "TIPOVIA": "CALLE", "TIPO": "N/A", "NUMERO": "N/A", "DERE_TRAN": "N/A", "ADMINISTRA": "N/A", "NUME_CARR": "N/A", "CONDICION": "N/A", "ORIGEN": "BCU", "CALI_REPR": "N/A", "CVEGEO": "140500017", "NOMVIAL": "PEDRO MORENO", "SENTIDO": "UN SENTIDO", "LONGITUD": 68.31, "UNIDAD": "e14" }, "geometry": { "type": "LineString", "coordinates": [ [ -103.4732734, 20.3212675 ], [ -103.4729011, 20.3207572 ] ] } },
{ "type": "Feature", "properties": { "ID": 1734008, "TIPOVIA": "PRIVADA", "TIPO": "N/A", "NUMERO": "N/A", "DERE_TRAN": "N/A", "ADMINISTRA": "N/A", "NUME_CARR": "N/A", "CONDICION": "N/A", "ORIGEN": "BCU", "CALI_REPR": "N/A", "CVEGEO": "140500017", "NOMVIAL": "NINGUNO", "SENTIDO": "UN SENTIDO", "LONGITUD": 62.73, "UNIDAD": "e14" }, "geometry": { "type": "LineString", "coordinates": [ [ -103.4924509, 20.320897 ], [ -103.4927747, 20.3213768 ] ] } },
{ "type": "Feature", "properties": { "ID": 1734009, "TIPOVIA": "AVENIDA", "TIPO": "N/A", "NUMERO": "N/A", "DERE_TRAN": "N/A", "ADMINISTRA": "N/A", "NUME_CARR": "N/A", "CONDICION": "N/A", "ORIGEN": "BCU", "CALI_REPR": "N/A", "CVEGEO": "140500017", "NOMVIAL": "DEL TRABAJO", "SENTIDO": "UN SENTIDO", "LONGITUD": 102.92, "UNIDAD": "e14" }, "geometry": { "type": "LineString", "coordinates": [ [ -103.4922161, 20.3210187 ], [ -103.4913683, 20.3214998 ] ] } },
{ "type": "Feature", "properties": { "ID": 1734011, "TIPOVIA": "CALLE", "TIPO": "N/A", "NUMERO": "N/A", "DERE_TRAN": "N/A", "ADMINISTRA": "N/A", "NUME_CARR": "N/A", "CONDICION": "N/A", "ORIGEN": "BCU", "CALI_REPR": "N/A", "CVEGEO": "140500017", "NOMVIAL": "NINGUNO", "SENTIDO": "UN SENTIDO", "LONGITUD": 111.47, "UNIDAD": "e14" }, "geometry": { "type": "LineString", "coordinates": [ [ -103.4732734, 20.3212675 ], [ -103.4724266, 20.321887 ] ] } },
{ "type": "Feature", "properties": { "ID": 1734012, "TIPOVIA": "OTRO", "TIPO": "N/A", "NUMERO": "N/A", "DERE_TRAN": "N/A", "ADMINISTRA": "N/A", "NUME_CARR": "N/A", "CONDICION": "N/A", "ORIGEN": "BCU", "CALI_REPR": "N/A", "CVEGEO": "140500017", "NOMVIAL": "LÍMITE PREDIAL", "SENTIDO": "N/A", "LONGITUD": 267.04, "UNIDAD": "e14" }, "geometry": { "type": "LineString", "coordinates": [ [ -103.4729011, 20.3207572 ], [ -103.4726799, 20.3204215 ], [ -103.4718236, 20.3210978 ], [ -103.4724266, 20.321887 ] ] } },
{ "type": "Feature", "properties": { "ID": 1734014, "TIPOVIA": "CALLE", "TIPO": "N/A", "NUMERO": "N/A", "DERE_TRAN": "N/A", "ADMINISTRA": "N/A", "NUME_CARR": "N/A", "CONDICION": "N/A", "ORIGEN": "BCU", "CALI_REPR": "N/A", "CVEGEO": "140500017", "NOMVIAL": "PEDRO MORENO", "SENTIDO": "UN SENTIDO", "LONGITUD": 102.51, "UNIDAD": "e14" }, "geometry": { "type": "LineString", "coordinates": [ [ -103.4738322, 20.3220333 ], [ -103.4732734, 20.3212675 ] ] } },
{ "type": "Feature", "properties": { "ID": 1734021, "TIPOVIA": "CALLE", "TIPO": "N/A", "NUMERO": "N/A", "DERE_TRAN": "N/A", "ADMINISTRA": "N/A", "NUME_CARR": "N/A", "CONDICION": "N/A", "ORIGEN": "BCU", "CALI_REPR": "N/A", "CVEGEO": "140500017", "NOMVIAL": "16 DE SEPTIEMBRE", "SENTIDO": "UN SENTIDO", "LONGITUD": 27.65, "UNIDAD": "e14" }, "geometry": { "type": "LineString", "coordinates": [ [ -103.4769404, 20.3222275 ], [ -103.47709, 20.3224348 ] ] } },
{ "type": "Feature", "properties": { "ID": 1734022, "TIPOVIA": "CALLE", "TIPO": "N/A", "NUMERO": "N/A", "DERE_TRAN": "N/A", "ADMINISTRA": "N/A", "NUME_CARR": "N/A", "CONDICION": "N/A", "ORIGEN": "BCU", "CALI_REPR": "N/A", "CVEGEO": "140500017", "NOMVIAL": "SAN FRANCISCO DE ASÍS", "SENTIDO": "UN SENTIDO", "LONGITUD": 166.5, "UNIDAD": "e14" }, "geometry": { "type": "LineString", "coordinates": [ [ -103.4930915, 20.3222828 ], [ -103.4922161, 20.3210187 ] ] } },
{ "type": "Feature", "properties": { "ID": 1734023, "TIPOVIA": "AVENIDA", "TIPO": "N/A", "NUMERO": "N/A", "DERE_TRAN": "N/A", "ADMINISTRA": "N/A", "NUME_CARR": "N/A", "CONDICION": "N/A", "ORIGEN": "BCU", "CALI_REPR": "N/A", "CVEGEO": "140500017", "NOMVIAL": "DEL TRABAJO", "SENTIDO": "UN SENTIDO", "LONGITUD": 196.03, "UNIDAD": "e14" }, "geometry": { "type": "LineString", "coordinates": [ [ -103.4913683, 20.3214998 ], [ -103.4897468, 20.3224055 ] ] } },
{ "type": "Feature", "properties": { "ID": 1734024, "TIPOVIA": "AVENIDA", "TIPO": "N/A", "NUMERO": "N/A", "DERE_TRAN": "N/A", "ADMINISTRA": "N/A", "NUME_CARR": "N/A", "CONDICION": "N/A", "ORIGEN": "BCU", "CALI_REPR": "N/A", "CVEGEO": "140500017", "NOMVIAL": "DEL TULE", "SENTIDO": "UN SENTIDO", "LONGITUD": 122.63, "UNIDAD": "e14" }, "geometry": { "type": "LineString", "coordinates": [ [ -103.4890723, 20.3214934 ], [ -103.4897468, 20.3224055 ] ] } },
{ "type": "Feature", "properties": { "ID": 1734025, "TIPOVIA": "CALLE", "TIPO": "N/A", "NUMERO": "N/A", "DERE_TRAN": "N/A", "ADMINISTRA": "N/A", "NUME_CARR": "N/A", "CONDICION": "N/A", "ORIGEN": "BCU", "CALI_REPR": "N/A", "CVEGEO": "140500017", "NOMVIAL": "NINGUNO", "SENTIDO": "UN SENTIDO", "LONGITUD": 109.24, "UNIDAD": "e14" }, "geometry": { "type": "LineString", "coordinates": [ [ -103.4738322, 20.3220333 ], [ -103.4729597, 20.3225847 ] ] } },
{ "type": "Feature", "properties": { "ID": 1734026, "TIPOVIA": "OTRO", "TIPO": "N/A", "NUMERO": "N/A", "DERE_TRAN": "N/A", "ADMINISTRA": "N/A", "NUME_CARR": "N/A", "CONDICION": "N/A", "ORIGEN": "BCU", "CALI_REPR": "N/A", "CVEGEO": "140500017", "NOMVIAL": "LÍMITE PREDIAL", "SENTIDO": "N/A", "LONGITUD": 94.83, "UNIDAD": "e14" }, "geometry": { "type": "LineString", "coordinates": [ [ -103.4724266, 20.321887 ], [ -103.4729597, 20.3225847 ] ] } },
{ "type": "Feature", "properties": { "ID": 1734027, "TIPOVIA": "OTRO", "TIPO": "N/A", "NUMERO": "N/A", "DERE_TRAN": "N/A", "ADMINISTRA": "N/A", "NUME_CARR": "N/A", "CONDICION": "N/A", "ORIGEN": "BCU", "CALI_REPR": "N/A", "CVEGEO": "140500017", "NOMVIAL": "LÍMITE PREDIAL", "SENTIDO": "N/A", "LONGITUD": 460.83, "UNIDAD": "e14" }, "geometry": { "type": "LineString", "coordinates": [ [ -103.4944214, 20.3197139 ], [ -103.4956389, 20.3206556 ], [ -103.4954285, 20.3208475 ], [ -103.4969084, 20.3219735 ], [ -103.496538, 20.3222983 ], [ -103.4964076, 20.3223791 ] ] } },
{ "type": "Feature", "properties": { "ID": 1734028, "TIPOVIA": "CALLE", "TIPO": "N/A", "NUMERO": "15", "DERE_TRAN": "LIBRE", "ADMINISTRA": "FEDERAL", "NUME_CARR": "N/A", "CONDICION": "N/A", "ORIGEN": "BCU", "CALI_REPR": "N/A", "CVEGEO": "140500017", "NOMVIAL": "NINGUNO", "SENTIDO": "UN SENTIDO", "LONGITUD": 381.39, "UNIDAD": "e14" }, "geometry": { "type": "LineString", "coordinates": [ [ -103.4935396, 20.3202252 ], [ -103.4942005, 20.3206989 ], [ -103.4949407, 20.3212572 ], [ -103.4956543, 20.3218028 ], [ -103.4960855, 20.3221269 ], [ -103.4964076, 20.3223791 ] ] } },
{ "type": "Feature", "properties": { "ID": 1734029, "TIPOVIA": "CALLE", "TIPO": "N/A", "NUMERO": "N/A", "DERE_TRAN": "N/A", "ADMINISTRA": "N/A", "NUME_CARR": "N/A", "CONDICION": "N/A", "ORIGEN": "BCU", "CALI_REPR": "N/A", "CVEGEO": "140500017", "NOMVIAL": "NINGUNO", "SENTIDO": "UN SENTIDO", "LONGITUD": 353.28, "UNIDAD": "e14" }, "geometry": { "type": "LineString", "coordinates": [ [ -103.4791078, 20.3225835 ], [ -103.4820061, 20.3209137 ] ] } },
{ "type": "Feature", "properties": { "ID": 1734030, "TIPOVIA": "CALLE", "TIPO": "N/A", "NUMERO": "N/A", "DERE_TRAN": "N/A", "ADMINISTRA": "N/A", "NUME_CARR": "N/A", "CONDICION": "N/A", "ORIGEN": "BCU", "CALI_REPR": "N/A", "CVEGEO": "140500017", "NOMVIAL": "NINGUNO", "SENTIDO": "UN SENTIDO", "LONGITUD": 205.24, "UNIDAD": "e14" }, "geometry": { "type": "LineString", "coordinates": [ [ -103.4751824, 20.3211864 ], [ -103.4756208, 20.321738 ], [ -103.4763759, 20.3226684 ] ] } },
{ "type": "Feature", "properties": { "ID": 1734031, "TIPOVIA": "CALLE", "TIPO": "N/A", "NUMERO": "15", "DERE_TRAN": "LIBRE", "ADMINISTRA": "FEDERAL", "NUME_CARR": "N/A", "CONDICION": "N/A", "ORIGEN": "BCU", "CALI_REPR": "N/A", "CVEGEO": "140500017", "NOMVIAL": "NINGUNO", "SENTIDO": "UN SENTIDO", "LONGITUD": 21.33, "UNIDAD": "e14" }, "geometry": { "type": "LineString", "coordinates": [ [ -103.4964076, 20.3223791 ], [ -103.4965524, 20.3225162 ] ] } },
{ "type": "Feature", "properties": { "ID": 1734032, "TIPOVIA": "CALLE", "TIPO": "N/A", "NUMERO": "N/A", "DERE_TRAN": "N/A", "ADMINISTRA": "N/A", "NUME_CARR": "N/A", "CONDICION": "N/A", "ORIGEN": "BCU", "CALI_REPR": "N/A", "CVEGEO": "140500017", "NOMVIAL": "21 DE DICIEMBRE", "SENTIDO": "UN SENTIDO", "LONGITUD": 359.62, "UNIDAD": "e14" }, "geometry": { "type": "LineString", "coordinates": [ [ -103.4781764, 20.3227101 ], [ -103.4761068, 20.3200979 ] ] } },
{ "type": "Feature", "properties": { "ID": 1734033, "TIPOVIA": "CALLE", "TIPO": "N/A", "NUMERO": "N/A", "DERE_TRAN": "N/A", "ADMINISTRA": "N/A", "NUME_CARR": "N/A", "CONDICION": "N/A", "ORIGEN": "BCU", "CALI_REPR": "N/A", "CVEGEO": "140500017", "NOMVIAL": "NINGUNO", "SENTIDO": "UN SENTIDO", "LONGITUD": 32.65, "UNIDAD": "e14" }, "geometry": { "type": "LineString", "coordinates": [ [ -103.4788345, 20.3227292 ], [ -103.4791078, 20.3225835 ] ] } },
{ "type": "Feature", "properties": { "ID": 1734034, "TIPOVIA": "CALLE", "TIPO": "N/A", "NUMERO": "N/A", "DERE_TRAN": "N/A", "ADMINISTRA": "N/A", "NUME_CARR": "N/A", "CONDICION": "N/A", "ORIGEN": "BCU", "CALI_REPR": "N/A", "CVEGEO": "140500017", "NOMVIAL": "INSURGENTES", "SENTIDO": "UN SENTIDO", "LONGITUD": 403.1, "UNIDAD": "e14" }, "geometry": { "type": "LineString", "coordinates": [ [ -103.4765542, 20.3197742 ], [ -103.4771785, 20.3205654 ], [ -103.4775557, 20.3210465 ], [ -103.4781058, 20.3217506 ], [ -103.4788345, 20.3227292 ] ] } },
{ "type": "Feature", "properties": { "ID": 1734035, "TIPOVIA": "AVENIDA", "TIPO": "N/A", "NUMERO": "N/A", "DERE_TRAN": "N/A", "ADMINISTRA": "N/A", "NUME_CARR": "N/A", "CONDICION": "N/A", "ORIGEN": "BCU", "CALI_REPR": "N/A", "CVEGEO": "140500017", "NOMVIAL": "DEL TRABAJO", "SENTIDO": "UN SENTIDO", "LONGITUD": 50.75, "UNIDAD": "e14" }, "geometry": { "type": "LineString", "coordinates": [ [ -103.4897468, 20.3224055 ], [ -103.4893385, 20.3226573 ] ] } },
{ "type": "Feature", "properties": { "ID": 1734036, "TIPOVIA": "PRIVADA", "TIPO": "N/A", "NUMERO": "N/A", "DERE_TRAN": "N/A", "ADMINISTRA": "N/A", "NUME_CARR": "N/A", "CONDICION": "N/A", "ORIGEN": "BCU", "CALI_REPR": "N/A", "CVEGEO": "140500017", "NOMVIAL": "10 DE MAYO", "SENTIDO": "UN SENTIDO", "LONGITUD": 65.6, "UNIDAD": "e14" }, "geometry": { "type": "LineString", "coordinates": [ [ -103.47709, 20.3224348 ], [ -103.4765907, 20.3227982 ] ] } },
{ "type": "Feature", "properties": { "ID": 1734037, "TIPOVIA": "CALLE", "TIPO": "N/A", "NUMERO": "N/A", "DERE_TRAN": "N/A", "ADMINISTRA": "N/A", "NUME_CARR": "N/A", "CONDICION": "N/A", "ORIGEN": "BCU", "CALI_REPR": "N/A", "CVEGEO": "140500017", "NOMVIAL": "16 DE SEPTIEMBRE", "SENTIDO": "UN SENTIDO", "LONGITUD": 48.54, "UNIDAD": "e14" }, "geometry": { "type": "LineString", "coordinates": [ [ -103.47709, 20.3224348 ], [ -103.4773603, 20.3227937 ] ] } },
{ "type": "Feature", "properties": { "ID": 1734038, "TIPOVIA": "PRIVADA", "TIPO": "N/A", "NUMERO": "N/A", "DERE_TRAN": "N/A", "ADMINISTRA": "N/A", "NUME_CARR": "N/A", "CONDICION": "N/A", "ORIGEN": "BCU", "CALI_REPR": "N/A", "CVEGEO": "140500017", "NOMVIAL": "NINGUNO", "SENTIDO": "UN SENTIDO", "LONGITUD": 64.02, "UNIDAD": "e14" }, "geometry": { "type": "LineString", "coordinates": [ [ -103.4899427, 20.322711 ], [ -103.4904598, 20.3223961 ] ] } },
{ "type": "Feature", "properties": { "ID": 1734039, "TIPOVIA": "AVENIDA", "TIPO": "N/A", "NUMERO": "N/A", "DERE_TRAN": "N/A", "ADMINISTRA": "N/A", "NUME_CARR": "N/A", "CONDICION": "N/A", "ORIGEN": "BCU", "CALI_REPR": "N/A", "CVEGEO": "140500017", "NOMVIAL": "DEL TULE", "SENTIDO": "UN SENTIDO", "LONGITUD": 39.37, "UNIDAD": "e14" }, "geometry": { "type": "LineString", "coordinates": [ [ -103.4897468, 20.3224055 ], [ -103.4899427, 20.322711 ] ] } },
{ "type": "Feature", "properties": { "ID": 1734042, "TIPOVIA": "CALLE", "TIPO": "N/A", "NUMERO": "N/A", "DERE_TRAN": "N/A", "ADMINISTRA": "N/A", "NUME_CARR": "N/A", "CONDICION": "N/A", "ORIGEN": "BCU", "CALI_REPR": "N/A", "CVEGEO": "140500017", "NOMVIAL": "NINGUNO", "SENTIDO": "UN SENTIDO", "LONGITUD": 43.94, "UNIDAD": "e14" }, "geometry": { "type": "LineString", "coordinates": [ [ -103.4778556, 20.3229694 ], [ -103.4781764, 20.3227101 ] ] } },
{ "type": "Feature", "properties": { "ID": 1734043, "TIPOVIA": "CALLE", "TIPO": "N/A", "NUMERO": "N/A", "DERE_TRAN": "N/A", "ADMINISTRA": "N/A", "NUME_CARR": "N/A", "CONDICION": "N/A", "ORIGEN": "BCU", "CALI_REPR": "N/A", "CVEGEO": "140500017", "NOMVIAL": "18 DE MARZO", "SENTIDO": "UN SENTIDO", "LONGITUD": 123.26, "UNIDAD": "e14" }, "geometry": { "type": "LineString", "coordinates": [ [ -103.4778556, 20.3229694 ], [ -103.4771597, 20.3220647 ] ] } },
{ "type": "Feature", "properties": { "ID": 1734044, "TIPOVIA": "CALLE", "TIPO": "N/A", "NUMERO": "N/A", "DERE_TRAN": "N/A", "ADMINISTRA": "N/A", "NUME_CARR": "N/A", "CONDICION": "N/A", "ORIGEN": "BCU", "CALI_REPR": "N/A", "CVEGEO": "140500017", "NOMVIAL": "PROFESOR SIMÓN WILLIAMS", "SENTIDO": "UN SENTIDO", "LONGITUD": 98.25, "UNIDAD": "e14" }, "geometry": { "type": "LineString", "coordinates": [ [ -103.4900609, 20.3228954 ], [ -103.4908599, 20.3224203 ] ] } },
{ "type": "Feature", "properties": { "ID": 1734045, "TIPOVIA": "AVENIDA", "TIPO": "N/A", "NUMERO": "N/A", "DERE_TRAN": "N/A", "ADMINISTRA": "N/A", "NUME_CARR": "N/A", "CONDICION": "N/A", "ORIGEN": "BCU", "CALI_REPR": "N/A", "CVEGEO": "140500017", "NOMVIAL": "DEL TULE", "SENTIDO": "UN SENTIDO", "LONGITUD": 23.76, "UNIDAD": "e14" }, "geometry": { "type": "LineString", "coordinates": [ [ -103.4899427, 20.322711 ], [ -103.4900609, 20.3228954 ] ] } },
{ "type": "Feature", "properties": { "ID": 1734046, "TIPOVIA": "AVENIDA", "TIPO": "N/A", "NUMERO": "N/A", "DERE_TRAN": "N/A", "ADMINISTRA": "N/A", "NUME_CARR": "N/A", "CONDICION": "N/A", "ORIGEN": "BCU", "CALI_REPR": "N/A", "CVEGEO": "140500017", "NOMVIAL": "DEL TRABAJO", "SENTIDO": "UN SENTIDO", "LONGITUD": 55.94, "UNIDAD": "e14" }, "geometry": { "type": "LineString", "coordinates": [ [ -103.4893385, 20.3226573 ], [ -103.4888758, 20.322916 ] ] } },
{ "type": "Feature", "properties": { "ID": 1734047, "TIPOVIA": "CALLE", "TIPO": "N/A", "NUMERO": "N/A", "DERE_TRAN": "N/A", "ADMINISTRA": "N/A", "NUME_CARR": "N/A", "CONDICION": "N/A", "ORIGEN": "BCU", "CALI_REPR": "N/A", "CVEGEO": "140500017", "NOMVIAL": "FRATERNIDAD", "SENTIDO": "UN SENTIDO", "LONGITUD": 187.04, "UNIDAD": "e14" }, "geometry": { "type": "LineString", "coordinates": [ [ -103.4913683, 20.3214998 ], [ -103.4924048, 20.3228858 ] ] } },
{ "type": "Feature", "properties": { "ID": 1734048, "TIPOVIA": "CALLE", "TIPO": "N/A", "NUMERO": "N/A", "DERE_TRAN": "N/A", "ADMINISTRA": "N/A", "NUME_CARR": "N/A", "CONDICION": "N/A", "ORIGEN": "BCU", "CALI_REPR": "N/A", "CVEGEO": "140500017", "NOMVIAL": "LÁZARO CÁRDENAS", "SENTIDO": "UN SENTIDO", "LONGITUD": 52.22, "UNIDAD": "e14" }, "geometry": { "type": "LineString", "coordinates": [ [ -103.4784558, 20.3230402 ], [ -103.4788345, 20.3227292 ] ] } },
{ "type": "Feature", "properties": { "ID": 1734049, "TIPOVIA": "CALLE", "TIPO": "N/A", "NUMERO": "N/A", "DERE_TRAN": "N/A", "ADMINISTRA": "N/A", "NUME_CARR": "N/A", "CONDICION": "N/A", "ORIGEN": "BCU", "CALI_REPR": "N/A", "CVEGEO": "140500017", "NOMVIAL": "21 DE DICIEMBRE", "SENTIDO": "UN SENTIDO", "LONGITUD": 46.58, "UNIDAD": "e14" }, "geometry": { "type": "LineString", "coordinates": [ [ -103.4784558, 20.3230402 ], [ -103.4781764, 20.3227101 ] ] } },
{ "type": "Feature", "properties": { "ID": 1734050, "TIPOVIA": "CALLE", "TIPO": "N/A", "NUMERO": "N/A", "DERE_TRAN": "N/A", "ADMINISTRA": "N/A", "NUME_CARR": "N/A", "CONDICION": "N/A", "ORIGEN": "BCU", "CALI_REPR": "N/A", "CVEGEO": "140500017", "NOMVIAL": "NINGUNO", "SENTIDO": "UN SENTIDO", "LONGITUD": 30.82, "UNIDAD": "e14" }, "geometry": { "type": "LineString", "coordinates": [ [ -103.4776312, 20.323152 ], [ -103.4778556, 20.3229694 ] ] } },
{ "type": "Feature", "properties": { "ID": 1734051, "TIPOVIA": "CALLE", "TIPO": "N/A", "NUMERO": "N/A", "DERE_TRAN": "N/A", "ADMINISTRA": "N/A", "NUME_CARR": "N/A", "CONDICION": "N/A", "ORIGEN": "BCU", "CALI_REPR": "N/A", "CVEGEO": "140500017", "NOMVIAL": "16 DE SEPTIEMBRE", "SENTIDO": "UN SENTIDO", "LONGITUD": 48.53, "UNIDAD": "e14" }, "geometry": { "type": "LineString", "coordinates": [ [ -103.4773603, 20.3227937 ], [ -103.4776312, 20.323152 ] ] } },
{ "type": "Feature", "properties": { "ID": 1734052, "TIPOVIA": "CALLE", "TIPO": "N/A", "NUMERO": "N/A", "DERE_TRAN": "N/A", "ADMINISTRA": "N/A", "NUME_CARR": "N/A", "CONDICION": "N/A", "ORIGEN": "BCU", "CALI_REPR": "N/A", "CVEGEO": "140500017", "NOMVIAL": "21 DE OCTUBRE", "SENTIDO": "UN SENTIDO", "LONGITUD": 85.06, "UNIDAD": "e14" }, "geometry": { "type": "LineString", "coordinates": [ [ -103.4763759, 20.3226684 ], [ -103.4757634, 20.3231794 ] ] } },
{ "type": "Feature", "properties": { "ID": 1734053, "TIPOVIA": "AVENIDA", "TIPO": "N/A", "NUMERO": "N/A", "DERE_TRAN": "N/A", "ADMINISTRA": "N/A", "NUME_CARR": "N/A", "CONDICION": "N/A", "ORIGEN": "BCU", "CALI_REPR": "N/A", "CVEGEO": "140500017", "NOMVIAL": "DEL TRABAJO", "SENTIDO": "UN SENTIDO", "LONGITUD": 43.36, "UNIDAD": "e14" }, "geometry": { "type": "LineString", "coordinates": [ [ -103.4888758, 20.322916 ], [ -103.4885184, 20.3231184 ] ] } },
{ "type": "Feature", "properties": { "ID": 1734054, "TIPOVIA": "CALLE", "TIPO": "N/A", "NUMERO": "N/A", "DERE_TRAN": "N/A", "ADMINISTRA": "N/A", "NUME_CARR": "N/A", "CONDICION": "N/A", "ORIGEN": "BCU", "CALI_REPR": "N/A", "CVEGEO": "140500017", "NOMVIAL": "INSURGENTES", "SENTIDO": "UN SENTIDO", "LONGITUD": 63.96, "UNIDAD": "e14" }, "geometry": { "type": "LineString", "coordinates": [ [ -103.4788345, 20.3227292 ], [ -103.4791754, 20.323212 ] ] } },
{ "type": "Feature", "properties": { "ID": 1734055, "TIPOVIA": "CALLE", "TIPO": "N/A", "NUMERO": "N/A", "DERE_TRAN": "N/A", "ADMINISTRA": "N/A", "NUME_CARR": "N/A", "CONDICION": "N/A", "ORIGEN": "BCU", "CALI_REPR": "N/A", "CVEGEO": "140500017", "NOMVIAL": "PEDRO MORENO", "SENTIDO": "UN SENTIDO", "LONGITUD": 176.39, "UNIDAD": "e14" }, "geometry": { "type": "LineString", "coordinates": [ [ -103.4747909, 20.3233527 ], [ -103.4738322, 20.3220333 ] ] } },
{ "type": "Feature", "properties": { "ID": 1734056, "TIPOVIA": "CALLE", "TIPO": "N/A", "NUMERO": "N/A", "DERE_TRAN": "N/A", "ADMINISTRA": "N/A", "NUME_CARR": "N/A", "CONDICION": "N/A", "ORIGEN": "BCU", "CALI_REPR": "N/A", "CVEGEO": "140500017", "NOMVIAL": "PROFESOR IGNACIO MARTÍNEZ", "SENTIDO": "UN SENTIDO", "LONGITUD": 146.16, "UNIDAD": "e14" }, "geometry": { "type": "LineString", "coordinates": [ [ -103.4903049, 20.3232541 ], [ -103.4914762, 20.3225218 ] ] } },
{ "type": "Feature", "properties": { "ID": 1734057, "TIPOVIA": "AVENIDA", "TIPO": "N/A", "NUMERO": "N/A", "DERE_TRAN": "N/A", "ADMINISTRA": "N/A", "NUME_CARR": "N/A", "CONDICION": "N/A", "ORIGEN": "BCU", "CALI_REPR": "N/A", "CVEGEO": "140500017", "NOMVIAL": "DEL TULE", "SENTIDO": "UN SENTIDO", "LONGITUD": 46.99, "UNIDAD": "e14" }, "geometry": { "type": "LineString", "coordinates": [ [ -103.4900609, 20.3228954 ], [ -103.4903049, 20.3232541 ] ] } },
{ "type": "Feature", "properties": { "ID": 1734058, "TIPOVIA": "AVENIDA", "TIPO": "N/A", "NUMERO": "N/A", "DERE_TRAN": "N/A", "ADMINISTRA": "N/A", "NUME_CARR": "N/A", "CONDICION": "N/A", "ORIGEN": "BCU", "CALI_REPR": "N/A", "CVEGEO": "140500017", "NOMVIAL": "DEL TULE", "SENTIDO": "UN SENTIDO", "LONGITUD": 5.22, "UNIDAD": "e14" }, "geometry": { "type": "LineString", "coordinates": [ [ -103.4903049, 20.3232541 ], [ -103.4903321, 20.3232939 ] ] } },
{ "type": "Feature", "properties": { "ID": 1734059, "TIPOVIA": "CALLE", "TIPO": "N/A", "NUMERO": "N/A", "DERE_TRAN": "N/A", "ADMINISTRA": "N/A", "NUME_CARR": "N/A", "CONDICION": "N/A", "ORIGEN": "BCU", "CALI_REPR": "N/A", "CVEGEO": "140500017", "NOMVIAL": "LÁZARO CÁRDENAS", "SENTIDO": "UN SENTIDO", "LONGITUD": 73.74, "UNIDAD": "e14" }, "geometry": { "type": "LineString", "coordinates": [ [ -103.4779285, 20.3234871 ], [ -103.4784558, 20.3230402 ] ] } },
{ "type": "Feature", "properties": { "ID": 1734060, "TIPOVIA": "CALLE", "TIPO": "N/A", "NUMERO": "N/A", "DERE_TRAN": "N/A", "ADMINISTRA": "N/A", "NUME_CARR": "N/A", "CONDICION": "N/A", "ORIGEN": "BCU", "CALI_REPR": "N/A", "CVEGEO": "140500017", "NOMVIAL": "16 DE SEPTIEMBRE", "SENTIDO": "UN SENTIDO", "LONGITUD": 48.19, "UNIDAD": "e14" }, "geometry": { "type": "LineString", "coordinates": [ [ -103.4776312, 20.323152 ], [ -103.4779285, 20.3234871 ] ] } },
{ "type": "Feature", "properties": { "ID": 1734061, "TIPOVIA": "AVENIDA", "TIPO": "N/A", "NUMERO": "N/A", "DERE_TRAN": "N/A", "ADMINISTRA": "N/A", "NUME_CARR": "N/A", "CONDICION": "N/A", "ORIGEN": "BCU", "CALI_REPR": "N/A", "CVEGEO": "140500017", "NOMVIAL": "DEL TRABAJO", "SENTIDO": "UN SENTIDO", "LONGITUD": 55.51, "UNIDAD": "e14" }, "geometry": { "type": "LineString", "coordinates": [ [ -103.4885184, 20.3231184 ], [ -103.4880687, 20.3233895 ] ] } },
{ "type": "Feature", "properties": { "ID": 1734062, "TIPOVIA": "OTRO", "TIPO": "N/A", "NUMERO": "N/A", "DERE_TRAN": "N/A", "ADMINISTRA": "N/A", "NUME_CARR": "N/A", "CONDICION": "N/A", "ORIGEN": "BCU", "CALI_REPR": "N/A", "CVEGEO": "140500017", "NOMVIAL": "LÍMITE PREDIAL", "SENTIDO": "N/A", "LONGITUD": 276.94, "UNIDAD": "e14" }, "geometry": { "type": "LineString", "coordinates": [ [ -103.4729597, 20.3225847 ], [ -103.4732477, 20.3229615 ], [ -103.473643, 20.322698 ], [ -103.4744284, 20.3236006 ], [ -103.4747909, 20.3233527 ] ] } },
{ "type": "Feature", "properties": { "ID": 1734063, "TIPOVIA": "CALLE", "TIPO": "N/A", "NUMERO": "N/A", "DERE_TRAN": "N/A", "ADMINISTRA": "N/A", "NUME_CARR": "N/A", "CONDICION": "N/A", "ORIGEN": "BCU", "CALI_REPR": "N/A", "CVEGEO": "140500017", "NOMVIAL": "16 DE SEPTIEMBRE", "SENTIDO": "UN SENTIDO", "LONGITUD": 62.52, "UNIDAD": "e14" }, "geometry": { "type": "LineString", "coordinates": [ [ -103.4779285, 20.3234871 ], [ -103.4783169, 20.3239199 ] ] } },
{ "type": "Feature", "properties": { "ID": 1734064, "TIPOVIA": "OTRO", "TIPO": "N/A", "NUMERO": "N/A", "DERE_TRAN": "N/A", "ADMINISTRA": "N/A", "NUME_CARR": "N/A", "CONDICION": "N/A", "ORIGEN": "BCU", "CALI_REPR": "N/A", "CVEGEO": "140500017", "NOMVIAL": "LÍMITE PREDIAL", "SENTIDO": "N/A", "LONGITUD": 202.37, "UNIDAD": "e14" }, "geometry": { "type": "LineString", "coordinates": [ [ -103.4924048, 20.3228858 ], [ -103.4907345, 20.3238266 ] ] } },
{ "type": "Feature", "properties": { "ID": 1734065, "TIPOVIA": "AVENIDA", "TIPO": "N/A", "NUMERO": "N/A", "DERE_TRAN": "N/A", "ADMINISTRA": "N/A", "NUME_CARR": "N/A", "CONDICION": "N/A", "ORIGEN": "BCU", "CALI_REPR": "N/A", "CVEGEO": "140500017", "NOMVIAL": "DEL TULE", "SENTIDO": "UN SENTIDO", "LONGITUD": 72.13, "UNIDAD": "e14" }, "geometry": { "type": "LineString", "coordinates": [ [ -103.4903321, 20.3232939 ], [ -103.4907345, 20.3238266 ] ] } },
{ "type": "Feature", "properties": { "ID": 1734066, "TIPOVIA": "CALLE", "TIPO": "N/A", "NUMERO": "N/A", "DERE_TRAN": "N/A", "ADMINISTRA": "N/A", "NUME_CARR": "N/A", "CONDICION": "N/A", "ORIGEN": "BCU", "CALI_REPR": "N/A", "CVEGEO": "140500017", "NOMVIAL": "12 DE OCTUBRE", "SENTIDO": "UN SENTIDO", "LONGITUD": 152.15, "UNIDAD": "e14" }, "geometry": { "type": "LineString", "coordinates": [ [ -103.4764944, 20.3240203 ], [ -103.4776312, 20.323152 ] ] } },
{ "type": "Feature", "properties": { "ID": 1734067, "TIPOVIA": "CALLE", "TIPO": "N/A", "NUMERO": "N/A", "DERE_TRAN": "N/A", "ADMINISTRA": "N/A", "NUME_CARR": "N/A", "CONDICION": "N/A", "ORIGEN": "BCU", "CALI_REPR": "N/A", "CVEGEO": "140500017", "NOMVIAL": "NINGUNO", "SENTIDO": "UN SENTIDO", "LONGITUD": 45.02, "UNIDAD": "e14" }, "geometry": { "type": "LineString", "coordinates": [ [ -103.4762208, 20.323704 ], [ -103.4764944, 20.3240203 ] ] } },
{ "type": "Feature", "properties": { "ID": 1734068, "TIPOVIA": "CALLE", "TIPO": "N/A", "NUMERO": "N/A", "DERE_TRAN": "N/A", "ADMINISTRA": "N/A", "NUME_CARR": "N/A", "CONDICION": "N/A", "ORIGEN": "BCU", "CALI_REPR": "N/A", "CVEGEO": "140500017", "NOMVIAL": "NINGUNO", "SENTIDO": "UN SENTIDO", "LONGITUD": 459.24, "UNIDAD": "e14" }, "geometry": { "type": "LineString", "coordinates": [ [ -103.4965524, 20.3225162 ], [ -103.4944004, 20.3237209 ], [ -103.4941525, 20.323849 ], [ -103.4937362, 20.3232164 ], [ -103.4930152, 20.3236238 ] ] } },
{ "type": "Feature", "properties": { "ID": 1734069, "TIPOVIA": "CALLE", "TIPO": "N/A", "NUMERO": "N/A", "DERE_TRAN": "N/A", "ADMINISTRA": "N/A", "NUME_CARR": "N/A", "CONDICION": "N/A", "ORIGEN": "BCU", "CALI_REPR": "N/A", "CVEGEO": "140500017", "NOMVIAL": "PROFESOR IGNACIO MARTÍNEZ", "SENTIDO": "UN SENTIDO", "LONGITUD": 46.21, "UNIDAD": "e14" }, "geometry": { "type": "LineString", "coordinates": [ [ -103.4891437, 20.323953 ], [ -103.4895236, 20.3237358 ] ] } },
{ "type": "Feature", "properties": { "ID": 1734070, "TIPOVIA": "CALLE", "TIPO": "N/A", "NUMERO": "N/A", "DERE_TRAN": "N/A", "ADMINISTRA": "N/A", "NUME_CARR": "N/A", "CONDICION": "N/A", "ORIGEN": "BCU", "CALI_REPR": "N/A", "CVEGEO": "140500017", "NOMVIAL": "NINGUNO", "SENTIDO": "UN SENTIDO", "LONGITUD": 112.7, "UNIDAD": "e14" }, "geometry": { "type": "LineString", "coordinates": [ [ -103.4885184, 20.3231184 ], [ -103.4891437, 20.323953 ] ] } },
{ "type": "Feature", "properties": { "ID": 1734071, "TIPOVIA": "CALLE", "TIPO": "N/A", "NUMERO": "N/A", "DERE_TRAN": "N/A", "ADMINISTRA": "N/A", "NUME_CARR": "N/A", "CONDICION": "N/A", "ORIGEN": "BCU", "CALI_REPR": "N/A", "CVEGEO": "140500017", "NOMVIAL": "NINGUNO", "SENTIDO": "UN SENTIDO", "LONGITUD": 50.44, "UNIDAD": "e14" }, "geometry": { "type": "LineString", "coordinates": [ [ -103.4806012, 20.3238422 ], [ -103.4801896, 20.324084 ] ] } },
{ "type": "Feature", "properties": { "ID": 1734072, "TIPOVIA": "OTRO", "TIPO": "N/A", "NUMERO": "N/A", "DERE_TRAN": "N/A", "ADMINISTRA": "N/A", "NUME_CARR": "N/A", "CONDICION": "N/A", "ORIGEN": "BCU", "CALI_REPR": "N/A", "CVEGEO": "140500017", "NOMVIAL": "LÍMITE PREDIAL", "SENTIDO": "N/A", "LONGITUD": 200.11, "UNIDAD": "e14" }, "geometry": { "type": "LineString", "coordinates": [ [ -103.4791078, 20.3225835 ], [ -103.4801896, 20.324084 ] ] } },
{ "type": "Feature", "properties": { "ID": 1734073, "TIPOVIA": "AVENIDA", "TIPO": "N/A", "NUMERO": "N/A", "DERE_TRAN": "N/A", "ADMINISTRA": "N/A", "NUME_CARR": "N/A", "CONDICION": "N/A", "ORIGEN": "BCU", "CALI_REPR": "N/A", "CVEGEO": "140500017", "NOMVIAL": "DEL TRABAJO", "SENTIDO": "UN SENTIDO", "LONGITUD": 75.35, "UNIDAD": "e14" }, "geometry": { "type": "LineString", "coordinates": [ [ -103.4875391, 20.3236935 ], [ -103.4869314, 20.3240653 ] ] } },
{ "type": "Feature", "properties": { "ID": 1734074, "TIPOVIA": "CALLE", "TIPO": "N/A", "NUMERO": "N/A", "DERE_TRAN": "N/A", "ADMINISTRA": "N/A", "NUME_CARR": "N/A", "CONDICION": "N/A", "ORIGEN": "BCU", "CALI_REPR": "N/A", "CVEGEO": "140500017", "NOMVIAL": "IGNACIO MARTÍNEZ", "SENTIDO": "UN SENTIDO", "LONGITUD": 68.6, "UNIDAD": "e14" }, "geometry": { "type": "LineString", "coordinates": [ [ -103.4869314, 20.3240653 ], [ -103.4865843, 20.3235364 ] ] } },
{ "type": "Feature", "properties": { "ID": 1734075, "TIPOVIA": "CALLE", "TIPO": "N/A", "NUMERO": "N/A", "DERE_TRAN": "N/A", "ADMINISTRA": "N/A", "NUME_CARR": "N/A", "CONDICION": "N/A", "ORIGEN": "BCU", "CALI_REPR": "N/A", "CVEGEO": "140500017", "NOMVIAL": "RAMÓN CORONA", "SENTIDO": "UN SENTIDO", "LONGITUD": 35.89, "UNIDAD": "e14" }, "geometry": { "type": "LineString", "coordinates": [ [ -103.4792347, 20.3239392 ], [ -103.47948, 20.3241681 ] ] } },
{ "type": "Feature", "properties": { "ID": 1734076, "TIPOVIA": "CALLE", "TIPO": "N/A", "NUMERO": "N/A", "DERE_TRAN": "N/A", "ADMINISTRA": "N/A", "NUME_CARR": "N/A", "CONDICION": "N/A", "ORIGEN": "BCU", "CALI_REPR": "N/A", "CVEGEO": "140500017", "NOMVIAL": "VENUSTIANO CARRANZA", "SENTIDO": "UN SENTIDO", "LONGITUD": 38.22, "UNIDAD": "e14" }, "geometry": { "type": "LineString", "coordinates": [ [ -103.4840242, 20.3241251 ], [ -103.483834, 20.3238285 ] ] } },
{ "type": "Feature", "properties": { "ID": 1734077, "TIPOVIA": "AVENIDA", "TIPO": "N/A", "NUMERO": "N/A", "DERE_TRAN": "N/A", "ADMINISTRA": "N/A", "NUME_CARR": "N/A", "CONDICION": "N/A", "ORIGEN": "BCU", "CALI_REPR": "N/A", "CVEGEO": "140500017", "NOMVIAL": "DEL TRABAJO", "SENTIDO": "UN SENTIDO", "LONGITUD": 6.95, "UNIDAD": "e14" }, "geometry": { "type": "LineString", "coordinates": [ [ -103.4869314, 20.3240653 ], [ -103.4868753, 20.3240997 ] ] } },
{ "type": "Feature", "properties": { "ID": 1734079, "TIPOVIA": "CALLE", "TIPO": "N/A", "NUMERO": "N/A", "DERE_TRAN": "N/A", "ADMINISTRA": "N/A", "NUME_CARR": "N/A", "CONDICION": "N/A", "ORIGEN": "BCU", "CALI_REPR": "N/A", "CVEGEO": "140500017", "NOMVIAL": "NINGUNO", "SENTIDO": "UN SENTIDO", "LONGITUD": 27.99, "UNIDAD": "e14" }, "geometry": { "type": "LineString", "coordinates": [ [ -103.4801896, 20.324084 ], [ -103.4799579, 20.3242131 ] ] } },
{ "type": "Feature", "properties": { "ID": 1734080, "TIPOVIA": "CALLE", "TIPO": "N/A", "NUMERO": "N/A", "DERE_TRAN": "N/A", "ADMINISTRA": "N/A", "NUME_CARR": "N/A", "CONDICION": "N/A", "ORIGEN": "BCU", "CALI_REPR": "N/A", "CVEGEO": "140500017", "NOMVIAL": "INSURGENTES", "SENTIDO": "UN SENTIDO", "LONGITUD": 137.16, "UNIDAD": "e14" }, "geometry": { "type": "LineString", "coordinates": [ [ -103.4791754, 20.323212 ], [ -103.4799579, 20.3242131 ] ] } },
{ "type": "Feature", "properties": { "ID": 1734081, "TIPOVIA": "CALLE", "TIPO": "N/A", "NUMERO": "N/A", "DERE_TRAN": "N/A", "ADMINISTRA": "N/A", "NUME_CARR": "N/A", "CONDICION": "N/A", "ORIGEN": "BCU", "CALI_REPR": "N/A", "CVEGEO": "140500017", "NOMVIAL": "PROFESOR IGNACIO MARTÍNEZ", "SENTIDO": "UN SENTIDO", "LONGITUD": 53.3, "UNIDAD": "e14" }, "geometry": { "type": "LineString", "coordinates": [ [ -103.4887103, 20.324211 ], [ -103.4891437, 20.323953 ] ] } },
{ "type": "Feature", "properties": { "ID": 1734082, "TIPOVIA": "CALLE", "TIPO": "N/A", "NUMERO": "N/A", "DERE_TRAN": "N/A", "ADMINISTRA": "N/A", "NUME_CARR": "N/A", "CONDICION": "N/A", "ORIGEN": "BCU", "CALI_REPR": "N/A", "CVEGEO": "140500017", "NOMVIAL": "FRANCISCO BOCANEGRA", "SENTIDO": "UN SENTIDO", "LONGITUD": 53.34, "UNIDAD": "e14" }, "geometry": { "type": "LineString", "coordinates": [ [ -103.4887103, 20.324211 ], [ -103.4884101, 20.3238188 ] ] } },
{ "type": "Feature", "properties": { "ID": 1734083, "TIPOVIA": "CALLE", "TIPO": "N/A", "NUMERO": "N/A", "DERE_TRAN": "N/A", "ADMINISTRA": "N/A", "NUME_CARR": "N/A", "CONDICION": "N/A", "ORIGEN": "BCU", "CALI_REPR": "N/A", "CVEGEO": "140500017", "NOMVIAL": "NINGUNO", "SENTIDO": "UN SENTIDO", "LONGITUD": 108.91, "UNIDAD": "e14" }, "geometry": { "type": "LineString", "coordinates": [ [ -103.4818139, 20.3237917 ], [ -103.4809099, 20.32429 ] ] } },
{ "type": "Feature", "properties": { "ID": 1734084, "TIPOVIA": "CALLE", "TIPO": "N/A", "NUMERO": "N/A", "DERE_TRAN": "N/A", "ADMINISTRA": "N/A", "NUME_CARR": "N/A", "CONDICION": "N/A", "ORIGEN": "BCU", "CALI_REPR": "N/A", "CVEGEO": "140500017", "NOMVIAL": "EMILIANO ZAPATA", "SENTIDO": "UN SENTIDO", "LONGITUD": 58.9, "UNIDAD": "e14" }, "geometry": { "type": "LineString", "coordinates": [ [ -103.4809099, 20.32429 ], [ -103.4806012, 20.3238422 ] ] } },
{ "type": "Feature", "properties": { "ID": 1734085, "TIPOVIA": "CALLE", "TIPO": "N/A", "NUMERO": "N/A", "DERE_TRAN": "N/A", "ADMINISTRA": "N/A", "NUME_CARR": "N/A", "CONDICION": "N/A", "ORIGEN": "BCU", "CALI_REPR": "N/A", "CVEGEO": "140500017", "NOMVIAL": "16 DE SEPTIEMBRE", "SENTIDO": "UN SENTIDO", "LONGITUD": 60.51, "UNIDAD": "e14" }, "geometry": { "type": "LineString", "coordinates": [ [ -103.4783169, 20.3239199 ], [ -103.4787179, 20.3243174 ] ] } },
{ "type": "Feature", "properties": { "ID": 1734086, "TIPOVIA": "OTRO", "TIPO": "N/A", "NUMERO": "N/A", "DERE_TRAN": "N/A", "ADMINISTRA": "N/A", "NUME_CARR": "N/A", "CONDICION": "N/A", "ORIGEN": "BCU", "CALI_REPR": "N/A", "CVEGEO": "140500017", "NOMVIAL": "LÍMITE PREDIAL", "SENTIDO": "N/A", "LONGITUD": 65.75, "UNIDAD": "e14" }, "geometry": { "type": "LineString", "coordinates": [ [ -103.4818139, 20.3237917 ], [ -103.4821646, 20.3242878 ] ] } },
{ "type": "Feature", "properties": { "ID": 1734087, "TIPOVIA": "CALLE", "TIPO": "N/A", "NUMERO": "N/A", "DERE_TRAN": "N/A", "ADMINISTRA": "N/A", "NUME_CARR": "N/A", "CONDICION": "N/A", "ORIGEN": "BCU", "CALI_REPR": "N/A", "CVEGEO": "140500017", "NOMVIAL": "LIBERTAD", "SENTIDO": "UN SENTIDO", "LONGITUD": 67.74, "UNIDAD": "e14" }, "geometry": { "type": "LineString", "coordinates": [ [ -103.4792347, 20.3239392 ], [ -103.4787482, 20.3243475 ] ] } },
{ "type": "Feature", "properties": { "ID": 1734088, "TIPOVIA": "CALLE", "TIPO": "N/A", "NUMERO": "N/A", "DERE_TRAN": "N/A", "ADMINISTRA": "N/A", "NUME_CARR": "N/A", "CONDICION": "N/A", "ORIGEN": "BCU", "CALI_REPR": "N/A", "CVEGEO": "140500017", "NOMVIAL": "16 DE SEPTIEMBRE", "SENTIDO": "UN SENTIDO", "LONGITUD": 4.57, "UNIDAD": "e14" }, "geometry": { "type": "LineString", "coordinates": [ [ -103.4787179, 20.3243174 ], [ -103.4787482, 20.3243475 ] ] } },
{ "type": "Feature", "properties": { "ID": 1734089, "TIPOVIA": "CALLE", "TIPO": "N/A", "NUMERO": "N/A", "DERE_TRAN": "N/A", "ADMINISTRA": "N/A", "NUME_CARR": "N/A", "CONDICION": "N/A", "ORIGEN": "BCU", "CALI_REPR": "N/A", "CVEGEO": "140500017", "NOMVIAL": "DOCTOR SIMÓN WILIANS", "SENTIDO": "UN SENTIDO", "LONGITUD": 99.12, "UNIDAD": "e14" }, "geometry": { "type": "LineString", "coordinates": [ [ -103.4884101, 20.3238188 ], [ -103.4875889, 20.3242747 ] ] } },
{ "type": "Feature", "properties": { "ID": 1734090, "TIPOVIA": "CALLE", "TIPO": "N/A", "NUMERO": "N/A", "DERE_TRAN": "N/A", "ADMINISTRA": "N/A", "NUME_CARR": "N/A", "CONDICION": "N/A", "ORIGEN": "BCU", "CALI_REPR": "N/A", "CVEGEO": "140500017", "NOMVIAL": "RAMÓN CORONA", "SENTIDO": "UN SENTIDO", "LONGITUD": 28.21, "UNIDAD": "e14" }, "geometry": { "type": "LineString", "coordinates": [ [ -103.47948, 20.3241681 ], [ -103.4796673, 20.3243532 ] ] } },
{ "type": "Feature", "properties": { "ID": 1734091, "TIPOVIA": "CALLE", "TIPO": "N/A", "NUMERO": "N/A", "DERE_TRAN": "N/A", "ADMINISTRA": "N/A", "NUME_CARR": "N/A", "CONDICION": "N/A", "ORIGEN": "BCU", "CALI_REPR": "N/A", "CVEGEO": "140500017", "NOMVIAL": "EMILIANO ZAPATA", "SENTIDO": "UN SENTIDO", "LONGITUD": 9.49, "UNIDAD": "e14" }, "geometry": { "type": "LineString", "coordinates": [ [ -103.4809213, 20.3243754 ], [ -103.4809099, 20.32429 ] ] } },
{ "type": "Feature", "properties": { "ID": 1734092, "TIPOVIA": "CALLE", "TIPO": "N/A", "NUMERO": "N/A", "DERE_TRAN": "N/A", "ADMINISTRA": "N/A", "NUME_CARR": "N/A", "CONDICION": "N/A", "ORIGEN": "BCU", "CALI_REPR": "N/A", "CVEGEO": "140500017", "NOMVIAL": "LÁZARO CÁRDENAS", "SENTIDO": "UN SENTIDO", "LONGITUD": 152.57, "UNIDAD": "e14" }, "geometry": { "type": "LineString", "coordinates": [ [ -103.4768437, 20.3244183 ], [ -103.4779285, 20.3234871 ] ] } },
{ "type": "Feature", "properties": { "ID": 1734093, "TIPOVIA": "CALLE", "TIPO": "N/A", "NUMERO": "N/A", "DERE_TRAN": "N/A", "ADMINISTRA": "N/A", "NUME_CARR": "N/A", "CONDICION": "N/A", "ORIGEN": "BCU", "CALI_REPR": "N/A", "CVEGEO": "140500017", "NOMVIAL": "NINGUNO", "SENTIDO": "UN SENTIDO", "LONGITUD": 56.97, "UNIDAD": "e14" }, "geometry": { "type": "LineString", "coordinates": [ [ -103.4764944, 20.3240203 ], [ -103.4768437, 20.3244183 ] ] } },
{ "type": "Feature", "properties": { "ID": 1734094, "TIPOVIA": "OTRO", "TIPO": "N/A", "NUMERO": "N/A", "DERE_TRAN": "N/A", "ADMINISTRA": "N/A", "NUME_CARR": "N/A", "CONDICION": "N/A", "ORIGEN": "BCU", "CALI_REPR": "N/A", "CVEGEO": "140500017", "NOMVIAL": "LÍMITE PREDIAL", "SENTIDO": "N/A", "LONGITUD": 116.96, "UNIDAD": "e14" }, "geometry": { "type": "LineString", "coordinates": [ [ -103.4828794, 20.3243889 ], [ -103.483834, 20.3238285 ] ] } },
{ "type": "Feature", "properties": { "ID": 1734095, "TIPOVIA": "CALLE", "TIPO": "N/A", "NUMERO": "N/A", "DERE_TRAN": "N/A", "ADMINISTRA": "N/A", "NUME_CARR": "N/A", "CONDICION": "N/A", "ORIGEN": "BCU", "CALI_REPR": "N/A", "CVEGEO": "140500017", "NOMVIAL": "FRANCISCO VILLA", "SENTIDO": "UN SENTIDO", "LONGITUD": 43.58, "UNIDAD": "e14" }, "geometry": { "type": "LineString", "coordinates": [ [ -103.4828794, 20.3243889 ], [ -103.4824666, 20.3243215 ] ] } },
{ "type": "Feature", "properties": { "ID": 1734096, "TIPOVIA": "OTRO", "TIPO": "N/A", "NUMERO": "N/A", "DERE_TRAN": "N/A", "ADMINISTRA": "N/A", "NUME_CARR": "N/A", "CONDICION": "N/A", "ORIGEN": "BCU", "CALI_REPR": "N/A", "CVEGEO": "140500017", "NOMVIAL": "LÍMITE PREDIAL", "SENTIDO": "N/A", "LONGITUD": 42.39, "UNIDAD": "e14" }, "geometry": { "type": "LineString", "coordinates": [ [ -103.4821646, 20.3242878 ], [ -103.4822454, 20.3244209 ], [ -103.4824666, 20.3243215 ] ] } },
{ "type": "Feature", "properties": { "ID": 1734097, "TIPOVIA": "CALLE", "TIPO": "N/A", "NUMERO": "N/A", "DERE_TRAN": "N/A", "ADMINISTRA": "N/A", "NUME_CARR": "N/A", "CONDICION": "N/A", "ORIGEN": "BCU", "CALI_REPR": "N/A", "CVEGEO": "140500017", "NOMVIAL": "VENUSTIANO CARRANZA", "SENTIDO": "UN SENTIDO", "LONGITUD": 44.76, "UNIDAD": "e14" }, "geometry": { "type": "LineString", "coordinates": [ [ -103.4842638, 20.3244623 ], [ -103.4840242, 20.3241251 ] ] } },
{ "type": "Feature", "properties": { "ID": 1734098, "TIPOVIA": "CALLE", "TIPO": "N/A", "NUMERO": "N/A", "DERE_TRAN": "N/A", "ADMINISTRA": "N/A", "NUME_CARR": "N/A", "CONDICION": "N/A", "ORIGEN": "BCU", "CALI_REPR": "N/A", "CVEGEO": "140500017", "NOMVIAL": "PROFESOR IGNACIO MARTÍNEZ", "SENTIDO": "UN SENTIDO", "LONGITUD": 52.95, "UNIDAD": "e14" }, "geometry": { "type": "LineString", "coordinates": [ [ -103.488278, 20.3244646 ], [ -103.4887103, 20.324211 ] ] } },
{ "type": "Feature", "properties": { "ID": 1734099, "TIPOVIA": "CALLE", "TIPO": "N/A", "NUMERO": "N/A", "DERE_TRAN": "N/A", "ADMINISTRA": "N/A", "NUME_CARR": "N/A", "CONDICION": "N/A", "ORIGEN": "BCU", "CALI_REPR": "N/A", "CVEGEO": "140500017", "NOMVIAL": "DOCTOR SIMÓN WILIANS", "SENTIDO": "UN SENTIDO", "LONGITUD": 50.4, "UNIDAD": "e14" }, "geometry": { "type": "LineString", "coordinates": [ [ -103.4875889, 20.3242747 ], [ -103.4871682, 20.3245016 ] ] } },
{ "type": "Feature", "properties": { "ID": 1734100, "TIPOVIA": "CALLE", "TIPO": "N/A", "NUMERO": "N/A", "DERE_TRAN": "N/A", "ADMINISTRA": "N/A", "NUME_CARR": "N/A", "CONDICION": "N/A", "ORIGEN": "BCU", "CALI_REPR": "N/A", "CVEGEO": "140500017", "NOMVIAL": "INGENIERO BERNARDO QUINTANA", "SENTIDO": "UN SENTIDO", "LONGITUD": 53.78, "UNIDAD": "e14" }, "geometry": { "type": "LineString", "coordinates": [ [ -103.4868753, 20.3240997 ], [ -103.4871682, 20.3245016 ] ] } },
{ "type": "Feature", "properties": { "ID": 1734103, "TIPOVIA": "CALLE", "TIPO": "N/A", "NUMERO": "N/A", "DERE_TRAN": "N/A", "ADMINISTRA": "N/A", "NUME_CARR": "N/A", "CONDICION": "N/A", "ORIGEN": "BCU", "CALI_REPR": "N/A", "CVEGEO": "140500017", "NOMVIAL": "5 DE MAYO", "SENTIDO": "UN SENTIDO", "LONGITUD": 72.48, "UNIDAD": "e14" }, "geometry": { "type": "LineString", "coordinates": [ [ -103.4789676, 20.3246137 ], [ -103.47948, 20.3241681 ] ] } },
{ "type": "Feature", "properties": { "ID": 1734104, "TIPOVIA": "CALLE", "TIPO": "N/A", "NUMERO": "N/A", "DERE_TRAN": "N/A", "ADMINISTRA": "N/A", "NUME_CARR": "N/A", "CONDICION": "N/A", "ORIGEN": "BCU", "CALI_REPR": "N/A", "CVEGEO": "140500017", "NOMVIAL": "16 DE SEPTIEMBRE", "SENTIDO": "UN SENTIDO", "LONGITUD": 37.18, "UNIDAD": "e14" }, "geometry": { "type": "LineString", "coordinates": [ [ -103.4787482, 20.3243475 ], [ -103.4789676, 20.3246137 ] ] } },
{ "type": "Feature", "properties": { "ID": 1734105, "TIPOVIA": "CALLE", "TIPO": "N/A", "NUMERO": "N/A", "DERE_TRAN": "N/A", "ADMINISTRA": "N/A", "NUME_CARR": "N/A", "CONDICION": "N/A", "ORIGEN": "BCU", "CALI_REPR": "N/A", "CVEGEO": "140500017", "NOMVIAL": "NINGUNO", "SENTIDO": "UN SENTIDO", "LONGITUD": 104.53, "UNIDAD": "e14" }, "geometry": { "type": "LineString", "coordinates": [ [ -103.4757388, 20.3246452 ], [ -103.4760528, 20.3243798 ], [ -103.4764944, 20.3240203 ] ] } },
{ "type": "Feature", "properties": { "ID": 1734106, "TIPOVIA": "CALLE", "TIPO": "N/A", "NUMERO": "N/A", "DERE_TRAN": "N/A", "ADMINISTRA": "N/A", "NUME_CARR": "N/A", "CONDICION": "N/A", "ORIGEN": "BCU", "CALI_REPR": "N/A", "CVEGEO": "140500017", "NOMVIAL": "PEDRO MORENO", "SENTIDO": "UN SENTIDO", "LONGITUD": 118.62, "UNIDAD": "e14" }, "geometry": { "type": "LineString", "coordinates": [ [ -103.4757388, 20.3246452 ], [ -103.4750965, 20.3237564 ] ] } },
{ "type": "Feature", "properties": { "ID": 1734110, "TIPOVIA": "CALLE", "TIPO": "N/A", "NUMERO": "N/A", "DERE_TRAN": "N/A", "ADMINISTRA": "N/A", "NUME_CARR": "N/A", "CONDICION": "N/A", "ORIGEN": "BCU", "CALI_REPR": "N/A", "CVEGEO": "140500017", "NOMVIAL": "NINGUNO", "SENTIDO": "UN SENTIDO", "LONGITUD": 114.07, "UNIDAD": "e14" }, "geometry": { "type": "LineString", "coordinates": [ [ -103.4831133, 20.3247012 ], [ -103.4840242, 20.3241251 ] ] } },
{ "type": "Feature", "properties": { "ID": 1734111, "TIPOVIA": "CALLE", "TIPO": "N/A", "NUMERO": "N/A", "DERE_TRAN": "N/A", "ADMINISTRA": "N/A", "NUME_CARR": "N/A", "CONDICION": "N/A", "ORIGEN": "BCU", "CALI_REPR": "N/A", "CVEGEO": "140500017", "NOMVIAL": "FRANCISCO VILLA", "SENTIDO": "UN SENTIDO", "LONGITUD": 42.16, "UNIDAD": "e14" }, "geometry": { "type": "LineString", "coordinates": [ [ -103.4831133, 20.3247012 ], [ -103.4828794, 20.3243889 ] ] } },
{ "type": "Feature", "properties": { "ID": 1734112, "TIPOVIA": "CALLE", "TIPO": "N/A", "NUMERO": "N/A", "DERE_TRAN": "N/A", "ADMINISTRA": "N/A", "NUME_CARR": "N/A", "CONDICION": "N/A", "ORIGEN": "BCU", "CALI_REPR": "N/A", "CVEGEO": "140500017", "NOMVIAL": "PEDRO MORENO", "SENTIDO": "UN SENTIDO", "LONGITUD": 17.92, "UNIDAD": "e14" }, "geometry": { "type": "LineString", "coordinates": [ [ -103.4758305, 20.3247828 ], [ -103.4757388, 20.3246452 ] ] } },
{ "type": "Feature", "properties": { "ID": 1734113, "TIPOVIA": "CALLE", "TIPO": "N/A", "NUMERO": "N/A", "DERE_TRAN": "N/A", "ADMINISTRA": "N/A", "NUME_CARR": "N/A", "CONDICION": "N/A", "ORIGEN": "BCU", "CALI_REPR": "N/A", "CVEGEO": "140500017", "NOMVIAL": "PÍPILA", "SENTIDO": "UN SENTIDO", "LONGITUD": 68.09, "UNIDAD": "e14" }, "geometry": { "type": "LineString", "coordinates": [ [ -103.4828794, 20.3243889 ], [ -103.482333, 20.3247289 ] ] } },
{ "type": "Feature", "properties": { "ID": 1734114, "TIPOVIA": "CALLE", "TIPO": "N/A", "NUMERO": "N/A", "DERE_TRAN": "N/A", "ADMINISTRA": "N/A", "NUME_CARR": "N/A", "CONDICION": "N/A", "ORIGEN": "BCU", "CALI_REPR": "N/A", "CVEGEO": "140500017", "NOMVIAL": "RAMÓN CORONA", "SENTIDO": "UN SENTIDO", "LONGITUD": 57.96, "UNIDAD": "e14" }, "geometry": { "type": "LineString", "coordinates": [ [ -103.4796673, 20.3243532 ], [ -103.4800196, 20.3247604 ] ] } },
{ "type": "Feature", "properties": { "ID": 1734115, "TIPOVIA": "CALLE", "TIPO": "N/A", "NUMERO": "N/A", "DERE_TRAN": "N/A", "ADMINISTRA": "N/A", "NUME_CARR": "N/A", "CONDICION": "N/A", "ORIGEN": "BCU", "CALI_REPR": "N/A", "CVEGEO": "140500017", "NOMVIAL": "DAVID MIRANDA", "SENTIDO": "UN SENTIDO", "LONGITUD": 193.09, "UNIDAD": "e14" }, "geometry": { "type": "LineString", "coordinates": [ [ -103.4844574, 20.3247264 ], [ -103.4860448, 20.3238188 ] ] } },
{ "type": "Feature", "properties": { "ID": 1734116, "TIPOVIA": "CALLE", "TIPO": "N/A", "NUMERO": "N/A", "DERE_TRAN": "N/A", "ADMINISTRA": "N/A", "NUME_CARR": "N/A", "CONDICION": "N/A", "ORIGEN": "BCU", "CALI_REPR": "N/A", "CVEGEO": "140500017", "NOMVIAL": "VENUSTIANO CARRANZA", "SENTIDO": "UN SENTIDO", "LONGITUD": 35.4, "UNIDAD": "e14" }, "geometry": { "type": "LineString", "coordinates": [ [ -103.4844574, 20.3247264 ], [ -103.4842638, 20.3244623 ] ] } },
{ "type": "Feature", "properties": { "ID": 1734117, "TIPOVIA": "CALLE", "TIPO": "N/A", "NUMERO": "N/A", "DERE_TRAN": "N/A", "ADMINISTRA": "N/A", "NUME_CARR": "N/A", "CONDICION": "N/A", "ORIGEN": "BCU", "CALI_REPR": "N/A", "CVEGEO": "140500017", "NOMVIAL": "SANTA ISABEL", "SENTIDO": "UN SENTIDO", "LONGITUD": 111.23, "UNIDAD": "e14" }, "geometry": { "type": "LineString", "coordinates": [ [ -103.4821646, 20.3242878 ], [ -103.4812316, 20.3247805 ] ] } },
{ "type": "Feature", "properties": { "ID": 1734118, "TIPOVIA": "CALLE", "TIPO": "N/A", "NUMERO": "N/A", "DERE_TRAN": "N/A", "ADMINISTRA": "N/A", "NUME_CARR": "N/A", "CONDICION": "N/A", "ORIGEN": "BCU", "CALI_REPR": "N/A", "CVEGEO": "140500017", "NOMVIAL": "EMILIANO ZAPATA", "SENTIDO": "UN SENTIDO", "LONGITUD": 55.1, "UNIDAD": "e14" }, "geometry": { "type": "LineString", "coordinates": [ [ -103.4812316, 20.3247805 ], [ -103.4809213, 20.3243754 ] ] } },
{ "type": "Feature", "properties": { "ID": 1734119, "TIPOVIA": "CALLE", "TIPO": "N/A", "NUMERO": "N/A", "DERE_TRAN": "N/A", "ADMINISTRA": "N/A", "NUME_CARR": "N/A", "CONDICION": "N/A", "ORIGEN": "BCU", "CALI_REPR": "N/A", "CVEGEO": "140500017", "NOMVIAL": "FRANCISCO BOCANEGRA", "SENTIDO": "UN SENTIDO", "LONGITUD": 71.0, "UNIDAD": "e14" }, "geometry": { "type": "LineString", "coordinates": [ [ -103.4890746, 20.3247554 ], [ -103.4887103, 20.324211 ] ] } },
{ "type": "Feature", "properties": { "ID": 1734123, "TIPOVIA": "CALLE", "TIPO": "N/A", "NUMERO": "N/A", "DERE_TRAN": "N/A", "ADMINISTRA": "N/A", "NUME_CARR": "N/A", "CONDICION": "N/A", "ORIGEN": "BCU", "CALI_REPR": "N/A", "CVEGEO": "140500017", "NOMVIAL": "INGENIERO BERNARDO QUINTANA", "SENTIDO": "UN SENTIDO", "LONGITUD": 53.0, "UNIDAD": "e14" }, "geometry": { "type": "LineString", "coordinates": [ [ -103.4871682, 20.3245016 ], [ -103.487457, 20.3248977 ] ] } },
{ "type": "Feature", "properties": { "ID": 1734126, "TIPOVIA": "CALLE", "TIPO": "N/A", "NUMERO": "N/A", "DERE_TRAN": "N/A", "ADMINISTRA": "N/A", "NUME_CARR": "N/A", "CONDICION": "N/A", "ORIGEN": "BCU", "CALI_REPR": "N/A", "CVEGEO": "140500017", "NOMVIAL": "SANTA ISABEL", "SENTIDO": "UN SENTIDO", "LONGITUD": 45.02, "UNIDAD": "e14" }, "geometry": { "type": "LineString", "coordinates": [ [ -103.4812316, 20.3247805 ], [ -103.4808722, 20.3250081 ] ] } },
{ "type": "Feature", "properties": { "ID": 1734127, "TIPOVIA": "CALLE", "TIPO": "N/A", "NUMERO": "N/A", "DERE_TRAN": "N/A", "ADMINISTRA": "N/A", "NUME_CARR": "N/A", "CONDICION": "N/A", "ORIGEN": "BCU", "CALI_REPR": "N/A", "CVEGEO": "140500017", "NOMVIAL": "LA PAZ", "SENTIDO": "UN SENTIDO", "LONGITUD": 112.39, "UNIDAD": "e14" }, "geometry": { "type": "LineString", "coordinates": [ [ -103.4842638, 20.3244623 ], [ -103.4833585, 20.3250187 ] ] } },
{ "type": "Feature", "properties": { "ID": 1734128, "TIPOVIA": "CALLE", "TIPO": "N/A", "NUMERO": "N/A", "DERE_TRAN": "N/A", "ADMINISTRA": "N/A", "NUME_CARR": "N/A", "CONDICION": "N/A", "ORIGEN": "BCU", "CALI_REPR": "N/A", "CVEGEO": "140500017", "NOMVIAL": "FRANCISCO VILLA", "SENTIDO": "UN SENTIDO", "LONGITUD": 43.31, "UNIDAD": "e14" }, "geometry": { "type": "LineString", "coordinates": [ [ -103.4833585, 20.3250187 ], [ -103.4831133, 20.3247012 ] ] } },
{ "type": "Feature", "properties": { "ID": 1734129, "TIPOVIA": "CALLE", "TIPO": "N/A", "NUMERO": "N/A", "DERE_TRAN": "N/A", "ADMINISTRA": "N/A", "NUME_CARR": "N/A", "CONDICION": "N/A", "ORIGEN": "BCU", "CALI_REPR": "N/A", "CVEGEO": "140500017", "NOMVIAL": "JUAN ESCUTIA", "SENTIDO": "UN SENTIDO", "LONGITUD": 84.07, "UNIDAD": "e14" }, "geometry": { "type": "LineString", "coordinates": [ [ -103.4793982, 20.325064 ], [ -103.4794946, 20.3248611 ], [ -103.4795518, 20.3245565 ], [ -103.4796673, 20.3243532 ] ] } },
{ "type": "Feature", "properties": { "ID": 1734130, "TIPOVIA": "CALLE", "TIPO": "N/A", "NUMERO": "N/A", "DERE_TRAN": "N/A", "ADMINISTRA": "N/A", "NUME_CARR": "N/A", "CONDICION": "N/A", "ORIGEN": "BCU", "CALI_REPR": "N/A", "CVEGEO": "140500017", "NOMVIAL": "16 DE SEPTIEMBRE", "SENTIDO": "UN SENTIDO", "LONGITUD": 66.95, "UNIDAD": "e14" }, "geometry": { "type": "LineString", "coordinates": [ [ -103.4789676, 20.3246137 ], [ -103.4790893, 20.3247613 ], [ -103.4793982, 20.325064 ] ] } },
{ "type": "Feature", "properties": { "ID": 1734131, "TIPOVIA": "CALLE", "TIPO": "N/A", "NUMERO": "N/A", "DERE_TRAN": "N/A", "ADMINISTRA": "N/A", "NUME_CARR": "N/A", "CONDICION": "N/A", "ORIGEN": "BCU", "CALI_REPR": "N/A", "CVEGEO": "140500017", "NOMVIAL": "PROFESOR DAVID RAMOS", "SENTIDO": "UN SENTIDO", "LONGITUD": 24.7, "UNIDAD": "e14" }, "geometry": { "type": "LineString", "coordinates": [ [ -103.4880728, 20.3249802 ], [ -103.4882767, 20.3248652 ] ] } },
{ "type": "Feature", "properties": { "ID": 1734132, "TIPOVIA": "CALLE", "TIPO": "N/A", "NUMERO": "N/A", "DERE_TRAN": "N/A", "ADMINISTRA": "N/A", "NUME_CARR": "N/A", "CONDICION": "N/A", "ORIGEN": "BCU", "CALI_REPR": "N/A", "CVEGEO": "140500017", "NOMVIAL": "NINGUNO", "SENTIDO": "UN SENTIDO", "LONGITUD": 92.66, "UNIDAD": "e14" }, "geometry": { "type": "LineString", "coordinates": [ [ -103.4880728, 20.3249802 ], [ -103.4875889, 20.3242747 ] ] } },
{ "type": "Feature", "properties": { "ID": 1734133, "TIPOVIA": "CALLE", "TIPO": "N/A", "NUMERO": "N/A", "DERE_TRAN": "N/A", "ADMINISTRA": "N/A", "NUME_CARR": "N/A", "CONDICION": "N/A", "ORIGEN": "BCU", "CALI_REPR": "N/A", "CVEGEO": "140500017", "NOMVIAL": "LÁZARO CÁRDENAS", "SENTIDO": "UN SENTIDO", "LONGITUD": 110.94, "UNIDAD": "e14" }, "geometry": { "type": "LineString", "coordinates": [ [ -103.4760712, 20.325112 ], [ -103.4768437, 20.3244183 ] ] } },
{ "type": "Feature", "properties": { "ID": 1734134, "TIPOVIA": "CALLE", "TIPO": "N/A", "NUMERO": "N/A", "DERE_TRAN": "N/A", "ADMINISTRA": "N/A", "NUME_CARR": "N/A", "CONDICION": "N/A", "ORIGEN": "BCU", "CALI_REPR": "N/A", "CVEGEO": "140500017", "NOMVIAL": "PEDRO MORENO", "SENTIDO": "UN SENTIDO", "LONGITUD": 44.1, "UNIDAD": "e14" }, "geometry": { "type": "LineString", "coordinates": [ [ -103.4760712, 20.325112 ], [ -103.4758305, 20.3247828 ] ] } },
{ "type": "Feature", "properties": { "ID": 1734135, "TIPOVIA": "CALLE", "TIPO": "N/A", "NUMERO": "N/A", "DERE_TRAN": "N/A", "ADMINISTRA": "N/A", "NUME_CARR": "N/A", "CONDICION": "N/A", "ORIGEN": "BCU", "CALI_REPR": "N/A", "CVEGEO": "140500017", "NOMVIAL": "RAMÓN CORONA", "SENTIDO": "UN SENTIDO", "LONGITUD": 45.42, "UNIDAD": "e14" }, "geometry": { "type": "LineString", "coordinates": [ [ -103.4800196, 20.3247604 ], [ -103.4801971, 20.324927 ], [ -103.4803023, 20.3250721 ] ] } },
{ "type": "Feature", "properties": { "ID": 1734141, "TIPOVIA": "AVENIDA", "TIPO": "N/A", "NUMERO": "N/A", "DERE_TRAN": "N/A", "ADMINISTRA": "N/A", "NUME_CARR": "N/A", "CONDICION": "N/A", "ORIGEN": "BCU", "CALI_REPR": "N/A", "CVEGEO": "140500017", "NOMVIAL": "DEL TRABAJO", "SENTIDO": "UN SENTIDO", "LONGITUD": 212.02, "UNIDAD": "e14" }, "geometry": { "type": "LineString", "coordinates": [ [ -103.4868753, 20.3240997 ], [ -103.4851271, 20.3250882 ] ] } },
{ "type": "Feature", "properties": { "ID": 1734142, "TIPOVIA": "CALLE", "TIPO": "N/A", "NUMERO": "N/A", "DERE_TRAN": "N/A", "ADMINISTRA": "N/A", "NUME_CARR": "N/A", "CONDICION": "N/A", "ORIGEN": "BCU", "CALI_REPR": "N/A", "CVEGEO": "140500017", "NOMVIAL": "20 DE NOVIEMBRE", "SENTIDO": "UN SENTIDO", "LONGITUD": 209.74, "UNIDAD": "e14" }, "geometry": { "type": "LineString", "coordinates": [ [ -103.4768157, 20.3251897 ], [ -103.4783169, 20.3239199 ] ] } },
{ "type": "Feature", "properties": { "ID": 1734143, "TIPOVIA": "CALLE", "TIPO": "N/A", "NUMERO": "N/A", "DERE_TRAN": "N/A", "ADMINISTRA": "N/A", "NUME_CARR": "N/A", "CONDICION": "N/A", "ORIGEN": "BCU", "CALI_REPR": "N/A", "CVEGEO": "140500017", "NOMVIAL": "PÍPILA", "SENTIDO": "UN SENTIDO", "LONGITUD": 93.93, "UNIDAD": "e14" }, "geometry": { "type": "LineString", "coordinates": [ [ -103.482333, 20.3247289 ], [ -103.48155, 20.3251533 ] ] } },
{ "type": "Feature", "properties": { "ID": 1734144, "TIPOVIA": "CALLE", "TIPO": "N/A", "NUMERO": "N/A", "DERE_TRAN": "N/A", "ADMINISTRA": "N/A", "NUME_CARR": "N/A", "CONDICION": "N/A", "ORIGEN": "BCU", "CALI_REPR": "N/A", "CVEGEO": "140500017", "NOMVIAL": "EMILIANO ZAPATA", "SENTIDO": "UN SENTIDO", "LONGITUD": 52.79, "UNIDAD": "e14" }, "geometry": { "type": "LineString", "coordinates": [ [ -103.48155, 20.3251533 ], [ -103.4812316, 20.3247805 ] ] } },
{ "type": "Feature", "properties": { "ID": 1734149, "TIPOVIA": "CALLE", "TIPO": "N/A", "NUMERO": "N/A", "DERE_TRAN": "N/A", "ADMINISTRA": "N/A", "NUME_CARR": "N/A", "CONDICION": "N/A", "ORIGEN": "BCU", "CALI_REPR": "N/A", "CVEGEO": "140500017", "NOMVIAL": "NINGUNO", "SENTIDO": "UN SENTIDO", "LONGITUD": 87.04, "UNIDAD": "e14" }, "geometry": { "type": "LineString", "coordinates": [ [ -103.4758305, 20.3247828 ], [ -103.4751936, 20.3252946 ] ] } },
{ "type": "Feature", "properties": { "ID": 1734152, "TIPOVIA": "CALLE", "TIPO": "N/A", "NUMERO": "N/A", "DERE_TRAN": "N/A", "ADMINISTRA": "N/A", "NUME_CARR": "N/A", "CONDICION": "N/A", "ORIGEN": "BCU", "CALI_REPR": "N/A", "CVEGEO": "140500017", "NOMVIAL": "PROFESOR DAVID RAMOS", "SENTIDO": "UN SENTIDO", "LONGITUD": 48.92, "UNIDAD": "e14" }, "geometry": { "type": "LineString", "coordinates": [ [ -103.487664, 20.3251996 ], [ -103.4880728, 20.3249802 ] ] } },
{ "type": "Feature", "properties": { "ID": 1734153, "TIPOVIA": "CALLE", "TIPO": "N/A", "NUMERO": "N/A", "DERE_TRAN": "N/A", "ADMINISTRA": "N/A", "NUME_CARR": "N/A", "CONDICION": "N/A", "ORIGEN": "BCU", "CALI_REPR": "N/A", "CVEGEO": "140500017", "NOMVIAL": "INGENIERO BERNARDO QUINTANA", "SENTIDO": "UN SENTIDO", "LONGITUD": 39.65, "UNIDAD": "e14" }, "geometry": { "type": "LineString", "coordinates": [ [ -103.487457, 20.3248977 ], [ -103.487664, 20.3251996 ] ] } },
{ "type": "Feature", "properties": { "ID": 1734154, "TIPOVIA": "CALLE", "TIPO": "N/A", "NUMERO": "N/A", "DERE_TRAN": "N/A", "ADMINISTRA": "N/A", "NUME_CARR": "N/A", "CONDICION": "N/A", "ORIGEN": "BCU", "CALI_REPR": "N/A", "CVEGEO": "140500017", "NOMVIAL": "ABRIL", "SENTIDO": "UN SENTIDO", "LONGITUD": 74.27, "UNIDAD": "e14" }, "geometry": { "type": "LineString", "coordinates": [ [ -103.4800196, 20.3247604 ], [ -103.4798138, 20.3250205 ], [ -103.4796289, 20.3252319 ], [ -103.4796049, 20.3253033 ] ] } },
{ "type": "Feature", "properties": { "ID": 1734155, "TIPOVIA": "CALLE", "TIPO": "N/A", "NUMERO": "N/A", "DERE_TRAN": "N/A", "ADMINISTRA": "N/A", "NUME_CARR": "N/A", "CONDICION": "N/A", "ORIGEN": "BCU", "CALI_REPR": "N/A", "CVEGEO": "140500017", "NOMVIAL": "16 DE SEPTIEMBRE", "SENTIDO": "UN SENTIDO", "LONGITUD": 34.03, "UNIDAD": "e14" }, "geometry": { "type": "LineString", "coordinates": [ [ -103.4793982, 20.325064 ], [ -103.4796049, 20.3253033 ] ] } },
{ "type": "Feature", "properties": { "ID": 1734156, "TIPOVIA": "AVENIDA", "TIPO": "N/A", "NUMERO": "N/A", "DERE_TRAN": "N/A", "ADMINISTRA": "N/A", "NUME_CARR": "N/A", "CONDICION": "N/A", "ORIGEN": "BCU", "CALI_REPR": "N/A", "CVEGEO": "140500017", "NOMVIAL": "DEL TRABAJO", "SENTIDO": "UN SENTIDO", "LONGITUD": 36.1, "UNIDAD": "e14" }, "geometry": { "type": "LineString", "coordinates": [ [ -103.4851271, 20.3250882 ], [ -103.484828, 20.3252543 ] ] } },
{ "type": "Feature", "properties": { "ID": 1734157, "TIPOVIA": "CALLE", "TIPO": "N/A", "NUMERO": "N/A", "DERE_TRAN": "N/A", "ADMINISTRA": "N/A", "NUME_CARR": "N/A", "CONDICION": "N/A", "ORIGEN": "BCU", "CALI_REPR": "N/A", "CVEGEO": "140500017", "NOMVIAL": "VENUSTIANO CARRANZA", "SENTIDO": "UN SENTIDO", "LONGITUD": 69.82, "UNIDAD": "e14" }, "geometry": { "type": "LineString", "coordinates": [ [ -103.484828, 20.3252543 ], [ -103.4844574, 20.3247264 ] ] } },
{ "type": "Feature", "properties": { "ID": 1734158, "TIPOVIA": "OTRO", "TIPO": "N/A", "NUMERO": "N/A", "DERE_TRAN": "N/A", "ADMINISTRA": "N/A", "NUME_CARR": "N/A", "CONDICION": "N/A", "ORIGEN": "BCU", "CALI_REPR": "N/A", "CVEGEO": "140500017", "NOMVIAL": "LÍMITE PREDIAL", "SENTIDO": "N/A", "LONGITUD": 159.87, "UNIDAD": "e14" }, "geometry": { "type": "LineString", "coordinates": [ [ -103.4737564, 20.3254159 ], [ -103.4740314, 20.3252301 ], [ -103.4741572, 20.3251691 ], [ -103.4742618, 20.32517 ], [ -103.474443, 20.3251602 ], [ -103.4746561, 20.3251659 ], [ -103.4747928, 20.3251746 ], [ -103.4750216, 20.3252335 ], [ -103.4751936, 20.3252946 ] ] } },
{ "type": "Feature", "properties": { "ID": 1734161, "TIPOVIA": "CALLE", "TIPO": "N/A", "NUMERO": "N/A", "DERE_TRAN": "N/A", "ADMINISTRA": "N/A", "NUME_CARR": "N/A", "CONDICION": "N/A", "ORIGEN": "BCU", "CALI_REPR": "N/A", "CVEGEO": "140500017", "NOMVIAL": "LA PAZ", "SENTIDO": "UN SENTIDO", "LONGITUD": 65.74, "UNIDAD": "e14" }, "geometry": { "type": "LineString", "coordinates": [ [ -103.4833585, 20.3250187 ], [ -103.482833, 20.3253499 ] ] } },
{ "type": "Feature", "properties": { "ID": 1734162, "TIPOVIA": "CALLE", "TIPO": "N/A", "NUMERO": "N/A", "DERE_TRAN": "N/A", "ADMINISTRA": "N/A", "NUME_CARR": "N/A", "CONDICION": "N/A", "ORIGEN": "BCU", "CALI_REPR": "N/A", "CVEGEO": "140500017", "NOMVIAL": "NINGUNO", "SENTIDO": "UN SENTIDO", "LONGITUD": 86.01, "UNIDAD": "e14" }, "geometry": { "type": "LineString", "coordinates": [ [ -103.482833, 20.3253499 ], [ -103.4827612, 20.3252676 ], [ -103.482333, 20.3247289 ] ] } },
{ "type": "Feature", "properties": { "ID": 1734163, "TIPOVIA": "CALLE", "TIPO": "N/A", "NUMERO": "N/A", "DERE_TRAN": "N/A", "ADMINISTRA": "N/A", "NUME_CARR": "N/A", "CONDICION": "N/A", "ORIGEN": "BCU", "CALI_REPR": "N/A", "CVEGEO": "140500017", "NOMVIAL": "ALLENDE", "SENTIDO": "UN SENTIDO", "LONGITUD": 7.31, "UNIDAD": "e14" }, "geometry": { "type": "LineString", "coordinates": [ [ -103.4737984, 20.325469 ], [ -103.4737564, 20.3254159 ] ] } },
{ "type": "Feature", "properties": { "ID": 1734164, "TIPOVIA": "OTRO", "TIPO": "N/A", "NUMERO": "N/A", "DERE_TRAN": "N/A", "ADMINISTRA": "N/A", "NUME_CARR": "N/A", "CONDICION": "N/A", "ORIGEN": "BCU", "CALI_REPR": "N/A", "CVEGEO": "140500017", "NOMVIAL": "LÍMITE PREDIAL", "SENTIDO": "N/A", "LONGITUD": 420.2, "UNIDAD": "e14" }, "geometry": { "type": "LineString", "coordinates": [ [ -103.4907345, 20.3238266 ], [ -103.4905494, 20.3239538 ], [ -103.4911089, 20.3248911 ], [ -103.4900229, 20.325353 ], [ -103.4894991, 20.3245483 ], [ -103.4890746, 20.3247554 ] ] } },
{ "type": "Feature", "properties": { "ID": 1734167, "TIPOVIA": "CALLE", "TIPO": "N/A", "NUMERO": "N/A", "DERE_TRAN": "N/A", "ADMINISTRA": "N/A", "NUME_CARR": "N/A", "CONDICION": "N/A", "ORIGEN": "BCU", "CALI_REPR": "N/A", "CVEGEO": "140500017", "NOMVIAL": "PÍPILA", "SENTIDO": "UN SENTIDO", "LONGITUD": 74.42, "UNIDAD": "e14" }, "geometry": { "type": "LineString", "coordinates": [ [ -103.48155, 20.3251533 ], [ -103.4809279, 20.3254867 ] ] } },
{ "type": "Feature", "properties": { "ID": 1734168, "TIPOVIA": "CALLE", "TIPO": "N/A", "NUMERO": "N/A", "DERE_TRAN": "N/A", "ADMINISTRA": "N/A", "NUME_CARR": "N/A", "CONDICION": "N/A", "ORIGEN": "BCU", "CALI_REPR": "N/A", "CVEGEO": "140500017", "NOMVIAL": "INSURGENTES", "SENTIDO": "UN SENTIDO", "LONGITUD": 172.93, "UNIDAD": "e14" }, "geometry": { "type": "LineString", "coordinates": [ [ -103.4799579, 20.3242131 ], [ -103.4806588, 20.3251321 ], [ -103.4809279, 20.3254867 ] ] } },
{ "type": "Feature", "properties": { "ID": 1734169, "TIPOVIA": "CALLE", "TIPO": "N/A", "NUMERO": "N/A", "DERE_TRAN": "N/A", "ADMINISTRA": "N/A", "NUME_CARR": "N/A", "CONDICION": "N/A", "ORIGEN": "BCU", "CALI_REPR": "N/A", "CVEGEO": "140500017", "NOMVIAL": "20 DE NOVIEMBRE", "SENTIDO": "UN SENTIDO", "LONGITUD": 56.98, "UNIDAD": "e14" }, "geometry": { "type": "LineString", "coordinates": [ [ -103.4764182, 20.3255453 ], [ -103.4768157, 20.3251897 ] ] } },
{ "type": "Feature", "properties": { "ID": 1734170, "TIPOVIA": "CALLE", "TIPO": "N/A", "NUMERO": "N/A", "DERE_TRAN": "N/A", "ADMINISTRA": "N/A", "NUME_CARR": "N/A", "CONDICION": "N/A", "ORIGEN": "BCU", "CALI_REPR": "N/A", "CVEGEO": "140500017", "NOMVIAL": "PEDRO MORENO", "SENTIDO": "UN SENTIDO", "LONGITUD": 60.19, "UNIDAD": "e14" }, "geometry": { "type": "LineString", "coordinates": [ [ -103.4764182, 20.3255453 ], [ -103.4761536, 20.3252567 ], [ -103.4760712, 20.325112 ] ] } },
{ "type": "Feature", "properties": { "ID": 1734171, "TIPOVIA": "CALLE", "TIPO": "N/A", "NUMERO": "N/A", "DERE_TRAN": "N/A", "ADMINISTRA": "N/A", "NUME_CARR": "N/A", "CONDICION": "N/A", "ORIGEN": "BCU", "CALI_REPR": "N/A", "CVEGEO": "140500017", "NOMVIAL": "RAMÓN CORONA", "SENTIDO": "UN SENTIDO", "LONGITUD": 58.51, "UNIDAD": "e14" }, "geometry": { "type": "LineString", "coordinates": [ [ -103.4803023, 20.3250721 ], [ -103.4806017, 20.3255213 ] ] } },
{ "type": "Feature", "properties": { "ID": 1734173, "TIPOVIA": "CALLE", "TIPO": "N/A", "NUMERO": "N/A", "DERE_TRAN": "N/A", "ADMINISTRA": "N/A", "NUME_CARR": "N/A", "CONDICION": "N/A", "ORIGEN": "BCU", "CALI_REPR": "N/A", "CVEGEO": "140500017", "NOMVIAL": "16 DE SEPTIEMBRE", "SENTIDO": "UN SENTIDO", "LONGITUD": 39.04, "UNIDAD": "e14" }, "geometry": { "type": "LineString", "coordinates": [ [ -103.4796049, 20.3253033 ], [ -103.4798902, 20.3255333 ] ] } },
{ "type": "Feature", "properties": { "ID": 1734174, "TIPOVIA": "CALLE", "TIPO": "N/A", "NUMERO": "N/A", "DERE_TRAN": "N/A", "ADMINISTRA": "N/A", "NUME_CARR": "N/A", "CONDICION": "N/A", "ORIGEN": "BCU", "CALI_REPR": "N/A", "CVEGEO": "140500017", "NOMVIAL": "5 DE MAYO", "SENTIDO": "UN SENTIDO", "LONGITUD": 159.22, "UNIDAD": "e14" }, "geometry": { "type": "LineString", "coordinates": [ [ -103.477819, 20.3255676 ], [ -103.4782121, 20.325222 ], [ -103.4789596, 20.3246207 ], [ -103.4789676, 20.3246137 ] ] } },
{ "type": "Feature", "properties": { "ID": 1734175, "TIPOVIA": "CALLE", "TIPO": "N/A", "NUMERO": "N/A", "DERE_TRAN": "N/A", "ADMINISTRA": "N/A", "NUME_CARR": "N/A", "CONDICION": "N/A", "ORIGEN": "BCU", "CALI_REPR": "N/A", "CVEGEO": "140500017", "NOMVIAL": "DOCTOR SIMÓN WILIANS", "SENTIDO": "UN SENTIDO", "LONGITUD": 265.14, "UNIDAD": "e14" }, "geometry": { "type": "LineString", "coordinates": [ [ -103.4871682, 20.3245016 ], [ -103.4862701, 20.3250703 ], [ -103.4854999, 20.3254987 ], [ -103.4851271, 20.3250882 ] ] } },
{ "type": "Feature", "properties": { "ID": 1734176, "TIPOVIA": "CALLE", "TIPO": "N/A", "NUMERO": "N/A", "DERE_TRAN": "N/A", "ADMINISTRA": "N/A", "NUME_CARR": "N/A", "CONDICION": "N/A", "ORIGEN": "BCU", "CALI_REPR": "N/A", "CVEGEO": "140500017", "NOMVIAL": "LIBERTAD", "SENTIDO": "UN SENTIDO", "LONGITUD": 207.55, "UNIDAD": "e14" }, "geometry": { "type": "LineString", "coordinates": [ [ -103.4787179, 20.3243174 ], [ -103.4779788, 20.3249624 ], [ -103.4772522, 20.3255945 ] ] } },
{ "type": "Feature", "properties": { "ID": 1734177, "TIPOVIA": "CALLE", "TIPO": "N/A", "NUMERO": "N/A", "DERE_TRAN": "N/A", "ADMINISTRA": "N/A", "NUME_CARR": "N/A", "CONDICION": "N/A", "ORIGEN": "BCU", "CALI_REPR": "N/A", "CVEGEO": "140500017", "NOMVIAL": "PEDRO MORENO", "SENTIDO": "UN SENTIDO", "LONGITUD": 64.14, "UNIDAD": "e14" }, "geometry": { "type": "LineString", "coordinates": [ [ -103.4768157, 20.3251897 ], [ -103.4772141, 20.3255829 ], [ -103.4772522, 20.3255945 ] ] } },
{ "type": "Feature", "properties": { "ID": 1734178, "TIPOVIA": "OTRO", "TIPO": "N/A", "NUMERO": "N/A", "DERE_TRAN": "N/A", "ADMINISTRA": "N/A", "NUME_CARR": "N/A", "CONDICION": "N/A", "ORIGEN": "BCU", "CALI_REPR": "N/A", "CVEGEO": "140500017", "NOMVIAL": "LÍMITE PREDIAL", "SENTIDO": "N/A", "LONGITUD": 148.69, "UNIDAD": "e14" }, "geometry": { "type": "LineString", "coordinates": [ [ -103.4890746, 20.3247554 ], [ -103.4878815, 20.325498 ] ] } },
{ "type": "Feature", "properties": { "ID": 1734179, "TIPOVIA": "CALLE", "TIPO": "N/A", "NUMERO": "N/A", "DERE_TRAN": "N/A", "ADMINISTRA": "N/A", "NUME_CARR": "N/A", "CONDICION": "N/A", "ORIGEN": "BCU", "CALI_REPR": "N/A", "CVEGEO": "140500017", "NOMVIAL": "INGENIERO BERNARDO QUINTANA", "SENTIDO": "UN SENTIDO", "LONGITUD": 39.94, "UNIDAD": "e14" }, "geometry": { "type": "LineString", "coordinates": [ [ -103.487664, 20.3251996 ], [ -103.4878815, 20.325498 ] ] } },
{ "type": "Feature", "properties": { "ID": 1734181, "TIPOVIA": "CALLE", "TIPO": "N/A", "NUMERO": "N/A", "DERE_TRAN": "N/A", "ADMINISTRA": "N/A", "NUME_CARR": "N/A", "CONDICION": "N/A", "ORIGEN": "BCU", "CALI_REPR": "N/A", "CVEGEO": "140500017", "NOMVIAL": "ALLENDE", "SENTIDO": "UN SENTIDO", "LONGITUD": 29.24, "UNIDAD": "e14" }, "geometry": { "type": "LineString", "coordinates": [ [ -103.4739771, 20.3256738 ], [ -103.4737984, 20.325469 ] ] } },
{ "type": "Feature", "properties": { "ID": 1734182, "TIPOVIA": "CALLE", "TIPO": "N/A", "NUMERO": "N/A", "DERE_TRAN": "N/A", "ADMINISTRA": "N/A", "NUME_CARR": "N/A", "CONDICION": "N/A", "ORIGEN": "BCU", "CALI_REPR": "N/A", "CVEGEO": "140500017", "NOMVIAL": "MORELOS", "SENTIDO": "UN SENTIDO", "LONGITUD": 125.65, "UNIDAD": "e14" }, "geometry": { "type": "LineString", "coordinates": [ [ -103.478462, 20.3256719 ], [ -103.479083, 20.3254622 ], [ -103.4796049, 20.3253033 ] ] } },
{ "type": "Feature", "properties": { "ID": 1734189, "TIPOVIA": "CALLE", "TIPO": "N/A", "NUMERO": "N/A", "DERE_TRAN": "N/A", "ADMINISTRA": "N/A", "NUME_CARR": "N/A", "CONDICION": "N/A", "ORIGEN": "BCU", "CALI_REPR": "N/A", "CVEGEO": "140500017", "NOMVIAL": "MORELOS", "SENTIDO": "UN SENTIDO", "LONGITUD": 72.9, "UNIDAD": "e14" }, "geometry": { "type": "LineString", "coordinates": [ [ -103.477819, 20.3255676 ], [ -103.4779626, 20.3256803 ], [ -103.4781047, 20.32573 ], [ -103.478462, 20.3256719 ] ] } },
{ "type": "Feature", "properties": { "ID": 1734190, "TIPOVIA": "CALLE", "TIPO": "N/A", "NUMERO": "N/A", "DERE_TRAN": "N/A", "ADMINISTRA": "N/A", "NUME_CARR": "N/A", "CONDICION": "N/A", "ORIGEN": "BCU", "CALI_REPR": "N/A", "CVEGEO": "140500017", "NOMVIAL": "INSURGENTES", "SENTIDO": "UN SENTIDO", "LONGITUD": 33.36, "UNIDAD": "e14" }, "geometry": { "type": "LineString", "coordinates": [ [ -103.4809279, 20.3254867 ], [ -103.48111, 20.3257358 ] ] } },
{ "type": "Feature", "properties": { "ID": 1734191, "TIPOVIA": "CALLE", "TIPO": "N/A", "NUMERO": "N/A", "DERE_TRAN": "N/A", "ADMINISTRA": "N/A", "NUME_CARR": "N/A", "CONDICION": "N/A", "ORIGEN": "BCU", "CALI_REPR": "N/A", "CVEGEO": "140500017", "NOMVIAL": "5 DE MAYO", "SENTIDO": "UN SENTIDO", "LONGITUD": 43.91, "UNIDAD": "e14" }, "geometry": { "type": "LineString", "coordinates": [ [ -103.4775094, 20.3258382 ], [ -103.477819, 20.3255676 ] ] } },
{ "type": "Feature", "properties": { "ID": 1734192, "TIPOVIA": "CALLE", "TIPO": "N/A", "NUMERO": "N/A", "DERE_TRAN": "N/A", "ADMINISTRA": "N/A", "NUME_CARR": "N/A", "CONDICION": "N/A", "ORIGEN": "BCU", "CALI_REPR": "N/A", "CVEGEO": "140500017", "NOMVIAL": "PEDRO MORENO", "SENTIDO": "UN SENTIDO", "LONGITUD": 37.94, "UNIDAD": "e14" }, "geometry": { "type": "LineString", "coordinates": [ [ -103.4772522, 20.3255945 ], [ -103.4773139, 20.325645 ], [ -103.4775094, 20.3258382 ] ] } },
{ "type": "Feature", "properties": { "ID": 1734198, "TIPOVIA": "AVENIDA", "TIPO": "N/A", "NUMERO": "N/A", "DERE_TRAN": "N/A", "ADMINISTRA": "N/A", "NUME_CARR": "N/A", "CONDICION": "N/A", "ORIGEN": "BCU", "CALI_REPR": "N/A", "CVEGEO": "140500017", "NOMVIAL": "DEL TRABAJO", "SENTIDO": "UN SENTIDO", "LONGITUD": 116.74, "UNIDAD": "e14" }, "geometry": { "type": "LineString", "coordinates": [ [ -103.484828, 20.3252543 ], [ -103.4838787, 20.3258188 ] ] } },
{ "type": "Feature", "properties": { "ID": 1734199, "TIPOVIA": "CALLE", "TIPO": "N/A", "NUMERO": "N/A", "DERE_TRAN": "N/A", "ADMINISTRA": "N/A", "NUME_CARR": "N/A", "CONDICION": "N/A", "ORIGEN": "BCU", "CALI_REPR": "N/A", "CVEGEO": "140500017", "NOMVIAL": "FRANCISCO VILLA", "SENTIDO": "UN SENTIDO", "LONGITUD": 103.5, "UNIDAD": "e14" }, "geometry": { "type": "LineString", "coordinates": [ [ -103.4838787, 20.3258188 ], [ -103.4833585, 20.3250187 ] ] } },
{ "type": "Feature", "properties": { "ID": 1734202, "TIPOVIA": "CALLE", "TIPO": "N/A", "NUMERO": "N/A", "DERE_TRAN": "N/A", "ADMINISTRA": "N/A", "NUME_CARR": "N/A", "CONDICION": "N/A", "ORIGEN": "BCU", "CALI_REPR": "N/A", "CVEGEO": "140500017", "NOMVIAL": "LA PAZ", "SENTIDO": "UN SENTIDO", "LONGITUD": 92.78, "UNIDAD": "e14" }, "geometry": { "type": "LineString", "coordinates": [ [ -103.482833, 20.3253499 ], [ -103.4821153, 20.3258495 ] ] } },
{ "type": "Feature", "properties": { "ID": 1734203, "TIPOVIA": "CALLE", "TIPO": "N/A", "NUMERO": "N/A", "DERE_TRAN": "N/A", "ADMINISTRA": "N/A", "NUME_CARR": "N/A", "CONDICION": "N/A", "ORIGEN": "BCU", "CALI_REPR": "N/A", "CVEGEO": "140500017", "NOMVIAL": "EMILIANO ZAPATA", "SENTIDO": "UN SENTIDO", "LONGITUD": 96.71, "UNIDAD": "e14" }, "geometry": { "type": "LineString", "coordinates": [ [ -103.4821153, 20.3258495 ], [ -103.48155, 20.3251533 ] ] } },
{ "type": "Feature", "properties": { "ID": 1734204, "TIPOVIA": "CALLE", "TIPO": "N/A", "NUMERO": "N/A", "DERE_TRAN": "N/A", "ADMINISTRA": "N/A", "NUME_CARR": "N/A", "CONDICION": "N/A", "ORIGEN": "BCU", "CALI_REPR": "N/A", "CVEGEO": "140500017", "NOMVIAL": "HIDALGO", "SENTIDO": "UN SENTIDO", "LONGITUD": 30.09, "UNIDAD": "e14" }, "geometry": { "type": "LineString", "coordinates": [ [ -103.48111, 20.3257358 ], [ -103.4808711, 20.3258897 ] ] } },
{ "type": "Feature", "properties": { "ID": 1734205, "TIPOVIA": "CALLE", "TIPO": "N/A", "NUMERO": "N/A", "DERE_TRAN": "N/A", "ADMINISTRA": "N/A", "NUME_CARR": "N/A", "CONDICION": "N/A", "ORIGEN": "BCU", "CALI_REPR": "N/A", "CVEGEO": "140500017", "NOMVIAL": "RAMÓN CORONA", "SENTIDO": "UN SENTIDO", "LONGITUD": 49.44, "UNIDAD": "e14" }, "geometry": { "type": "LineString", "coordinates": [ [ -103.4806017, 20.3255213 ], [ -103.4807269, 20.325717 ], [ -103.4808711, 20.3258897 ] ] } },
{ "type": "Feature", "properties": { "ID": 1734206, "TIPOVIA": "CALLE", "TIPO": "N/A", "NUMERO": "N/A", "DERE_TRAN": "N/A", "ADMINISTRA": "N/A", "NUME_CARR": "N/A", "CONDICION": "N/A", "ORIGEN": "BCU", "CALI_REPR": "N/A", "CVEGEO": "140500017", "NOMVIAL": "PROFESOR DAVID RAMOS", "SENTIDO": "UN SENTIDO", "LONGITUD": 202.48, "UNIDAD": "e14" }, "geometry": { "type": "LineString", "coordinates": [ [ -103.487457, 20.3248977 ], [ -103.4857907, 20.3258468 ] ] } },
{ "type": "Feature", "properties": { "ID": 1734213, "TIPOVIA": "CALLE", "TIPO": "N/A", "NUMERO": "N/A", "DERE_TRAN": "N/A", "ADMINISTRA": "N/A", "NUME_CARR": "N/A", "CONDICION": "N/A", "ORIGEN": "BCU", "CALI_REPR": "N/A", "CVEGEO": "140500017", "NOMVIAL": "ALLENDE", "SENTIDO": "UN SENTIDO", "LONGITUD": 50.17, "UNIDAD": "e14" }, "geometry": { "type": "LineString", "coordinates": [ [ -103.4742855, 20.3260236 ], [ -103.4739771, 20.3256738 ] ] } },
{ "type": "Feature", "properties": { "ID": 1734216, "TIPOVIA": "CALLE", "TIPO": "N/A", "NUMERO": "N/A", "DERE_TRAN": "N/A", "ADMINISTRA": "N/A", "NUME_CARR": "N/A", "CONDICION": "N/A", "ORIGEN": "BCU", "CALI_REPR": "N/A", "CVEGEO": "140500017", "NOMVIAL": "HIDALGO", "SENTIDO": "UN SENTIDO", "LONGITUD": 48.64, "UNIDAD": "e14" }, "geometry": { "type": "LineString", "coordinates": [ [ -103.4808711, 20.3258897 ], [ -103.4804792, 20.3261304 ] ] } },
{ "type": "Feature", "properties": { "ID": 1734217, "TIPOVIA": "CALLE", "TIPO": "N/A", "NUMERO": "N/A", "DERE_TRAN": "N/A", "ADMINISTRA": "N/A", "NUME_CARR": "N/A", "CONDICION": "N/A", "ORIGEN": "BCU", "CALI_REPR": "N/A", "CVEGEO": "140500017", "NOMVIAL": "JESÚS GARCÍA", "SENTIDO": "UN SENTIDO", "LONGITUD": 76.11, "UNIDAD": "e14" }, "geometry": { "type": "LineString", "coordinates": [ [ -103.4804792, 20.3261304 ], [ -103.4803995, 20.325933 ], [ -103.4803848, 20.3258222 ], [ -103.4804411, 20.3257061 ], [ -103.4805246, 20.3255968 ], [ -103.4806017, 20.3255213 ] ] } },
{ "type": "Feature", "properties": { "ID": 1734226, "TIPOVIA": "CALLE", "TIPO": "N/A", "NUMERO": "N/A", "DERE_TRAN": "N/A", "ADMINISTRA": "N/A", "NUME_CARR": "N/A", "CONDICION": "N/A", "ORIGEN": "BCU", "CALI_REPR": "N/A", "CVEGEO": "140500017", "NOMVIAL": "LA PAZ", "SENTIDO": "UN SENTIDO", "LONGITUD": 75.88, "UNIDAD": "e14" }, "geometry": { "type": "LineString", "coordinates": [ [ -103.4821153, 20.3258495 ], [ -103.4815136, 20.3262386 ] ] } },
{ "type": "Feature", "properties": { "ID": 1734227, "TIPOVIA": "CALLE", "TIPO": "N/A", "NUMERO": "N/A", "DERE_TRAN": "N/A", "ADMINISTRA": "N/A", "NUME_CARR": "N/A", "CONDICION": "N/A", "ORIGEN": "BCU", "CALI_REPR": "N/A", "CVEGEO": "140500017", "NOMVIAL": "INSURGENTES", "SENTIDO": "UN SENTIDO", "LONGITUD": 69.54, "UNIDAD": "e14" }, "geometry": { "type": "LineString", "coordinates": [ [ -103.48111, 20.3257358 ], [ -103.4815136, 20.3262386 ] ] } },
{ "type": "Feature", "properties": { "ID": 1734228, "TIPOVIA": "CALLE", "TIPO": "N/A", "NUMERO": "N/A", "DERE_TRAN": "N/A", "ADMINISTRA": "N/A", "NUME_CARR": "N/A", "CONDICION": "N/A", "ORIGEN": "BCU", "CALI_REPR": "N/A", "CVEGEO": "140500017", "NOMVIAL": "ALLENDE", "SENTIDO": "UN SENTIDO", "LONGITUD": 45.52, "UNIDAD": "e14" }, "geometry": { "type": "LineString", "coordinates": [ [ -103.4745729, 20.326335 ], [ -103.4742855, 20.3260236 ] ] } },
{ "type": "Feature", "properties": { "ID": 1734229, "TIPOVIA": "CALLE", "TIPO": "N/A", "NUMERO": "N/A", "DERE_TRAN": "N/A", "ADMINISTRA": "N/A", "NUME_CARR": "N/A", "CONDICION": "N/A", "ORIGEN": "BCU", "CALI_REPR": "N/A", "CVEGEO": "140500017", "NOMVIAL": "LÓPEZ COTILLA", "SENTIDO": "UN SENTIDO", "LONGITUD": 87.38, "UNIDAD": "e14" }, "geometry": { "type": "LineString", "coordinates": [ [ -103.478016, 20.3263388 ], [ -103.4783486, 20.3259072 ], [ -103.478441, 20.3257305 ], [ -103.478462, 20.3256719 ] ] } },
{ "type": "Feature", "properties": { "ID": 1734230, "TIPOVIA": "CALLE", "TIPO": "N/A", "NUMERO": "N/A", "DERE_TRAN": "N/A", "ADMINISTRA": "N/A", "NUME_CARR": "N/A", "CONDICION": "N/A", "ORIGEN": "BCU", "CALI_REPR": "N/A", "CVEGEO": "140500017", "NOMVIAL": "PEDRO MORENO", "SENTIDO": "UN SENTIDO", "LONGITUD": 76.31, "UNIDAD": "e14" }, "geometry": { "type": "LineString", "coordinates": [ [ -103.4775094, 20.3258382 ], [ -103.478016, 20.3263388 ] ] } },
{ "type": "Feature", "properties": { "ID": 1734239, "TIPOVIA": "CALLE", "TIPO": "N/A", "NUMERO": "N/A", "DERE_TRAN": "N/A", "ADMINISTRA": "N/A", "NUME_CARR": "N/A", "CONDICION": "N/A", "ORIGEN": "BCU", "CALI_REPR": "N/A", "CVEGEO": "140500017", "NOMVIAL": "HIDALGO", "SENTIDO": "UN SENTIDO", "LONGITUD": 63.41, "UNIDAD": "e14" }, "geometry": { "type": "LineString", "coordinates": [ [ -103.4804792, 20.3261304 ], [ -103.4799494, 20.3263987 ], [ -103.4799422, 20.3264027 ] ] } },
{ "type": "Feature", "properties": { "ID": 1734240, "TIPOVIA": "CALLE", "TIPO": "N/A", "NUMERO": "N/A", "DERE_TRAN": "N/A", "ADMINISTRA": "N/A", "NUME_CARR": "N/A", "CONDICION": "N/A", "ORIGEN": "BCU", "CALI_REPR": "N/A", "CVEGEO": "140500017", "NOMVIAL": "16 DE SEPTIEMBRE", "SENTIDO": "UN SENTIDO", "LONGITUD": 86.2, "UNIDAD": "e14" }, "geometry": { "type": "LineString", "coordinates": [ [ -103.4796275, 20.3256808 ], [ -103.4799035, 20.3263457 ], [ -103.4799422, 20.3264027 ] ] } },
{ "type": "Feature", "properties": { "ID": 1734245, "TIPOVIA": "CALLE", "TIPO": "N/A", "NUMERO": "N/A", "DERE_TRAN": "N/A", "ADMINISTRA": "N/A", "NUME_CARR": "N/A", "CONDICION": "N/A", "ORIGEN": "BCU", "CALI_REPR": "N/A", "CVEGEO": "140500017", "NOMVIAL": "20 DE NOVIEMBRE", "SENTIDO": "UN SENTIDO", "LONGITUD": 156.98, "UNIDAD": "e14" }, "geometry": { "type": "LineString", "coordinates": [ [ -103.4753019, 20.3265033 ], [ -103.4757899, 20.3260883 ], [ -103.4764182, 20.3255453 ] ] } },
{ "type": "Feature", "properties": { "ID": 1734246, "TIPOVIA": "CALLE", "TIPO": "N/A", "NUMERO": "N/A", "DERE_TRAN": "N/A", "ADMINISTRA": "N/A", "NUME_CARR": "N/A", "CONDICION": "N/A", "ORIGEN": "BCU", "CALI_REPR": "N/A", "CVEGEO": "140500017", "NOMVIAL": "10 DE MAYO", "SENTIDO": "UN SENTIDO", "LONGITUD": 179.23, "UNIDAD": "e14" }, "geometry": { "type": "LineString", "coordinates": [ [ -103.4737984, 20.325469 ], [ -103.4725023, 20.32654 ] ] } },
{ "type": "Feature", "properties": { "ID": 1734247, "TIPOVIA": "OTRO", "TIPO": "N/A", "NUMERO": "N/A", "DERE_TRAN": "N/A", "ADMINISTRA": "N/A", "NUME_CARR": "N/A", "CONDICION": "N/A", "ORIGEN": "BCU", "CALI_REPR": "N/A", "CVEGEO": "140500017", "NOMVIAL": "LÍMITE PREDIAL", "SENTIDO": "N/A", "LONGITUD": 266.22, "UNIDAD": "e14" }, "geometry": { "type": "LineString", "coordinates": [ [ -103.4725023, 20.32654 ], [ -103.4721722, 20.3263499 ], [ -103.4735026, 20.3251818 ], [ -103.4737564, 20.3254159 ] ] } },
{ "type": "Feature", "properties": { "ID": 1734248, "TIPOVIA": "CALLE", "TIPO": "N/A", "NUMERO": "N/A", "DERE_TRAN": "N/A", "ADMINISTRA": "N/A", "NUME_CARR": "N/A", "CONDICION": "N/A", "ORIGEN": "BCU", "CALI_REPR": "N/A", "CVEGEO": "140500017", "NOMVIAL": "LIBERTAD", "SENTIDO": "UN SENTIDO", "LONGITUD": 143.51, "UNIDAD": "e14" }, "geometry": { "type": "LineString", "coordinates": [ [ -103.4772522, 20.3255945 ], [ -103.4772226, 20.3256157 ], [ -103.4768413, 20.3259571 ], [ -103.4762695, 20.3265073 ] ] } },
{ "type": "Feature", "properties": { "ID": 1734254, "TIPOVIA": "CALLE", "TIPO": "N/A", "NUMERO": "N/A", "DERE_TRAN": "N/A", "ADMINISTRA": "N/A", "NUME_CARR": "N/A", "CONDICION": "N/A", "ORIGEN": "BCU", "CALI_REPR": "N/A", "CVEGEO": "140500017", "NOMVIAL": "ALLENDE", "SENTIDO": "UN SENTIDO", "LONGITUD": 31.86, "UNIDAD": "e14" }, "geometry": { "type": "LineString", "coordinates": [ [ -103.4747793, 20.3265485 ], [ -103.4745729, 20.326335 ] ] } },
{ "type": "Feature", "properties": { "ID": 1734258, "TIPOVIA": "AVENIDA", "TIPO": "N/A", "NUMERO": "N/A", "DERE_TRAN": "N/A", "ADMINISTRA": "N/A", "NUME_CARR": "N/A", "CONDICION": "N/A", "ORIGEN": "BCU", "CALI_REPR": "N/A", "CVEGEO": "140500017", "NOMVIAL": "DEL TRABAJO", "SENTIDO": "UN SENTIDO", "LONGITUD": 151.5, "UNIDAD": "e14" }, "geometry": { "type": "LineString", "coordinates": [ [ -103.4838787, 20.3258188 ], [ -103.4833679, 20.3260909 ], [ -103.4832379, 20.3261069 ], [ -103.4826138, 20.3264798 ] ] } },
{ "type": "Feature", "properties": { "ID": 1734259, "TIPOVIA": "CALLE", "TIPO": "N/A", "NUMERO": "N/A", "DERE_TRAN": "N/A", "ADMINISTRA": "N/A", "NUME_CARR": "N/A", "CONDICION": "N/A", "ORIGEN": "BCU", "CALI_REPR": "N/A", "CVEGEO": "140500017", "NOMVIAL": "EMILIANO ZAPATA", "SENTIDO": "UN SENTIDO", "LONGITUD": 86.71, "UNIDAD": "e14" }, "geometry": { "type": "LineString", "coordinates": [ [ -103.4826138, 20.3264798 ], [ -103.4821153, 20.3258495 ] ] } },
{ "type": "Feature", "properties": { "ID": 1734260, "TIPOVIA": "CALLE", "TIPO": "N/A", "NUMERO": "N/A", "DERE_TRAN": "N/A", "ADMINISTRA": "N/A", "NUME_CARR": "N/A", "CONDICION": "N/A", "ORIGEN": "BCU", "CALI_REPR": "N/A", "CVEGEO": "140500017", "NOMVIAL": "HIDALGO", "SENTIDO": "UN SENTIDO", "LONGITUD": 31.1, "UNIDAD": "e14" }, "geometry": { "type": "LineString", "coordinates": [ [ -103.4799422, 20.3264027 ], [ -103.4796841, 20.326545 ] ] } },
{ "type": "Feature", "properties": { "ID": 1734261, "TIPOVIA": "CALLE", "TIPO": "N/A", "NUMERO": "N/A", "DERE_TRAN": "N/A", "ADMINISTRA": "N/A", "NUME_CARR": "N/A", "CONDICION": "N/A", "ORIGEN": "BCU", "CALI_REPR": "N/A", "CVEGEO": "140500017", "NOMVIAL": "MATAMOROS", "SENTIDO": "UN SENTIDO", "LONGITUD": 28.71, "UNIDAD": "e14" }, "geometry": { "type": "LineString", "coordinates": [ [ -103.4796841, 20.326545 ], [ -103.4795308, 20.3263285 ] ] } },
{ "type": "Feature", "properties": { "ID": 1734264, "TIPOVIA": "CALLE", "TIPO": "N/A", "NUMERO": "N/A", "DERE_TRAN": "N/A", "ADMINISTRA": "N/A", "NUME_CARR": "N/A", "CONDICION": "N/A", "ORIGEN": "BCU", "CALI_REPR": "N/A", "CVEGEO": "140500017", "NOMVIAL": "5 DE MAYO", "SENTIDO": "UN SENTIDO", "LONGITUD": 118.28, "UNIDAD": "e14" }, "geometry": { "type": "LineString", "coordinates": [ [ -103.4767048, 20.3265959 ], [ -103.4773051, 20.3260186 ], [ -103.4775094, 20.3258382 ] ] } },
{ "type": "Feature", "properties": { "ID": 1734265, "TIPOVIA": "PRIVADA", "TIPO": "N/A", "NUMERO": "N/A", "DERE_TRAN": "N/A", "ADMINISTRA": "N/A", "NUME_CARR": "N/A", "CONDICION": "N/A", "ORIGEN": "BCU", "CALI_REPR": "N/A", "CVEGEO": "140500017", "NOMVIAL": "2 DE OCTUBRE", "SENTIDO": "UN SENTIDO", "LONGITUD": 161.64, "UNIDAD": "e14" }, "geometry": { "type": "LineString", "coordinates": [ [ -103.4739771, 20.3256738 ], [ -103.4728067, 20.326638 ] ] } },
{ "type": "Feature", "properties": { "ID": 1734266, "TIPOVIA": "OTRO", "TIPO": "N/A", "NUMERO": "N/A", "DERE_TRAN": "N/A", "ADMINISTRA": "N/A", "NUME_CARR": "N/A", "CONDICION": "N/A", "ORIGEN": "BCU", "CALI_REPR": "N/A", "CVEGEO": "140500017", "NOMVIAL": "LÍMITE PREDIAL", "SENTIDO": "N/A", "LONGITUD": 33.46, "UNIDAD": "e14" }, "geometry": { "type": "LineString", "coordinates": [ [ -103.4728067, 20.326638 ], [ -103.4725023, 20.32654 ] ] } },
{ "type": "Feature", "properties": { "ID": 1734274, "TIPOVIA": "CALLE", "TIPO": "N/A", "NUMERO": "N/A", "DERE_TRAN": "N/A", "ADMINISTRA": "N/A", "NUME_CARR": "N/A", "CONDICION": "N/A", "ORIGEN": "BCU", "CALI_REPR": "N/A", "CVEGEO": "140500017", "NOMVIAL": "20 DE NOVIEMBRE", "SENTIDO": "UN SENTIDO", "LONGITUD": 41.28, "UNIDAD": "e14" }, "geometry": { "type": "LineString", "coordinates": [ [ -103.4750095, 20.3267565 ], [ -103.4753019, 20.3265033 ] ] } },
{ "type": "Feature", "properties": { "ID": 1734275, "TIPOVIA": "CALLE", "TIPO": "N/A", "NUMERO": "N/A", "DERE_TRAN": "N/A", "ADMINISTRA": "N/A", "NUME_CARR": "N/A", "CONDICION": "N/A", "ORIGEN": "BCU", "CALI_REPR": "N/A", "CVEGEO": "140500017", "NOMVIAL": "ALLENDE", "SENTIDO": "UN SENTIDO", "LONGITUD": 33.15, "UNIDAD": "e14" }, "geometry": { "type": "LineString", "coordinates": [ [ -103.4750095, 20.3267565 ], [ -103.4747793, 20.3265485 ] ] } },
{ "type": "Feature", "properties": { "ID": 1734283, "TIPOVIA": "PRIVADA", "TIPO": "N/A", "NUMERO": "N/A", "DERE_TRAN": "N/A", "ADMINISTRA": "N/A", "NUME_CARR": "N/A", "CONDICION": "N/A", "ORIGEN": "BCU", "CALI_REPR": "N/A", "CVEGEO": "140500017", "NOMVIAL": "21 DE MARZO", "SENTIDO": "UN SENTIDO", "LONGITUD": 130.41, "UNIDAD": "e14" }, "geometry": { "type": "LineString", "coordinates": [ [ -103.4742855, 20.3260236 ], [ -103.4733675, 20.3268291 ] ] } },
{ "type": "Feature", "properties": { "ID": 1734284, "TIPOVIA": "OTRO", "TIPO": "N/A", "NUMERO": "N/A", "DERE_TRAN": "N/A", "ADMINISTRA": "N/A", "NUME_CARR": "N/A", "CONDICION": "N/A", "ORIGEN": "BCU", "CALI_REPR": "N/A", "CVEGEO": "140500017", "NOMVIAL": "LÍMITE PREDIAL", "SENTIDO": "N/A", "LONGITUD": 62.02, "UNIDAD": "e14" }, "geometry": { "type": "LineString", "coordinates": [ [ -103.4733675, 20.3268291 ], [ -103.4728067, 20.326638 ] ] } },
{ "type": "Feature", "properties": { "ID": 1734289, "TIPOVIA": "CALLE", "TIPO": "N/A", "NUMERO": "N/A", "DERE_TRAN": "N/A", "ADMINISTRA": "N/A", "NUME_CARR": "N/A", "CONDICION": "N/A", "ORIGEN": "BCU", "CALI_REPR": "N/A", "CVEGEO": "140500017", "NOMVIAL": "LIBERTAD", "SENTIDO": "UN SENTIDO", "LONGITUD": 45.54, "UNIDAD": "e14" }, "geometry": { "type": "LineString", "coordinates": [ [ -103.4762875, 20.3265194 ], [ -103.4760269, 20.3268514 ] ] } },
{ "type": "Feature", "properties": { "ID": 1734290, "TIPOVIA": "CALLE", "TIPO": "N/A", "NUMERO": "N/A", "DERE_TRAN": "N/A", "ADMINISTRA": "N/A", "NUME_CARR": "N/A", "CONDICION": "N/A", "ORIGEN": "BCU", "CALI_REPR": "N/A", "CVEGEO": "140500017", "NOMVIAL": "ALLENDE", "SENTIDO": "UN SENTIDO", "LONGITUD": 84.62, "UNIDAD": "e14" }, "geometry": { "type": "LineString", "coordinates": [ [ -103.4753019, 20.3265033 ], [ -103.4760269, 20.3268514 ] ] } },
{ "type": "Feature", "properties": { "ID": 1734293, "TIPOVIA": "AVENIDA", "TIPO": "N/A", "NUMERO": "N/A", "DERE_TRAN": "N/A", "ADMINISTRA": "N/A", "NUME_CARR": "N/A", "CONDICION": "N/A", "ORIGEN": "BCU", "CALI_REPR": "N/A", "CVEGEO": "140500017", "NOMVIAL": "DEL TRABAJO", "SENTIDO": "UN SENTIDO", "LONGITUD": 75.33, "UNIDAD": "e14" }, "geometry": { "type": "LineString", "coordinates": [ [ -103.4826138, 20.3264798 ], [ -103.4819917, 20.3268296 ] ] } },
{ "type": "Feature", "properties": { "ID": 1734294, "TIPOVIA": "CALLE", "TIPO": "N/A", "NUMERO": "N/A", "DERE_TRAN": "N/A", "ADMINISTRA": "N/A", "NUME_CARR": "N/A", "CONDICION": "N/A", "ORIGEN": "BCU", "CALI_REPR": "N/A", "CVEGEO": "140500017", "NOMVIAL": "INSURGENTES", "SENTIDO": "UN SENTIDO", "LONGITUD": 81.97, "UNIDAD": "e14" }, "geometry": { "type": "LineString", "coordinates": [ [ -103.4815136, 20.3262386 ], [ -103.4819917, 20.3268296 ] ] } },
{ "type": "Feature", "properties": { "ID": 1734298, "TIPOVIA": "CALLE", "TIPO": "N/A", "NUMERO": "N/A", "DERE_TRAN": "N/A", "ADMINISTRA": "N/A", "NUME_CARR": "N/A", "CONDICION": "N/A", "ORIGEN": "BCU", "CALI_REPR": "N/A", "CVEGEO": "140500017", "NOMVIAL": "16 DE SEPTIEMBRE", "SENTIDO": "UN SENTIDO", "LONGITUD": 60.04, "UNIDAD": "e14" }, "geometry": { "type": "LineString", "coordinates": [ [ -103.4799422, 20.3264027 ], [ -103.4799602, 20.3264292 ], [ -103.4800622, 20.3267086 ], [ -103.4801611, 20.326905 ] ] } },
{ "type": "Feature", "properties": { "ID": 1734300, "TIPOVIA": "PRIVADA", "TIPO": "N/A", "NUMERO": "N/A", "DERE_TRAN": "N/A", "ADMINISTRA": "N/A", "NUME_CARR": "N/A", "CONDICION": "N/A", "ORIGEN": "BCU", "CALI_REPR": "N/A", "CVEGEO": "140500017", "NOMVIAL": "NUEVA DE LA CRUZ", "SENTIDO": "UN SENTIDO", "LONGITUD": 103.73, "UNIDAD": "e14" }, "geometry": { "type": "LineString", "coordinates": [ [ -103.4745729, 20.326335 ], [ -103.4738425, 20.3269755 ] ] } },
{ "type": "Feature", "properties": { "ID": 1734301, "TIPOVIA": "OTRO", "TIPO": "N/A", "NUMERO": "N/A", "DERE_TRAN": "N/A", "ADMINISTRA": "N/A", "NUME_CARR": "N/A", "CONDICION": "N/A", "ORIGEN": "BCU", "CALI_REPR": "N/A", "CVEGEO": "140500017", "NOMVIAL": "LÍMITE PREDIAL", "SENTIDO": "N/A", "LONGITUD": 51.97, "UNIDAD": "e14" }, "geometry": { "type": "LineString", "coordinates": [ [ -103.4738425, 20.3269755 ], [ -103.4733675, 20.3268291 ] ] } },
{ "type": "Feature", "properties": { "ID": 1734304, "TIPOVIA": "CALLE", "TIPO": "N/A", "NUMERO": "N/A", "DERE_TRAN": "N/A", "ADMINISTRA": "N/A", "NUME_CARR": "N/A", "CONDICION": "N/A", "ORIGEN": "BCU", "CALI_REPR": "N/A", "CVEGEO": "140500017", "NOMVIAL": "HIDALGO", "SENTIDO": "UN SENTIDO", "LONGITUD": 87.85, "UNIDAD": "e14" }, "geometry": { "type": "LineString", "coordinates": [ [ -103.4796841, 20.326545 ], [ -103.4789673, 20.3269663 ] ] } },
{ "type": "Feature", "properties": { "ID": 1734315, "TIPOVIA": "PRIVADA", "TIPO": "N/A", "NUMERO": "N/A", "DERE_TRAN": "N/A", "ADMINISTRA": "N/A", "NUME_CARR": "N/A", "CONDICION": "N/A", "ORIGEN": "BCU", "CALI_REPR": "N/A", "CVEGEO": "140500017", "NOMVIAL": "LÁZARO CÁRDENAS", "SENTIDO": "UN SENTIDO", "LONGITUD": 90.56, "UNIDAD": "e14" }, "geometry": { "type": "LineString", "coordinates": [ [ -103.4747793, 20.3265485 ], [ -103.4741103, 20.327074 ] ] } },
{ "type": "Feature", "properties": { "ID": 1734316, "TIPOVIA": "OTRO", "TIPO": "N/A", "NUMERO": "N/A", "DERE_TRAN": "N/A", "ADMINISTRA": "N/A", "NUME_CARR": "N/A", "CONDICION": "N/A", "ORIGEN": "BCU", "CALI_REPR": "N/A", "CVEGEO": "140500017", "NOMVIAL": "LÍMITE PREDIAL", "SENTIDO": "N/A", "LONGITUD": 29.89, "UNIDAD": "e14" }, "geometry": { "type": "LineString", "coordinates": [ [ -103.4741103, 20.327074 ], [ -103.4738425, 20.3269755 ] ] } },
{ "type": "Feature", "properties": { "ID": 1734317, "TIPOVIA": "CALLE", "TIPO": "N/A", "NUMERO": "N/A", "DERE_TRAN": "N/A", "ADMINISTRA": "N/A", "NUME_CARR": "N/A", "CONDICION": "N/A", "ORIGEN": "BCU", "CALI_REPR": "N/A", "CVEGEO": "140500017", "NOMVIAL": "HIDALGO", "SENTIDO": "UN SENTIDO", "LONGITUD": 16.35, "UNIDAD": "e14" }, "geometry": { "type": "LineString", "coordinates": [ [ -103.4789673, 20.3269663 ], [ -103.478832, 20.327042 ] ] } },
{ "type": "Feature", "properties": { "ID": 1734318, "TIPOVIA": "CALLE", "TIPO": "N/A", "NUMERO": "N/A", "DERE_TRAN": "N/A", "ADMINISTRA": "N/A", "NUME_CARR": "N/A", "CONDICION": "N/A", "ORIGEN": "BCU", "CALI_REPR": "N/A", "CVEGEO": "140500017", "NOMVIAL": "PEDRO MORENO", "SENTIDO": "UN SENTIDO", "LONGITUD": 115.72, "UNIDAD": "e14" }, "geometry": { "type": "LineString", "coordinates": [ [ -103.478016, 20.3263388 ], [ -103.4785622, 20.3267525 ], [ -103.4786005, 20.3268233 ], [ -103.478832, 20.327042 ] ] } },
{ "type": "Feature", "properties": { "ID": 1734320, "TIPOVIA": "CALLE", "TIPO": "N/A", "NUMERO": "N/A", "DERE_TRAN": "N/A", "ADMINISTRA": "N/A", "NUME_CARR": "N/A", "CONDICION": "N/A", "ORIGEN": "BCU", "CALI_REPR": "N/A", "CVEGEO": "140500017", "NOMVIAL": "ALLENDE", "SENTIDO": "UN SENTIDO", "LONGITUD": 50.74, "UNIDAD": "e14" }, "geometry": { "type": "LineString", "coordinates": [ [ -103.4760269, 20.3268514 ], [ -103.4764537, 20.3270743 ] ] } },
{ "type": "Feature", "properties": { "ID": 1734321, "TIPOVIA": "CALLE", "TIPO": "N/A", "NUMERO": "N/A", "DERE_TRAN": "N/A", "ADMINISTRA": "N/A", "NUME_CARR": "N/A", "CONDICION": "N/A", "ORIGEN": "BCU", "CALI_REPR": "N/A", "CVEGEO": "140500017", "NOMVIAL": "GALEANA", "SENTIDO": "UN SENTIDO", "LONGITUD": 31.34, "UNIDAD": "e14" }, "geometry": { "type": "LineString", "coordinates": [ [ -103.4834068, 20.3270176 ], [ -103.4836629, 20.3268678 ] ] } },
{ "type": "Feature", "properties": { "ID": 1734327, "TIPOVIA": "CALLE", "TIPO": "N/A", "NUMERO": "N/A", "DERE_TRAN": "N/A", "ADMINISTRA": "N/A", "NUME_CARR": "N/A", "CONDICION": "N/A", "ORIGEN": "BCU", "CALI_REPR": "N/A", "CVEGEO": "140500017", "NOMVIAL": "JUÁREZ", "SENTIDO": "UN SENTIDO", "LONGITUD": 43.86, "UNIDAD": "e14" }, "geometry": { "type": "LineString", "coordinates": [ [ -103.4801611, 20.326905 ], [ -103.4797921, 20.3270977 ] ] } },
{ "type": "Feature", "properties": { "ID": 1734334, "TIPOVIA": "CALLE", "TIPO": "N/A", "NUMERO": "N/A", "DERE_TRAN": "N/A", "ADMINISTRA": "N/A", "NUME_CARR": "N/A", "CONDICION": "N/A", "ORIGEN": "BCU", "CALI_REPR": "N/A", "CVEGEO": "140500017", "NOMVIAL": "ALDAMA", "SENTIDO": "UN SENTIDO", "LONGITUD": 94.76, "UNIDAD": "e14" }, "geometry": { "type": "LineString", "coordinates": [ [ -103.4803146, 20.327129 ], [ -103.4804328, 20.3270319 ], [ -103.4807958, 20.3264082 ] ] } },
{ "type": "Feature", "properties": { "ID": 1734335, "TIPOVIA": "CALLE", "TIPO": "N/A", "NUMERO": "N/A", "DERE_TRAN": "N/A", "ADMINISTRA": "N/A", "NUME_CARR": "N/A", "CONDICION": "N/A", "ORIGEN": "BCU", "CALI_REPR": "N/A", "CVEGEO": "140500017", "NOMVIAL": "16 DE SEPTIEMBRE", "SENTIDO": "UN SENTIDO", "LONGITUD": 29.41, "UNIDAD": "e14" }, "geometry": { "type": "LineString", "coordinates": [ [ -103.4801611, 20.326905 ], [ -103.4803146, 20.327129 ] ] } },
{ "type": "Feature", "properties": { "ID": 1734342, "TIPOVIA": "CALLE", "TIPO": "N/A", "NUMERO": "N/A", "DERE_TRAN": "N/A", "ADMINISTRA": "N/A", "NUME_CARR": "N/A", "CONDICION": "N/A", "ORIGEN": "BCU", "CALI_REPR": "N/A", "CVEGEO": "140500017", "NOMVIAL": "GALEANA", "SENTIDO": "UN SENTIDO", "LONGITUD": 37.66, "UNIDAD": "e14" }, "geometry": { "type": "LineString", "coordinates": [ [ -103.4831033, 20.3272039 ], [ -103.4834068, 20.3270176 ] ] } },
{ "type": "Feature", "properties": { "ID": 1734343, "TIPOVIA": "CALLE", "TIPO": "N/A", "NUMERO": "N/A", "DERE_TRAN": "N/A", "ADMINISTRA": "N/A", "NUME_CARR": "N/A", "CONDICION": "N/A", "ORIGEN": "BCU", "CALI_REPR": "N/A", "CVEGEO": "140500017", "NOMVIAL": "EMILIANO ZAPATA", "SENTIDO": "UN SENTIDO", "LONGITUD": 94.69, "UNIDAD": "e14" }, "geometry": { "type": "LineString", "coordinates": [ [ -103.4831033, 20.3272039 ], [ -103.4826138, 20.3264798 ] ] } },
{ "type": "Feature", "properties": { "ID": 1734345, "TIPOVIA": "PRIVADA", "TIPO": "N/A", "NUMERO": "N/A", "DERE_TRAN": "N/A", "ADMINISTRA": "N/A", "NUME_CARR": "N/A", "CONDICION": "N/A", "ORIGEN": "BCU", "CALI_REPR": "N/A", "CVEGEO": "140500017", "NOMVIAL": "GALEANA", "SENTIDO": "UN SENTIDO", "LONGITUD": 26.76, "UNIDAD": "e14" }, "geometry": { "type": "LineString", "coordinates": [ [ -103.4834068, 20.3270176 ], [ -103.4835533, 20.3272172 ] ] } },
{ "type": "Feature", "properties": { "ID": 1734346, "TIPOVIA": "CALLE", "TIPO": "N/A", "NUMERO": "N/A", "DERE_TRAN": "N/A", "ADMINISTRA": "N/A", "NUME_CARR": "N/A", "CONDICION": "N/A", "ORIGEN": "BCU", "CALI_REPR": "N/A", "CVEGEO": "140500017", "NOMVIAL": "JUÁREZ", "SENTIDO": "UN SENTIDO", "LONGITUD": 75.84, "UNIDAD": "e14" }, "geometry": { "type": "LineString", "coordinates": [ [ -103.4797921, 20.3270977 ], [ -103.4796992, 20.3269762 ], [ -103.4792147, 20.3272598 ] ] } },
{ "type": "Feature", "properties": { "ID": 1734347, "TIPOVIA": "CALLE", "TIPO": "N/A", "NUMERO": "N/A", "DERE_TRAN": "N/A", "ADMINISTRA": "N/A", "NUME_CARR": "N/A", "CONDICION": "N/A", "ORIGEN": "BCU", "CALI_REPR": "N/A", "CVEGEO": "140500017", "NOMVIAL": "PEDRO MORENO", "SENTIDO": "UN SENTIDO", "LONGITUD": 41.34, "UNIDAD": "e14" }, "geometry": { "type": "LineString", "coordinates": [ [ -103.4792147, 20.3272598 ], [ -103.4789673, 20.3269663 ] ] } },
{ "type": "Feature", "properties": { "ID": 1734350, "TIPOVIA": "CALLE", "TIPO": "N/A", "NUMERO": "N/A", "DERE_TRAN": "N/A", "ADMINISTRA": "N/A", "NUME_CARR": "N/A", "CONDICION": "N/A", "ORIGEN": "BCU", "CALI_REPR": "N/A", "CVEGEO": "140500017", "NOMVIAL": "20 DE NOVIEMBRE", "SENTIDO": "UN SENTIDO", "LONGITUD": 92.48, "UNIDAD": "e14" }, "geometry": { "type": "LineString", "coordinates": [ [ -103.4743471, 20.3273159 ], [ -103.4750095, 20.3267565 ] ] } },
{ "type": "Feature", "properties": { "ID": 1734352, "TIPOVIA": "CALLE", "TIPO": "N/A", "NUMERO": "N/A", "DERE_TRAN": "N/A", "ADMINISTRA": "N/A", "NUME_CARR": "N/A", "CONDICION": "N/A", "ORIGEN": "BCU", "CALI_REPR": "N/A", "CVEGEO": "140500017", "NOMVIAL": "RAYÓN", "SENTIDO": "UN SENTIDO", "LONGITUD": 32.8, "UNIDAD": "e14" }, "geometry": { "type": "LineString", "coordinates": [ [ -103.4764537, 20.3270743 ], [ -103.476326, 20.3273463 ] ] } },
{ "type": "Feature", "properties": { "ID": 1734356, "TIPOVIA": "CALLE", "TIPO": "N/A", "NUMERO": "N/A", "DERE_TRAN": "N/A", "ADMINISTRA": "N/A", "NUME_CARR": "N/A", "CONDICION": "N/A", "ORIGEN": "BCU", "CALI_REPR": "N/A", "CVEGEO": "140500017", "NOMVIAL": "LÓPEZ COTILLA", "SENTIDO": "UN SENTIDO", "LONGITUD": 144.11, "UNIDAD": "e14" }, "geometry": { "type": "LineString", "coordinates": [ [ -103.4771362, 20.3273482 ], [ -103.4775039, 20.3269191 ], [ -103.478016, 20.3263388 ] ] } },
{ "type": "Feature", "properties": { "ID": 1734357, "TIPOVIA": "CALLE", "TIPO": "N/A", "NUMERO": "N/A", "DERE_TRAN": "N/A", "ADMINISTRA": "N/A", "NUME_CARR": "N/A", "CONDICION": "N/A", "ORIGEN": "BCU", "CALI_REPR": "N/A", "CVEGEO": "140500017", "NOMVIAL": "ALLENDE", "SENTIDO": "UN SENTIDO", "LONGITUD": 77.14, "UNIDAD": "e14" }, "geometry": { "type": "LineString", "coordinates": [ [ -103.4764537, 20.3270743 ], [ -103.4771362, 20.3273482 ] ] } },
{ "type": "Feature", "properties": { "ID": 1734365, "TIPOVIA": "AVENIDA", "TIPO": "N/A", "NUMERO": "N/A", "DERE_TRAN": "N/A", "ADMINISTRA": "N/A", "NUME_CARR": "N/A", "CONDICION": "N/A", "ORIGEN": "BCU", "CALI_REPR": "N/A", "CVEGEO": "140500017", "NOMVIAL": "DEL TRABAJO", "SENTIDO": "UN SENTIDO", "LONGITUD": 103.64, "UNIDAD": "e14" }, "geometry": { "type": "LineString", "coordinates": [ [ -103.4819917, 20.3268296 ], [ -103.4818835, 20.326949 ], [ -103.4811768, 20.3273593 ] ] } },
{ "type": "Feature", "properties": { "ID": 1734366, "TIPOVIA": "CALLE", "TIPO": "N/A", "NUMERO": "N/A", "DERE_TRAN": "N/A", "ADMINISTRA": "N/A", "NUME_CARR": "N/A", "CONDICION": "N/A", "ORIGEN": "BCU", "CALI_REPR": "N/A", "CVEGEO": "140500017", "NOMVIAL": "PEDRO MORENO", "SENTIDO": "UN SENTIDO", "LONGITUD": 16.41, "UNIDAD": "e14" }, "geometry": { "type": "LineString", "coordinates": [ [ -103.4793011, 20.3273843 ], [ -103.4792147, 20.3272598 ] ] } },
{ "type": "Feature", "properties": { "ID": 1734367, "TIPOVIA": "CALLE", "TIPO": "N/A", "NUMERO": "N/A", "DERE_TRAN": "N/A", "ADMINISTRA": "N/A", "NUME_CARR": "N/A", "CONDICION": "N/A", "ORIGEN": "BCU", "CALI_REPR": "N/A", "CVEGEO": "140500017", "NOMVIAL": "NICOLÁS BRAVO", "SENTIDO": "UN SENTIDO", "LONGITUD": 32.26, "UNIDAD": "e14" }, "geometry": { "type": "LineString", "coordinates": [ [ -103.4746283, 20.3274394 ], [ -103.4743471, 20.3273159 ] ] } },
{ "type": "Feature", "properties": { "ID": 1734370, "TIPOVIA": "CALLE", "TIPO": "N/A", "NUMERO": "N/A", "DERE_TRAN": "N/A", "ADMINISTRA": "N/A", "NUME_CARR": "N/A", "CONDICION": "N/A", "ORIGEN": "BCU", "CALI_REPR": "N/A", "CVEGEO": "140500017", "NOMVIAL": "ABASOLO", "SENTIDO": "UN SENTIDO", "LONGITUD": 120.36, "UNIDAD": "e14" }, "geometry": { "type": "LineString", "coordinates": [ [ -103.4814853, 20.3268588 ], [ -103.4804818, 20.3274022 ] ] } },
{ "type": "Feature", "properties": { "ID": 1734371, "TIPOVIA": "CALLE", "TIPO": "N/A", "NUMERO": "N/A", "DERE_TRAN": "N/A", "ADMINISTRA": "N/A", "NUME_CARR": "N/A", "CONDICION": "N/A", "ORIGEN": "BCU", "CALI_REPR": "N/A", "CVEGEO": "140500017", "NOMVIAL": "16 DE SEPTIEMBRE", "SENTIDO": "UN SENTIDO", "LONGITUD": 34.78, "UNIDAD": "e14" }, "geometry": { "type": "LineString", "coordinates": [ [ -103.4803146, 20.327129 ], [ -103.4804818, 20.3274022 ] ] } },
{ "type": "Feature", "properties": { "ID": 1734378, "TIPOVIA": "CALLE", "TIPO": "N/A", "NUMERO": "N/A", "DERE_TRAN": "N/A", "ADMINISTRA": "N/A", "NUME_CARR": "N/A", "CONDICION": "N/A", "ORIGEN": "BCU", "CALI_REPR": "N/A", "CVEGEO": "140500017", "NOMVIAL": "JUÁREZ", "SENTIDO": "UN SENTIDO", "LONGITUD": 69.01, "UNIDAD": "e14" }, "geometry": { "type": "LineString", "coordinates": [ [ -103.4797921, 20.3270977 ], [ -103.4798465, 20.3272015 ], [ -103.4793873, 20.3274709 ] ] } },
{ "type": "Feature", "properties": { "ID": 1734379, "TIPOVIA": "CALLE", "TIPO": "N/A", "NUMERO": "N/A", "DERE_TRAN": "N/A", "ADMINISTRA": "N/A", "NUME_CARR": "N/A", "CONDICION": "N/A", "ORIGEN": "BCU", "CALI_REPR": "N/A", "CVEGEO": "140500017", "NOMVIAL": "PEDRO MORENO", "SENTIDO": "UN SENTIDO", "LONGITUD": 13.09, "UNIDAD": "e14" }, "geometry": { "type": "LineString", "coordinates": [ [ -103.4793873, 20.3274709 ], [ -103.4793011, 20.3273843 ] ] } },
{ "type": "Feature", "properties": { "ID": 1734381, "TIPOVIA": "CALLE", "TIPO": "N/A", "NUMERO": "N/A", "DERE_TRAN": "N/A", "ADMINISTRA": "N/A", "NUME_CARR": "N/A", "CONDICION": "N/A", "ORIGEN": "BCU", "CALI_REPR": "N/A", "CVEGEO": "140500017", "NOMVIAL": "ABASOLO", "SENTIDO": "UN SENTIDO", "LONGITUD": 21.46, "UNIDAD": "e14" }, "geometry": { "type": "LineString", "coordinates": [ [ -103.4804818, 20.3274022 ], [ -103.4802995, 20.3274935 ] ] } },
{ "type": "Feature", "properties": { "ID": 1734393, "TIPOVIA": "CALLE", "TIPO": "N/A", "NUMERO": "N/A", "DERE_TRAN": "N/A", "ADMINISTRA": "N/A", "NUME_CARR": "N/A", "CONDICION": "N/A", "ORIGEN": "BCU", "CALI_REPR": "N/A", "CVEGEO": "140500017", "NOMVIAL": "LIBERTAD", "SENTIDO": "UN SENTIDO", "LONGITUD": 125.23, "UNIDAD": "e14" }, "geometry": { "type": "LineString", "coordinates": [ [ -103.4760269, 20.3268514 ], [ -103.4756283, 20.3271305 ], [ -103.4752892, 20.3273711 ], [ -103.4751736, 20.3276149 ] ] } },
{ "type": "Feature", "properties": { "ID": 1734394, "TIPOVIA": "CALLE", "TIPO": "N/A", "NUMERO": "N/A", "DERE_TRAN": "N/A", "ADMINISTRA": "N/A", "NUME_CARR": "N/A", "CONDICION": "N/A", "ORIGEN": "BCU", "CALI_REPR": "N/A", "CVEGEO": "140500017", "NOMVIAL": "NICOLÁS BRAVO", "SENTIDO": "UN SENTIDO", "LONGITUD": 59.93, "UNIDAD": "e14" }, "geometry": { "type": "LineString", "coordinates": [ [ -103.4751736, 20.3276149 ], [ -103.4746283, 20.3274394 ] ] } },
{ "type": "Feature", "properties": { "ID": 1734402, "TIPOVIA": "CALLE", "TIPO": "N/A", "NUMERO": "N/A", "DERE_TRAN": "N/A", "ADMINISTRA": "N/A", "NUME_CARR": "N/A", "CONDICION": "N/A", "ORIGEN": "BCU", "CALI_REPR": "N/A", "CVEGEO": "140500017", "NOMVIAL": "HIDALGO", "SENTIDO": "UN SENTIDO", "LONGITUD": 135.41, "UNIDAD": "e14" }, "geometry": { "type": "LineString", "coordinates": [ [ -103.478832, 20.327042 ], [ -103.4777268, 20.3276908 ] ] } },
{ "type": "Feature", "properties": { "ID": 1734403, "TIPOVIA": "CALLE", "TIPO": "N/A", "NUMERO": "N/A", "DERE_TRAN": "N/A", "ADMINISTRA": "N/A", "NUME_CARR": "N/A", "CONDICION": "N/A", "ORIGEN": "BCU", "CALI_REPR": "N/A", "CVEGEO": "140500017", "NOMVIAL": "ALLENDE", "SENTIDO": "UN SENTIDO", "LONGITUD": 72.12, "UNIDAD": "e14" }, "geometry": { "type": "LineString", "coordinates": [ [ -103.4771362, 20.3273482 ], [ -103.4777268, 20.3276908 ] ] } },
{ "type": "Feature", "properties": { "ID": 1734406, "TIPOVIA": "AVENIDA", "TIPO": "N/A", "NUMERO": "N/A", "DERE_TRAN": "N/A", "ADMINISTRA": "N/A", "NUME_CARR": "N/A", "CONDICION": "N/A", "ORIGEN": "BCU", "CALI_REPR": "N/A", "CVEGEO": "140500017", "NOMVIAL": "DEL TRABAJO", "SENTIDO": "UN SENTIDO", "LONGITUD": 71.81, "UNIDAD": "e14" }, "geometry": { "type": "LineString", "coordinates": [ [ -103.4811768, 20.3273593 ], [ -103.4805846, 20.327694 ] ] } },
{ "type": "Feature", "properties": { "ID": 1734407, "TIPOVIA": "CALLE", "TIPO": "N/A", "NUMERO": "N/A", "DERE_TRAN": "N/A", "ADMINISTRA": "N/A", "NUME_CARR": "N/A", "CONDICION": "N/A", "ORIGEN": "BCU", "CALI_REPR": "N/A", "CVEGEO": "140500017", "NOMVIAL": "16 DE SEPTIEMBRE", "SENTIDO": "UN SENTIDO", "LONGITUD": 37.0, "UNIDAD": "e14" }, "geometry": { "type": "LineString", "coordinates": [ [ -103.4802995, 20.3274935 ], [ -103.480362, 20.3275337 ], [ -103.4805846, 20.327694 ] ] } },
{ "type": "Feature", "properties": { "ID": 1734416, "TIPOVIA": "CALLE", "TIPO": "N/A", "NUMERO": "N/A", "DERE_TRAN": "N/A", "ADMINISTRA": "N/A", "NUME_CARR": "N/A", "CONDICION": "N/A", "ORIGEN": "BCU", "CALI_REPR": "N/A", "CVEGEO": "140500017", "NOMVIAL": "ABASOLO", "SENTIDO": "UN SENTIDO", "LONGITUD": 71.65, "UNIDAD": "e14" }, "geometry": { "type": "LineString", "coordinates": [ [ -103.4802995, 20.3274935 ], [ -103.4796912, 20.3277983 ] ] } },
{ "type": "Feature", "properties": { "ID": 1734417, "TIPOVIA": "CALLE", "TIPO": "N/A", "NUMERO": "N/A", "DERE_TRAN": "N/A", "ADMINISTRA": "N/A", "NUME_CARR": "N/A", "CONDICION": "N/A", "ORIGEN": "BCU", "CALI_REPR": "N/A", "CVEGEO": "140500017", "NOMVIAL": "PEDRO MORENO", "SENTIDO": "UN SENTIDO", "LONGITUD": 47.97, "UNIDAD": "e14" }, "geometry": { "type": "LineString", "coordinates": [ [ -103.4796912, 20.3277983 ], [ -103.4793873, 20.3274709 ] ] } },
{ "type": "Feature", "properties": { "ID": 1734428, "TIPOVIA": "OTRO", "TIPO": "N/A", "NUMERO": "N/A", "DERE_TRAN": "N/A", "ADMINISTRA": "N/A", "NUME_CARR": "N/A", "CONDICION": "N/A", "ORIGEN": "BCU", "CALI_REPR": "N/A", "CVEGEO": "140500017", "NOMVIAL": "LÍMITE PREDIAL", "SENTIDO": "N/A", "LONGITUD": 162.87, "UNIDAD": "e14" }, "geometry": { "type": "LineString", "coordinates": [ [ -103.4729129, 20.3280258 ], [ -103.4741103, 20.327074 ] ] } },
{ "type": "Feature", "properties": { "ID": 1734429, "TIPOVIA": "CALLE", "TIPO": "N/A", "NUMERO": "N/A", "DERE_TRAN": "N/A", "ADMINISTRA": "N/A", "NUME_CARR": "N/A", "CONDICION": "N/A", "ORIGEN": "BCU", "CALI_REPR": "N/A", "CVEGEO": "140500017", "NOMVIAL": "NINGUNO", "SENTIDO": "UN SENTIDO", "LONGITUD": 170.21, "UNIDAD": "e14" }, "geometry": { "type": "LineString", "coordinates": [ [ -103.4713171, 20.3276842 ], [ -103.4729129, 20.3280258 ] ] } },
{ "type": "Feature", "properties": { "ID": 1734430, "TIPOVIA": "CALLE", "TIPO": "N/A", "NUMERO": "N/A", "DERE_TRAN": "N/A", "ADMINISTRA": "N/A", "NUME_CARR": "N/A", "CONDICION": "N/A", "ORIGEN": "BCU", "CALI_REPR": "N/A", "CVEGEO": "140500017", "NOMVIAL": "NINGUNO", "SENTIDO": "UN SENTIDO", "LONGITUD": 50.28, "UNIDAD": "e14" }, "geometry": { "type": "LineString", "coordinates": [ [ -103.4751736, 20.3276149 ], [ -103.4749702, 20.3280286 ] ] } },
{ "type": "Feature", "properties": { "ID": 1734431, "TIPOVIA": "CALLE", "TIPO": "N/A", "NUMERO": "N/A", "DERE_TRAN": "N/A", "ADMINISTRA": "N/A", "NUME_CARR": "N/A", "CONDICION": "N/A", "ORIGEN": "BCU", "CALI_REPR": "N/A", "CVEGEO": "140500017", "NOMVIAL": "GALEANA", "SENTIDO": "UN SENTIDO", "LONGITUD": 182.77, "UNIDAD": "e14" }, "geometry": { "type": "LineString", "coordinates": [ [ -103.4815571, 20.327982 ], [ -103.4826369, 20.327418 ], [ -103.4827259, 20.3274029 ], [ -103.4831033, 20.3272039 ] ] } },
{ "type": "Feature", "properties": { "ID": 1734432, "TIPOVIA": "CALLE", "TIPO": "N/A", "NUMERO": "N/A", "DERE_TRAN": "N/A", "ADMINISTRA": "N/A", "NUME_CARR": "N/A", "CONDICION": "N/A", "ORIGEN": "BCU", "CALI_REPR": "N/A", "CVEGEO": "140500017", "NOMVIAL": "ZARAGOZA", "SENTIDO": "UN SENTIDO", "LONGITUD": 79.25, "UNIDAD": "e14" }, "geometry": { "type": "LineString", "coordinates": [ [ -103.4811768, 20.3273593 ], [ -103.4815571, 20.327982 ] ] } },
{ "type": "Feature", "properties": { "ID": 1734433, "TIPOVIA": "CALLE", "TIPO": "N/A", "NUMERO": "N/A", "DERE_TRAN": "N/A", "ADMINISTRA": "N/A", "NUME_CARR": "N/A", "CONDICION": "N/A", "ORIGEN": "BCU", "CALI_REPR": "N/A", "CVEGEO": "140500017", "NOMVIAL": "JUÁREZ", "SENTIDO": "UN SENTIDO", "LONGITUD": 134.84, "UNIDAD": "e14" }, "geometry": { "type": "LineString", "coordinates": [ [ -103.4793011, 20.3273843 ], [ -103.4782058, 20.3280384 ] ] } },
{ "type": "Feature", "properties": { "ID": 1734434, "TIPOVIA": "CALLE", "TIPO": "N/A", "NUMERO": "N/A", "DERE_TRAN": "N/A", "ADMINISTRA": "N/A", "NUME_CARR": "N/A", "CONDICION": "N/A", "ORIGEN": "BCU", "CALI_REPR": "N/A", "CVEGEO": "140500017", "NOMVIAL": "ALLENDE", "SENTIDO": "UN SENTIDO", "LONGITUD": 62.87, "UNIDAD": "e14" }, "geometry": { "type": "LineString", "coordinates": [ [ -103.4777268, 20.3276908 ], [ -103.4782058, 20.3280384 ] ] } },
{ "type": "Feature", "properties": { "ID": 1734435, "TIPOVIA": "CALLE", "TIPO": "N/A", "NUMERO": "N/A", "DERE_TRAN": "N/A", "ADMINISTRA": "N/A", "NUME_CARR": "N/A", "CONDICION": "N/A", "ORIGEN": "BCU", "CALI_REPR": "N/A", "CVEGEO": "140500017", "NOMVIAL": "NINGUNO", "SENTIDO": "UN SENTIDO", "LONGITUD": 22.52, "UNIDAD": "e14" }, "geometry": { "type": "LineString", "coordinates": [ [ -103.4729129, 20.3280258 ], [ -103.4731171, 20.3280936 ] ] } },
{ "type": "Feature", "properties": { "ID": 1734439, "TIPOVIA": "CALLE", "TIPO": "N/A", "NUMERO": "N/A", "DERE_TRAN": "N/A", "ADMINISTRA": "N/A", "NUME_CARR": "N/A", "CONDICION": "N/A", "ORIGEN": "BCU", "CALI_REPR": "N/A", "CVEGEO": "140500017", "NOMVIAL": "20 DE NOVIEMBRE", "SENTIDO": "UN SENTIDO", "LONGITUD": 138.56, "UNIDAD": "e14" }, "geometry": { "type": "LineString", "coordinates": [ [ -103.4733617, 20.3281613 ], [ -103.4743471, 20.3273159 ] ] } },
{ "type": "Feature", "properties": { "ID": 1734440, "TIPOVIA": "CALLE", "TIPO": "N/A", "NUMERO": "N/A", "DERE_TRAN": "N/A", "ADMINISTRA": "N/A", "NUME_CARR": "N/A", "CONDICION": "N/A", "ORIGEN": "BCU", "CALI_REPR": "N/A", "CVEGEO": "140500017", "NOMVIAL": "NINGUNO", "SENTIDO": "UN SENTIDO", "LONGITUD": 26.51, "UNIDAD": "e14" }, "geometry": { "type": "LineString", "coordinates": [ [ -103.4731171, 20.3280936 ], [ -103.4733617, 20.3281613 ] ] } },
{ "type": "Feature", "properties": { "ID": 1734451, "TIPOVIA": "CALLE", "TIPO": "N/A", "NUMERO": "N/A", "DERE_TRAN": "N/A", "ADMINISTRA": "N/A", "NUME_CARR": "N/A", "CONDICION": "N/A", "ORIGEN": "BCU", "CALI_REPR": "N/A", "CVEGEO": "140500017", "NOMVIAL": "DE LA CRUZ", "SENTIDO": "UN SENTIDO", "LONGITUD": 130.08, "UNIDAD": "e14" }, "geometry": { "type": "LineString", "coordinates": [ [ -103.4746283, 20.3274394 ], [ -103.4743706, 20.3277163 ], [ -103.4737208, 20.3282476 ] ] } },
{ "type": "Feature", "properties": { "ID": 1734452, "TIPOVIA": "CALLE", "TIPO": "N/A", "NUMERO": "N/A", "DERE_TRAN": "N/A", "ADMINISTRA": "N/A", "NUME_CARR": "N/A", "CONDICION": "N/A", "ORIGEN": "BCU", "CALI_REPR": "N/A", "CVEGEO": "140500017", "NOMVIAL": "NINGUNO", "SENTIDO": "UN SENTIDO", "LONGITUD": 38.54, "UNIDAD": "e14" }, "geometry": { "type": "LineString", "coordinates": [ [ -103.4733617, 20.3281613 ], [ -103.4737208, 20.3282476 ] ] } },
{ "type": "Feature", "properties": { "ID": 1734475, "TIPOVIA": "CALLE", "TIPO": "N/A", "NUMERO": "N/A", "DERE_TRAN": "N/A", "ADMINISTRA": "N/A", "NUME_CARR": "N/A", "CONDICION": "N/A", "ORIGEN": "BCU", "CALI_REPR": "N/A", "CVEGEO": "140500017", "NOMVIAL": "NINGUNO", "SENTIDO": "UN SENTIDO", "LONGITUD": 69.2, "UNIDAD": "e14" }, "geometry": { "type": "LineString", "coordinates": [ [ -103.4737208, 20.3282476 ], [ -103.4743587, 20.328426 ] ] } },
{ "type": "Feature", "properties": { "ID": 1734483, "TIPOVIA": "CALLE", "TIPO": "N/A", "NUMERO": "N/A", "DERE_TRAN": "N/A", "ADMINISTRA": "N/A", "NUME_CARR": "N/A", "CONDICION": "N/A", "ORIGEN": "BCU", "CALI_REPR": "N/A", "CVEGEO": "140500017", "NOMVIAL": "JUÁREZ", "SENTIDO": "UN SENTIDO", "LONGITUD": 74.0, "UNIDAD": "e14" }, "geometry": { "type": "LineString", "coordinates": [ [ -103.4782058, 20.3280384 ], [ -103.4781174, 20.3280516 ], [ -103.47773, 20.3285104 ] ] } },
{ "type": "Feature", "properties": { "ID": 1734484, "TIPOVIA": "CALLE", "TIPO": "N/A", "NUMERO": "N/A", "DERE_TRAN": "N/A", "ADMINISTRA": "N/A", "NUME_CARR": "N/A", "CONDICION": "N/A", "ORIGEN": "BCU", "CALI_REPR": "N/A", "CVEGEO": "140500017", "NOMVIAL": "NICOLÁS BRAVO", "SENTIDO": "UN SENTIDO", "LONGITUD": 284.05, "UNIDAD": "e14" }, "geometry": { "type": "LineString", "coordinates": [ [ -103.47773, 20.3285104 ], [ -103.4775828, 20.328424 ], [ -103.4751736, 20.3276149 ] ] } },
{ "type": "Feature", "properties": { "ID": 1734485, "TIPOVIA": "CALLE", "TIPO": "N/A", "NUMERO": "N/A", "DERE_TRAN": "N/A", "ADMINISTRA": "N/A", "NUME_CARR": "N/A", "CONDICION": "N/A", "ORIGEN": "BCU", "CALI_REPR": "N/A", "CVEGEO": "140500017", "NOMVIAL": "ALLENDE", "SENTIDO": "UN SENTIDO", "LONGITUD": 77.72, "UNIDAD": "e14" }, "geometry": { "type": "LineString", "coordinates": [ [ -103.4782058, 20.3280384 ], [ -103.4787517, 20.3285197 ] ] } },
{ "type": "Feature", "properties": { "ID": 1734486, "TIPOVIA": "CALLE", "TIPO": "N/A", "NUMERO": "N/A", "DERE_TRAN": "N/A", "ADMINISTRA": "N/A", "NUME_CARR": "N/A", "CONDICION": "N/A", "ORIGEN": "BCU", "CALI_REPR": "N/A", "CVEGEO": "140500017", "NOMVIAL": "VICENTE GUERRERO", "SENTIDO": "UN SENTIDO", "LONGITUD": 205.02, "UNIDAD": "e14" }, "geometry": { "type": "LineString", "coordinates": [ [ -103.4819084, 20.3285417 ], [ -103.4820721, 20.3284653 ], [ -103.4836454, 20.3276634 ] ] } },
{ "type": "Feature", "properties": { "ID": 1734487, "TIPOVIA": "CALLE", "TIPO": "N/A", "NUMERO": "N/A", "DERE_TRAN": "N/A", "ADMINISTRA": "N/A", "NUME_CARR": "N/A", "CONDICION": "N/A", "ORIGEN": "BCU", "CALI_REPR": "N/A", "CVEGEO": "140500017", "NOMVIAL": "ZARAGOZA", "SENTIDO": "UN SENTIDO", "LONGITUD": 71.72, "UNIDAD": "e14" }, "geometry": { "type": "LineString", "coordinates": [ [ -103.4815571, 20.327982 ], [ -103.4819084, 20.3285417 ] ] } },
{ "type": "Feature", "properties": { "ID": 1734499, "TIPOVIA": "OTRO", "TIPO": "N/A", "NUMERO": "N/A", "DERE_TRAN": "N/A", "ADMINISTRA": "N/A", "NUME_CARR": "N/A", "CONDICION": "N/A", "ORIGEN": "BCU", "CALI_REPR": "N/A", "CVEGEO": "140500017", "NOMVIAL": "LÍMITE PREDIAL", "SENTIDO": "N/A", "LONGITUD": 735.66, "UNIDAD": "e14" }, "geometry": { "type": "LineString", "coordinates": [ [ -103.4878815, 20.325498 ], [ -103.4864116, 20.3263403 ], [ -103.4851927, 20.3270311 ], [ -103.4839925, 20.3277483 ], [ -103.4846258, 20.3277494 ], [ -103.4848095, 20.3277853 ], [ -103.4849596, 20.3278369 ], [ -103.4850389, 20.327855 ], [ -103.4850968, 20.3278541 ], [ -103.4852994, 20.3278485 ], [ -103.4855034, 20.327913 ], [ -103.4859782, 20.3287126 ] ] } },
{ "type": "Feature", "properties": { "ID": 1734503, "TIPOVIA": "CALLE", "TIPO": "N/A", "NUMERO": "N/A", "DERE_TRAN": "N/A", "ADMINISTRA": "N/A", "NUME_CARR": "N/A", "CONDICION": "N/A", "ORIGEN": "BCU", "CALI_REPR": "N/A", "CVEGEO": "140500017", "NOMVIAL": "NINGUNO", "SENTIDO": "UN SENTIDO", "LONGITUD": 149.88, "UNIDAD": "e14" }, "geometry": { "type": "LineString", "coordinates": [ [ -103.4731171, 20.3280936 ], [ -103.4719822, 20.328931 ] ] } },
{ "type": "Feature", "properties": { "ID": 1734504, "TIPOVIA": "CALLE", "TIPO": "N/A", "NUMERO": "N/A", "DERE_TRAN": "N/A", "ADMINISTRA": "N/A", "NUME_CARR": "N/A", "CONDICION": "N/A", "ORIGEN": "BCU", "CALI_REPR": "N/A", "CVEGEO": "140500017", "NOMVIAL": "VICENTE GUERRERO", "SENTIDO": "UN SENTIDO", "LONGITUD": 79.29, "UNIDAD": "e14" }, "geometry": { "type": "LineString", "coordinates": [ [ -103.4812251, 20.3288606 ], [ -103.4819084, 20.3285417 ] ] } },
{ "type": "Feature", "properties": { "ID": 1734505, "TIPOVIA": "CALLE", "TIPO": "N/A", "NUMERO": "N/A", "DERE_TRAN": "N/A", "ADMINISTRA": "N/A", "NUME_CARR": "N/A", "CONDICION": "N/A", "ORIGEN": "BCU", "CALI_REPR": "N/A", "CVEGEO": "140500017", "NOMVIAL": "16 DE SEPTIEMBRE", "SENTIDO": "UN SENTIDO", "LONGITUD": 144.86, "UNIDAD": "e14" }, "geometry": { "type": "LineString", "coordinates": [ [ -103.4805846, 20.327694 ], [ -103.4812251, 20.3288606 ] ] } },
{ "type": "Feature", "properties": { "ID": 1734520, "TIPOVIA": "CALLE", "TIPO": "N/A", "NUMERO": "N/A", "DERE_TRAN": "N/A", "ADMINISTRA": "N/A", "NUME_CARR": "N/A", "CONDICION": "N/A", "ORIGEN": "BCU", "CALI_REPR": "N/A", "CVEGEO": "140500017", "NOMVIAL": "18 DE MARZO", "SENTIDO": "UN SENTIDO", "LONGITUD": 53.05, "UNIDAD": "e14" }, "geometry": { "type": "LineString", "coordinates": [ [ -103.4855384, 20.3289562 ], [ -103.4859782, 20.3287126 ] ] } },
{ "type": "Feature", "properties": { "ID": 1734521, "TIPOVIA": "PRIVADA", "TIPO": "N/A", "NUMERO": "N/A", "DERE_TRAN": "N/A", "ADMINISTRA": "N/A", "NUME_CARR": "N/A", "CONDICION": "N/A", "ORIGEN": "BCU", "CALI_REPR": "N/A", "CVEGEO": "140500017", "NOMVIAL": "NINGUNO", "SENTIDO": "UN SENTIDO", "LONGITUD": 75.7, "UNIDAD": "e14" }, "geometry": { "type": "LineString", "coordinates": [ [ -103.4855384, 20.3289562 ], [ -103.4851453, 20.3283786 ] ] } },
{ "type": "Feature", "properties": { "ID": 1734526, "TIPOVIA": "CALLE", "TIPO": "N/A", "NUMERO": "N/A", "DERE_TRAN": "N/A", "ADMINISTRA": "N/A", "NUME_CARR": "N/A", "CONDICION": "N/A", "ORIGEN": "BCU", "CALI_REPR": "N/A", "CVEGEO": "140500017", "NOMVIAL": "ZARAGOZA", "SENTIDO": "UN SENTIDO", "LONGITUD": 60.98, "UNIDAD": "e14" }, "geometry": { "type": "LineString", "coordinates": [ [ -103.4819084, 20.3285417 ], [ -103.4819104, 20.328545 ], [ -103.4822051, 20.3290187 ] ] } },
{ "type": "Feature", "properties": { "ID": 1734528, "TIPOVIA": "CALLE", "TIPO": "N/A", "NUMERO": "N/A", "DERE_TRAN": "N/A", "ADMINISTRA": "N/A", "NUME_CARR": "N/A", "CONDICION": "N/A", "ORIGEN": "BCU", "CALI_REPR": "N/A", "CVEGEO": "140500017", "NOMVIAL": "18 DE MARZO", "SENTIDO": "UN SENTIDO", "LONGITUD": 12.1, "UNIDAD": "e14" }, "geometry": { "type": "LineString", "coordinates": [ [ -103.485438, 20.3290118 ], [ -103.4855384, 20.3289562 ] ] } },
{ "type": "Feature", "properties": { "ID": 1734537, "TIPOVIA": "CALLE", "TIPO": "N/A", "NUMERO": "N/A", "DERE_TRAN": "N/A", "ADMINISTRA": "N/A", "NUME_CARR": "N/A", "CONDICION": "N/A", "ORIGEN": "BCU", "CALI_REPR": "N/A", "CVEGEO": "140500017", "NOMVIAL": "ZARAGOZA", "SENTIDO": "UN SENTIDO", "LONGITUD": 40.5, "UNIDAD": "e14" }, "geometry": { "type": "LineString", "coordinates": [ [ -103.4822051, 20.3290187 ], [ -103.4825872, 20.3290895 ] ] } },
{ "type": "Feature", "properties": { "ID": 1734540, "TIPOVIA": "CALLE", "TIPO": "N/A", "NUMERO": "N/A", "DERE_TRAN": "N/A", "ADMINISTRA": "N/A", "NUME_CARR": "N/A", "CONDICION": "N/A", "ORIGEN": "BCU", "CALI_REPR": "N/A", "CVEGEO": "140500017", "NOMVIAL": "JUÁREZ", "SENTIDO": "UN SENTIDO", "LONGITUD": 92.56, "UNIDAD": "e14" }, "geometry": { "type": "LineString", "coordinates": [ [ -103.47773, 20.3285104 ], [ -103.4771873, 20.3291757 ] ] } },
{ "type": "Feature", "properties": { "ID": 1734541, "TIPOVIA": "CALLE", "TIPO": "N/A", "NUMERO": "N/A", "DERE_TRAN": "N/A", "ADMINISTRA": "N/A", "NUME_CARR": "N/A", "CONDICION": "N/A", "ORIGEN": "BCU", "CALI_REPR": "N/A", "CVEGEO": "140500017", "NOMVIAL": "NINGUNO", "SENTIDO": "UN SENTIDO", "LONGITUD": 305.65, "UNIDAD": "e14" }, "geometry": { "type": "LineString", "coordinates": [ [ -103.4743587, 20.328426 ], [ -103.4754997, 20.3287451 ], [ -103.4771873, 20.3291757 ] ] } },
{ "type": "Feature", "properties": { "ID": 1734547, "TIPOVIA": "CALLE", "TIPO": "N/A", "NUMERO": "N/A", "DERE_TRAN": "N/A", "ADMINISTRA": "N/A", "NUME_CARR": "N/A", "CONDICION": "N/A", "ORIGEN": "BCU", "CALI_REPR": "N/A", "CVEGEO": "140500017", "NOMVIAL": "ZARAGOZA", "SENTIDO": "UN SENTIDO", "LONGITUD": 20.74, "UNIDAD": "e14" }, "geometry": { "type": "LineString", "coordinates": [ [ -103.4822051, 20.3290187 ], [ -103.4823049, 20.3291816 ] ] } },
{ "type": "Feature", "properties": { "ID": 1734582, "TIPOVIA": "OTRO", "TIPO": "N/A", "NUMERO": "N/A", "DERE_TRAN": "N/A", "ADMINISTRA": "N/A", "NUME_CARR": "N/A", "CONDICION": "N/A", "ORIGEN": "BCU", "CALI_REPR": "N/A", "CVEGEO": "140500017", "NOMVIAL": "LÍMITE PREDIAL", "SENTIDO": "N/A", "LONGITUD": 322.42, "UNIDAD": "e14" }, "geometry": { "type": "LineString", "coordinates": [ [ -103.4743587, 20.328426 ], [ -103.4741135, 20.3286469 ], [ -103.4729956, 20.3296126 ], [ -103.4727255, 20.3294355 ], [ -103.472248, 20.3291164 ], [ -103.4719822, 20.328931 ] ] } },
{ "type": "Feature", "properties": { "ID": 1734584, "TIPOVIA": "CALLE", "TIPO": "N/A", "NUMERO": "N/A", "DERE_TRAN": "N/A", "ADMINISTRA": "N/A", "NUME_CARR": "N/A", "CONDICION": "N/A", "ORIGEN": "BCU", "CALI_REPR": "N/A", "CVEGEO": "140500017", "NOMVIAL": "18 DE MARZO", "SENTIDO": "UN SENTIDO", "LONGITUD": 107.13, "UNIDAD": "e14" }, "geometry": { "type": "LineString", "coordinates": [ [ -103.4845548, 20.3295115 ], [ -103.485438, 20.3290118 ] ] } },
{ "type": "Feature", "properties": { "ID": 1734625, "TIPOVIA": "CALLE", "TIPO": "N/A", "NUMERO": "N/A", "DERE_TRAN": "N/A", "ADMINISTRA": "N/A", "NUME_CARR": "N/A", "CONDICION": "N/A", "ORIGEN": "BCU", "CALI_REPR": "N/A", "CVEGEO": "140500017", "NOMVIAL": "18 DE MARZO", "SENTIDO": "UN SENTIDO", "LONGITUD": 77.76, "UNIDAD": "e14" }, "geometry": { "type": "LineString", "coordinates": [ [ -103.4839137, 20.3298741 ], [ -103.4845548, 20.3295115 ] ] } },
{ "type": "Feature", "properties": { "ID": 1734627, "TIPOVIA": "CALLE", "TIPO": "N/A", "NUMERO": "N/A", "DERE_TRAN": "N/A", "ADMINISTRA": "N/A", "NUME_CARR": "N/A", "CONDICION": "N/A", "ORIGEN": "BCU", "CALI_REPR": "N/A", "CVEGEO": "140500017", "NOMVIAL": "LUIS GÓMEZ", "SENTIDO": "UN SENTIDO", "LONGITUD": 47.86, "UNIDAD": "e14" }, "geometry": { "type": "LineString", "coordinates": [ [ -103.4845548, 20.3295115 ], [ -103.4847916, 20.3298836 ] ] } },
{ "type": "Feature", "properties": { "ID": 1734633, "TIPOVIA": "CALLE", "TIPO": "N/A", "NUMERO": "N/A", "DERE_TRAN": "N/A", "ADMINISTRA": "N/A", "NUME_CARR": "N/A", "CONDICION": "N/A", "ORIGEN": "BCU", "CALI_REPR": "N/A", "CVEGEO": "140500017", "NOMVIAL": "16 DE SEPTIEMBRE", "SENTIDO": "UN SENTIDO", "LONGITUD": 140.61, "UNIDAD": "e14" }, "geometry": { "type": "LineString", "coordinates": [ [ -103.4812251, 20.3288606 ], [ -103.481866, 20.3299833 ] ] } },
{ "type": "Feature", "properties": { "ID": 1734667, "TIPOVIA": "CALLE", "TIPO": "N/A", "NUMERO": "N/A", "DERE_TRAN": "N/A", "ADMINISTRA": "N/A", "NUME_CARR": "N/A", "CONDICION": "N/A", "ORIGEN": "BCU", "CALI_REPR": "N/A", "CVEGEO": "140500017", "NOMVIAL": "FRANCISCO I. MADERO", "SENTIDO": "UN SENTIDO", "LONGITUD": 78.47, "UNIDAD": "e14" }, "geometry": { "type": "LineString", "coordinates": [ [ -103.4847916, 20.3298836 ], [ -103.4841357, 20.3302352 ] ] } },
{ "type": "Feature", "properties": { "ID": 1734668, "TIPOVIA": "CALLE", "TIPO": "N/A", "NUMERO": "N/A", "DERE_TRAN": "N/A", "ADMINISTRA": "N/A", "NUME_CARR": "N/A", "CONDICION": "N/A", "ORIGEN": "BCU", "CALI_REPR": "N/A", "CVEGEO": "140500017", "NOMVIAL": "GUADALUPE VICTORIA", "SENTIDO": "UN SENTIDO", "LONGITUD": 46.03, "UNIDAD": "e14" }, "geometry": { "type": "LineString", "coordinates": [ [ -103.4839137, 20.3298741 ], [ -103.4841357, 20.3302352 ] ] } },
{ "type": "Feature", "properties": { "ID": 1734677, "TIPOVIA": "CALLE", "TIPO": "N/A", "NUMERO": "N/A", "DERE_TRAN": "N/A", "ADMINISTRA": "N/A", "NUME_CARR": "N/A", "CONDICION": "N/A", "ORIGEN": "BCU", "CALI_REPR": "N/A", "CVEGEO": "140500017", "NOMVIAL": "NINGUNO", "SENTIDO": "UN SENTIDO", "LONGITUD": 274.52, "UNIDAD": "e14" }, "geometry": { "type": "LineString", "coordinates": [ [ -103.4719822, 20.328931 ], [ -103.4707196, 20.3298397 ], [ -103.4698824, 20.3304391 ] ] } },
{ "type": "Feature", "properties": { "ID": 1734678, "TIPOVIA": "OTRO", "TIPO": "N/A", "NUMERO": "N/A", "DERE_TRAN": "N/A", "ADMINISTRA": "N/A", "NUME_CARR": "N/A", "CONDICION": "N/A", "ORIGEN": "BCU", "CALI_REPR": "N/A", "CVEGEO": "140500017", "NOMVIAL": "LÍMITE PREDIAL", "SENTIDO": "N/A", "LONGITUD": 427.52, "UNIDAD": "e14" }, "geometry": { "type": "LineString", "coordinates": [ [ -103.4698824, 20.3304391 ], [ -103.4696377, 20.3302624 ], [ -103.4698407, 20.3300616 ], [ -103.4708362, 20.3290804 ], [ -103.4714483, 20.3284221 ], [ -103.4709685, 20.3279916 ], [ -103.4713171, 20.3276842 ] ] } },
{ "type": "Feature", "properties": { "ID": 1734680, "TIPOVIA": "CALLE", "TIPO": "N/A", "NUMERO": "N/A", "DERE_TRAN": "N/A", "ADMINISTRA": "N/A", "NUME_CARR": "N/A", "CONDICION": "N/A", "ORIGEN": "BCU", "CALI_REPR": "N/A", "CVEGEO": "140500017", "NOMVIAL": "LUIS GÓMEZ", "SENTIDO": "UN SENTIDO", "LONGITUD": 52.44, "UNIDAD": "e14" }, "geometry": { "type": "LineString", "coordinates": [ [ -103.4847916, 20.3298836 ], [ -103.4850376, 20.3302987 ] ] } },
{ "type": "Feature", "properties": { "ID": 1734718, "TIPOVIA": "CALLE", "TIPO": "N/A", "NUMERO": "N/A", "DERE_TRAN": "N/A", "ADMINISTRA": "N/A", "NUME_CARR": "N/A", "CONDICION": "N/A", "ORIGEN": "BCU", "CALI_REPR": "N/A", "CVEGEO": "140500017", "NOMVIAL": "GUADALUPE VICTORIA", "SENTIDO": "UN SENTIDO", "LONGITUD": 43.18, "UNIDAD": "e14" }, "geometry": { "type": "LineString", "coordinates": [ [ -103.4841357, 20.3302352 ], [ -103.4843415, 20.3305754 ] ] } },
{ "type": "Feature", "properties": { "ID": 1734724, "TIPOVIA": "CALLE", "TIPO": "N/A", "NUMERO": "N/A", "DERE_TRAN": "N/A", "ADMINISTRA": "N/A", "NUME_CARR": "N/A", "CONDICION": "N/A", "ORIGEN": "BCU", "CALI_REPR": "N/A", "CVEGEO": "140500017", "NOMVIAL": "MONTE ALBÁN", "SENTIDO": "UN SENTIDO", "LONGITUD": 78.09, "UNIDAD": "e14" }, "geometry": { "type": "LineString", "coordinates": [ [ -103.4850376, 20.3302987 ], [ -103.4844013, 20.3306745 ] ] } },
{ "type": "Feature", "properties": { "ID": 1734725, "TIPOVIA": "CALLE", "TIPO": "N/A", "NUMERO": "N/A", "DERE_TRAN": "N/A", "ADMINISTRA": "N/A", "NUME_CARR": "N/A", "CONDICION": "N/A", "ORIGEN": "BCU", "CALI_REPR": "N/A", "CVEGEO": "140500017", "NOMVIAL": "GUADALUPE VICTORIA", "SENTIDO": "UN SENTIDO", "LONGITUD": 12.58, "UNIDAD": "e14" }, "geometry": { "type": "LineString", "coordinates": [ [ -103.4843415, 20.3305754 ], [ -103.4844013, 20.3306745 ] ] } },
{ "type": "Feature", "properties": { "ID": 1734729, "TIPOVIA": "CALLE", "TIPO": "N/A", "NUMERO": "N/A", "DERE_TRAN": "N/A", "ADMINISTRA": "N/A", "NUME_CARR": "N/A", "CONDICION": "N/A", "ORIGEN": "BCU", "CALI_REPR": "N/A", "CVEGEO": "140500017", "NOMVIAL": "18 DE MARZO", "SENTIDO": "UN SENTIDO", "LONGITUD": 193.54, "UNIDAD": "e14" }, "geometry": { "type": "LineString", "coordinates": [ [ -103.4822977, 20.3307441 ], [ -103.4839137, 20.3298741 ] ] } },
{ "type": "Feature", "properties": { "ID": 1734730, "TIPOVIA": "CALLE", "TIPO": "N/A", "NUMERO": "N/A", "DERE_TRAN": "N/A", "ADMINISTRA": "N/A", "NUME_CARR": "N/A", "CONDICION": "N/A", "ORIGEN": "BCU", "CALI_REPR": "N/A", "CVEGEO": "140500017", "NOMVIAL": "CAMINO REAL", "SENTIDO": "UN SENTIDO", "LONGITUD": 95.16, "UNIDAD": "e14" }, "geometry": { "type": "LineString", "coordinates": [ [ -103.481866, 20.3299833 ], [ -103.4822977, 20.3307441 ] ] } },
{ "type": "Feature", "properties": { "ID": 1734778, "TIPOVIA": "OTRO", "TIPO": "N/A", "NUMERO": "N/A", "DERE_TRAN": "N/A", "ADMINISTRA": "N/A", "NUME_CARR": "N/A", "CONDICION": "N/A", "ORIGEN": "BCU", "CALI_REPR": "N/A", "CVEGEO": "140500017", "NOMVIAL": "LÍMITE PREDIAL", "SENTIDO": "N/A", "LONGITUD": 304.34, "UNIDAD": "e14" }, "geometry": { "type": "LineString", "coordinates": [ [ -103.485438, 20.3290118 ], [ -103.4854771, 20.3290672 ], [ -103.4857648, 20.329481 ], [ -103.4859122, 20.3297146 ], [ -103.486104, 20.3300243 ], [ -103.4863982, 20.3305246 ], [ -103.4854901, 20.3310325 ] ] } },
{ "type": "Feature", "properties": { "ID": 1734779, "TIPOVIA": "CALLE", "TIPO": "N/A", "NUMERO": "N/A", "DERE_TRAN": "N/A", "ADMINISTRA": "N/A", "NUME_CARR": "N/A", "CONDICION": "N/A", "ORIGEN": "BCU", "CALI_REPR": "N/A", "CVEGEO": "140500017", "NOMVIAL": "LUIS GÓMEZ", "SENTIDO": "UN SENTIDO", "LONGITUD": 93.61, "UNIDAD": "e14" }, "geometry": { "type": "LineString", "coordinates": [ [ -103.4850376, 20.3302987 ], [ -103.4854901, 20.3310325 ] ] } },
{ "type": "Feature", "properties": { "ID": 1734838, "TIPOVIA": "CALLE", "TIPO": "N/A", "NUMERO": "N/A", "DERE_TRAN": "N/A", "ADMINISTRA": "N/A", "NUME_CARR": "N/A", "CONDICION": "N/A", "ORIGEN": "BCU", "CALI_REPR": "N/A", "CVEGEO": "140500017", "NOMVIAL": "NINGUNO", "SENTIDO": "UN SENTIDO", "LONGITUD": 266.67, "UNIDAD": "e14" }, "geometry": { "type": "LineString", "coordinates": [ [ -103.481866, 20.3299833 ], [ -103.4797653, 20.3313695 ] ] } },
{ "type": "Feature", "properties": { "ID": 1734839, "TIPOVIA": "CALLE", "TIPO": "N/A", "NUMERO": "N/A", "DERE_TRAN": "N/A", "ADMINISTRA": "N/A", "NUME_CARR": "N/A", "CONDICION": "N/A", "ORIGEN": "BCU", "CALI_REPR": "N/A", "CVEGEO": "140500017", "NOMVIAL": "NINGUNO", "SENTIDO": "UN SENTIDO", "LONGITUD": 361.15, "UNIDAD": "e14" }, "geometry": { "type": "LineString", "coordinates": [ [ -103.4771873, 20.3291757 ], [ -103.4797653, 20.3313695 ] ] } },
{ "type": "Feature", "properties": { "ID": 1734846, "TIPOVIA": "OTRO", "TIPO": "N/A", "NUMERO": "N/A", "DERE_TRAN": "N/A", "ADMINISTRA": "N/A", "NUME_CARR": "N/A", "CONDICION": "N/A", "ORIGEN": "BCU", "CALI_REPR": "N/A", "CVEGEO": "140500017", "NOMVIAL": "LÍMITE PREDIAL", "SENTIDO": "N/A", "LONGITUD": 79.75, "UNIDAD": "e14" }, "geometry": { "type": "LineString", "coordinates": [ [ -103.4854901, 20.3310325 ], [ -103.4848306, 20.3314014 ] ] } },
{ "type": "Feature", "properties": { "ID": 1734847, "TIPOVIA": "CALLE", "TIPO": "N/A", "NUMERO": "N/A", "DERE_TRAN": "N/A", "ADMINISTRA": "N/A", "NUME_CARR": "N/A", "CONDICION": "N/A", "ORIGEN": "BCU", "CALI_REPR": "N/A", "CVEGEO": "140500017", "NOMVIAL": "GUADALUPE VICTORIA", "SENTIDO": "UN SENTIDO", "LONGITUD": 91.75, "UNIDAD": "e14" }, "geometry": { "type": "LineString", "coordinates": [ [ -103.4844013, 20.3306745 ], [ -103.4847854, 20.331326 ], [ -103.4848306, 20.3314014 ] ] } },
{ "type": "Feature", "properties": { "ID": 1734850, "TIPOVIA": "OTRO", "TIPO": "N/A", "NUMERO": "N/A", "DERE_TRAN": "N/A", "ADMINISTRA": "N/A", "NUME_CARR": "N/A", "CONDICION": "N/A", "ORIGEN": "BCU", "CALI_REPR": "N/A", "CVEGEO": "140500017", "NOMVIAL": "LÍMITE PREDIAL", "SENTIDO": "N/A", "LONGITUD": 194.96, "UNIDAD": "e14" }, "geometry": { "type": "LineString", "coordinates": [ [ -103.4827034, 20.3314347 ], [ -103.4843415, 20.3305754 ] ] } },
{ "type": "Feature", "properties": { "ID": 1734851, "TIPOVIA": "CALLE", "TIPO": "N/A", "NUMERO": "N/A", "DERE_TRAN": "N/A", "ADMINISTRA": "N/A", "NUME_CARR": "N/A", "CONDICION": "N/A", "ORIGEN": "BCU", "CALI_REPR": "N/A", "CVEGEO": "140500017", "NOMVIAL": "CAMINO REAL", "SENTIDO": "UN SENTIDO", "LONGITUD": 87.07, "UNIDAD": "e14" }, "geometry": { "type": "LineString", "coordinates": [ [ -103.4822977, 20.3307441 ], [ -103.4827034, 20.3314347 ] ] } }
]
}
