{
"type": "FeatureCollection",
"name": "HIDRO_JOCO",
"crs": { "type": "name", "properties": { "name": "urn:ogc:def:crs:OGC:1.3:CRS84" } },
"features": [
{ "type": "Feature", "properties": { "ID": 6916308, "CVE_SUBC": "RH12Dc", "CLAVE50K": null, "TIPO": 101, "ENTIDAD": "CORRIENTE DE AGUA", "FC": 3271, "CONDICION": "INTERMITENTE", "EDICION": "N", "FECHA": "2007-11-09", "LENGTHM": 373.447, "ID_DRENA": 5, "FLOWDIR": 1, "ENABLED": 1, "DESC_ENABL": null, "CALI_REPR": 1, "SEQUENCEID": 2729.0, "ORDER_1": 2, "LEVEL_1": 2, "ARBSUM_1": 3284.8573, "PATHL_1": 1410.628 }, "geometry": { "type": "LineString", "coordinates": [ [ -103.4978213, 20.3825754 ], [ -103.5004872, 20.380306 ] ] } },
{ "type": "Feature", "properties": { "ID": 6916323, "CVE_SUBC": "RH12Dc", "CLAVE50K": "f13d75", "TIPO": 101, "ENTIDAD": "CORRIENTE DE AGUA", "FC": 3271, "CONDICION": "INTERMITENTE", "EDICION": "O", "FECHA": "1994-12-31", "LENGTHM": 1938.0191, "ID_DRENA": 6, "FLOWDIR": 1, "ENABLED": 1, "DESC_ENABL": null, "CALI_REPR": 0, "SEQUENCEID": 3133.0, "ORDER_1": 2, "LEVEL_1": 2, "ARBSUM_1": 10048.0051, "PATHL_1": 22848.1379 }, "geometry": { "type": "LineString", "coordinates": [ [ -103.4519297, 20.326274 ], [ -103.4519017, 20.3262015 ], [ -103.4518831, 20.3261471 ], [ -103.451874, 20.3261018 ], [ -103.451904, 20.3259756 ], [ -103.4519431, 20.3258947 ], [ -103.4519438, 20.3258224 ], [ -103.4519347, 20.3257681 ], [ -103.4519353, 20.3257139 ], [ -103.4520322, 20.3255974 ], [ -103.4520804, 20.3255707 ], [ -103.4521956, 20.3255356 ], [ -103.4524073, 20.3254381 ], [ -103.4524843, 20.3254026 ], [ -103.4525518, 20.325358 ], [ -103.4526001, 20.3253133 ], [ -103.4526293, 20.3252684 ], [ -103.4526684, 20.3251874 ], [ -103.4527075, 20.3251065 ], [ -103.4527465, 20.3250346 ], [ -103.4528144, 20.3249448 ], [ -103.4528535, 20.3248729 ], [ -103.4528829, 20.3248009 ], [ -103.4529415, 20.324684 ], [ -103.4530186, 20.3246395 ], [ -103.4531145, 20.3246222 ], [ -103.4531625, 20.3246136 ], [ -103.4532583, 20.3246055 ], [ -103.4533351, 20.3245881 ], [ -103.4533929, 20.3245615 ], [ -103.4534699, 20.324517 ], [ -103.4535758, 20.3244637 ], [ -103.453634, 20.324392 ], [ -103.453673, 20.32432 ], [ -103.4537025, 20.324239 ], [ -103.4537417, 20.324149 ], [ -103.4537614, 20.324095 ], [ -103.4538003, 20.3240411 ], [ -103.4538597, 20.3238429 ], [ -103.4538603, 20.3237797 ], [ -103.4538331, 20.3236258 ], [ -103.4538048, 20.3235804 ], [ -103.4537671, 20.3235259 ], [ -103.4537198, 20.3234622 ], [ -103.4537011, 20.3234169 ], [ -103.4536826, 20.3233535 ], [ -103.4536837, 20.3232451 ], [ -103.453732, 20.3232004 ], [ -103.4537706, 20.3231736 ], [ -103.4538285, 20.323129 ], [ -103.4538962, 20.3230573 ], [ -103.453945, 20.3229674 ], [ -103.4539551, 20.3229133 ], [ -103.4539653, 20.3228501 ], [ -103.4539853, 20.322769 ], [ -103.4539956, 20.3226968 ], [ -103.4540152, 20.3226518 ], [ -103.4540734, 20.32258 ], [ -103.4541024, 20.3225442 ], [ -103.4541513, 20.3224452 ], [ -103.4541806, 20.3223913 ], [ -103.4542489, 20.3222654 ], [ -103.4542783, 20.3221934 ], [ -103.4543172, 20.3221305 ], [ -103.454337, 20.3220674 ], [ -103.454359, 20.3217876 ], [ -103.4543596, 20.3217244 ], [ -103.454351, 20.3216249 ], [ -103.4543137, 20.3215252 ], [ -103.4542952, 20.3214528 ], [ -103.4542958, 20.3213986 ], [ -103.4543643, 20.3212456 ], [ -103.4544324, 20.3211468 ], [ -103.4544907, 20.321057 ], [ -103.454549, 20.3209762 ], [ -103.4546074, 20.3208774 ], [ -103.4546464, 20.3208054 ], [ -103.4546951, 20.3207246 ], [ -103.4547728, 20.3206168 ], [ -103.454812, 20.3205269 ], [ -103.4548606, 20.320455 ], [ -103.4550449, 20.3202218 ], [ -103.4551032, 20.3201319 ], [ -103.4551813, 20.3199881 ], [ -103.4552107, 20.3199161 ], [ -103.4552306, 20.319844 ], [ -103.4552801, 20.3196818 ], [ -103.4552903, 20.3196187 ], [ -103.4553197, 20.3195467 ], [ -103.4553684, 20.3194658 ], [ -103.4554077, 20.3193668 ], [ -103.4554565, 20.3192768 ], [ -103.4554957, 20.3191869 ], [ -103.4555541, 20.319088 ], [ -103.455593, 20.3190251 ], [ -103.4556897, 20.3189356 ], [ -103.4558741, 20.3186843 ], [ -103.4559327, 20.3185764 ], [ -103.4560409, 20.3182883 ], [ -103.4560605, 20.3182433 ], [ -103.4560706, 20.3181892 ], [ -103.4560242, 20.3180352 ], [ -103.4559961, 20.3179717 ], [ -103.4559871, 20.3179174 ], [ -103.4559687, 20.317836 ], [ -103.4559694, 20.3177727 ], [ -103.45597, 20.3177095 ], [ -103.45598, 20.3176644 ], [ -103.4559996, 20.3176194 ], [ -103.4560962, 20.317539 ], [ -103.4561349, 20.3174941 ], [ -103.4562313, 20.3174318 ], [ -103.4563086, 20.3173692 ], [ -103.4563761, 20.3173156 ], [ -103.4564723, 20.3172713 ], [ -103.4565588, 20.3172449 ], [ -103.4566548, 20.3172187 ], [ -103.4567125, 20.3171921 ], [ -103.4567799, 20.3171565 ], [ -103.4568281, 20.3171208 ], [ -103.4568763, 20.3170942 ], [ -103.456934, 20.3170676 ], [ -103.4570399, 20.3170143 ], [ -103.4571457, 20.316961 ], [ -103.4572229, 20.3169075 ], [ -103.4572999, 20.316863 ], [ -103.457377, 20.3168185 ], [ -103.4574444, 20.316783 ], [ -103.4575406, 20.3167387 ], [ -103.4576464, 20.3166944 ], [ -103.457752, 20.3166592 ], [ -103.4578577, 20.316624 ], [ -103.4580018, 20.3165801 ], [ -103.4581364, 20.3165271 ], [ -103.4583284, 20.3164836 ], [ -103.4584052, 20.3164572 ], [ -103.4585108, 20.3164401 ], [ -103.4586258, 20.316423 ], [ -103.4587219, 20.3163968 ], [ -103.4589235, 20.3163443 ], [ -103.4590671, 20.3163456 ], [ -103.4592395, 20.3163471 ], [ -103.4593258, 20.3163298 ], [ -103.4594507, 20.3162948 ], [ -103.4595469, 20.3162504 ], [ -103.4596717, 20.3162154 ], [ -103.4597869, 20.3161893 ], [ -103.459921, 20.3161815 ], [ -103.460036, 20.3161825 ], [ -103.4601413, 20.3161834 ], [ -103.4603711, 20.3161854 ], [ -103.4605056, 20.3161414 ], [ -103.4605826, 20.316106 ], [ -103.4606406, 20.3160523 ], [ -103.4607465, 20.31599 ], [ -103.4608714, 20.3159459 ], [ -103.4610153, 20.3159201 ], [ -103.4611398, 20.3159212 ], [ -103.4612548, 20.3159132 ], [ -103.4613795, 20.3158962 ], [ -103.4616001, 20.315862 ], [ -103.4617923, 20.3157914 ], [ -103.4618789, 20.315747 ], [ -103.462004, 20.3156849 ], [ -103.4621292, 20.3156137 ], [ -103.4623515, 20.3154079 ], [ -103.4624383, 20.3153454 ], [ -103.4625251, 20.3152829 ], [ -103.4626216, 20.3152115 ], [ -103.4627375, 20.3151132 ], [ -103.4629022, 20.3149159 ] ] } },
{ "type": "Feature", "properties": { "ID": 6916324, "CVE_SUBC": "RH12Dc", "CLAVE50K": "f13d75", "TIPO": 101, "ENTIDAD": "CORRIENTE DE AGUA", "FC": 3271, "CONDICION": "INTERMITENTE", "EDICION": "O", "FECHA": "1994-12-31", "LENGTHM": 300.6753, "ID_DRENA": 5, "FLOWDIR": 1, "ENABLED": 1, "DESC_ENABL": null, "CALI_REPR": 0, "SEQUENCEID": 2667.0, "ORDER_1": 2, "LEVEL_1": 2, "ARBSUM_1": 4809.8343, "PATHL_1": 2707.5978 }, "geometry": { "type": "LineString", "coordinates": [ [ -103.4808657, 20.3648135 ], [ -103.4809639, 20.3648325 ], [ -103.4810501, 20.3648332 ], [ -103.481146, 20.364816 ], [ -103.4812615, 20.3647628 ], [ -103.4813194, 20.3647181 ], [ -103.4813966, 20.3646646 ], [ -103.4814449, 20.3646198 ], [ -103.4815122, 20.3645933 ], [ -103.4815887, 20.364612 ], [ -103.4816553, 20.3646578 ], [ -103.4817027, 20.3647124 ], [ -103.4817595, 20.3647762 ], [ -103.4818263, 20.3648038 ], [ -103.4819029, 20.3648045 ], [ -103.4820182, 20.3647694 ], [ -103.4820855, 20.3647428 ], [ -103.4821434, 20.3647072 ], [ -103.4822687, 20.364627 ], [ -103.482346, 20.3645554 ], [ -103.4824136, 20.3645018 ], [ -103.4824716, 20.3644481 ], [ -103.48252, 20.3643943 ], [ -103.482616, 20.3643771 ], [ -103.4826831, 20.3643686 ], [ -103.4827312, 20.364351 ], [ -103.4827888, 20.3643334 ], [ -103.4829143, 20.3642351 ], [ -103.4829439, 20.3641541 ], [ -103.4830025, 20.3640371 ], [ -103.4830508, 20.3639924 ], [ -103.4831565, 20.3639572 ], [ -103.4832332, 20.3639488 ] ] } },
{ "type": "Feature", "properties": { "ID": 6916336, "CVE_SUBC": "RH12Dc", "CLAVE50K": "f13d75", "TIPO": 101, "ENTIDAD": "CORRIENTE DE AGUA", "FC": 3271, "CONDICION": "INTERMITENTE", "EDICION": "O", "FECHA": "1994-12-31", "LENGTHM": 3223.5135, "ID_DRENA": 6, "FLOWDIR": 1, "ENABLED": 1, "DESC_ENABL": null, "CALI_REPR": 0, "SEQUENCEID": 3129.0, "ORDER_1": 1, "LEVEL_1": 2, "ARBSUM_1": 3223.5135, "PATHL_1": 21497.8056 }, "geometry": { "type": "LineString", "coordinates": [ [ -103.4485445, 20.344962 ], [ -103.4485836, 20.3448811 ], [ -103.4486319, 20.3448454 ], [ -103.4486993, 20.3448098 ], [ -103.4487475, 20.3447741 ], [ -103.4488151, 20.3447205 ], [ -103.4489019, 20.3446671 ], [ -103.4489597, 20.3446315 ], [ -103.4490463, 20.3445871 ], [ -103.4491136, 20.3445696 ], [ -103.4492379, 20.3445888 ], [ -103.4492856, 20.3446073 ], [ -103.4494195, 20.3446265 ], [ -103.4495632, 20.3446188 ], [ -103.4496494, 20.3446195 ], [ -103.4497452, 20.3446204 ], [ -103.4498124, 20.3446029 ], [ -103.4498703, 20.3445583 ], [ -103.449938, 20.3444956 ], [ -103.4499959, 20.344451 ], [ -103.4501016, 20.3444158 ], [ -103.4502068, 20.3444348 ], [ -103.4502738, 20.3444444 ], [ -103.4503599, 20.3444542 ], [ -103.4504365, 20.3444549 ], [ -103.4505038, 20.3444284 ], [ -103.4505424, 20.3444016 ], [ -103.4505906, 20.3443659 ], [ -103.4506389, 20.3443212 ], [ -103.4507743, 20.3441959 ], [ -103.4508802, 20.3441426 ], [ -103.4511772, 20.3441272 ], [ -103.4513881, 20.344111 ], [ -103.4515032, 20.344094 ], [ -103.4516565, 20.3440953 ], [ -103.4517617, 20.3441053 ], [ -103.4518574, 20.3441152 ], [ -103.4519629, 20.344098 ], [ -103.4520494, 20.3440717 ], [ -103.4521362, 20.3440092 ], [ -103.4522422, 20.3439469 ], [ -103.4522999, 20.3439294 ], [ -103.4523671, 20.3439119 ], [ -103.4525495, 20.3438683 ], [ -103.452761, 20.3437889 ], [ -103.4528475, 20.3437626 ], [ -103.4528954, 20.343754 ], [ -103.4529434, 20.3437454 ], [ -103.4530201, 20.343737 ], [ -103.4530872, 20.3437376 ], [ -103.4533076, 20.3437215 ], [ -103.4533844, 20.3437041 ], [ -103.4534901, 20.3436689 ], [ -103.4536053, 20.3436428 ], [ -103.4537974, 20.3435903 ], [ -103.4539126, 20.3435642 ], [ -103.4540276, 20.3435562 ], [ -103.4541904, 20.3435576 ], [ -103.4542958, 20.3435586 ], [ -103.4544203, 20.3435597 ], [ -103.4545161, 20.3435605 ], [ -103.4546213, 20.3435705 ], [ -103.4547074, 20.3435803 ], [ -103.454784, 20.343581 ], [ -103.4548607, 20.3435816 ], [ -103.4549277, 20.3435822 ], [ -103.4550619, 20.3435744 ], [ -103.4551963, 20.3435394 ], [ -103.4553019, 20.3435133 ], [ -103.4553884, 20.3434869 ], [ -103.4554846, 20.3434426 ], [ -103.4555807, 20.3434073 ], [ -103.4556579, 20.3433538 ], [ -103.4557544, 20.3432824 ], [ -103.4558029, 20.3432196 ], [ -103.4558516, 20.3431387 ], [ -103.4558907, 20.3430578 ], [ -103.4559301, 20.3429497 ], [ -103.4559598, 20.3428506 ], [ -103.4559707, 20.3427152 ], [ -103.4559815, 20.3425978 ], [ -103.4559922, 20.3424805 ], [ -103.456003, 20.3423632 ], [ -103.456004, 20.3422638 ], [ -103.4560241, 20.3421646 ], [ -103.4560346, 20.3420743 ], [ -103.456045, 20.3419931 ], [ -103.4560745, 20.3419121 ], [ -103.4561136, 20.3418311 ], [ -103.4561236, 20.341786 ], [ -103.4562497, 20.3416336 ], [ -103.456279, 20.3415706 ], [ -103.4562797, 20.3415074 ], [ -103.4562324, 20.3414437 ], [ -103.4561754, 20.341398 ], [ -103.4561186, 20.3413343 ], [ -103.4560904, 20.3412708 ], [ -103.4560435, 20.3411801 ], [ -103.4560248, 20.3411257 ], [ -103.4560356, 20.3410084 ], [ -103.4560657, 20.3408731 ], [ -103.4561239, 20.3407923 ], [ -103.4561724, 20.3407386 ], [ -103.4562302, 20.3407029 ], [ -103.4562975, 20.3406764 ], [ -103.4563836, 20.3406862 ], [ -103.4564884, 20.3407413 ], [ -103.4565745, 20.3407511 ], [ -103.4566225, 20.3407425 ], [ -103.4566706, 20.3407158 ], [ -103.4567191, 20.340653 ], [ -103.4567581, 20.3405902 ], [ -103.4567873, 20.3405452 ], [ -103.456826, 20.3405004 ], [ -103.4568552, 20.3404555 ], [ -103.4568846, 20.3403925 ], [ -103.4569048, 20.3402843 ], [ -103.4569151, 20.3402121 ], [ -103.4569253, 20.340149 ], [ -103.4570227, 20.3399872 ], [ -103.4570902, 20.3399336 ], [ -103.4571289, 20.3398978 ], [ -103.4571678, 20.339844 ], [ -103.4571976, 20.3397358 ], [ -103.4572174, 20.3396637 ], [ -103.4572373, 20.3395916 ], [ -103.4572668, 20.3395196 ], [ -103.4573252, 20.3394208 ], [ -103.4573932, 20.339322 ], [ -103.4574419, 20.3392411 ], [ -103.4574809, 20.3391782 ], [ -103.4575485, 20.3391156 ], [ -103.4576065, 20.3390619 ], [ -103.4576741, 20.3390083 ], [ -103.4577417, 20.3389547 ], [ -103.4578479, 20.3388653 ], [ -103.4579058, 20.3388206 ], [ -103.4579641, 20.3387398 ], [ -103.4580031, 20.3386679 ], [ -103.4580422, 20.3385869 ], [ -103.4580811, 20.3385331 ], [ -103.4581105, 20.3384611 ], [ -103.4581789, 20.3383262 ], [ -103.4582179, 20.3382542 ], [ -103.4583048, 20.3381918 ], [ -103.4584197, 20.3381928 ], [ -103.4584869, 20.3381753 ], [ -103.4585256, 20.3381395 ], [ -103.4585646, 20.3380676 ], [ -103.4585748, 20.3380044 ], [ -103.4586234, 20.3379326 ], [ -103.4586718, 20.3378788 ], [ -103.4587299, 20.3378161 ], [ -103.4587878, 20.3377714 ], [ -103.4588553, 20.3377269 ], [ -103.4589324, 20.3376733 ], [ -103.459, 20.3376197 ], [ -103.4590962, 20.3375754 ], [ -103.4592212, 20.3375314 ], [ -103.4592979, 20.337523 ], [ -103.4593748, 20.3374966 ], [ -103.459471, 20.3374522 ], [ -103.4595193, 20.3374075 ], [ -103.4595677, 20.3373537 ], [ -103.4596354, 20.3372911 ], [ -103.4596934, 20.3372374 ], [ -103.4597708, 20.3371568 ], [ -103.4598385, 20.3370941 ], [ -103.4599061, 20.3370405 ], [ -103.4599447, 20.3370047 ], [ -103.4600122, 20.3369602 ], [ -103.4600796, 20.3369246 ], [ -103.4601662, 20.3368892 ], [ -103.460272, 20.336845 ], [ -103.4603584, 20.3368187 ], [ -103.4604352, 20.3368013 ], [ -103.460512, 20.3367839 ], [ -103.4605697, 20.3367573 ], [ -103.4606181, 20.3367126 ], [ -103.4606665, 20.3366588 ], [ -103.4608405, 20.3364977 ], [ -103.4609272, 20.3364443 ], [ -103.4610908, 20.3363644 ], [ -103.4611677, 20.336338 ], [ -103.4612158, 20.3363203 ], [ -103.461293, 20.3362578 ], [ -103.4613221, 20.3362219 ], [ -103.461361, 20.336159 ], [ -103.4613807, 20.336105 ], [ -103.4614295, 20.336015 ], [ -103.4614782, 20.3359342 ], [ -103.4615461, 20.3358444 ], [ -103.4616231, 20.335809 ], [ -103.4617575, 20.335774 ], [ -103.4618152, 20.3357474 ], [ -103.4618539, 20.3357116 ], [ -103.4619606, 20.3355771 ], [ -103.4620283, 20.3355054 ], [ -103.4620957, 20.3354698 ], [ -103.4621822, 20.3354435 ], [ -103.4622589, 20.3354352 ], [ -103.4623839, 20.335382 ], [ -103.4624131, 20.3353371 ], [ -103.4624231, 20.3352921 ], [ -103.462424, 20.3352017 ], [ -103.462444, 20.3351206 ], [ -103.4625022, 20.3350488 ], [ -103.4625695, 20.3350133 ], [ -103.4626851, 20.3349511 ], [ -103.4627144, 20.3348971 ], [ -103.4627344, 20.334807 ], [ -103.4627544, 20.3347258 ], [ -103.4628129, 20.3346179 ], [ -103.4628806, 20.3345553 ], [ -103.4629579, 20.3344837 ], [ -103.4630353, 20.3344031 ], [ -103.4630647, 20.3343401 ], [ -103.4630748, 20.334286 ], [ -103.4630658, 20.3342227 ], [ -103.4630377, 20.3341592 ], [ -103.4630192, 20.3340958 ], [ -103.4630007, 20.3340234 ], [ -103.4629727, 20.3339508 ], [ -103.4629637, 20.3338966 ], [ -103.4629547, 20.3338332 ], [ -103.4629843, 20.3337522 ], [ -103.4629947, 20.333662 ], [ -103.462996, 20.3335355 ], [ -103.4629689, 20.3333726 ], [ -103.4629697, 20.3332913 ], [ -103.4629902, 20.333156 ], [ -103.4630101, 20.3330749 ], [ -103.4630396, 20.3330029 ], [ -103.4630592, 20.3329488 ], [ -103.463079, 20.3328858 ], [ -103.4630892, 20.3328226 ], [ -103.4630995, 20.3327505 ], [ -103.4631395, 20.3325792 ], [ -103.4631884, 20.3324802 ], [ -103.4632277, 20.3323812 ], [ -103.4632667, 20.3323093 ], [ -103.4633154, 20.3322284 ], [ -103.4633735, 20.3321657 ], [ -103.4634122, 20.3321208 ], [ -103.4635185, 20.3320224 ], [ -103.4635478, 20.3319684 ], [ -103.4635869, 20.3318875 ], [ -103.4636546, 20.3318248 ], [ -103.4637126, 20.3317712 ], [ -103.4637611, 20.3317083 ], [ -103.4637905, 20.3316363 ], [ -103.4638008, 20.3315642 ], [ -103.4638014, 20.3315009 ], [ -103.4638022, 20.3314196 ], [ -103.4638125, 20.3313474 ], [ -103.463823, 20.3312572 ], [ -103.4638428, 20.3311941 ], [ -103.463882, 20.3311041 ], [ -103.4638924, 20.3310139 ], [ -103.4639029, 20.3309236 ], [ -103.4639133, 20.3308424 ], [ -103.4639722, 20.3306984 ], [ -103.463992, 20.3306353 ], [ -103.4640213, 20.3305724 ], [ -103.4640798, 20.3304735 ], [ -103.4641475, 20.3304018 ], [ -103.4642344, 20.3303303 ], [ -103.4643211, 20.3302769 ], [ -103.4644078, 20.3302325 ], [ -103.4644656, 20.3301968 ], [ -103.4645328, 20.3301794 ], [ -103.4646195, 20.3301259 ], [ -103.4646678, 20.3300812 ], [ -103.4647067, 20.3300273 ], [ -103.4647743, 20.3299647 ], [ -103.4648131, 20.3299198 ], [ -103.4648519, 20.329866 ], [ -103.4649004, 20.3298122 ], [ -103.4649489, 20.3297494 ], [ -103.4650749, 20.3295969 ], [ -103.4651329, 20.3295342 ], [ -103.4651719, 20.3294713 ], [ -103.4652011, 20.3294174 ], [ -103.4652305, 20.3293544 ], [ -103.4652501, 20.3293094 ], [ -103.4652893, 20.3292194 ], [ -103.465309, 20.3291654 ], [ -103.4653385, 20.3290843 ], [ -103.4653775, 20.3290124 ], [ -103.4654356, 20.3289497 ], [ -103.4654841, 20.3288868 ], [ -103.4655134, 20.3288329 ], [ -103.4655334, 20.3287427 ], [ -103.4655439, 20.3286525 ], [ -103.4655636, 20.3285985 ], [ -103.4656125, 20.3284905 ], [ -103.4656422, 20.3284004 ], [ -103.4656335, 20.32831 ], [ -103.4656243, 20.3282647 ], [ -103.4656057, 20.3282104 ], [ -103.4656066, 20.32812 ], [ -103.4656169, 20.3280479 ], [ -103.4656367, 20.3279848 ], [ -103.4656659, 20.3279308 ], [ -103.4657049, 20.327868 ], [ -103.4657245, 20.327823 ], [ -103.4657634, 20.3277601 ], [ -103.4658608, 20.3275983 ], [ -103.4659968, 20.3274008 ], [ -103.466026, 20.3273468 ], [ -103.466124, 20.3271218 ], [ -103.4661539, 20.3270046 ], [ -103.4661843, 20.3268423 ], [ -103.466214, 20.3267342 ], [ -103.466244, 20.3266079 ], [ -103.4662738, 20.3264998 ], [ -103.4662848, 20.3263554 ], [ -103.4663054, 20.326211 ], [ -103.4663269, 20.3259763 ] ] } },
{ "type": "Feature", "properties": { "ID": 6916338, "CVE_SUBC": "RH12Dc", "CLAVE50K": null, "TIPO": 101, "ENTIDAD": "CORRIENTE DE AGUA", "FC": 3271, "CONDICION": "INTERMITENTE", "EDICION": "N", "FECHA": "2007-11-09", "LENGTHM": 88.905, "ID_DRENA": 6, "FLOWDIR": 1, "ENABLED": 1, "DESC_ENABL": null, "CALI_REPR": 1, "SEQUENCEID": 2945.0, "ORDER_1": 2, "LEVEL_1": 2, "ARBSUM_1": 2670.4815, "PATHL_1": 13677.7416 }, "geometry": { "type": "LineString", "coordinates": [ [ -103.4957378, 20.3877339 ], [ -103.4959565, 20.3876895 ], [ -103.4965752, 20.3875705 ] ] } },
{ "type": "Feature", "properties": { "ID": 6916341, "CVE_SUBC": "RH12Dc", "CLAVE50K": null, "TIPO": 101, "ENTIDAD": "CORRIENTE DE AGUA", "FC": 3271, "CONDICION": "INTERMITENTE", "EDICION": "N", "FECHA": "2007-11-09", "LENGTHM": 1885.9394, "ID_DRENA": 5, "FLOWDIR": 1, "ENABLED": 1, "DESC_ENABL": null, "CALI_REPR": 1, "SEQUENCEID": 2700.0, "ORDER_1": 2, "LEVEL_1": 2, "ARBSUM_1": 5857.3846, "PATHL_1": 450.6682 }, "geometry": { "type": "LineString", "coordinates": [ [ -103.4872058, 20.3724021 ], [ -103.4880751, 20.3720359 ], [ -103.4891885, 20.3719332 ], [ -103.4909746, 20.3721564 ], [ -103.4921781, 20.3718369 ], [ -103.4950034, 20.3723339 ], [ -103.4970284, 20.3726591 ], [ -103.4998414, 20.3724585 ], [ -103.5014559, 20.3726484 ], [ -103.5034395, 20.3728685 ], [ -103.5047673, 20.373776 ] ] } },
{ "type": "Feature", "properties": { "ID": 6916351, "CVE_SUBC": "RH12Dc", "CLAVE50K": "f13d75", "TIPO": 101, "ENTIDAD": "CORRIENTE DE AGUA", "FC": 3271, "CONDICION": "INTERMITENTE", "EDICION": "O", "FECHA": "1994-12-31", "LENGTHM": 253.8505, "ID_DRENA": 6, "FLOWDIR": 1, "ENABLED": 1, "DESC_ENABL": null, "CALI_REPR": 0, "SEQUENCEID": 3084.0, "ORDER_1": 2, "LEVEL_1": 3, "ARBSUM_1": 2119.4675, "PATHL_1": 19435.0595 }, "geometry": { "type": "LineString", "coordinates": [ [ -103.5060233, 20.3160574 ], [ -103.5059464, 20.3160838 ], [ -103.5057928, 20.3161277 ], [ -103.5056775, 20.3161629 ], [ -103.5055721, 20.316171 ], [ -103.5054764, 20.3161702 ], [ -103.5053998, 20.3161605 ], [ -103.505218, 20.3161499 ], [ -103.5049978, 20.316139 ], [ -103.504902, 20.3161472 ], [ -103.5047486, 20.316164 ], [ -103.5046139, 20.316226 ], [ -103.5045173, 20.3163156 ], [ -103.504469, 20.3163603 ], [ -103.5044399, 20.3163962 ], [ -103.5043722, 20.3164679 ], [ -103.5043141, 20.3165306 ], [ -103.5042275, 20.3165751 ], [ -103.50417, 20.3165836 ], [ -103.5041029, 20.316583 ], [ -103.5040458, 20.3165554 ], [ -103.5039885, 20.3165369 ], [ -103.5039504, 20.3165094 ], [ -103.5038743, 20.3164546 ], [ -103.5038268, 20.3164181 ] ] } },
{ "type": "Feature", "properties": { "ID": 6916354, "CVE_SUBC": "RH12Dc", "CLAVE50K": "f13d75", "TIPO": 101, "ENTIDAD": "CORRIENTE DE AGUA", "FC": 3271, "CONDICION": "INTERMITENTE", "EDICION": "O", "FECHA": "1994-12-31", "LENGTHM": 2313.3045, "ID_DRENA": 6, "FLOWDIR": 1, "ENABLED": 1, "DESC_ENABL": null, "CALI_REPR": 0, "SEQUENCEID": 3240.0, "ORDER_1": 1, "LEVEL_1": 2, "ARBSUM_1": 2313.3045, "PATHL_1": 29246.3917 }, "geometry": { "type": "LineString", "coordinates": [ [ -103.3981512, 20.3146058 ], [ -103.3982076, 20.3147057 ], [ -103.3982544, 20.3148055 ], [ -103.3982913, 20.3149504 ], [ -103.3983002, 20.3150137 ], [ -103.3983091, 20.315077 ], [ -103.3983466, 20.3151587 ], [ -103.3985633, 20.3155039 ], [ -103.3986674, 20.3156223 ], [ -103.3987525, 20.3157225 ], [ -103.3988377, 20.3158226 ], [ -103.3989323, 20.3159319 ], [ -103.3990079, 20.316032 ], [ -103.3991026, 20.3161322 ], [ -103.3991882, 20.3161962 ], [ -103.3992356, 20.3162418 ], [ -103.3993117, 20.3162877 ], [ -103.3994067, 20.3163608 ], [ -103.3995018, 20.3164249 ], [ -103.3997679, 20.3166261 ], [ -103.4000349, 20.3167369 ], [ -103.4001679, 20.3168375 ], [ -103.4002441, 20.3168834 ], [ -103.4004057, 20.3169933 ], [ -103.4005295, 20.3170667 ], [ -103.4006248, 20.3171037 ], [ -103.4009783, 20.3171882 ], [ -103.4010834, 20.3172163 ], [ -103.4013599, 20.3173272 ], [ -103.4015883, 20.3174648 ], [ -103.4017692, 20.3175658 ], [ -103.4019122, 20.3176304 ], [ -103.4021604, 20.3177139 ], [ -103.4022465, 20.3177147 ], [ -103.4023514, 20.3177609 ], [ -103.402399, 20.3177884 ], [ -103.4025226, 20.3178799 ], [ -103.402646, 20.3179804 ], [ -103.4027508, 20.3180355 ], [ -103.4028456, 20.3181267 ], [ -103.4029791, 20.3181821 ], [ -103.4031506, 20.318265 ], [ -103.4035136, 20.3183587 ], [ -103.4037231, 20.318469 ], [ -103.4039133, 20.3185972 ], [ -103.4040558, 20.3187159 ], [ -103.4041886, 20.3188346 ], [ -103.4042551, 20.3188894 ], [ -103.4044169, 20.3189812 ], [ -103.4045315, 20.3190184 ], [ -103.4047034, 20.3190651 ], [ -103.4047893, 20.319093 ], [ -103.4048849, 20.3191029 ], [ -103.4050569, 20.3191406 ], [ -103.4052191, 20.3191963 ], [ -103.405581, 20.3193983 ], [ -103.405743, 20.3194721 ], [ -103.4059142, 20.3195911 ], [ -103.4060189, 20.3196553 ], [ -103.4061519, 20.3197558 ], [ -103.4062276, 20.3198469 ], [ -103.4062653, 20.3199014 ], [ -103.4063316, 20.3199743 ], [ -103.4064078, 20.3200202 ], [ -103.406465, 20.3200387 ], [ -103.4065223, 20.3200573 ], [ -103.4066656, 20.3200857 ], [ -103.4068668, 20.3200785 ], [ -103.40703, 20.3200439 ], [ -103.4072507, 20.3200007 ], [ -103.4073561, 20.3199927 ], [ -103.4075099, 20.3199399 ], [ -103.4075678, 20.3198952 ], [ -103.4077508, 20.3197885 ], [ -103.4079525, 20.3197361 ], [ -103.4081153, 20.3197286 ], [ -103.408259, 20.3197299 ], [ -103.4084885, 20.3197591 ], [ -103.4086031, 20.3197872 ], [ -103.4087176, 20.3198334 ], [ -103.4088032, 20.3198884 ], [ -103.408908, 20.3199436 ], [ -103.4089936, 20.3199985 ], [ -103.4090697, 20.3200534 ], [ -103.4091266, 20.3201082 ], [ -103.4092118, 20.3201993 ], [ -103.4092966, 20.3203355 ], [ -103.4093628, 20.3204174 ], [ -103.4095617, 20.3206361 ], [ -103.4095992, 20.3207177 ], [ -103.4096748, 20.3208087 ], [ -103.4098075, 20.3209454 ], [ -103.4098647, 20.3209731 ], [ -103.4099312, 20.3210188 ], [ -103.4101507, 20.3211021 ], [ -103.4102169, 20.321184 ], [ -103.4102634, 20.3213109 ], [ -103.4102911, 20.3214196 ], [ -103.41029, 20.321519 ], [ -103.4102691, 20.3216904 ], [ -103.4102395, 20.3217805 ], [ -103.4101716, 20.3218612 ], [ -103.4101322, 20.3219692 ], [ -103.4101121, 20.3220684 ], [ -103.4101203, 20.3221949 ], [ -103.4101671, 20.3223038 ], [ -103.4102335, 20.3223676 ], [ -103.4103286, 20.3224317 ], [ -103.4103856, 20.3224774 ], [ -103.4104235, 20.3225139 ], [ -103.4104713, 20.3225233 ], [ -103.4105669, 20.3225423 ], [ -103.4108155, 20.3225807 ], [ -103.4109305, 20.3225727 ], [ -103.4110743, 20.3225559 ], [ -103.4111605, 20.3225567 ], [ -103.4113041, 20.322558 ], [ -103.4114094, 20.322568 ], [ -103.4115527, 20.3225964 ], [ -103.4116482, 20.3226244 ], [ -103.4118583, 20.3226805 ], [ -103.4119153, 20.3227262 ], [ -103.4121443, 20.3228096 ], [ -103.4122498, 20.3227924 ], [ -103.4124133, 20.3227307 ], [ -103.4124711, 20.3226951 ], [ -103.4125574, 20.3226778 ], [ -103.4126245, 20.3226784 ], [ -103.4127388, 20.3227336 ], [ -103.4129104, 20.3228165 ], [ -103.4131585, 20.3229001 ], [ -103.4132736, 20.322883 ], [ -103.4133219, 20.3228383 ], [ -103.4133616, 20.3227032 ], [ -103.4135359, 20.322515 ], [ -103.4135937, 20.3224794 ], [ -103.4137189, 20.3224173 ], [ -103.4138822, 20.3223646 ], [ -103.4139976, 20.3223205 ], [ -103.4141227, 20.3222584 ], [ -103.4142297, 20.3220968 ], [ -103.4142593, 20.3220067 ], [ -103.41426, 20.3219434 ], [ -103.4142517, 20.3218169 ], [ -103.4142525, 20.3217356 ], [ -103.414273, 20.3216093 ], [ -103.4143511, 20.3214565 ], [ -103.4144569, 20.3214122 ], [ -103.4145433, 20.321395 ], [ -103.4146581, 20.321405 ], [ -103.414754, 20.3213969 ], [ -103.4148402, 20.3213886 ], [ -103.414917, 20.3213712 ], [ -103.4149939, 20.3213448 ] ] } },
{ "type": "Feature", "properties": { "ID": 6916364, "CVE_SUBC": "RH12Dc", "CLAVE50K": null, "TIPO": 101, "ENTIDAD": "CORRIENTE DE AGUA", "FC": 3271, "CONDICION": "INTERMITENTE", "EDICION": "N", "FECHA": "2007-11-09", "LENGTHM": 398.9465, "ID_DRENA": 6, "FLOWDIR": 1, "ENABLED": 1, "DESC_ENABL": null, "CALI_REPR": 1, "SEQUENCEID": 2935.0, "ORDER_1": 1, "LEVEL_1": 4, "ARBSUM_1": 808.4426, "PATHL_1": 13401.0062 }, "geometry": { "type": "LineString", "coordinates": [ [ -103.5022505, 20.391522 ], [ -103.5022014, 20.3912464 ], [ -103.5020229, 20.3911631 ], [ -103.5018921, 20.3909847 ], [ -103.5016779, 20.390604 ], [ -103.5014757, 20.3902827 ], [ -103.5012139, 20.3899853 ], [ -103.5007975, 20.3896046 ], [ -103.5002859, 20.3892715 ], [ -103.5000242, 20.3890335 ], [ -103.4997846, 20.3888917 ] ] } },
{ "type": "Feature", "properties": { "ID": 6916369, "CVE_SUBC": "RH12Dc", "CLAVE50K": "f13d75", "TIPO": 101, "ENTIDAD": "CORRIENTE DE AGUA", "FC": 3271, "CONDICION": "INTERMITENTE", "EDICION": "O", "FECHA": "1994-12-31", "LENGTHM": 338.1991, "ID_DRENA": 6, "FLOWDIR": 1, "ENABLED": 1, "DESC_ENABL": null, "CALI_REPR": 0, "SEQUENCEID": 3140.0, "ORDER_1": 2, "LEVEL_1": 2, "ARBSUM_1": 4004.7359, "PATHL_1": 26826.3505 }, "geometry": { "type": "LineString", "coordinates": [ [ -103.4455078, 20.3430922 ], [ -103.4455562, 20.3430474 ], [ -103.4455852, 20.3430115 ], [ -103.4456239, 20.3429757 ], [ -103.4457014, 20.3428861 ], [ -103.4457599, 20.3427872 ], [ -103.4458084, 20.3427244 ], [ -103.4458856, 20.3426709 ], [ -103.4460204, 20.3425998 ], [ -103.4460782, 20.3425642 ], [ -103.4461942, 20.3424569 ], [ -103.4462524, 20.3423851 ], [ -103.4465519, 20.3421258 ], [ -103.4466291, 20.3420632 ], [ -103.4466966, 20.3420187 ], [ -103.44685, 20.342011 ], [ -103.446917, 20.3420116 ], [ -103.446984, 20.3420122 ], [ -103.4470511, 20.3420128 ], [ -103.4471182, 20.3420044 ], [ -103.4471854, 20.3419869 ], [ -103.4472815, 20.3419606 ], [ -103.4473681, 20.3419162 ], [ -103.4474259, 20.3418806 ], [ -103.4475321, 20.3418002 ], [ -103.4476867, 20.3416661 ], [ -103.4477448, 20.3416034 ], [ -103.4478707, 20.34146 ], [ -103.4479577, 20.3413794 ], [ -103.4480156, 20.3413348 ] ] } },
{ "type": "Feature", "properties": { "ID": 6916371, "CVE_SUBC": "RH12Dc", "CLAVE50K": "f13d75", "TIPO": 101, "ENTIDAD": "CORRIENTE DE AGUA", "FC": 3271, "CONDICION": "INTERMITENTE", "EDICION": "O", "FECHA": "1994-12-31", "LENGTHM": 541.0548, "ID_DRENA": 6, "FLOWDIR": 1, "ENABLED": 1, "DESC_ENABL": null, "CALI_REPR": 0, "SEQUENCEID": 2846.0, "ORDER_1": 2, "LEVEL_1": 3, "ARBSUM_1": 1911.4431, "PATHL_1": 9370.0426 }, "geometry": { "type": "LineString", "coordinates": [ [ -103.5328045, 20.407763 ], [ -103.5329007, 20.4077186 ], [ -103.5331799, 20.4075855 ], [ -103.5333341, 20.4074874 ], [ -103.5334979, 20.4073984 ], [ -103.5336326, 20.4073363 ], [ -103.5338441, 20.4072658 ], [ -103.5344109, 20.407117 ], [ -103.5345838, 20.4070733 ], [ -103.5348042, 20.4070661 ], [ -103.5352546, 20.4070609 ], [ -103.5357904, 20.4071467 ], [ -103.5359626, 20.4071752 ], [ -103.536144, 20.407249 ], [ -103.5362583, 20.4073223 ], [ -103.5364298, 20.4074231 ], [ -103.5364737, 20.4074528 ] ] } },
{ "type": "Feature", "properties": { "ID": 6916374, "CVE_SUBC": "RH12Dc", "CLAVE50K": "f13d75", "TIPO": 101, "ENTIDAD": "CORRIENTE DE AGUA", "FC": 3271, "CONDICION": "INTERMITENTE", "EDICION": "O", "FECHA": "1994-12-31", "LENGTHM": 500.3064, "ID_DRENA": 5, "FLOWDIR": 1, "ENABLED": 1, "DESC_ENABL": null, "CALI_REPR": 0, "SEQUENCEID": 2672.0, "ORDER_1": 2, "LEVEL_1": 2, "ARBSUM_1": 1711.1913, "PATHL_1": 3300.4022 }, "geometry": { "type": "LineString", "coordinates": [ [ -103.4739143, 20.3657195 ], [ -103.4740292, 20.3657205 ], [ -103.4741444, 20.3656944 ], [ -103.4742596, 20.3656683 ], [ -103.4743463, 20.3656239 ], [ -103.4744712, 20.3655798 ], [ -103.4745866, 20.3655357 ], [ -103.4747115, 20.3655006 ], [ -103.4748265, 20.3654926 ], [ -103.4749993, 20.365458 ], [ -103.4751819, 20.3653964 ], [ -103.4752492, 20.3653698 ], [ -103.4753833, 20.365371 ], [ -103.4754888, 20.3653629 ], [ -103.4755946, 20.3653186 ], [ -103.4756717, 20.3652742 ], [ -103.4757778, 20.3651938 ], [ -103.4758744, 20.3651133 ], [ -103.4759801, 20.3650781 ], [ -103.4760855, 20.365079 ], [ -103.4762004, 20.3650891 ], [ -103.4763439, 20.3651084 ], [ -103.4764201, 20.3651452 ], [ -103.4764968, 20.3651458 ], [ -103.4765543, 20.3651373 ], [ -103.4766218, 20.3650927 ], [ -103.4766704, 20.3650209 ], [ -103.4766998, 20.3649579 ], [ -103.4767578, 20.3649042 ], [ -103.4768157, 20.3648596 ], [ -103.4768734, 20.364842 ], [ -103.4769502, 20.3648156 ], [ -103.4770558, 20.3647984 ], [ -103.4771612, 20.3647993 ], [ -103.4772853, 20.3648365 ], [ -103.4773907, 20.3648375 ], [ -103.4774867, 20.3648112 ], [ -103.4775732, 20.3647849 ], [ -103.4776313, 20.3647221 ], [ -103.4776892, 20.3646775 ], [ -103.4777758, 20.3646421 ], [ -103.4778429, 20.3646336 ], [ -103.4779102, 20.3646071 ], [ -103.4779681, 20.3645715 ], [ -103.4780261, 20.3645178 ], [ -103.4780839, 20.3644822 ], [ -103.4781319, 20.3644735 ], [ -103.4781798, 20.3644649 ], [ -103.4782852, 20.3644658 ] ] } },
{ "type": "Feature", "properties": { "ID": 6916376, "CVE_SUBC": "RH12Dc", "CLAVE50K": null, "TIPO": 101, "ENTIDAD": "CORRIENTE DE AGUA", "FC": 3271, "CONDICION": "INTERMITENTE", "EDICION": "N", "FECHA": "2007-11-09", "LENGTHM": 1544.5874, "ID_DRENA": 5, "FLOWDIR": 1, "ENABLED": 1, "DESC_ENABL": null, "CALI_REPR": 2, "SEQUENCEID": 2651.0, "ORDER_1": 2, "LEVEL_1": 1, "ARBSUM_1": 5107.0868, "PATHL_1": 2062.1568 }, "geometry": { "type": "LineString", "coordinates": [ [ -103.4847176, 20.3521301 ], [ -103.4848812, 20.3520551 ], [ -103.4852964, 20.3518648 ], [ -103.4856058, 20.3516031 ], [ -103.4859865, 20.3514603 ], [ -103.4863196, 20.351151 ], [ -103.4867003, 20.3509368 ], [ -103.4870096, 20.3509368 ], [ -103.4878662, 20.350794 ], [ -103.4882945, 20.3506037 ], [ -103.488937, 20.3503895 ], [ -103.4894367, 20.3503657 ], [ -103.4900316, 20.3503895 ], [ -103.4902695, 20.3504609 ], [ -103.4904361, 20.3506275 ], [ -103.4910071, 20.3509844 ], [ -103.4915306, 20.3513175 ], [ -103.492292, 20.3518886 ], [ -103.4930535, 20.3523407 ], [ -103.4935056, 20.3526976 ], [ -103.494148, 20.3531021 ], [ -103.4946477, 20.353459 ], [ -103.4953378, 20.3538635 ], [ -103.4959326, 20.3545298 ], [ -103.4965037, 20.355196 ], [ -103.4970272, 20.3556719 ] ] } },
{ "type": "Feature", "properties": { "ID": 6916397, "CVE_SUBC": "RH12Dc", "CLAVE50K": "f13d75", "TIPO": 102, "ENTIDAD": "CANAL", "FC": 3180, "CONDICION": "EN OPERACION", "EDICION": "O", "FECHA": "2007-11-09", "LENGTHM": 704.3386, "ID_DRENA": 6, "FLOWDIR": 1, "ENABLED": 1, "DESC_ENABL": null, "CALI_REPR": 0, "SEQUENCEID": 3066.0, "ORDER_1": 5, "LEVEL_1": 1, "ARBSUM_1": 135626.977, "PATHL_1": 16394.5739 }, "geometry": { "type": "LineString", "coordinates": [ [ -103.5018253, 20.331181 ], [ -103.5021219, 20.3313728 ], [ -103.5027977, 20.3318032 ], [ -103.5035017, 20.332297 ], [ -103.5038351, 20.3324896 ], [ -103.504206, 20.3327548 ], [ -103.5047773, 20.333103 ], [ -103.5050533, 20.333286 ], [ -103.5053674, 20.3334965 ], [ -103.505634, 20.3336614 ], [ -103.5057099, 20.3337343 ], [ -103.5057478, 20.3337707 ], [ -103.5057858, 20.3338072 ], [ -103.5058804, 20.3339254 ], [ -103.5061363, 20.3342077 ], [ -103.5064208, 20.3345082 ], [ -103.5066482, 20.3347631 ], [ -103.5067052, 20.3348088 ], [ -103.5068284, 20.3349454 ], [ -103.5068662, 20.3349999 ], [ -103.5069041, 20.3350454 ], [ -103.5069418, 20.3350999 ], [ -103.5069701, 20.3351453 ], [ -103.5070237, 20.3351921 ] ] } },
{ "type": "Feature", "properties": { "ID": 6916403, "CVE_SUBC": "RH12Dc", "CLAVE50K": "f13d75", "TIPO": 102, "ENTIDAD": "CANAL", "FC": 3180, "CONDICION": "EN OPERACION", "EDICION": "O", "FECHA": "2007-11-09", "LENGTHM": 419.7001, "ID_DRENA": 6, "FLOWDIR": 1, "ENABLED": 1, "DESC_ENABL": null, "CALI_REPR": 0, "SEQUENCEID": 3116.0, "ORDER_1": 4, "LEVEL_1": 1, "ARBSUM_1": 108851.8667, "PATHL_1": 17472.6924 }, "geometry": { "type": "LineString", "coordinates": [ [ -103.494813, 20.3295213 ], [ -103.4953784, 20.32949 ], [ -103.4958096, 20.3294666 ], [ -103.495915, 20.3294585 ], [ -103.496375, 20.3294354 ], [ -103.4966241, 20.3294194 ], [ -103.4969307, 20.329413 ], [ -103.4969977, 20.3294136 ], [ -103.4970744, 20.3294052 ], [ -103.4972085, 20.3294064 ], [ -103.4974289, 20.3293902 ], [ -103.4977261, 20.3293566 ], [ -103.4978412, 20.3293396 ], [ -103.4981, 20.3293147 ], [ -103.4986174, 20.329301 ], [ -103.498761, 20.3293023 ], [ -103.4988375, 20.329312 ] ] } },
{ "type": "Feature", "properties": { "ID": 6916406, "CVE_SUBC": "RH12Dc", "CLAVE50K": "f13d75", "TIPO": 101, "ENTIDAD": "CORRIENTE DE AGUA", "FC": 3271, "CONDICION": "INTERMITENTE", "EDICION": "O", "FECHA": "1994-12-31", "LENGTHM": 343.0111, "ID_DRENA": 6, "FLOWDIR": 1, "ENABLED": 1, "DESC_ENABL": null, "CALI_REPR": 0, "SEQUENCEID": 2907.0, "ORDER_1": 2, "LEVEL_1": 3, "ARBSUM_1": 2903.7849, "PATHL_1": 9961.6993 }, "geometry": { "type": "LineString", "coordinates": [ [ -103.5311347, 20.3918581 ], [ -103.5311169, 20.3917134 ], [ -103.5310987, 20.3916048 ], [ -103.5310995, 20.3915235 ], [ -103.5311001, 20.3914603 ], [ -103.5311006, 20.3914061 ], [ -103.5311405, 20.3912438 ], [ -103.5311699, 20.3911718 ], [ -103.5312282, 20.3910819 ], [ -103.5312675, 20.3909829 ], [ -103.5312971, 20.3908928 ], [ -103.531317, 20.3908207 ], [ -103.5313273, 20.3907395 ], [ -103.5312895, 20.390685 ], [ -103.5311949, 20.3905577 ], [ -103.5311763, 20.3904943 ], [ -103.5311387, 20.3904217 ], [ -103.5310823, 20.3903038 ], [ -103.5310452, 20.390177 ], [ -103.5310266, 20.3901136 ], [ -103.5310851, 20.3900057 ], [ -103.5311144, 20.3899517 ], [ -103.5311629, 20.3898889 ], [ -103.5312214, 20.389781 ], [ -103.5313287, 20.3895831 ], [ -103.5313869, 20.3895023 ], [ -103.5314164, 20.3894303 ], [ -103.5314174, 20.3893219 ], [ -103.5314179, 20.3892677 ], [ -103.5314091, 20.3891863 ], [ -103.5314098, 20.389105 ], [ -103.5314108, 20.3890056 ], [ -103.5314113, 20.3889514 ] ] } },
{ "type": "Feature", "properties": { "ID": 6916410, "CVE_SUBC": "RH12Dc", "CLAVE50K": null, "TIPO": 101, "ENTIDAD": "CORRIENTE DE AGUA", "FC": 3271, "CONDICION": "INTERMITENTE", "EDICION": "N", "FECHA": "2007-11-09", "LENGTHM": 1234.9189, "ID_DRENA": 6, "FLOWDIR": 1, "ENABLED": 1, "DESC_ENABL": null, "CALI_REPR": 1, "SEQUENCEID": 3025.0, "ORDER_1": 3, "LEVEL_1": 2, "ARBSUM_1": 15358.7328, "PATHL_1": 18029.213 }, "geometry": { "type": "LineString", "coordinates": [ [ -103.4763944, 20.3335896 ], [ -103.4770203, 20.3331524 ], [ -103.477758, 20.3327479 ], [ -103.4784956, 20.3321768 ], [ -103.4791856, 20.3317485 ], [ -103.4796901, 20.3314963 ], [ -103.4800254, 20.3313958 ], [ -103.480317, 20.3315198 ], [ -103.4809464, 20.3317247 ], [ -103.4824217, 20.3322958 ], [ -103.4835876, 20.3327003 ], [ -103.4845394, 20.3331762 ], [ -103.485396, 20.3336283 ], [ -103.486205, 20.3340566 ], [ -103.486882, 20.3343084 ] ] } },
{ "type": "Feature", "properties": { "ID": 6916418, "CVE_SUBC": "RH12Dc", "CLAVE50K": "f13d75", "TIPO": 101, "ENTIDAD": "CORRIENTE DE AGUA", "FC": 3271, "CONDICION": "INTERMITENTE", "EDICION": "O", "FECHA": "1994-12-31", "LENGTHM": 629.2449, "ID_DRENA": 6, "FLOWDIR": 1, "ENABLED": 1, "DESC_ENABL": null, "CALI_REPR": 0, "SEQUENCEID": 3045.0, "ORDER_1": 1, "LEVEL_1": 2, "ARBSUM_1": 629.2449, "PATHL_1": 24758.7141 }, "geometry": { "type": "LineString", "coordinates": [ [ -103.4386206, 20.3641246 ], [ -103.438679, 20.3640257 ], [ -103.4387858, 20.3638821 ], [ -103.4388537, 20.3638014 ], [ -103.4389119, 20.3637297 ], [ -103.4389702, 20.3636489 ], [ -103.4390475, 20.3635773 ], [ -103.4391152, 20.3635147 ], [ -103.4393272, 20.3633901 ], [ -103.4393851, 20.3633455 ], [ -103.4394431, 20.3633008 ], [ -103.4395106, 20.3632563 ], [ -103.4395972, 20.3632119 ], [ -103.439703, 20.3631676 ], [ -103.4397994, 20.3631143 ], [ -103.4399148, 20.3630702 ], [ -103.4400011, 20.3630619 ], [ -103.440116, 20.3630629 ], [ -103.4402119, 20.3630548 ], [ -103.4403175, 20.3630286 ], [ -103.4404327, 20.3630025 ], [ -103.4404905, 20.3629759 ], [ -103.4405676, 20.3629315 ], [ -103.4406641, 20.362851 ], [ -103.4407222, 20.3627973 ], [ -103.4407706, 20.3627436 ], [ -103.440819, 20.3626898 ], [ -103.440906, 20.3626093 ], [ -103.441012, 20.362547 ], [ -103.4410988, 20.3624935 ], [ -103.4411856, 20.3624311 ], [ -103.4412725, 20.3623686 ], [ -103.4413592, 20.3623152 ], [ -103.4414172, 20.3622615 ], [ -103.4414657, 20.3622077 ], [ -103.441514, 20.362163 ], [ -103.4416882, 20.3619929 ], [ -103.441756, 20.3619122 ], [ -103.4418431, 20.3618227 ], [ -103.4419396, 20.3617512 ], [ -103.442181, 20.3615637 ], [ -103.4422584, 20.3614831 ], [ -103.4423552, 20.3613846 ], [ -103.4424518, 20.3613041 ], [ -103.4425194, 20.3612505 ], [ -103.4426253, 20.3611973 ], [ -103.442683, 20.3611707 ], [ -103.4427791, 20.3611444 ], [ -103.4428462, 20.361145 ], [ -103.4429613, 20.361128 ], [ -103.4430284, 20.3611196 ], [ -103.4430765, 20.3611019 ], [ -103.4431343, 20.3610663 ], [ -103.4431922, 20.3610307 ], [ -103.4432404, 20.360995 ], [ -103.4432983, 20.3609503 ], [ -103.4433566, 20.3608696 ] ] } },
{ "type": "Feature", "properties": { "ID": 6916425, "CVE_SUBC": "RH12Dc", "CLAVE50K": "f13d75", "TIPO": 101, "ENTIDAD": "CORRIENTE DE AGUA", "FC": 3271, "CONDICION": "INTERMITENTE", "EDICION": "O", "FECHA": "1994-12-31", "LENGTHM": 441.1222, "ID_DRENA": 6, "FLOWDIR": 1, "ENABLED": 1, "DESC_ENABL": null, "CALI_REPR": 0, "SEQUENCEID": 3215.0, "ORDER_1": 1, "LEVEL_1": 3, "ARBSUM_1": 441.1222, "PATHL_1": 28794.5252 }, "geometry": { "type": "LineString", "coordinates": [ [ -103.4154392, 20.3048804 ], [ -103.415351, 20.3050874 ], [ -103.415283, 20.3051771 ], [ -103.4152052, 20.3052938 ], [ -103.4151276, 20.3053925 ], [ -103.41505, 20.3054912 ], [ -103.4149823, 20.3055538 ], [ -103.4149143, 20.3056525 ], [ -103.414894, 20.3057608 ], [ -103.4148923, 20.3059324 ], [ -103.4147543, 20.3063196 ], [ -103.4146425, 20.3069509 ], [ -103.4146118, 20.3071494 ], [ -103.4146112, 20.3072036 ], [ -103.41461, 20.3073301 ], [ -103.4146164, 20.3076373 ], [ -103.4146056, 20.3077546 ], [ -103.4145947, 20.30789 ], [ -103.4145824, 20.3081519 ], [ -103.4146008, 20.3082243 ], [ -103.4146574, 20.3083152 ], [ -103.4147238, 20.308379 ], [ -103.4147617, 20.3084155 ], [ -103.4148282, 20.3084703 ], [ -103.4149036, 20.3085884 ] ] } },
{ "type": "Feature", "properties": { "ID": 6916429, "CVE_SUBC": "RH12Dc", "CLAVE50K": null, "TIPO": 101, "ENTIDAD": "CORRIENTE DE AGUA", "FC": 3271, "CONDICION": "INTERMITENTE", "EDICION": "N", "FECHA": "2007-11-09", "LENGTHM": 1887.346, "ID_DRENA": 6, "FLOWDIR": 1, "ENABLED": 1, "DESC_ENABL": null, "CALI_REPR": 1, "SEQUENCEID": 3002.0, "ORDER_1": 3, "LEVEL_1": 3, "ARBSUM_1": 9302.2231, "PATHL_1": 16958.0752 }, "geometry": { "type": "LineString", "coordinates": [ [ -103.4812481, 20.346208 ], [ -103.4812849, 20.3460681 ], [ -103.4827125, 20.3450449 ], [ -103.4841402, 20.3440693 ], [ -103.4854965, 20.3431413 ], [ -103.4867814, 20.3423561 ], [ -103.4885184, 20.3411664 ], [ -103.4888753, 20.3419992 ], [ -103.4891371, 20.342023 ], [ -103.4921828, 20.3403098 ], [ -103.4939198, 20.3394294 ], [ -103.495119, 20.3387679 ], [ -103.495904, 20.3382454 ] ] } },
{ "type": "Feature", "properties": { "ID": 6916430, "CVE_SUBC": "RH12Dc", "CLAVE50K": "f13d75", "TIPO": 101, "ENTIDAD": "CORRIENTE DE AGUA", "FC": 3271, "CONDICION": "INTERMITENTE", "EDICION": "O", "FECHA": "1994-12-31", "LENGTHM": 779.5989, "ID_DRENA": 6, "FLOWDIR": 1, "ENABLED": 1, "DESC_ENABL": null, "CALI_REPR": 0, "SEQUENCEID": 3122.0, "ORDER_1": 1, "LEVEL_1": 2, "ARBSUM_1": 779.5989, "PATHL_1": 23822.7444 }, "geometry": { "type": "LineString", "coordinates": [ [ -103.4450305, 20.3007735 ], [ -103.4450394, 20.3008368 ], [ -103.4450483, 20.3009092 ], [ -103.4450667, 20.3009816 ], [ -103.4450946, 20.3010632 ], [ -103.4451694, 20.3012445 ], [ -103.4452165, 20.3013262 ], [ -103.4452444, 20.3014078 ], [ -103.4452908, 20.3015527 ], [ -103.4453186, 20.3016433 ], [ -103.4453655, 20.3017431 ], [ -103.445441, 20.3018522 ], [ -103.4454973, 20.3019701 ], [ -103.4455634, 20.302061 ], [ -103.4456013, 20.3021066 ], [ -103.4456675, 20.3021884 ], [ -103.4457241, 20.3022703 ], [ -103.4457902, 20.3023702 ], [ -103.445866, 20.3024432 ], [ -103.4459323, 20.302516 ], [ -103.4460082, 20.302589 ], [ -103.4460934, 20.3026891 ], [ -103.4461878, 20.3028254 ], [ -103.4462635, 20.3029164 ], [ -103.4463105, 20.3029982 ], [ -103.4463577, 20.3030709 ], [ -103.4463661, 20.3031884 ], [ -103.4463656, 20.3032426 ], [ -103.4463458, 20.3033056 ], [ -103.446325, 20.3034681 ], [ -103.4463239, 20.3035765 ], [ -103.4463424, 20.3036489 ], [ -103.4463987, 20.3037578 ], [ -103.4464838, 20.303867 ], [ -103.4465978, 20.3039583 ], [ -103.4466637, 20.3040763 ], [ -103.4467201, 20.3041762 ], [ -103.4467864, 20.3042491 ], [ -103.4468625, 20.3043039 ], [ -103.4469578, 20.30435 ], [ -103.4471484, 20.304442 ], [ -103.4473865, 20.3045706 ], [ -103.4475675, 20.3046625 ], [ -103.4476434, 20.3047355 ], [ -103.4477094, 20.3048354 ], [ -103.4478604, 20.3050626 ], [ -103.4478977, 20.3051623 ], [ -103.4479349, 20.305271 ], [ -103.4479536, 20.3053164 ], [ -103.4480006, 20.3053981 ], [ -103.4480762, 20.3054981 ], [ -103.4481329, 20.30558 ], [ -103.4482371, 20.3056893 ], [ -103.4482938, 20.3057711 ], [ -103.4483693, 20.3058802 ], [ -103.4484261, 20.3059439 ], [ -103.4484639, 20.3059984 ], [ -103.4487385, 20.306308 ], [ -103.4487952, 20.3063808 ], [ -103.4488331, 20.3064263 ], [ -103.448909, 20.3064902 ] ] } },
{ "type": "Feature", "properties": { "ID": 6916437, "CVE_SUBC": "RH12Dc", "CLAVE50K": "f13d75", "TIPO": 101, "ENTIDAD": "CORRIENTE DE AGUA", "FC": 3271, "CONDICION": "INTERMITENTE", "EDICION": "O", "FECHA": "1994-12-31", "LENGTHM": 1074.412, "ID_DRENA": 6, "FLOWDIR": 1, "ENABLED": 1, "DESC_ENABL": null, "CALI_REPR": 0, "SEQUENCEID": 3171.0, "ORDER_1": 3, "LEVEL_1": 2, "ARBSUM_1": 15809.284, "PATHL_1": 26732.715 }, "geometry": { "type": "LineString", "coordinates": [ [ -103.4302399, 20.3203893 ], [ -103.4301738, 20.3202893 ], [ -103.430146, 20.3201988 ], [ -103.4301284, 20.320045 ], [ -103.4301291, 20.3199818 ], [ -103.4301297, 20.3199186 ], [ -103.4301592, 20.3198466 ], [ -103.4301882, 20.3198107 ], [ -103.4302173, 20.3197748 ], [ -103.4302752, 20.3197392 ], [ -103.4303427, 20.3196856 ], [ -103.4303909, 20.3196589 ], [ -103.4304586, 20.3195963 ], [ -103.4305263, 20.3195246 ], [ -103.4305652, 20.3194708 ], [ -103.4305856, 20.3193445 ], [ -103.4306059, 20.3192272 ], [ -103.4306162, 20.319155 ], [ -103.4306171, 20.3190647 ], [ -103.4306084, 20.3189833 ], [ -103.430609, 20.3189201 ], [ -103.4305815, 20.3188024 ], [ -103.4305825, 20.3187031 ], [ -103.430651, 20.3185501 ], [ -103.430709, 20.3184964 ], [ -103.430767, 20.3184518 ], [ -103.4308828, 20.3183625 ], [ -103.4309505, 20.3182908 ], [ -103.4309896, 20.3182189 ], [ -103.431019, 20.3181469 ], [ -103.4310291, 20.3180928 ], [ -103.4310691, 20.3179305 ], [ -103.4310984, 20.3178676 ], [ -103.4311281, 20.3177775 ], [ -103.4311867, 20.3176606 ], [ -103.4312646, 20.3175348 ], [ -103.4313423, 20.3174271 ], [ -103.4315937, 20.3171854 ], [ -103.4316806, 20.3171139 ], [ -103.431729, 20.3170602 ], [ -103.4319217, 20.3169445 ], [ -103.432076, 20.3168374 ], [ -103.4321823, 20.316748 ], [ -103.4322021, 20.316685 ], [ -103.432193, 20.3166307 ], [ -103.4321458, 20.316567 ], [ -103.4320983, 20.3165305 ], [ -103.4320508, 20.3164939 ], [ -103.4319557, 20.3164298 ], [ -103.4318988, 20.3163661 ], [ -103.431842, 20.3163023 ], [ -103.4317755, 20.3162566 ], [ -103.4317472, 20.3162112 ], [ -103.4317383, 20.3161388 ], [ -103.4317579, 20.3160938 ], [ -103.4317968, 20.31604 ], [ -103.4318454, 20.3159681 ], [ -103.4319325, 20.3158786 ], [ -103.4320002, 20.3158159 ], [ -103.4321647, 20.3156458 ], [ -103.4322809, 20.3155113 ], [ -103.4323295, 20.3154395 ], [ -103.4323304, 20.3153582 ], [ -103.4323315, 20.3152407 ], [ -103.4323034, 20.3151863 ], [ -103.4322563, 20.3151046 ], [ -103.4322188, 20.3150229 ], [ -103.4322099, 20.3149596 ], [ -103.4322402, 20.3147973 ], [ -103.4322888, 20.3147345 ], [ -103.4323661, 20.3146629 ], [ -103.4324436, 20.3145732 ], [ -103.4324542, 20.314474 ], [ -103.4323413, 20.3142742 ], [ -103.4323037, 20.3142016 ], [ -103.4322755, 20.3141472 ], [ -103.4322764, 20.3140568 ], [ -103.4322772, 20.3139755 ], [ -103.4322972, 20.3138944 ], [ -103.4323553, 20.3138317 ], [ -103.4323849, 20.3137416 ], [ -103.4324335, 20.3136698 ], [ -103.4324824, 20.3135708 ], [ -103.4325022, 20.3135078 ], [ -103.4325802, 20.313373 ], [ -103.4325813, 20.3132646 ], [ -103.4325825, 20.3131381 ], [ -103.4325742, 20.3130116 ], [ -103.4325754, 20.3128942 ], [ -103.4325958, 20.3127679 ], [ -103.4326844, 20.3125338 ], [ -103.4326851, 20.3124615 ], [ -103.4326858, 20.3123892 ], [ -103.4326578, 20.3123258 ], [ -103.4326013, 20.3122259 ], [ -103.4325925, 20.3121445 ], [ -103.4326028, 20.3120723 ] ] } },
{ "type": "Feature", "properties": { "ID": 6916439, "CVE_SUBC": "RH12Dc", "CLAVE50K": null, "TIPO": 101, "ENTIDAD": "CORRIENTE DE AGUA", "FC": 3271, "CONDICION": "INTERMITENTE", "EDICION": "N", "FECHA": "2007-11-09", "LENGTHM": 618.6677, "ID_DRENA": 5, "FLOWDIR": 1, "ENABLED": 1, "DESC_ENABL": null, "CALI_REPR": 1, "SEQUENCEID": 2719.0, "ORDER_1": 1, "LEVEL_1": 3, "ARBSUM_1": 2398.7397, "PATHL_1": 1207.796 }, "geometry": { "type": "LineString", "coordinates": [ [ -103.4935793, 20.3790031 ], [ -103.4959473, 20.3783316 ], [ -103.4979116, 20.3777746 ], [ -103.4983299, 20.3764893 ] ] } },
{ "type": "Feature", "properties": { "ID": 6916440, "CVE_SUBC": "RH12Dc", "CLAVE50K": "f13d75", "TIPO": 101, "ENTIDAD": "CORRIENTE DE AGUA", "FC": 3271, "CONDICION": "INTERMITENTE", "EDICION": "O", "FECHA": "1994-12-31", "LENGTHM": 1723.5862, "ID_DRENA": 6, "FLOWDIR": 1, "ENABLED": 1, "DESC_ENABL": null, "CALI_REPR": 0, "SEQUENCEID": 2879.0, "ORDER_1": 1, "LEVEL_1": 2, "ARBSUM_1": 1723.5862, "PATHL_1": 6662.1723 }, "geometry": { "type": "LineString", "coordinates": [ [ -103.5419628, 20.4008836 ], [ -103.5421056, 20.4009932 ], [ -103.5422103, 20.4010664 ], [ -103.542334, 20.4011578 ], [ -103.5424483, 20.401231 ], [ -103.5425625, 20.4013133 ], [ -103.5426769, 20.4013684 ], [ -103.542983, 20.4014252 ], [ -103.5432987, 20.401482 ], [ -103.5434327, 20.4014922 ], [ -103.5435381, 20.4014931 ], [ -103.5437681, 20.401495 ], [ -103.5439884, 20.4014968 ], [ -103.5441512, 20.4015162 ], [ -103.5442853, 20.4015174 ], [ -103.5443907, 20.4015182 ], [ -103.5445536, 20.4015196 ], [ -103.5446877, 20.4015207 ], [ -103.5448027, 20.4015217 ], [ -103.5448507, 20.4015131 ], [ -103.5450524, 20.4014605 ], [ -103.5453411, 20.4013274 ], [ -103.5454664, 20.4012472 ], [ -103.5456012, 20.401176 ], [ -103.5457361, 20.4010958 ], [ -103.5458421, 20.4010335 ], [ -103.5459865, 20.4009624 ], [ -103.5461405, 20.4008914 ], [ -103.5462367, 20.4008471 ], [ -103.5463137, 20.4008116 ], [ -103.5464292, 20.4007583 ], [ -103.5465061, 20.4007319 ], [ -103.5466117, 20.4007056 ], [ -103.5467847, 20.4006529 ], [ -103.5469094, 20.4006449 ], [ -103.5470341, 20.4006279 ], [ -103.5472237, 20.4006132 ] ] } },
{ "type": "Feature", "properties": { "ID": 6916442, "CVE_SUBC": "RH12Dc", "CLAVE50K": "f13d75", "TIPO": 101, "ENTIDAD": "CORRIENTE DE AGUA", "FC": 3271, "CONDICION": "INTERMITENTE", "EDICION": "O", "FECHA": "1994-12-31", "LENGTHM": 533.1097, "ID_DRENA": 5, "FLOWDIR": 1, "ENABLED": 1, "DESC_ENABL": null, "CALI_REPR": 0, "SEQUENCEID": 2702.0, "ORDER_1": 2, "LEVEL_1": 2, "ARBSUM_1": 3952.577, "PATHL_1": 2355.4758 }, "geometry": { "type": "LineString", "coordinates": [ [ -103.4822459, 20.3728205 ], [ -103.4824951, 20.3728227 ], [ -103.4825911, 20.3728055 ], [ -103.4826871, 20.3727792 ], [ -103.4828122, 20.3727261 ], [ -103.4829079, 20.372736 ], [ -103.4829748, 20.3727546 ], [ -103.4831279, 20.372765 ], [ -103.4832047, 20.3727476 ], [ -103.4833007, 20.3727303 ], [ -103.4833579, 20.3727579 ], [ -103.4834438, 20.3727948 ], [ -103.4835208, 20.3727503 ], [ -103.4835594, 20.3727236 ], [ -103.4836265, 20.3727241 ], [ -103.4836837, 20.3727517 ], [ -103.4837409, 20.3727793 ], [ -103.4837983, 20.3727889 ], [ -103.4838463, 20.3727802 ], [ -103.4839135, 20.3727628 ], [ -103.4839806, 20.3727634 ], [ -103.4840954, 20.3727734 ], [ -103.4841907, 20.3728284 ], [ -103.484238, 20.372883 ], [ -103.4842663, 20.3729375 ], [ -103.4843233, 20.3729831 ], [ -103.4843999, 20.3729838 ], [ -103.4844672, 20.3729573 ], [ -103.4845251, 20.3729217 ], [ -103.4846214, 20.3728683 ], [ -103.4847077, 20.37286 ], [ -103.4847937, 20.3728788 ], [ -103.4848606, 20.3728975 ], [ -103.484918, 20.372907 ], [ -103.4849852, 20.3728895 ], [ -103.4850815, 20.3728362 ], [ -103.4851967, 20.3728191 ], [ -103.485302, 20.37282 ], [ -103.4854072, 20.372848 ], [ -103.4855507, 20.3728673 ], [ -103.4856656, 20.3728683 ], [ -103.4857613, 20.3728782 ], [ -103.4859049, 20.3728885 ], [ -103.4859625, 20.3728799 ], [ -103.486049, 20.3728536 ], [ -103.4861258, 20.3728271 ], [ -103.4862124, 20.3727918 ], [ -103.4862798, 20.3727562 ], [ -103.4864916, 20.3726496 ], [ -103.4865686, 20.3726142 ], [ -103.4870325, 20.372453 ] ] } },
{ "type": "Feature", "properties": { "ID": 6916443, "CVE_SUBC": "RH12Dc", "CLAVE50K": "f13d75", "TIPO": 101, "ENTIDAD": "CORRIENTE DE AGUA", "FC": 3271, "CONDICION": "INTERMITENTE", "EDICION": "O", "FECHA": "1994-12-31", "LENGTHM": 257.3945, "ID_DRENA": 6, "FLOWDIR": 1, "ENABLED": 1, "DESC_ENABL": null, "CALI_REPR": 0, "SEQUENCEID": 3243.0, "ORDER_1": 2, "LEVEL_1": 2, "ARBSUM_1": 6785.4798, "PATHL_1": 29784.9981 }, "geometry": { "type": "LineString", "coordinates": [ [ -103.4118499, 20.3272605 ], [ -103.4119853, 20.3271262 ], [ -103.41213, 20.3270282 ], [ -103.4122749, 20.326903 ], [ -103.4124102, 20.3267868 ], [ -103.4125359, 20.3266615 ], [ -103.4127004, 20.3265004 ], [ -103.4128077, 20.3263116 ], [ -103.4128763, 20.3261587 ], [ -103.4129353, 20.3260056 ], [ -103.4129753, 20.3258344 ], [ -103.4129865, 20.3256809 ], [ -103.4130075, 20.3255004 ], [ -103.4130397, 20.3253304 ] ] } },
{ "type": "Feature", "properties": { "ID": 6916458, "CVE_SUBC": "RH12Dc", "CLAVE50K": "f13d75", "TIPO": 101, "ENTIDAD": "CORRIENTE DE AGUA", "FC": 3271, "CONDICION": "INTERMITENTE", "EDICION": "O", "FECHA": "1994-12-31", "LENGTHM": 247.0792, "ID_DRENA": 5, "FLOWDIR": 1, "ENABLED": 1, "DESC_ENABL": null, "CALI_REPR": 0, "SEQUENCEID": 2670.0, "ORDER_1": 2, "LEVEL_1": 2, "ARBSUM_1": 2501.9481, "PATHL_1": 3053.323 }, "geometry": { "type": "LineString", "coordinates": [ [ -103.4782852, 20.3644658 ], [ -103.4786669, 20.3646137 ], [ -103.4788197, 20.3646692 ], [ -103.4792598, 20.3647273 ], [ -103.4793647, 20.3647734 ], [ -103.4796321, 20.364857 ], [ -103.4797656, 20.3649124 ], [ -103.4798614, 20.3649222 ], [ -103.4799668, 20.3649141 ], [ -103.4800151, 20.3648694 ], [ -103.4800924, 20.3648068 ], [ -103.4801597, 20.3647803 ], [ -103.4802172, 20.3647808 ], [ -103.4802746, 20.3647903 ], [ -103.4803601, 20.3648633 ], [ -103.4804646, 20.3649456 ] ] } },
{ "type": "Feature", "properties": { "ID": 6916459, "CVE_SUBC": "RH12Dc", "CLAVE50K": "f13d75", "TIPO": 101, "ENTIDAD": "CORRIENTE DE AGUA", "FC": 3271, "CONDICION": "INTERMITENTE", "EDICION": "O", "FECHA": "1994-12-31", "LENGTHM": 672.7249, "ID_DRENA": 6, "FLOWDIR": 1, "ENABLED": 1, "DESC_ENABL": null, "CALI_REPR": 0, "SEQUENCEID": 3011.0, "ORDER_1": 1, "LEVEL_1": 4, "ARBSUM_1": 672.7249, "PATHL_1": 20203.5163 }, "geometry": { "type": "LineString", "coordinates": [ [ -103.4654923, 20.354254 ], [ -103.4655883, 20.3542278 ], [ -103.4656651, 20.3542104 ], [ -103.4657612, 20.3541751 ], [ -103.4658383, 20.3541306 ], [ -103.4659922, 20.3540687 ], [ -103.4660786, 20.3540514 ], [ -103.4662412, 20.3540709 ], [ -103.4662985, 20.3540894 ], [ -103.4663939, 20.3541264 ], [ -103.4665087, 20.3541455 ], [ -103.4666907, 20.3541471 ], [ -103.4668057, 20.3541391 ], [ -103.4669114, 20.3541039 ], [ -103.4670077, 20.3540505 ], [ -103.4671233, 20.3539883 ], [ -103.4672199, 20.3538988 ], [ -103.4672973, 20.3538272 ], [ -103.4673748, 20.3537375 ], [ -103.4674332, 20.3536477 ], [ -103.4675981, 20.3534324 ], [ -103.4676661, 20.3533426 ], [ -103.4677339, 20.3532619 ], [ -103.4677824, 20.3531991 ], [ -103.4678405, 20.3531364 ], [ -103.4679372, 20.3530469 ], [ -103.468024, 20.3529844 ], [ -103.4680816, 20.3529668 ], [ -103.4681682, 20.3529315 ], [ -103.4683412, 20.3528697 ], [ -103.4685524, 20.3528264 ], [ -103.4686294, 20.3527819 ], [ -103.4686969, 20.3527374 ], [ -103.4687644, 20.3526928 ], [ -103.4688412, 20.3526754 ], [ -103.4689276, 20.3526581 ], [ -103.4690043, 20.3526497 ], [ -103.4690809, 20.3526504 ], [ -103.4691962, 20.3526152 ], [ -103.4692637, 20.3525707 ], [ -103.4693505, 20.3525172 ], [ -103.4694179, 20.3524817 ], [ -103.469495, 20.3524282 ], [ -103.4695625, 20.3523836 ], [ -103.4696109, 20.3523298 ], [ -103.4696689, 20.3522761 ], [ -103.4697269, 20.3522224 ], [ -103.4697847, 20.3521958 ], [ -103.4698805, 20.3521876 ], [ -103.4699287, 20.3521609 ], [ -103.4699768, 20.3521343 ], [ -103.4700545, 20.3520265 ], [ -103.4701032, 20.3519457 ], [ -103.470171, 20.351874 ], [ -103.470258, 20.3517934 ], [ -103.4703162, 20.3517217 ], [ -103.4703742, 20.351659 ], [ -103.4704419, 20.3515963 ], [ -103.4705964, 20.3514712 ], [ -103.4706541, 20.3514446 ], [ -103.4707214, 20.3514181 ], [ -103.4707696, 20.3513914 ] ] } },
{ "type": "Feature", "properties": { "ID": 6916465, "CVE_SUBC": "RH12Dc", "CLAVE50K": "f13d75", "TIPO": 101, "ENTIDAD": "CORRIENTE DE AGUA", "FC": 3271, "CONDICION": "INTERMITENTE", "EDICION": "O", "FECHA": "1994-12-31", "LENGTHM": 473.0331, "ID_DRENA": 5, "FLOWDIR": 1, "ENABLED": 1, "DESC_ENABL": null, "CALI_REPR": 0, "SEQUENCEID": 2683.0, "ORDER_1": 2, "LEVEL_1": 2, "ARBSUM_1": 1371.6574, "PATHL_1": 5827.4797 }, "geometry": { "type": "LineString", "coordinates": [ [ -103.4541998, 20.369557 ], [ -103.4541819, 20.3694394 ], [ -103.4541828, 20.3693401 ], [ -103.4541838, 20.3692498 ], [ -103.4541938, 20.3692047 ], [ -103.4542234, 20.3691146 ], [ -103.4542432, 20.3690515 ], [ -103.4542825, 20.3689525 ], [ -103.4543119, 20.3688895 ], [ -103.4543412, 20.3688356 ], [ -103.4543704, 20.3687816 ], [ -103.4544003, 20.3686645 ], [ -103.4544298, 20.3685925 ], [ -103.4544597, 20.3684753 ], [ -103.4545385, 20.3682592 ], [ -103.4545678, 20.3681962 ], [ -103.4545877, 20.3681241 ], [ -103.4546269, 20.3680341 ], [ -103.4546662, 20.3679351 ], [ -103.4546957, 20.3678631 ], [ -103.4547542, 20.3677552 ], [ -103.4548126, 20.3676654 ], [ -103.4548707, 20.3676026 ], [ -103.4550545, 20.3674236 ], [ -103.455161, 20.3673161 ], [ -103.4552385, 20.3672265 ], [ -103.4553159, 20.3671459 ], [ -103.4553742, 20.3670651 ], [ -103.455442, 20.3669934 ], [ -103.4555098, 20.3669217 ], [ -103.4556644, 20.3667876 ], [ -103.4557513, 20.3667161 ], [ -103.4558285, 20.3666536 ], [ -103.4559344, 20.3666003 ], [ -103.45605, 20.3665381 ], [ -103.4561175, 20.3664935 ], [ -103.4562041, 20.3664581 ], [ -103.4562906, 20.3664228 ], [ -103.4563581, 20.3663872 ], [ -103.4564256, 20.3663426 ], [ -103.4564739, 20.3662979 ], [ -103.4565324, 20.366199 ], [ -103.4565426, 20.3661359 ] ] } },
{ "type": "Feature", "properties": { "ID": 6916469, "CVE_SUBC": "RH12Dc", "CLAVE50K": "f13d75", "TIPO": 101, "ENTIDAD": "CORRIENTE DE AGUA", "FC": 3271, "CONDICION": "INTERMITENTE", "EDICION": "O", "FECHA": "1994-12-31", "LENGTHM": 493.3142, "ID_DRENA": 6, "FLOWDIR": 1, "ENABLED": 1, "DESC_ENABL": null, "CALI_REPR": 0, "SEQUENCEID": 3182.0, "ORDER_1": 3, "LEVEL_1": 2, "ARBSUM_1": 6000.5882, "PATHL_1": 30460.397 }, "geometry": { "type": "LineString", "coordinates": [ [ -103.4338331, 20.3458606 ], [ -103.4338632, 20.3457254 ], [ -103.433942, 20.3455093 ], [ -103.4339527, 20.345401 ], [ -103.4339439, 20.3453196 ], [ -103.4338978, 20.3451385 ], [ -103.4338699, 20.3450569 ], [ -103.4338717, 20.3448853 ], [ -103.4338724, 20.344813 ], [ -103.4338731, 20.3447408 ], [ -103.4338835, 20.3446596 ], [ -103.4339034, 20.3445875 ], [ -103.4339328, 20.3445245 ], [ -103.4339814, 20.3444527 ], [ -103.4340105, 20.3444168 ], [ -103.4340303, 20.3443537 ], [ -103.4340405, 20.3442906 ], [ -103.4340606, 20.3442004 ], [ -103.4340999, 20.3441014 ], [ -103.4341581, 20.3440206 ], [ -103.4342453, 20.343922 ], [ -103.4343132, 20.3438414 ], [ -103.4343906, 20.3437607 ], [ -103.4345073, 20.3435902 ], [ -103.4345464, 20.3435092 ], [ -103.4345953, 20.3434103 ], [ -103.4346834, 20.3432213 ], [ -103.4347231, 20.3430862 ], [ -103.4347432, 20.342987 ], [ -103.4347632, 20.3429059 ], [ -103.4347738, 20.3428066 ], [ -103.4347942, 20.3426803 ], [ -103.4348146, 20.3425631 ], [ -103.4348352, 20.3424097 ], [ -103.4348556, 20.3422924 ], [ -103.4348948, 20.3422024 ], [ -103.4349439, 20.3420854 ], [ -103.4349638, 20.3420043 ], [ -103.4349836, 20.3419412 ], [ -103.4350228, 20.3418512 ], [ -103.4351203, 20.3416895 ] ] } },
{ "type": "Feature", "properties": { "ID": 6916471, "CVE_SUBC": "RH12Dc", "CLAVE50K": "f13d75", "TIPO": 101, "ENTIDAD": "CORRIENTE DE AGUA", "FC": 3271, "CONDICION": "INTERMITENTE", "EDICION": "O", "FECHA": "1994-12-31", "LENGTHM": 410.5093, "ID_DRENA": 6, "FLOWDIR": 1, "ENABLED": 1, "DESC_ENABL": null, "CALI_REPR": 0, "SEQUENCEID": 3098.0, "ORDER_1": 1, "LEVEL_1": 4, "ARBSUM_1": 410.5093, "PATHL_1": 21808.3555 }, "geometry": { "type": "LineString", "coordinates": [ [ -103.5034043, 20.3055827 ], [ -103.503423, 20.305628 ], [ -103.5034223, 20.3057002 ], [ -103.5034213, 20.3057996 ], [ -103.503411, 20.3058808 ], [ -103.5033913, 20.3059349 ], [ -103.5032645, 20.3061777 ], [ -103.5032063, 20.3062585 ], [ -103.5031482, 20.3063213 ], [ -103.5030997, 20.3063841 ], [ -103.5030032, 20.3064646 ], [ -103.5029549, 20.3065093 ], [ -103.5028971, 20.306545 ], [ -103.5028104, 20.3065984 ], [ -103.5027237, 20.3066519 ], [ -103.5026465, 20.3067145 ], [ -103.5025982, 20.3067592 ], [ -103.5025689, 20.3068132 ], [ -103.5025201, 20.3069121 ], [ -103.5024809, 20.3070021 ], [ -103.5024515, 20.3070742 ], [ -103.5024024, 20.3072002 ], [ -103.5022573, 20.3073525 ], [ -103.5021608, 20.307433 ], [ -103.502074, 20.3074955 ], [ -103.5020066, 20.3075311 ], [ -103.5019296, 20.3075666 ], [ -103.5017763, 20.3075833 ], [ -103.5017092, 20.3075827 ], [ -103.5016518, 20.3075822 ], [ -103.5015658, 20.3075634 ], [ -103.5014797, 20.3075537 ], [ -103.5013837, 20.30758 ], [ -103.5013067, 20.3076245 ], [ -103.50122, 20.3076689 ], [ -103.5011237, 20.3077313 ], [ -103.5010466, 20.3077758 ], [ -103.50096, 20.3078293 ], [ -103.5007906, 20.3078942 ] ] } },
{ "type": "Feature", "properties": { "ID": 6916492, "CVE_SUBC": "RH12Dc", "CLAVE50K": null, "TIPO": 101, "ENTIDAD": "CORRIENTE DE AGUA", "FC": 3271, "CONDICION": "INTERMITENTE", "EDICION": "N", "FECHA": "2007-11-09", "LENGTHM": 237.2564, "ID_DRENA": 6, "FLOWDIR": 1, "ENABLED": 1, "DESC_ENABL": null, "CALI_REPR": 1, "SEQUENCEID": 2913.0, "ORDER_1": 3, "LEVEL_1": 3, "ARBSUM_1": 6057.8063, "PATHL_1": 10711.1707 }, "geometry": { "type": "LineString", "coordinates": [ [ -103.5215338, 20.3888861 ], [ -103.521676, 20.3887868 ], [ -103.5219834, 20.3885722 ], [ -103.5224585, 20.3882459 ], [ -103.5231461, 20.3877759 ], [ -103.523385, 20.3876286 ] ] } },
{ "type": "Feature", "properties": { "ID": 6916503, "CVE_SUBC": "RH12Dc", "CLAVE50K": "f13d75", "TIPO": 101, "ENTIDAD": "CORRIENTE DE AGUA", "FC": 3271, "CONDICION": "INTERMITENTE", "EDICION": "O", "FECHA": "1994-12-31", "LENGTHM": 393.8135, "ID_DRENA": 5, "FLOWDIR": 1, "ENABLED": 1, "DESC_ENABL": null, "CALI_REPR": 0, "SEQUENCEID": 2735.0, "ORDER_1": 1, "LEVEL_1": 3, "ARBSUM_1": 393.8135, "PATHL_1": 3416.5067 }, "geometry": { "type": "LineString", "coordinates": [ [ -103.4837153, 20.3940178 ], [ -103.4837932, 20.3938829 ], [ -103.483863, 20.3936125 ], [ -103.4838737, 20.3934952 ], [ -103.4839132, 20.393369 ], [ -103.483972, 20.3932431 ], [ -103.4840404, 20.3931082 ], [ -103.4841278, 20.3929825 ], [ -103.4842447, 20.3927847 ], [ -103.4843913, 20.3924969 ], [ -103.4844595, 20.3923801 ], [ -103.4845668, 20.3921823 ], [ -103.4846639, 20.3920476 ], [ -103.484761, 20.391922 ], [ -103.4849347, 20.391788 ], [ -103.4850599, 20.3917258 ], [ -103.4852331, 20.391646 ], [ -103.4854446, 20.3915756 ], [ -103.4855987, 20.3914956 ], [ -103.4857626, 20.3913886 ], [ -103.4858785, 20.3912993 ] ] } },
{ "type": "Feature", "properties": { "ID": 6916504, "CVE_SUBC": "RH12Dc", "CLAVE50K": "f13d75", "TIPO": 101, "ENTIDAD": "CORRIENTE DE AGUA", "FC": 3271, "CONDICION": "INTERMITENTE", "EDICION": "O", "FECHA": "1994-12-31", "LENGTHM": 1195.0604, "ID_DRENA": 6, "FLOWDIR": 1, "ENABLED": 1, "DESC_ENABL": null, "CALI_REPR": 0, "SEQUENCEID": 3135.0, "ORDER_1": 2, "LEVEL_1": 2, "ARBSUM_1": 7142.2812, "PATHL_1": 24786.157 }, "geometry": { "type": "LineString", "coordinates": [ [ -103.4522339, 20.3361236 ], [ -103.4522346, 20.3360513 ], [ -103.4522548, 20.3359521 ], [ -103.452294, 20.3358621 ], [ -103.452333, 20.3357902 ], [ -103.4523909, 20.3357455 ], [ -103.4524582, 20.335719 ], [ -103.452535, 20.3357016 ], [ -103.4526117, 20.3356933 ], [ -103.4526885, 20.3356759 ], [ -103.4527366, 20.3356582 ], [ -103.4527848, 20.3356225 ], [ -103.4528237, 20.3355687 ], [ -103.4528628, 20.3354877 ], [ -103.4528731, 20.3354156 ], [ -103.4528642, 20.3353432 ], [ -103.4528359, 20.3352978 ], [ -103.4527408, 20.3352337 ], [ -103.4527029, 20.3351972 ], [ -103.4526648, 20.3351698 ], [ -103.4525981, 20.3351331 ], [ -103.4525512, 20.3350423 ], [ -103.4525327, 20.3349699 ], [ -103.4525335, 20.3348886 ], [ -103.4525344, 20.3347982 ], [ -103.452545, 20.334699 ], [ -103.4525553, 20.3346268 ], [ -103.4525656, 20.3345546 ], [ -103.4525761, 20.3344644 ], [ -103.452606, 20.3343382 ], [ -103.4526274, 20.3341215 ], [ -103.4526473, 20.3340404 ], [ -103.4526966, 20.3339053 ], [ -103.452726, 20.3338333 ], [ -103.4527651, 20.3337524 ], [ -103.4528238, 20.3336264 ], [ -103.4528533, 20.3335544 ], [ -103.4528924, 20.3334734 ], [ -103.4529608, 20.3333385 ], [ -103.4529903, 20.3332575 ], [ -103.4530197, 20.3331945 ], [ -103.4530394, 20.3331405 ], [ -103.45304, 20.3330773 ], [ -103.453031, 20.333023 ], [ -103.452975, 20.3328779 ], [ -103.4529469, 20.3328054 ], [ -103.4529188, 20.3327419 ], [ -103.4528907, 20.3326784 ], [ -103.4528532, 20.3326058 ], [ -103.4527583, 20.3325147 ], [ -103.45273, 20.3324692 ], [ -103.4526924, 20.3323966 ], [ -103.4526737, 20.3323513 ], [ -103.4526461, 20.3322427 ], [ -103.4526564, 20.3321705 ], [ -103.4527247, 20.3320356 ], [ -103.4527258, 20.3319272 ], [ -103.4526883, 20.3318456 ], [ -103.4526696, 20.3318002 ], [ -103.4526317, 20.3317637 ], [ -103.4525937, 20.3317273 ], [ -103.4525371, 20.3316455 ], [ -103.4525186, 20.331573 ], [ -103.4525003, 20.3314916 ], [ -103.4525105, 20.3314284 ], [ -103.4525301, 20.3313834 ], [ -103.45255, 20.3313113 ], [ -103.4525507, 20.3312391 ], [ -103.4525516, 20.3311487 ], [ -103.4525237, 20.3310672 ], [ -103.4525056, 20.3309586 ], [ -103.4524875, 20.33085 ], [ -103.4524788, 20.3307596 ], [ -103.4524806, 20.330579 ], [ -103.4524908, 20.3305158 ], [ -103.4525201, 20.3304619 ], [ -103.4525494, 20.3304079 ], [ -103.452589, 20.3302818 ], [ -103.4525894, 20.3302366 ], [ -103.4525805, 20.3301733 ], [ -103.4525347, 20.3299561 ], [ -103.4525168, 20.3298295 ], [ -103.4525082, 20.3297391 ], [ -103.4524902, 20.3296215 ], [ -103.452453, 20.3295037 ], [ -103.4524251, 20.3294222 ], [ -103.4523686, 20.3293313 ], [ -103.4523029, 20.3291952 ], [ -103.4522656, 20.3290865 ], [ -103.4522478, 20.3289599 ], [ -103.45223, 20.3288152 ], [ -103.4522314, 20.3286797 ], [ -103.4523111, 20.3283642 ], [ -103.4523402, 20.3283283 ], [ -103.4523694, 20.3282834 ], [ -103.4524193, 20.3280851 ], [ -103.4524393, 20.3279949 ], [ -103.4524399, 20.3279407 ], [ -103.4524617, 20.3276699 ], [ -103.4524734, 20.3274532 ], [ -103.4524749, 20.3273087 ], [ -103.4524663, 20.3272092 ], [ -103.452448, 20.3271187 ], [ -103.4524106, 20.3270281 ], [ -103.4523732, 20.3269374 ], [ -103.4523358, 20.3268467 ], [ -103.4522888, 20.326765 ], [ -103.4522323, 20.3266651 ], [ -103.4521562, 20.3266102 ], [ -103.4520903, 20.3265013 ], [ -103.4520335, 20.3264285 ], [ -103.4519862, 20.3263739 ], [ -103.4519297, 20.326274 ] ] } },
{ "type": "Feature", "properties": { "ID": 6916506, "CVE_SUBC": "RH12Dc", "CLAVE50K": "f13d75", "TIPO": 101, "ENTIDAD": "CORRIENTE DE AGUA", "FC": 3271, "CONDICION": "INTERMITENTE", "EDICION": "O", "FECHA": "1994-12-31", "LENGTHM": 1481.0891, "ID_DRENA": 6, "FLOWDIR": 1, "ENABLED": 1, "DESC_ENABL": null, "CALI_REPR": 0, "SEQUENCEID": 3180.0, "ORDER_1": 3, "LEVEL_1": 2, "ARBSUM_1": 8028.4832, "PATHL_1": 28979.3079 }, "geometry": { "type": "LineString", "coordinates": [ [ -103.4351203, 20.3416895 ], [ -103.4351497, 20.3416175 ], [ -103.4351696, 20.3415454 ], [ -103.435199, 20.3414824 ], [ -103.4352476, 20.3414106 ], [ -103.4352958, 20.3413749 ], [ -103.4353536, 20.3413483 ], [ -103.4353828, 20.3412944 ], [ -103.4353932, 20.3412132 ], [ -103.4353747, 20.3411498 ], [ -103.4353467, 20.3410772 ], [ -103.4352998, 20.3409775 ], [ -103.4352626, 20.3408687 ], [ -103.4351871, 20.3407596 ], [ -103.4351402, 20.3406598 ], [ -103.4350931, 20.3405781 ], [ -103.4350556, 20.3404965 ], [ -103.4350182, 20.3404058 ], [ -103.4349242, 20.3402333 ], [ -103.4348303, 20.3400518 ], [ -103.4347738, 20.3399519 ], [ -103.4346995, 20.3397254 ], [ -103.4346911, 20.3396079 ], [ -103.4346922, 20.3394995 ], [ -103.4346932, 20.3394002 ], [ -103.4346946, 20.3392556 ], [ -103.4347055, 20.3391292 ], [ -103.434716, 20.339039 ], [ -103.4347381, 20.3387411 ], [ -103.434749, 20.3386147 ], [ -103.4347596, 20.3385064 ], [ -103.4347705, 20.33838 ], [ -103.4347813, 20.3382536 ], [ -103.4348112, 20.3381365 ], [ -103.4348311, 20.3380644 ], [ -103.4348524, 20.3378478 ], [ -103.4348822, 20.3377487 ], [ -103.4349314, 20.3376136 ], [ -103.4349611, 20.3375235 ], [ -103.4349906, 20.3374425 ], [ -103.435001, 20.3373613 ], [ -103.4350214, 20.337244 ], [ -103.4350607, 20.337145 ], [ -103.4350902, 20.337064 ], [ -103.4351293, 20.336983 ], [ -103.4351396, 20.3369108 ], [ -103.4351405, 20.3368205 ], [ -103.4351903, 20.3366312 ], [ -103.4352489, 20.3365234 ], [ -103.4352889, 20.3363521 ], [ -103.4352898, 20.3362617 ], [ -103.4352907, 20.3361714 ], [ -103.4352919, 20.336054 ], [ -103.4352834, 20.3359545 ], [ -103.4352654, 20.3358369 ], [ -103.4352378, 20.3357192 ], [ -103.4352102, 20.3356106 ], [ -103.4351918, 20.3355291 ], [ -103.4351833, 20.3354297 ], [ -103.4351941, 20.3353033 ], [ -103.4352046, 20.3352131 ], [ -103.4352248, 20.3351139 ], [ -103.435264, 20.3350239 ], [ -103.4352841, 20.3349247 ], [ -103.4353138, 20.3348346 ], [ -103.4353343, 20.3346993 ], [ -103.4353348, 20.3346451 ], [ -103.4353466, 20.3344284 ], [ -103.4353472, 20.3343652 ], [ -103.4353478, 20.334311 ], [ -103.4353483, 20.3342568 ], [ -103.4353489, 20.3342026 ], [ -103.43534, 20.3341302 ], [ -103.4353217, 20.3340488 ], [ -103.4352936, 20.3339853 ], [ -103.4352465, 20.3339035 ], [ -103.4351996, 20.3338128 ], [ -103.4351426, 20.3337581 ], [ -103.4350953, 20.3337034 ], [ -103.4350574, 20.333667 ], [ -103.4350193, 20.3336395 ], [ -103.434943, 20.3336117 ], [ -103.4348857, 20.3335932 ], [ -103.4348379, 20.3335837 ], [ -103.4347999, 20.3335563 ], [ -103.4347715, 20.3335199 ], [ -103.4347146, 20.3334652 ], [ -103.4346865, 20.3334017 ], [ -103.4346681, 20.3333292 ], [ -103.4346591, 20.333275 ], [ -103.4346128, 20.3331119 ], [ -103.4345096, 20.3329032 ], [ -103.4344536, 20.3327582 ], [ -103.4343971, 20.3326583 ], [ -103.4343214, 20.3325673 ], [ -103.4342643, 20.3325306 ], [ -103.4342073, 20.332485 ], [ -103.4341502, 20.3324483 ], [ -103.434122, 20.3323939 ], [ -103.4340844, 20.3323303 ], [ -103.4340467, 20.3322667 ], [ -103.4340281, 20.3322123 ], [ -103.4340096, 20.3321489 ], [ -103.4340106, 20.3320496 ], [ -103.4340113, 20.3319773 ], [ -103.434012, 20.331905 ], [ -103.4340128, 20.3318238 ], [ -103.4340326, 20.3317607 ], [ -103.434043, 20.3316795 ], [ -103.4340531, 20.3316254 ], [ -103.4340549, 20.3314538 ], [ -103.4340557, 20.3313724 ], [ -103.4340285, 20.3312186 ], [ -103.4340199, 20.3311192 ], [ -103.434011, 20.3310559 ], [ -103.4339926, 20.3309744 ], [ -103.4339647, 20.3308928 ], [ -103.4339366, 20.3308294 ], [ -103.4338988, 20.3307838 ], [ -103.4338324, 20.33072 ], [ -103.4337657, 20.3306833 ], [ -103.4336991, 20.3306466 ], [ -103.433661, 20.3306191 ], [ -103.4335564, 20.3305459 ], [ -103.4335185, 20.3305094 ], [ -103.4334903, 20.330455 ], [ -103.4334526, 20.3303914 ], [ -103.4334247, 20.3303098 ], [ -103.4333968, 20.3302283 ], [ -103.4333785, 20.3301468 ], [ -103.4333506, 20.3300653 ], [ -103.4333322, 20.3299838 ], [ -103.4333052, 20.3298119 ], [ -103.4332779, 20.3296762 ], [ -103.4332593, 20.3296218 ], [ -103.4332311, 20.3295673 ], [ -103.4331458, 20.3294762 ], [ -103.4330984, 20.3294306 ], [ -103.433051, 20.329385 ] ] } },
{ "type": "Feature", "properties": { "ID": 6916519, "CVE_SUBC": "RH12Dc", "CLAVE50K": null, "TIPO": 101, "ENTIDAD": "CORRIENTE DE AGUA", "FC": 3271, "CONDICION": "INTERMITENTE", "EDICION": "N", "FECHA": "2007-11-09", "LENGTHM": 1918.889, "ID_DRENA": 5, "FLOWDIR": 1, "ENABLED": 1, "DESC_ENABL": null, "CALI_REPR": 1, "SEQUENCEID": 2665.0, "ORDER_1": 3, "LEVEL_1": 1, "ARBSUM_1": 17997.5164, "PATHL_1": 273.2807 }, "geometry": { "type": "LineString", "coordinates": [ [ -103.487863, 20.3646394 ], [ -103.4883273, 20.3649689 ], [ -103.4890412, 20.3653972 ], [ -103.4913467, 20.3659795 ], [ -103.4925374, 20.3660539 ], [ -103.4937282, 20.3665004 ], [ -103.495435, 20.3671815 ], [ -103.4970629, 20.3672023 ], [ -103.4983423, 20.3679889 ], [ -103.5002772, 20.3688819 ], [ -103.5034703, 20.3696936 ], [ -103.5048706, 20.3705921 ] ] } },
{ "type": "Feature", "properties": { "ID": 6916520, "CVE_SUBC": "RH12Dc", "CLAVE50K": "f13d75", "TIPO": 101, "ENTIDAD": "CORRIENTE DE AGUA", "FC": 3271, "CONDICION": "INTERMITENTE", "EDICION": "O", "FECHA": "1994-12-31", "LENGTHM": 678.2404, "ID_DRENA": 6, "FLOWDIR": 1, "ENABLED": 1, "DESC_ENABL": null, "CALI_REPR": 0, "SEQUENCEID": 3100.0, "ORDER_1": 3, "LEVEL_1": 2, "ARBSUM_1": 9858.1547, "PATHL_1": 19660.6696 }, "geometry": { "type": "LineString", "coordinates": [ [ -103.4804708, 20.3131993 ], [ -103.4805962, 20.3132727 ], [ -103.4807389, 20.3133643 ], [ -103.4808718, 20.3134919 ], [ -103.4809761, 20.3135922 ], [ -103.4810802, 20.3137196 ], [ -103.4811369, 20.3138014 ], [ -103.4812125, 20.3139014 ], [ -103.4812882, 20.3140014 ], [ -103.481364, 20.3140744 ], [ -103.4815915, 20.3143203 ], [ -103.4817334, 20.3145022 ], [ -103.4817996, 20.314584 ], [ -103.4818656, 20.314693 ], [ -103.4819508, 20.3147931 ], [ -103.4820169, 20.3148841 ], [ -103.4822163, 20.3150574 ], [ -103.4822732, 20.3151212 ], [ -103.4824441, 20.3152672 ], [ -103.4825297, 20.3153312 ], [ -103.4826819, 20.3154319 ], [ -103.4829494, 20.3154974 ], [ -103.4831215, 20.315526 ], [ -103.4834466, 20.315574 ], [ -103.4837813, 20.3156311 ], [ -103.4838577, 20.3156498 ], [ -103.4839436, 20.3156777 ], [ -103.4840009, 20.3156962 ], [ -103.4840868, 20.3157241 ], [ -103.4841631, 20.3157609 ], [ -103.4842393, 20.3157977 ], [ -103.4843061, 20.3158254 ], [ -103.484411, 20.3158714 ], [ -103.4845347, 20.3159538 ], [ -103.4846203, 20.3160088 ], [ -103.484725, 20.3160729 ], [ -103.4848296, 20.3161551 ], [ -103.4849055, 20.3162281 ], [ -103.4849626, 20.3162647 ], [ -103.4850198, 20.3162923 ], [ -103.4851056, 20.3163292 ], [ -103.4851722, 20.3163749 ], [ -103.4852198, 20.3164024 ], [ -103.4853707, 20.3166386 ], [ -103.4853988, 20.3167021 ], [ -103.4854518, 20.316777 ] ] } },
{ "type": "Feature", "properties": { "ID": 6916527, "CVE_SUBC": "RH12Dc", "CLAVE50K": "f13d75", "TIPO": 101, "ENTIDAD": "CORRIENTE DE AGUA", "FC": 3271, "CONDICION": "INTERMITENTE", "EDICION": "O", "FECHA": "1994-12-31", "LENGTHM": 757.6189, "ID_DRENA": 6, "FLOWDIR": 1, "ENABLED": 1, "DESC_ENABL": null, "CALI_REPR": 0, "SEQUENCEID": 3155.0, "ORDER_1": 1, "LEVEL_1": 3, "ARBSUM_1": 757.6189, "PATHL_1": 26617.0632 }, "geometry": { "type": "LineString", "coordinates": [ [ -103.4438677, 20.3366274 ], [ -103.443603, 20.3362727 ], [ -103.4435656, 20.3361821 ], [ -103.4435001, 20.3360279 ], [ -103.4434248, 20.3359008 ], [ -103.443359, 20.3357737 ], [ -103.4432932, 20.3356467 ], [ -103.4432275, 20.3355196 ], [ -103.4431049, 20.3353288 ], [ -103.4430482, 20.335247 ], [ -103.4430012, 20.3351653 ], [ -103.4429731, 20.3351018 ], [ -103.44286, 20.3349111 ], [ -103.442832, 20.3348476 ], [ -103.4428042, 20.334748 ], [ -103.4427669, 20.3346482 ], [ -103.4427487, 20.3345487 ], [ -103.4427306, 20.3344492 ], [ -103.4427218, 20.3343678 ], [ -103.4427038, 20.3342592 ], [ -103.4426952, 20.3341598 ], [ -103.4426868, 20.3340423 ], [ -103.4426588, 20.3339698 ], [ -103.4426402, 20.3339064 ], [ -103.4426122, 20.3338429 ], [ -103.4425746, 20.3337703 ], [ -103.4425465, 20.3337068 ], [ -103.4425382, 20.3335712 ], [ -103.4425295, 20.3334898 ], [ -103.442521, 20.3333813 ], [ -103.4424932, 20.3332907 ], [ -103.4424372, 20.3331457 ], [ -103.4424102, 20.3329738 ], [ -103.4424014, 20.3328924 ], [ -103.4424219, 20.3327571 ], [ -103.4424225, 20.3326939 ], [ -103.4424141, 20.3325764 ], [ -103.4423958, 20.3324949 ], [ -103.4423876, 20.3323593 ], [ -103.4423982, 20.332251 ], [ -103.4424281, 20.3321429 ], [ -103.442477, 20.3320349 ], [ -103.4425359, 20.3318909 ], [ -103.442547, 20.3317374 ], [ -103.442567, 20.3316563 ], [ -103.4425773, 20.3315841 ], [ -103.4425971, 20.331521 ], [ -103.4426075, 20.3314398 ], [ -103.442608, 20.3313856 ], [ -103.4426087, 20.3313224 ], [ -103.4426187, 20.3312773 ], [ -103.4426576, 20.3312144 ], [ -103.4426871, 20.3311424 ], [ -103.4427263, 20.3310524 ], [ -103.4427654, 20.3309715 ], [ -103.4428044, 20.3309086 ], [ -103.4428338, 20.3308366 ], [ -103.442844, 20.3307734 ], [ -103.4428541, 20.3307193 ], [ -103.4428548, 20.3306561 ], [ -103.4428175, 20.3305474 ], [ -103.4427516, 20.3304384 ], [ -103.4427043, 20.3303837 ], [ -103.4426568, 20.3303381 ], [ -103.4426189, 20.3303017 ], [ -103.4425523, 20.3302559 ] ] } },
{ "type": "Feature", "properties": { "ID": 6916528, "CVE_SUBC": "RH12Dc", "CLAVE50K": "f13d75", "TIPO": 101, "ENTIDAD": "CORRIENTE DE AGUA", "FC": 3271, "CONDICION": "INTERMITENTE", "EDICION": "O", "FECHA": "1994-12-31", "LENGTHM": 452.579, "ID_DRENA": 6, "FLOWDIR": 1, "ENABLED": 1, "DESC_ENABL": null, "CALI_REPR": 0, "SEQUENCEID": 3212.0, "ORDER_1": 1, "LEVEL_1": 4, "ARBSUM_1": 452.579, "PATHL_1": 28707.3835 }, "geometry": { "type": "LineString", "coordinates": [ [ -103.4118098, 20.3152363 ], [ -103.4119538, 20.3152014 ], [ -103.412088, 20.3151936 ], [ -103.4123273, 20.3151958 ], [ -103.4126242, 20.3151985 ], [ -103.4127678, 20.3151998 ], [ -103.412835, 20.3151823 ], [ -103.4129692, 20.3151655 ], [ -103.4131705, 20.3151492 ], [ -103.4132951, 20.3151413 ], [ -103.4134389, 20.3151246 ], [ -103.4135828, 20.3150988 ], [ -103.4137847, 20.3150193 ], [ -103.4139194, 20.3149573 ], [ -103.414006, 20.3149129 ], [ -103.41415, 20.3148781 ], [ -103.4142841, 20.3148793 ], [ -103.4144086, 20.3148804 ], [ -103.4145331, 20.3148725 ], [ -103.4146482, 20.3148555 ], [ -103.414725, 20.3148381 ], [ -103.4148116, 20.3147938 ], [ -103.4149078, 20.3147585 ], [ -103.415004, 20.3147142 ], [ -103.4151289, 20.3146702 ], [ -103.4153596, 20.3145909 ], [ -103.4154556, 20.3145647 ], [ -103.4156285, 20.3145121 ], [ -103.4157438, 20.314477 ], [ -103.4158974, 20.3144332 ], [ -103.416012, 20.3144613 ] ] } },
{ "type": "Feature", "properties": { "ID": 6916531, "CVE_SUBC": "RH12Dc", "CLAVE50K": "f13d75", "TIPO": 101, "ENTIDAD": "CORRIENTE DE AGUA", "FC": 3271, "CONDICION": "INTERMITENTE", "EDICION": "O", "FECHA": "1994-12-31", "LENGTHM": 816.9995, "ID_DRENA": 6, "FLOWDIR": 1, "ENABLED": 1, "DESC_ENABL": null, "CALI_REPR": 0, "SEQUENCEID": 3149.0, "ORDER_1": 3, "LEVEL_1": 2, "ARBSUM_1": 7084.3602, "PATHL_1": 24725.3517 }, "geometry": { "type": "LineString", "coordinates": [ [ -103.4428586, 20.3216585 ], [ -103.4429741, 20.3216053 ], [ -103.4430611, 20.3215248 ], [ -103.4431289, 20.321444 ], [ -103.4431778, 20.3213451 ], [ -103.4431787, 20.3212548 ], [ -103.4431606, 20.3211552 ], [ -103.443152, 20.3210558 ], [ -103.4431814, 20.3209838 ], [ -103.4432686, 20.3208852 ], [ -103.4433934, 20.3208592 ], [ -103.4434507, 20.3208688 ], [ -103.4435178, 20.3208603 ], [ -103.4435947, 20.3208339 ], [ -103.4436908, 20.3207986 ], [ -103.443835, 20.3207457 ], [ -103.4439789, 20.3207199 ], [ -103.4442088, 20.3207129 ], [ -103.444458, 20.320697 ], [ -103.4446307, 20.3206624 ], [ -103.444746, 20.3206273 ], [ -103.4448038, 20.3205917 ], [ -103.444862, 20.32052 ], [ -103.4448818, 20.3204479 ], [ -103.4449018, 20.3203667 ], [ -103.4449408, 20.3202948 ], [ -103.4449895, 20.3202139 ], [ -103.4450381, 20.3201421 ], [ -103.4450771, 20.3200792 ], [ -103.4451353, 20.3199984 ], [ -103.4451746, 20.3198994 ], [ -103.4452138, 20.3198094 ], [ -103.4452335, 20.3197554 ], [ -103.4453014, 20.3196747 ], [ -103.4453785, 20.3196212 ], [ -103.4455324, 20.3195503 ], [ -103.4455997, 20.3195238 ], [ -103.4456384, 20.319488 ], [ -103.4457061, 20.3194253 ], [ -103.4458039, 20.3192184 ], [ -103.4458335, 20.3191284 ], [ -103.4458821, 20.3190565 ], [ -103.4459304, 20.3190208 ], [ -103.4459881, 20.3189942 ], [ -103.4460362, 20.3189675 ], [ -103.4461517, 20.3189144 ], [ -103.4462001, 20.3188606 ], [ -103.4462392, 20.3187796 ], [ -103.4462401, 20.3186893 ], [ -103.4462407, 20.3186351 ], [ -103.4462316, 20.3185808 ], [ -103.4462418, 20.3185267 ], [ -103.4462807, 20.3184638 ], [ -103.4463196, 20.3184009 ], [ -103.4463876, 20.3183112 ], [ -103.4464362, 20.3182394 ], [ -103.4464944, 20.3181586 ], [ -103.4465716, 20.318096 ], [ -103.4467938, 20.3179083 ], [ -103.4468614, 20.3178547 ], [ -103.4469584, 20.3177291 ], [ -103.446978, 20.3176841 ], [ -103.4470172, 20.3175941 ], [ -103.4470468, 20.317504 ], [ -103.4470571, 20.3174318 ], [ -103.4470386, 20.3173684 ], [ -103.4470199, 20.3173231 ], [ -103.4470108, 20.3172778 ], [ -103.4470113, 20.3172236 ], [ -103.4470507, 20.3171156 ], [ -103.4470994, 20.3170347 ], [ -103.4471767, 20.3169631 ], [ -103.4472924, 20.3168829 ], [ -103.4473986, 20.3167935 ], [ -103.4474569, 20.3167127 ], [ -103.4475056, 20.3166318 ] ] } },
{ "type": "Feature", "properties": { "ID": 6916542, "CVE_SUBC": "RH12Dc", "CLAVE50K": "f13d75", "TIPO": 101, "ENTIDAD": "CORRIENTE DE AGUA", "FC": 3271, "CONDICION": "INTERMITENTE", "EDICION": "O", "FECHA": "1994-12-31", "LENGTHM": 849.2114, "ID_DRENA": 6, "FLOWDIR": 1, "ENABLED": 1, "DESC_ENABL": null, "CALI_REPR": 0, "SEQUENCEID": 3110.0, "ORDER_1": 1, "LEVEL_1": 3, "ARBSUM_1": 849.2114, "PATHL_1": 21438.5883 }, "geometry": { "type": "LineString", "coordinates": [ [ -103.4853326, 20.2989046 ], [ -103.4853607, 20.2989681 ], [ -103.4853883, 20.2990858 ], [ -103.4854066, 20.2991672 ], [ -103.485425, 20.2992487 ], [ -103.4854624, 20.2993394 ], [ -103.4855003, 20.2993849 ], [ -103.4855379, 20.2994484 ], [ -103.4855849, 20.2995392 ], [ -103.4856412, 20.2996571 ], [ -103.4856786, 20.2997568 ], [ -103.4856776, 20.2998562 ], [ -103.4857321, 20.3001638 ], [ -103.4857407, 20.3002632 ], [ -103.4857589, 20.3003628 ], [ -103.4857581, 20.3004441 ], [ -103.4857666, 20.3005526 ], [ -103.4857754, 20.3006339 ], [ -103.4857649, 20.3007242 ], [ -103.4858008, 20.3009774 ], [ -103.4858002, 20.3010407 ], [ -103.4857994, 20.301113 ], [ -103.4857483, 20.3014468 ], [ -103.4857379, 20.301537 ], [ -103.48566, 20.3016718 ], [ -103.485563, 20.3017975 ], [ -103.4855047, 20.3018783 ], [ -103.4854371, 20.3019409 ], [ -103.485379, 20.3020127 ], [ -103.4853401, 20.3020666 ], [ -103.4852913, 20.3021655 ], [ -103.485252, 20.3022646 ], [ -103.485251, 20.3023639 ], [ -103.4852691, 20.3024725 ], [ -103.4853048, 20.3027438 ], [ -103.485323, 20.3028434 ], [ -103.4853315, 20.3029518 ], [ -103.485369, 20.3030335 ], [ -103.4854066, 20.3031061 ], [ -103.4854444, 20.3031606 ], [ -103.4854727, 20.303206 ], [ -103.4855775, 20.3032611 ], [ -103.485644, 20.3033159 ], [ -103.4856913, 20.3033705 ], [ -103.4857579, 20.3034162 ], [ -103.4858146, 20.303489 ], [ -103.4858621, 20.3035346 ], [ -103.4859188, 20.3036074 ], [ -103.485956, 20.3037251 ], [ -103.4859928, 20.303879 ], [ -103.4860017, 20.3039514 ], [ -103.4860104, 20.3040418 ], [ -103.4860096, 20.3041231 ], [ -103.4860462, 20.304295 ], [ -103.4860928, 20.304431 ], [ -103.4861389, 20.304612 ], [ -103.4861282, 20.3047294 ], [ -103.4861361, 20.3049011 ], [ -103.4861538, 20.3050458 ], [ -103.4862009, 20.3051275 ], [ -103.4862375, 20.3052995 ], [ -103.4862555, 20.3054171 ], [ -103.4862544, 20.3055345 ], [ -103.4862532, 20.305661 ], [ -103.4862697, 20.3059321 ], [ -103.4863735, 20.3060866 ] ] } },
{ "type": "Feature", "properties": { "ID": 6916547, "CVE_SUBC": "RH12Dc", "CLAVE50K": "f13d75", "TIPO": 101, "ENTIDAD": "CORRIENTE DE AGUA", "FC": 3271, "CONDICION": "INTERMITENTE", "EDICION": "O", "FECHA": "1994-12-31", "LENGTHM": 667.0985, "ID_DRENA": 5, "FLOWDIR": 1, "ENABLED": 1, "DESC_ENABL": null, "CALI_REPR": 0, "SEQUENCEID": 2728.0, "ORDER_1": 1, "LEVEL_1": 3, "ARBSUM_1": 667.0985, "PATHL_1": 2879.9721 }, "geometry": { "type": "LineString", "coordinates": [ [ -103.4875742, 20.3942591 ], [ -103.4877196, 20.3940887 ], [ -103.4877873, 20.394017 ], [ -103.487923, 20.3938646 ], [ -103.4879905, 20.393811 ], [ -103.4880785, 20.3936311 ], [ -103.4881756, 20.3935054 ], [ -103.4882534, 20.3933887 ], [ -103.4883119, 20.3932808 ], [ -103.4883609, 20.3931638 ], [ -103.48841, 20.3930467 ], [ -103.4884687, 20.3929208 ], [ -103.4886634, 20.3926063 ], [ -103.4888573, 20.3923731 ], [ -103.4889547, 20.3922113 ], [ -103.4891, 20.39205 ], [ -103.4892068, 20.3919063 ], [ -103.4892943, 20.3917716 ], [ -103.4894107, 20.3916281 ], [ -103.4895366, 20.3914846 ], [ -103.4896534, 20.3912959 ], [ -103.4897886, 20.3911887 ], [ -103.4899235, 20.3911085 ], [ -103.4900105, 20.391037 ], [ -103.4901073, 20.3909294 ], [ -103.4901851, 20.3908127 ], [ -103.4902725, 20.390696 ], [ -103.4903308, 20.3906152 ], [ -103.4903895, 20.3904892 ], [ -103.4904295, 20.3903179 ], [ -103.4904406, 20.3901554 ], [ -103.490471, 20.389984 ], [ -103.4905298, 20.3898581 ], [ -103.4905786, 20.3897591 ], [ -103.4906465, 20.3896784 ], [ -103.4906951, 20.3896066 ], [ -103.4907056, 20.3895073 ], [ -103.4906874, 20.3894077 ], [ -103.4906596, 20.3893172 ], [ -103.4906227, 20.3891723 ] ] } },
{ "type": "Feature", "properties": { "ID": 6916555, "CVE_SUBC": "RH12Dc", "CLAVE50K": "f13d75", "TIPO": 101, "ENTIDAD": "CORRIENTE DE AGUA", "FC": 3271, "CONDICION": "INTERMITENTE", "EDICION": "O", "FECHA": "1994-12-31", "LENGTHM": 1034.4021, "ID_DRENA": 6, "FLOWDIR": 1, "ENABLED": 1, "DESC_ENABL": null, "CALI_REPR": 0, "SEQUENCEID": 3051.0, "ORDER_1": 1, "LEVEL_1": 2, "ARBSUM_1": 1034.4021, "PATHL_1": 17077.5528 }, "geometry": { "type": "LineString", "coordinates": [ [ -103.5377414, 20.3475835 ], [ -103.5376648, 20.3475828 ], [ -103.5374925, 20.3475723 ], [ -103.5372634, 20.3474891 ], [ -103.5371969, 20.3474253 ], [ -103.5371494, 20.3473798 ], [ -103.5370639, 20.3473068 ], [ -103.5368442, 20.3472417 ], [ -103.5366537, 20.3471317 ], [ -103.5365775, 20.3470859 ], [ -103.5363404, 20.34684 ], [ -103.5362167, 20.3467486 ], [ -103.5361601, 20.3466578 ], [ -103.5361324, 20.3465401 ], [ -103.536143, 20.3464318 ], [ -103.5361737, 20.3462333 ], [ -103.5361749, 20.3460978 ], [ -103.5361574, 20.345926 ], [ -103.5361296, 20.3458264 ], [ -103.5360827, 20.3457176 ], [ -103.5360166, 20.3456176 ], [ -103.5359313, 20.3455266 ], [ -103.5358934, 20.3454811 ], [ -103.5357125, 20.3453622 ], [ -103.5356267, 20.3453253 ], [ -103.5354736, 20.3453059 ], [ -103.5353682, 20.3453051 ], [ -103.5352441, 20.3452679 ], [ -103.535168, 20.345213 ], [ -103.535111, 20.3451584 ], [ -103.5350157, 20.3451034 ], [ -103.53493, 20.3450575 ], [ -103.5347771, 20.34502 ], [ -103.5346622, 20.34501 ], [ -103.5345376, 20.345018 ], [ -103.5344032, 20.345053 ], [ -103.5342784, 20.3450791 ], [ -103.534125, 20.3450959 ], [ -103.5339815, 20.3450766 ], [ -103.5338573, 20.3450485 ], [ -103.5337618, 20.3450115 ], [ -103.5335896, 20.344992 ], [ -103.5334175, 20.3449635 ], [ -103.5332931, 20.3449444 ], [ -103.5329865, 20.3449598 ], [ -103.5327758, 20.3449581 ], [ -103.5326608, 20.3449571 ], [ -103.5325171, 20.3449649 ], [ -103.5323925, 20.3449729 ], [ -103.5322008, 20.3449894 ], [ -103.5320569, 20.3450062 ], [ -103.5318458, 20.3450496 ], [ -103.5315006, 20.3450829 ], [ -103.5313474, 20.3450816 ], [ -103.5311654, 20.3450891 ], [ -103.5310313, 20.345088 ], [ -103.5308877, 20.3450777 ], [ -103.5307344, 20.3450764 ], [ -103.5306291, 20.3450755 ], [ -103.5305048, 20.3450564 ], [ -103.5303803, 20.3450464 ], [ -103.5302367, 20.3450451 ], [ -103.5300738, 20.3450528 ], [ -103.5299297, 20.3450968 ], [ -103.5298046, 20.3451589 ], [ -103.5297084, 20.3452033 ], [ -103.5296315, 20.3452298 ], [ -103.5295065, 20.3452739 ], [ -103.5294485, 20.3453052 ] ] } },
{ "type": "Feature", "properties": { "ID": 6916557, "CVE_SUBC": "RH12Dc", "CLAVE50K": "f13d75", "TIPO": 101, "ENTIDAD": "CORRIENTE DE AGUA", "FC": 3271, "CONDICION": "INTERMITENTE", "EDICION": "O", "FECHA": "1994-12-31", "LENGTHM": 710.5331, "ID_DRENA": 6, "FLOWDIR": 1, "ENABLED": 1, "DESC_ENABL": null, "CALI_REPR": 0, "SEQUENCEID": 3234.0, "ORDER_1": 1, "LEVEL_1": 2, "ARBSUM_1": 710.5331, "PATHL_1": 28328.4051 }, "geometry": { "type": "LineString", "coordinates": [ [ -103.4153428, 20.3190625 ], [ -103.415429, 20.3190542 ], [ -103.415477, 20.3190456 ], [ -103.4155824, 20.3190376 ], [ -103.4157834, 20.3190484 ], [ -103.4158789, 20.3190764 ], [ -103.4159936, 20.3190955 ], [ -103.4161659, 20.3191061 ], [ -103.4162233, 20.3191066 ], [ -103.4163383, 20.3190986 ], [ -103.4164438, 20.3190815 ], [ -103.4165301, 20.3190732 ], [ -103.4166546, 20.3190744 ], [ -103.4168365, 20.319076 ], [ -103.4169514, 20.3190861 ], [ -103.417028, 20.3190868 ], [ -103.4171616, 20.3191241 ], [ -103.4172764, 20.3191432 ], [ -103.4173914, 20.3191352 ], [ -103.4175352, 20.3191185 ], [ -103.4177172, 20.3191111 ], [ -103.4177841, 20.3191207 ], [ -103.418071, 20.3191594 ], [ -103.4181764, 20.3191604 ], [ -103.4182722, 20.3191522 ], [ -103.4183494, 20.3190987 ], [ -103.4184655, 20.3189823 ], [ -103.418514, 20.3189196 ], [ -103.4185527, 20.3188838 ], [ -103.41862, 20.3188573 ], [ -103.4187162, 20.318813 ], [ -103.4188409, 20.318787 ], [ -103.4189082, 20.3187695 ], [ -103.4189372, 20.3187337 ], [ -103.418957, 20.3186796 ], [ -103.4189674, 20.3185894 ], [ -103.4189683, 20.3185081 ], [ -103.4189694, 20.3183997 ], [ -103.4189799, 20.3183095 ], [ -103.4189999, 20.3182193 ], [ -103.4190201, 20.3181201 ], [ -103.4190691, 20.3180122 ], [ -103.419127, 20.3179675 ], [ -103.4191942, 20.31795 ], [ -103.4192614, 20.3179326 ], [ -103.4193578, 20.3178702 ], [ -103.4194545, 20.3177808 ], [ -103.4195127, 20.317709 ], [ -103.4195708, 20.3176373 ], [ -103.419639, 20.3175295 ], [ -103.4197358, 20.317422 ], [ -103.4198702, 20.3173961 ], [ -103.419966, 20.3173879 ], [ -103.4200809, 20.3173889 ], [ -103.4201673, 20.3173717 ], [ -103.4202156, 20.3173269 ], [ -103.4202937, 20.3171831 ], [ -103.4203714, 20.3170754 ], [ -103.420458, 20.317031 ], [ -103.420535, 20.3169956 ], [ -103.4206213, 20.3169873 ], [ -103.4206787, 20.3169878 ], [ -103.4208608, 20.3169714 ] ] } },
{ "type": "Feature", "properties": { "ID": 6916559, "CVE_SUBC": "RH12Dc", "CLAVE50K": "f13d75", "TIPO": 101, "ENTIDAD": "CORRIENTE DE AGUA", "FC": 3271, "CONDICION": "INTERMITENTE", "EDICION": "O", "FECHA": "1994-12-31", "LENGTHM": 563.391, "ID_DRENA": 6, "FLOWDIR": 1, "ENABLED": 1, "DESC_ENABL": null, "CALI_REPR": 0, "SEQUENCEID": 3202.0, "ORDER_1": 4, "LEVEL_1": 1, "ARBSUM_1": 44722.4936, "PATHL_1": 26632.4958 }, "geometry": { "type": "LineString", "coordinates": [ [ -103.4275712, 20.3105998 ], [ -103.4277641, 20.310457 ], [ -103.4278507, 20.3104217 ], [ -103.4279855, 20.3103416 ], [ -103.4281686, 20.3102348 ], [ -103.4282841, 20.3101726 ], [ -103.4283708, 20.3101192 ], [ -103.4284476, 20.3101018 ], [ -103.4286389, 20.3101216 ], [ -103.4287058, 20.3101403 ], [ -103.4287819, 20.3101861 ], [ -103.4288482, 20.310259 ], [ -103.4288956, 20.3103046 ], [ -103.428981, 20.3103866 ], [ -103.4290758, 20.3104778 ], [ -103.4291515, 20.3105688 ], [ -103.4292276, 20.3106147 ], [ -103.4293228, 20.3106698 ], [ -103.4293704, 20.3107063 ], [ -103.4294656, 20.3107614 ], [ -103.4295895, 20.3108167 ], [ -103.4297228, 20.3108902 ], [ -103.429799, 20.310927 ], [ -103.4299041, 20.310955 ], [ -103.4300093, 20.310965 ], [ -103.4301337, 20.3109752 ], [ -103.4303731, 20.3109773 ], [ -103.4305646, 20.310979 ], [ -103.430737, 20.3109806 ], [ -103.4310334, 20.3110194 ], [ -103.4311099, 20.3110291 ], [ -103.4312057, 20.3110299 ], [ -103.4312536, 20.3110213 ], [ -103.4314553, 20.3109689 ], [ -103.4315417, 20.3109426 ], [ -103.4317927, 20.3107461 ], [ -103.4318699, 20.3106836 ], [ -103.4319375, 20.31063 ], [ -103.4320052, 20.3105583 ], [ -103.4320926, 20.3104417 ], [ -103.4321511, 20.3103338 ], [ -103.4321709, 20.3102707 ] ] } },
{ "type": "Feature", "properties": { "ID": 6916563, "CVE_SUBC": "RH12Dc", "CLAVE50K": "f13d75", "TIPO": 101, "ENTIDAD": "CORRIENTE DE AGUA", "FC": 3271, "CONDICION": "INTERMITENTE", "EDICION": "O", "FECHA": "1994-12-31", "LENGTHM": 914.0278, "ID_DRENA": 6, "FLOWDIR": 1, "ENABLED": 1, "DESC_ENABL": null, "CALI_REPR": 0, "SEQUENCEID": 3000.0, "ORDER_1": 1, "LEVEL_1": 3, "ARBSUM_1": 914.0278, "PATHL_1": 16514.2193 }, "geometry": { "type": "LineString", "coordinates": [ [ -103.4964246, 20.333221 ], [ -103.4965203, 20.3332218 ], [ -103.4965968, 20.3332406 ], [ -103.4967205, 20.3333229 ], [ -103.4967964, 20.3333959 ], [ -103.4968532, 20.3334596 ], [ -103.4969387, 20.3335326 ], [ -103.4970337, 20.3336147 ], [ -103.4971957, 20.3336974 ], [ -103.4972716, 20.3337703 ], [ -103.4972904, 20.3338157 ], [ -103.497376, 20.3338796 ], [ -103.4975186, 20.3339802 ], [ -103.4975757, 20.3340259 ], [ -103.4976802, 20.3341081 ], [ -103.4977753, 20.3341812 ], [ -103.4978514, 20.334236 ], [ -103.4979369, 20.3343091 ], [ -103.4980131, 20.3343549 ], [ -103.4981366, 20.3344553 ], [ -103.498222, 20.3345374 ], [ -103.4982977, 20.3346284 ], [ -103.498364, 20.3347102 ], [ -103.4984305, 20.334765 ], [ -103.4985541, 20.3348564 ], [ -103.4988391, 20.3351028 ], [ -103.4988958, 20.3351846 ], [ -103.4989523, 20.3352844 ], [ -103.4990088, 20.3353843 ], [ -103.4990464, 20.3354569 ], [ -103.4990554, 20.3355202 ], [ -103.4990452, 20.3355743 ], [ -103.4989766, 20.3357363 ], [ -103.4989662, 20.3358266 ], [ -103.4989559, 20.3358988 ], [ -103.4989553, 20.335962 ], [ -103.4989644, 20.3360072 ], [ -103.4989925, 20.3360798 ], [ -103.4990109, 20.3361522 ], [ -103.4990391, 20.3362157 ], [ -103.4990862, 20.3362974 ], [ -103.4991334, 20.336361 ], [ -103.4991806, 20.3364337 ], [ -103.4991799, 20.336506 ], [ -103.4991699, 20.336551 ], [ -103.4991407, 20.336596 ], [ -103.4990638, 20.3366314 ], [ -103.4989677, 20.3366668 ], [ -103.498881, 20.3367112 ], [ -103.4988329, 20.3367379 ], [ -103.4987268, 20.3368183 ], [ -103.498659, 20.3368899 ], [ -103.4986297, 20.3369529 ], [ -103.4986192, 20.3370432 ], [ -103.4986184, 20.3371245 ], [ -103.4986271, 20.3372149 ], [ -103.4986645, 20.3373146 ], [ -103.4986832, 20.3373599 ], [ -103.4987115, 20.3374053 ], [ -103.4987589, 20.3374599 ], [ -103.4988062, 20.3375146 ], [ -103.4988725, 20.3375964 ], [ -103.4989291, 20.3376873 ], [ -103.4989763, 20.3377599 ], [ -103.4990331, 20.3378237 ], [ -103.4990805, 20.3378783 ], [ -103.4992683, 20.3382683 ], [ -103.4993338, 20.3384225 ], [ -103.4993524, 20.3384768 ], [ -103.4993996, 20.3385586 ], [ -103.4994465, 20.3386583 ], [ -103.4994832, 20.3388213 ], [ -103.4994922, 20.3388846 ], [ -103.4995009, 20.338975 ], [ -103.4995193, 20.3390474 ], [ -103.4995566, 20.3391562 ], [ -103.4995847, 20.3392196 ], [ -103.4996321, 20.3392742 ], [ -103.4996602, 20.3393377 ], [ -103.499698, 20.3393922 ], [ -103.4997735, 20.3395103 ], [ -103.4998017, 20.3395648 ], [ -103.4998489, 20.3396375 ], [ -103.499875, 20.3397053 ] ] } },
{ "type": "Feature", "properties": { "ID": 6916586, "CVE_SUBC": "RH12Dc", "CLAVE50K": null, "TIPO": 101, "ENTIDAD": "CORRIENTE DE AGUA", "FC": 3271, "CONDICION": "INTERMITENTE", "EDICION": "N", "FECHA": "2007-11-09", "LENGTHM": 253.7338, "ID_DRENA": 5, "FLOWDIR": 1, "ENABLED": 1, "DESC_ENABL": null, "CALI_REPR": 1, "SEQUENCEID": 2710.0, "ORDER_1": 3, "LEVEL_1": 2, "ARBSUM_1": 11126.2251, "PATHL_1": 687.1843 }, "geometry": { "type": "LineString", "coordinates": [ [ -103.5002038, 20.3748356 ], [ -103.5025217, 20.3741164 ] ] } },
{ "type": "Feature", "properties": { "ID": 6916589, "CVE_SUBC": "RH12Dc", "CLAVE50K": "f13d75", "TIPO": 101, "ENTIDAD": "CORRIENTE DE AGUA", "FC": 3271, "CONDICION": "INTERMITENTE", "EDICION": "O", "FECHA": "1994-12-31", "LENGTHM": 651.3947, "ID_DRENA": 6, "FLOWDIR": 1, "ENABLED": 1, "DESC_ENABL": null, "CALI_REPR": 0, "SEQUENCEID": 3210.0, "ORDER_1": 1, "LEVEL_1": 4, "ARBSUM_1": 651.3947, "PATHL_1": 28460.7897 }, "geometry": { "type": "LineString", "coordinates": [ [ -103.4114309, 20.3129563 ], [ -103.4115177, 20.3128939 ], [ -103.4116716, 20.312823 ], [ -103.4117582, 20.3127877 ], [ -103.4118448, 20.3127433 ], [ -103.4119313, 20.312717 ], [ -103.4120368, 20.3126999 ], [ -103.4121424, 20.3126737 ], [ -103.4123247, 20.3126392 ], [ -103.4125548, 20.3126052 ], [ -103.4126411, 20.3125969 ], [ -103.4127371, 20.3125797 ], [ -103.4127945, 20.3125803 ], [ -103.4129952, 20.3126182 ], [ -103.4131, 20.3126734 ], [ -103.4131572, 20.312701 ], [ -103.4132236, 20.3127558 ], [ -103.4133188, 20.3128109 ], [ -103.4134238, 20.312848 ], [ -103.4135094, 20.3129029 ], [ -103.4135757, 20.3129758 ], [ -103.413699, 20.3130944 ], [ -103.413775, 20.3131492 ], [ -103.4139184, 20.3131776 ], [ -103.4140427, 20.3131968 ], [ -103.4141382, 20.3132158 ], [ -103.4142721, 20.3132351 ], [ -103.4144442, 20.3132637 ], [ -103.4145301, 20.3132916 ], [ -103.4146638, 20.3133289 ], [ -103.4147786, 20.313339 ], [ -103.4148839, 20.31334 ], [ -103.4149895, 20.3133138 ], [ -103.4150376, 20.3132962 ], [ -103.4151051, 20.3132516 ], [ -103.4153265, 20.3131362 ], [ -103.4156532, 20.3130217 ], [ -103.4157301, 20.3129953 ], [ -103.415941, 20.3129701 ], [ -103.4162287, 20.3129366 ], [ -103.4164684, 20.3129026 ], [ -103.4165547, 20.3128944 ], [ -103.4166411, 20.3128681 ], [ -103.416718, 20.3128417 ], [ -103.4168237, 20.3128065 ], [ -103.4170545, 20.3127092 ], [ -103.4171411, 20.3126738 ], [ -103.4172563, 20.3126388 ] ] } },
{ "type": "Feature", "properties": { "ID": 6916593, "CVE_SUBC": "RH12Dc", "CLAVE50K": null, "TIPO": 101, "ENTIDAD": "CORRIENTE DE AGUA", "FC": 3271, "CONDICION": "INTERMITENTE", "EDICION": "N", "FECHA": "2007-11-09", "LENGTHM": 330.3177, "ID_DRENA": 6, "FLOWDIR": 1, "ENABLED": 1, "DESC_ENABL": null, "CALI_REPR": 1, "SEQUENCEID": 2958.0, "ORDER_1": 2, "LEVEL_1": 2, "ARBSUM_1": 3002.3603, "PATHL_1": 10964.3041 }, "geometry": { "type": "LineString", "coordinates": [ [ -103.5291999, 20.3782357 ], [ -103.5287419, 20.3784585 ], [ -103.5282539, 20.3783169 ], [ -103.5277305, 20.3783407 ], [ -103.5270166, 20.3783407 ], [ -103.5266835, 20.3785549 ], [ -103.5261908, 20.3786777 ] ] } },
{ "type": "Feature", "properties": { "ID": 6916600, "CVE_SUBC": "RH12Dc", "CLAVE50K": null, "TIPO": 101, "ENTIDAD": "CORRIENTE DE AGUA", "FC": 3271, "CONDICION": "INTERMITENTE", "EDICION": "N", "FECHA": "2007-11-09", "LENGTHM": 706.2231, "ID_DRENA": 5, "FLOWDIR": 1, "ENABLED": 1, "DESC_ENABL": null, "CALI_REPR": 1, "SEQUENCEID": 2731.0, "ORDER_1": 2, "LEVEL_1": 2, "ARBSUM_1": 2374.4993, "PATHL_1": 2320.986 }, "geometry": { "type": "LineString", "coordinates": [ [ -103.4881562, 20.3886179 ], [ -103.4883898, 20.3882368 ], [ -103.4887943, 20.3877133 ], [ -103.4892464, 20.3873088 ], [ -103.4894368, 20.3869281 ], [ -103.4898175, 20.3866425 ], [ -103.4903648, 20.3862856 ], [ -103.4909596, 20.3859287 ], [ -103.4915783, 20.38531 ], [ -103.4918638, 20.3851435 ], [ -103.4924111, 20.3848579 ], [ -103.4930951, 20.3843842 ] ] } },
{ "type": "Feature", "properties": { "ID": 6916612, "CVE_SUBC": "RH12Dc", "CLAVE50K": "f13d75", "TIPO": 101, "ENTIDAD": "CORRIENTE DE AGUA", "FC": 3271, "CONDICION": "INTERMITENTE", "EDICION": "O", "FECHA": "1994-12-31", "LENGTHM": 7.0355, "ID_DRENA": 6, "FLOWDIR": 1, "ENABLED": 1, "DESC_ENABL": null, "CALI_REPR": 0, "SEQUENCEID": 3097.0, "ORDER_1": 2, "LEVEL_1": 3, "ARBSUM_1": 934.4103, "PATHL_1": 21801.32 }, "geometry": { "type": "LineString", "coordinates": [ [ -103.5007906, 20.3078942 ], [ -103.5007672, 20.3079541 ] ] } },
{ "type": "Feature", "properties": { "ID": 6916621, "CVE_SUBC": "RH12Dc", "CLAVE50K": "f13d75", "TIPO": 101, "ENTIDAD": "CORRIENTE DE AGUA", "FC": 3271, "CONDICION": "INTERMITENTE", "EDICION": "O", "FECHA": "1994-12-31", "LENGTHM": 747.1072, "ID_DRENA": 6, "FLOWDIR": 1, "ENABLED": 1, "DESC_ENABL": null, "CALI_REPR": 0, "SEQUENCEID": 3034.0, "ORDER_1": 1, "LEVEL_1": 4, "ARBSUM_1": 747.1072, "PATHL_1": 22116.5491 }, "geometry": { "type": "LineString", "coordinates": [ [ -103.4517077, 20.3485675 ], [ -103.4517466, 20.3485046 ], [ -103.4518242, 20.348415 ], [ -103.4518917, 20.3483614 ], [ -103.4519786, 20.3482898 ], [ -103.4520176, 20.348227 ], [ -103.4520475, 20.3481098 ], [ -103.4520484, 20.3480195 ], [ -103.4520496, 20.347902 ], [ -103.4520504, 20.3478207 ], [ -103.4520514, 20.3477214 ], [ -103.4520523, 20.347631 ], [ -103.4520729, 20.3474867 ], [ -103.4521125, 20.3473515 ], [ -103.4521913, 20.3471354 ], [ -103.4522602, 20.3469463 ], [ -103.4523479, 20.3468025 ], [ -103.4523966, 20.3467126 ], [ -103.4525905, 20.3464795 ], [ -103.4526776, 20.3463899 ], [ -103.452871, 20.346211 ], [ -103.4533162, 20.3457451 ], [ -103.4534513, 20.345647 ], [ -103.453634, 20.3455763 ], [ -103.4537204, 20.34555 ], [ -103.4538162, 20.3455508 ], [ -103.4539023, 20.3455606 ], [ -103.4539693, 20.3455702 ], [ -103.4540745, 20.3455802 ], [ -103.4541893, 20.3455993 ], [ -103.4542657, 20.345618 ], [ -103.454342, 20.3456548 ], [ -103.454447, 20.3456919 ], [ -103.4545426, 20.3457108 ], [ -103.4546476, 20.3457388 ], [ -103.4547337, 20.3457577 ], [ -103.4548674, 20.345795 ], [ -103.4550201, 20.3458506 ], [ -103.4551251, 20.3458876 ], [ -103.4552108, 20.3459335 ], [ -103.455287, 20.3459794 ], [ -103.4553439, 20.3460341 ], [ -103.4554106, 20.3460708 ], [ -103.4556021, 20.3460815 ], [ -103.4557362, 20.3460737 ], [ -103.4558324, 20.3460384 ], [ -103.4559286, 20.3459941 ], [ -103.4559959, 20.3459676 ], [ -103.4560918, 20.3459594 ], [ -103.4561587, 20.345969 ], [ -103.4562448, 20.3459788 ], [ -103.4563404, 20.3459977 ], [ -103.4564072, 20.3460254 ], [ -103.4564835, 20.3460532 ], [ -103.4565501, 20.346099 ], [ -103.4566166, 20.3461537 ], [ -103.4566637, 20.3462355 ] ] } },
{ "type": "Feature", "properties": { "ID": 6916623, "CVE_SUBC": "RH12Dc", "CLAVE50K": "f13d75", "TIPO": 101, "ENTIDAD": "CORRIENTE DE AGUA", "FC": 3271, "CONDICION": "INTERMITENTE", "EDICION": "O", "FECHA": "1994-12-31", "LENGTHM": 1540.6592, "ID_DRENA": 6, "FLOWDIR": 1, "ENABLED": 1, "DESC_ENABL": null, "CALI_REPR": 0, "SEQUENCEID": 3172.0, "ORDER_1": 1, "LEVEL_1": 3, "ARBSUM_1": 1540.6592, "PATHL_1": 27807.127 }, "geometry": { "type": "LineString", "coordinates": [ [ -103.4227015, 20.3309361 ], [ -103.422722, 20.3308098 ], [ -103.4227907, 20.3306478 ], [ -103.4228976, 20.3304862 ], [ -103.4229368, 20.3304052 ], [ -103.4230913, 20.3302802 ], [ -103.423188, 20.3301817 ], [ -103.4233329, 20.3300655 ], [ -103.4235354, 20.3299318 ], [ -103.4236801, 20.3298248 ], [ -103.4238154, 20.3297085 ], [ -103.4239697, 20.3296015 ], [ -103.424124, 20.3294945 ], [ -103.4242875, 20.3294237 ], [ -103.4244605, 20.329362 ], [ -103.4246045, 20.3293272 ], [ -103.4247293, 20.3293012 ], [ -103.4248444, 20.3292842 ], [ -103.4249597, 20.3292491 ], [ -103.4250367, 20.3292136 ], [ -103.4251332, 20.3291422 ], [ -103.4252296, 20.3290799 ], [ -103.425326, 20.3290175 ], [ -103.4254224, 20.3289552 ], [ -103.4255765, 20.3288662 ], [ -103.4256919, 20.3288221 ], [ -103.4257977, 20.3287778 ], [ -103.4259614, 20.328689 ], [ -103.4260292, 20.3286083 ], [ -103.4260686, 20.3285002 ], [ -103.4260789, 20.3284281 ], [ -103.4260894, 20.3283378 ], [ -103.4261106, 20.3281393 ], [ -103.4261415, 20.3279227 ], [ -103.4261903, 20.3278328 ], [ -103.4262677, 20.3277522 ], [ -103.4264127, 20.3276271 ], [ -103.4265188, 20.3275467 ], [ -103.4267032, 20.3273045 ], [ -103.4267425, 20.3272055 ], [ -103.4268683, 20.3270801 ], [ -103.4269357, 20.3270446 ], [ -103.4270605, 20.3270186 ], [ -103.4271565, 20.3269924 ], [ -103.4272817, 20.3269212 ], [ -103.4273589, 20.3268677 ], [ -103.4274654, 20.3267512 ], [ -103.427467, 20.3265977 ], [ -103.4274583, 20.3265073 ], [ -103.4274403, 20.3263897 ], [ -103.4274409, 20.3263355 ], [ -103.4274706, 20.3262364 ], [ -103.42751, 20.3261283 ], [ -103.4275683, 20.3260475 ], [ -103.4276747, 20.3259401 ], [ -103.4277904, 20.3258598 ], [ -103.4278485, 20.3257971 ], [ -103.427945, 20.3257257 ], [ -103.4280223, 20.3256632 ], [ -103.4281093, 20.3255826 ], [ -103.428177, 20.325511 ], [ -103.4282064, 20.325448 ], [ -103.4282552, 20.3253581 ], [ -103.4282941, 20.3253043 ], [ -103.4283137, 20.3252593 ], [ -103.428431, 20.3250254 ], [ -103.4285868, 20.3247649 ], [ -103.4287716, 20.3244865 ], [ -103.4288014, 20.3243783 ], [ -103.4288029, 20.3242338 ], [ -103.4287958, 20.3239898 ], [ -103.4288165, 20.3238364 ], [ -103.4287894, 20.3236736 ], [ -103.4287519, 20.323592 ], [ -103.4287047, 20.3235193 ], [ -103.4286865, 20.3234288 ], [ -103.4286495, 20.323302 ], [ -103.4286115, 20.3232655 ], [ -103.4285643, 20.3232018 ], [ -103.4285651, 20.3231205 ], [ -103.4286044, 20.3230215 ], [ -103.4286436, 20.3229406 ], [ -103.428692, 20.3228868 ], [ -103.4287985, 20.3227703 ], [ -103.4288765, 20.3226355 ], [ -103.4289354, 20.3224915 ], [ -103.428994, 20.3223746 ], [ -103.4290527, 20.3222577 ], [ -103.4291401, 20.322132 ], [ -103.429237, 20.3220244 ], [ -103.4293336, 20.321935 ], [ -103.4294397, 20.3218636 ], [ -103.4295267, 20.3217831 ], [ -103.4296136, 20.3217116 ], [ -103.4296622, 20.3216398 ], [ -103.4296822, 20.3215587 ], [ -103.429731, 20.3214688 ], [ -103.4297697, 20.321433 ], [ -103.4298181, 20.3213792 ], [ -103.4298188, 20.321307 ], [ -103.4297822, 20.321144 ], [ -103.4297638, 20.3210626 ], [ -103.4297552, 20.3209721 ], [ -103.4297654, 20.320909 ], [ -103.4298144, 20.320792 ], [ -103.4298535, 20.3207201 ], [ -103.4299115, 20.3206664 ], [ -103.4299789, 20.3206309 ], [ -103.4301236, 20.3205238 ], [ -103.4301625, 20.3204609 ], [ -103.4302399, 20.3203893 ] ] } },
{ "type": "Feature", "properties": { "ID": 6916625, "CVE_SUBC": "RH12Dc", "CLAVE50K": "f13d75", "TIPO": 101, "ENTIDAD": "CORRIENTE DE AGUA", "FC": 3271, "CONDICION": "INTERMITENTE", "EDICION": "O", "FECHA": "1994-12-31", "LENGTHM": 539.0414, "ID_DRENA": 6, "FLOWDIR": 1, "ENABLED": 1, "DESC_ENABL": null, "CALI_REPR": 0, "SEQUENCEID": 3059.0, "ORDER_1": 1, "LEVEL_1": 2, "ARBSUM_1": 539.0414, "PATHL_1": 17902.4516 }, "geometry": { "type": "LineString", "coordinates": [ [ -103.5290752, 20.3442946 ], [ -103.5288762, 20.344067 ], [ -103.5288102, 20.3439581 ], [ -103.528744, 20.3438672 ], [ -103.5286684, 20.3437581 ], [ -103.5285832, 20.343649 ], [ -103.5285076, 20.343549 ], [ -103.5284225, 20.3434308 ], [ -103.5283562, 20.343349 ], [ -103.5282901, 20.343249 ], [ -103.528262, 20.3431765 ], [ -103.5282247, 20.3430768 ], [ -103.5281778, 20.342968 ], [ -103.5281785, 20.3428958 ], [ -103.5282084, 20.3427786 ], [ -103.5282864, 20.3426257 ], [ -103.5283352, 20.3425357 ], [ -103.5284133, 20.3423738 ], [ -103.5284626, 20.3422296 ], [ -103.5284934, 20.3420131 ], [ -103.5284955, 20.3417872 ], [ -103.5284879, 20.3415794 ], [ -103.5284437, 20.3411906 ], [ -103.5284648, 20.340983 ], [ -103.5285241, 20.3407937 ], [ -103.5285927, 20.3406227 ], [ -103.5286618, 20.3404064 ], [ -103.5287516, 20.3400278 ], [ -103.528802, 20.3397662 ] ] } },
{ "type": "Feature", "properties": { "ID": 6916635, "CVE_SUBC": "RH12Dc", "CLAVE50K": "f13d75", "TIPO": 101, "ENTIDAD": "CORRIENTE DE AGUA", "FC": 3271, "CONDICION": "INTERMITENTE", "EDICION": "O", "FECHA": "1994-12-31", "LENGTHM": 1375.8368, "ID_DRENA": 6, "FLOWDIR": 1, "ENABLED": 1, "DESC_ENABL": null, "CALI_REPR": 0, "SEQUENCEID": 3244.0, "ORDER_1": 1, "LEVEL_1": 3, "ARBSUM_1": 1375.8368, "PATHL_1": 30042.3926 }, "geometry": { "type": "LineString", "coordinates": [ [ -103.4070295, 20.3378583 ], [ -103.4067732, 20.3376301 ], [ -103.4067069, 20.3375573 ], [ -103.4066411, 20.3374392 ], [ -103.4066137, 20.3373125 ], [ -103.4065672, 20.3371766 ], [ -103.4065201, 20.3370948 ], [ -103.4064634, 20.337022 ], [ -103.4064459, 20.3368593 ], [ -103.4064571, 20.3367058 ], [ -103.4064681, 20.3365614 ], [ -103.4064888, 20.336417 ], [ -103.4065382, 20.3362639 ], [ -103.406549, 20.3361466 ], [ -103.4067168, 20.3356603 ], [ -103.4067761, 20.3354801 ], [ -103.4068351, 20.3353271 ], [ -103.4069426, 20.3351203 ], [ -103.4070204, 20.3350036 ], [ -103.4070693, 20.3349047 ], [ -103.4070891, 20.3348416 ], [ -103.4071192, 20.3347064 ], [ -103.4071488, 20.3346253 ], [ -103.4072265, 20.3345176 ], [ -103.4073138, 20.33441 ], [ -103.4074108, 20.3342935 ], [ -103.4074693, 20.3341946 ], [ -103.4075283, 20.3340416 ], [ -103.4075297, 20.3339061 ], [ -103.4075306, 20.3338158 ], [ -103.407541, 20.3337346 ], [ -103.40761, 20.3335455 ], [ -103.4076873, 20.3334739 ], [ -103.4077752, 20.3333121 ], [ -103.407949, 20.3331782 ], [ -103.4079782, 20.3331333 ], [ -103.4080458, 20.3330707 ], [ -103.4080943, 20.3330169 ], [ -103.4081525, 20.3329452 ], [ -103.4082014, 20.3328463 ], [ -103.4082405, 20.3327653 ], [ -103.4082796, 20.3326844 ], [ -103.408319, 20.3325854 ], [ -103.4083583, 20.3324863 ], [ -103.408398, 20.3323512 ], [ -103.4084568, 20.3322162 ], [ -103.4086215, 20.3320371 ], [ -103.4087086, 20.3319475 ], [ -103.4088347, 20.3317861 ], [ -103.4088552, 20.3316598 ], [ -103.4088565, 20.3315333 ], [ -103.4088976, 20.3312627 ], [ -103.4089085, 20.3311273 ], [ -103.4089293, 20.3309648 ], [ -103.4090476, 20.3306407 ], [ -103.409106, 20.3305419 ], [ -103.4091934, 20.3304252 ], [ -103.409262, 20.3302723 ], [ -103.4092632, 20.3301549 ], [ -103.4092548, 20.3300464 ], [ -103.4092556, 20.3299651 ], [ -103.4092955, 20.3298119 ], [ -103.4093637, 20.3296951 ], [ -103.4094794, 20.3296238 ], [ -103.409673, 20.3294178 ], [ -103.4097802, 20.3292381 ], [ -103.4098776, 20.3290764 ], [ -103.4099554, 20.3289597 ], [ -103.4100331, 20.328861 ], [ -103.4101108, 20.3287533 ], [ -103.4102175, 20.3286188 ], [ -103.4103433, 20.3284934 ], [ -103.4104882, 20.3283683 ], [ -103.4106618, 20.3282524 ], [ -103.4107295, 20.3281898 ], [ -103.4108645, 20.3280917 ], [ -103.4109611, 20.3280112 ], [ -103.4110772, 20.3279039 ], [ -103.4112027, 20.3277966 ], [ -103.4115408, 20.3275197 ], [ -103.4117436, 20.3273499 ], [ -103.4118499, 20.3272605 ] ] } },
{ "type": "Feature", "properties": { "ID": 6916639, "CVE_SUBC": "RH12Dc", "CLAVE50K": "f13d75", "TIPO": 101, "ENTIDAD": "CORRIENTE DE AGUA", "FC": 3271, "CONDICION": "INTERMITENTE", "EDICION": "O", "FECHA": "1994-12-31", "LENGTHM": 671.9664, "ID_DRENA": 6, "FLOWDIR": 1, "ENABLED": 1, "DESC_ENABL": null, "CALI_REPR": 0, "SEQUENCEID": 3145.0, "ORDER_1": 4, "LEVEL_1": 1, "ARBSUM_1": 79595.5932, "PATHL_1": 22848.1379 }, "geometry": { "type": "LineString", "coordinates": [ [ -103.4569625, 20.314195 ], [ -103.4570386, 20.3142409 ], [ -103.4572483, 20.3143421 ], [ -103.4576679, 20.3145175 ], [ -103.4577729, 20.3145545 ], [ -103.4578779, 20.3145916 ], [ -103.4580499, 20.3146292 ], [ -103.4581644, 20.3146664 ], [ -103.4582886, 20.3147036 ], [ -103.4586422, 20.31477 ], [ -103.4587092, 20.3147706 ], [ -103.4588146, 20.3147715 ], [ -103.458901, 20.3147451 ], [ -103.458997, 20.3147189 ], [ -103.4591027, 20.3146837 ], [ -103.4592083, 20.3146575 ], [ -103.4592946, 20.3146492 ], [ -103.4593904, 20.314641 ], [ -103.4595146, 20.3146692 ], [ -103.4596006, 20.3146881 ], [ -103.4597529, 20.3147888 ], [ -103.4599822, 20.314836 ], [ -103.4600776, 20.3148729 ], [ -103.4601734, 20.3148738 ], [ -103.4603362, 20.3148752 ], [ -103.4604416, 20.3148671 ], [ -103.4606049, 20.3148144 ], [ -103.4607395, 20.3147613 ], [ -103.4608845, 20.3146271 ], [ -103.4609908, 20.3145287 ], [ -103.461116, 20.3144575 ], [ -103.4612411, 20.3143954 ], [ -103.4613465, 20.3143872 ], [ -103.4615379, 20.314398 ], [ -103.4616906, 20.3144535 ], [ -103.4618241, 20.3145089 ], [ -103.4618717, 20.3145364 ], [ -103.4619288, 20.314573 ], [ -103.4619954, 20.3146188 ], [ -103.462062, 20.3146646 ], [ -103.4621287, 20.3147013 ], [ -103.4621952, 20.3147561 ], [ -103.4622616, 20.3148108 ], [ -103.4623376, 20.3148748 ], [ -103.4624044, 20.3149024 ], [ -103.4624712, 20.3149301 ], [ -103.4626434, 20.3149407 ], [ -103.4627104, 20.3149413 ], [ -103.4627872, 20.3149239 ], [ -103.4629022, 20.3149159 ] ] } },
{ "type": "Feature", "properties": { "ID": 6916676, "CVE_SUBC": "RH12Dc", "CLAVE50K": "f13d75", "TIPO": 101, "ENTIDAD": "CORRIENTE DE AGUA", "FC": 3271, "CONDICION": "INTERMITENTE", "EDICION": "O", "FECHA": "1994-12-31", "LENGTHM": 318.7733, "ID_DRENA": 6, "FLOWDIR": 1, "ENABLED": 1, "DESC_ENABL": null, "CALI_REPR": 0, "SEQUENCEID": 3227.0, "ORDER_1": 1, "LEVEL_1": 3, "ARBSUM_1": 318.7733, "PATHL_1": 31975.2777 }, "geometry": { "type": "LineString", "coordinates": [ [ -103.422313, 20.3518341 ], [ -103.4224038, 20.3517742 ], [ -103.4224999, 20.351748 ], [ -103.4226344, 20.3517131 ], [ -103.4227016, 20.3516956 ], [ -103.4227978, 20.3516513 ], [ -103.422875, 20.3515978 ], [ -103.4229234, 20.351544 ], [ -103.4230298, 20.3514456 ], [ -103.4231652, 20.3513113 ], [ -103.4232908, 20.3512131 ], [ -103.4234839, 20.3510613 ], [ -103.42359, 20.35099 ], [ -103.4236671, 20.3509365 ], [ -103.4237542, 20.3508469 ], [ -103.4238704, 20.3507305 ], [ -103.4239287, 20.3506497 ], [ -103.4239965, 20.350569 ], [ -103.4240742, 20.3504704 ], [ -103.424171, 20.3503628 ], [ -103.4242867, 20.3502916 ], [ -103.4244215, 20.3502206 ], [ -103.424508, 20.3501942 ], [ -103.4247096, 20.3501509 ] ] } },
{ "type": "Feature", "properties": { "ID": 6916680, "CVE_SUBC": "RH12Dc", "CLAVE50K": "f13d75", "TIPO": 103, "ENTIDAD": "LINEA CENTRAL", "FC": 3273, "CONDICION": "FLUJO VIRTUAL", "EDICION": "N", "FECHA": "2007-11-09", "LENGTHM": 545.5246, "ID_DRENA": 6, "FLOWDIR": 1, "ENABLED": 1, "DESC_ENABL": null, "CALI_REPR": 3, "SEQUENCEID": 2901.0, "ORDER_1": 5, "LEVEL_1": 1, "ARBSUM_1": 234774.0613, "PATHL_1": 8234.6384 }, "geometry": { "type": "LineString", "coordinates": [ [ -103.5398939, 20.3916516 ], [ -103.5399476, 20.3916514 ], [ -103.5399983, 20.391656 ], [ -103.5400656, 20.3916734 ], [ -103.5401118, 20.3916866 ], [ -103.5401593, 20.3917046 ], [ -103.5402248, 20.3917351 ], [ -103.5402746, 20.3917514 ], [ -103.5403237, 20.3917785 ], [ -103.5403881, 20.391819 ], [ -103.5404391, 20.3918531 ], [ -103.5404939, 20.3919072 ], [ -103.5405376, 20.3919405 ], [ -103.5405931, 20.3920097 ], [ -103.5406664, 20.3920747 ], [ -103.540688, 20.3921153 ], [ -103.540734, 20.3921745 ], [ -103.5408011, 20.3922461 ], [ -103.5408963, 20.3923508 ], [ -103.5409421, 20.3923761 ], [ -103.54097, 20.392418 ], [ -103.5410511, 20.392497 ], [ -103.5410969, 20.3925213 ], [ -103.5412081, 20.3926473 ], [ -103.5412707, 20.3926958 ], [ -103.5413034, 20.3927448 ], [ -103.5413896, 20.3928158 ], [ -103.5414675, 20.3928476 ], [ -103.5415821, 20.3929353 ], [ -103.5416415, 20.3929646 ], [ -103.5416994, 20.3930084 ], [ -103.5418369, 20.3930671 ], [ -103.5419068, 20.3930836 ], [ -103.5419528, 20.3931076 ], [ -103.5422035, 20.393198 ], [ -103.5422435, 20.3932278 ], [ -103.5425005, 20.393378 ], [ -103.542555, 20.393432 ], [ -103.5426919, 20.3935318 ], [ -103.5427432, 20.3935492 ], [ -103.5428936, 20.3936237 ], [ -103.542956, 20.3936676 ], [ -103.5429986, 20.3936923 ], [ -103.543037, 20.3937471 ], [ -103.5430931, 20.3938559 ], [ -103.5431472, 20.3939321 ], [ -103.5432745, 20.3940567 ], [ -103.5432974, 20.3943415 ], [ -103.543294, 20.3943956 ], [ -103.5432971, 20.3944876 ], [ -103.543299, 20.3945512 ], [ -103.5435919, 20.3947541 ] ] } },
{ "type": "Feature", "properties": { "ID": 6916682, "CVE_SUBC": "RH12Dc", "CLAVE50K": "f13d75", "TIPO": 101, "ENTIDAD": "CORRIENTE DE AGUA", "FC": 3271, "CONDICION": "INTERMITENTE", "EDICION": "O", "FECHA": "1994-12-31", "LENGTHM": 557.1234, "ID_DRENA": 6, "FLOWDIR": 1, "ENABLED": 1, "DESC_ENABL": null, "CALI_REPR": 0, "SEQUENCEID": 2959.0, "ORDER_1": 2, "LEVEL_1": 2, "ARBSUM_1": 2672.0426, "PATHL_1": 11294.6218 }, "geometry": { "type": "LineString", "coordinates": [ [ -103.5340646, 20.3778709 ], [ -103.5339095, 20.3780684 ], [ -103.5338126, 20.378176 ], [ -103.5336963, 20.3783196 ], [ -103.5336092, 20.3784182 ], [ -103.5335318, 20.3784988 ], [ -103.5334161, 20.3785702 ], [ -103.5332526, 20.378641 ], [ -103.5331275, 20.3786942 ], [ -103.532993, 20.3787382 ], [ -103.5327152, 20.3787359 ], [ -103.5325237, 20.3787253 ], [ -103.5324088, 20.3787153 ], [ -103.5321601, 20.378677 ], [ -103.5319976, 20.3786305 ], [ -103.5317874, 20.3785745 ], [ -103.5316061, 20.3785007 ], [ -103.5313769, 20.3784175 ], [ -103.5310421, 20.3783695 ], [ -103.5308511, 20.3783046 ], [ -103.5305451, 20.3782388 ], [ -103.530373, 20.3782103 ], [ -103.5301914, 20.3781545 ], [ -103.5298567, 20.3780975 ], [ -103.5296746, 20.378105 ], [ -103.5294249, 20.3781662 ], [ -103.5291999, 20.3782357 ] ] } },
{ "type": "Feature", "properties": { "ID": 6916692, "CVE_SUBC": "RH12Dc", "CLAVE50K": null, "TIPO": 101, "ENTIDAD": "CORRIENTE DE AGUA", "FC": 3271, "CONDICION": "INTERMITENTE", "EDICION": "N", "FECHA": "2007-11-09", "LENGTHM": 474.2915, "ID_DRENA": 6, "FLOWDIR": 1, "ENABLED": 1, "DESC_ENABL": null, "CALI_REPR": 1, "SEQUENCEID": 3093.0, "ORDER_1": 2, "LEVEL_1": 3, "ARBSUM_1": 3453.8659, "PATHL_1": 19660.6696 }, "geometry": { "type": "LineString", "coordinates": [ [ -103.4876885, 20.3136594 ], [ -103.487513, 20.3139657 ], [ -103.4872989, 20.3143226 ], [ -103.4870371, 20.3146319 ], [ -103.4867278, 20.3148699 ], [ -103.4863709, 20.314965 ], [ -103.4860615, 20.3151316 ], [ -103.4856094, 20.3152506 ], [ -103.4855381, 20.3155123 ], [ -103.4857522, 20.316131 ], [ -103.4856094, 20.3166069 ], [ -103.4854518, 20.316777 ] ] } },
{ "type": "Feature", "properties": { "ID": 6916706, "CVE_SUBC": "RH12Dc", "CLAVE50K": "f13d75", "TIPO": 101, "ENTIDAD": "CORRIENTE DE AGUA", "FC": 3271, "CONDICION": "INTERMITENTE", "EDICION": "O", "FECHA": "1994-12-31", "LENGTHM": 1913.0313, "ID_DRENA": 5, "FLOWDIR": 1, "ENABLED": 1, "DESC_ENABL": null, "CALI_REPR": 0, "SEQUENCEID": 2708.0, "ORDER_1": 1, "LEVEL_1": 2, "ARBSUM_1": 1913.0313, "PATHL_1": 3274.6708 }, "geometry": { "type": "LineString", "coordinates": [ [ -103.4652045, 20.3843251 ], [ -103.465399, 20.3840287 ], [ -103.4654957, 20.3839392 ], [ -103.465602, 20.3838498 ], [ -103.4657375, 20.3837065 ], [ -103.4658437, 20.3836261 ], [ -103.4659785, 20.383564 ], [ -103.4660846, 20.3834927 ], [ -103.4661715, 20.3834212 ], [ -103.4662874, 20.3833229 ], [ -103.4663553, 20.3832422 ], [ -103.4664331, 20.3831254 ], [ -103.4665203, 20.3830268 ], [ -103.4666266, 20.3829284 ], [ -103.4667426, 20.38283 ], [ -103.4668391, 20.3827586 ], [ -103.4669355, 20.3826962 ], [ -103.4671472, 20.3825987 ], [ -103.4674162, 20.3825288 ], [ -103.4675315, 20.3824936 ], [ -103.4677332, 20.3824412 ], [ -103.4678777, 20.3823612 ], [ -103.4680418, 20.3822361 ], [ -103.4681576, 20.3821559 ], [ -103.4683219, 20.3820128 ], [ -103.4684861, 20.3818697 ], [ -103.468669, 20.3817809 ], [ -103.4688421, 20.3817192 ], [ -103.468967, 20.3816842 ], [ -103.4691204, 20.3816674 ], [ -103.4691974, 20.381641 ], [ -103.4693035, 20.3815606 ], [ -103.4693522, 20.3814798 ], [ -103.4694395, 20.3813721 ], [ -103.4695269, 20.3812555 ], [ -103.4696428, 20.3811571 ], [ -103.4697585, 20.3810858 ], [ -103.4698741, 20.3810236 ], [ -103.4700087, 20.3809706 ], [ -103.4701241, 20.3809264 ], [ -103.4702876, 20.3808646 ], [ -103.470403, 20.3808205 ], [ -103.4705467, 20.3808218 ], [ -103.4707001, 20.380805 ], [ -103.4707962, 20.3807788 ], [ -103.4709019, 20.3807436 ], [ -103.4709695, 20.3806899 ], [ -103.4710851, 20.3806277 ], [ -103.4711817, 20.3805473 ], [ -103.4712877, 20.380485 ], [ -103.4713746, 20.3804134 ], [ -103.4714519, 20.3803509 ], [ -103.4716445, 20.3802532 ], [ -103.4717601, 20.3801819 ], [ -103.4719046, 20.3801019 ], [ -103.472001, 20.3800395 ], [ -103.4721167, 20.3799683 ], [ -103.4722323, 20.379906 ], [ -103.4723285, 20.3798617 ], [ -103.472444, 20.3798085 ], [ -103.4725402, 20.3797642 ], [ -103.4726267, 20.3797378 ], [ -103.4727228, 20.3797116 ], [ -103.4728095, 20.3796672 ], [ -103.4729059, 20.3796048 ], [ -103.473012, 20.3795244 ], [ -103.4731182, 20.379444 ], [ -103.4732052, 20.3793635 ], [ -103.4734368, 20.3791939 ], [ -103.4735238, 20.3791133 ], [ -103.4736395, 20.3790421 ], [ -103.4737266, 20.3789525 ], [ -103.4738716, 20.3788273 ], [ -103.4740746, 20.3786394 ], [ -103.4741714, 20.3785408 ], [ -103.4743167, 20.3783795 ], [ -103.4744231, 20.378272 ], [ -103.4745294, 20.3781736 ], [ -103.4747033, 20.3780305 ], [ -103.4748285, 20.3779594 ], [ -103.4749439, 20.3779152 ], [ -103.4750597, 20.3778349 ], [ -103.4752041, 20.3777639 ], [ -103.475397, 20.3776301 ], [ -103.4755321, 20.3775319 ], [ -103.4756673, 20.3774247 ], [ -103.4757831, 20.3773353 ], [ -103.4758506, 20.3772908 ], [ -103.4760149, 20.3771477 ], [ -103.4761116, 20.3770582 ], [ -103.4762369, 20.376978 ], [ -103.4763428, 20.3769247 ], [ -103.4764868, 20.3768898 ], [ -103.4766214, 20.3768458 ], [ -103.476756, 20.3768018 ], [ -103.4768811, 20.3767397 ], [ -103.4769775, 20.3766773 ], [ -103.4770646, 20.3765877 ], [ -103.4771901, 20.3764894 ], [ -103.4772674, 20.3764268 ], [ -103.4773257, 20.376346 ], [ -103.4774317, 20.3762837 ], [ -103.4775757, 20.3762489 ], [ -103.4776811, 20.3762498 ], [ -103.4777864, 20.3762507 ], [ -103.4778921, 20.3762245 ], [ -103.4780267, 20.3761715 ], [ -103.4781136, 20.376109 ], [ -103.4781906, 20.3760645 ], [ -103.4783255, 20.3759844 ], [ -103.478422, 20.375922 ], [ -103.4785375, 20.3758598 ], [ -103.4786434, 20.3758065 ], [ -103.4787877, 20.3757535 ], [ -103.4788934, 20.3757183 ], [ -103.4790284, 20.3756292 ], [ -103.4791732, 20.375513 ], [ -103.4793177, 20.3754329 ], [ -103.4794527, 20.3753438 ], [ -103.4795491, 20.3752814 ], [ -103.4796262, 20.3752369 ], [ -103.4797321, 20.3751836 ], [ -103.4798188, 20.3751302 ], [ -103.4798768, 20.3750765 ], [ -103.479906, 20.3750315 ], [ -103.4799257, 20.3749775 ], [ -103.4799646, 20.3749146 ], [ -103.4799747, 20.3748695 ], [ -103.480024, 20.3747833 ] ] } },
{ "type": "Feature", "properties": { "ID": 6916713, "CVE_SUBC": "RH12Dc", "CLAVE50K": "f13d75", "TIPO": 101, "ENTIDAD": "CORRIENTE DE AGUA", "FC": 3271, "CONDICION": "INTERMITENTE", "EDICION": "O", "FECHA": "1994-12-31", "LENGTHM": 2241.47, "ID_DRENA": 5, "FLOWDIR": 1, "ENABLED": 1, "DESC_ENABL": null, "CALI_REPR": 0, "SEQUENCEID": 2656.0, "ORDER_1": 1, "LEVEL_1": 1, "ARBSUM_1": 2241.47, "PATHL_1": 3663.4335 }, "geometry": { "type": "LineString", "coordinates": [ [ -103.4661467, 20.3597614 ], [ -103.4662142, 20.3597168 ], [ -103.4663294, 20.3596907 ], [ -103.4664542, 20.3596647 ], [ -103.4665119, 20.3596381 ], [ -103.4665792, 20.3596206 ], [ -103.466637, 20.359585 ], [ -103.4666757, 20.3595402 ], [ -103.4667338, 20.3594774 ], [ -103.4668015, 20.3594148 ], [ -103.4668787, 20.3593613 ], [ -103.4669365, 20.3593256 ], [ -103.467023, 20.3592903 ], [ -103.4671191, 20.359264 ], [ -103.4672057, 20.3592196 ], [ -103.4673021, 20.3591662 ], [ -103.4673792, 20.3591127 ], [ -103.4674276, 20.3590589 ], [ -103.4675345, 20.3589063 ], [ -103.4676315, 20.3587897 ], [ -103.4677185, 20.3587092 ], [ -103.4677955, 20.3586737 ], [ -103.4678917, 20.3586294 ], [ -103.4679785, 20.3585669 ], [ -103.4680652, 20.3585225 ], [ -103.468142, 20.3585051 ], [ -103.4682187, 20.3584968 ], [ -103.4684776, 20.3584719 ], [ -103.4687076, 20.3584559 ], [ -103.4688226, 20.3584478 ], [ -103.468928, 20.3584488 ], [ -103.4690524, 20.3584589 ], [ -103.4691673, 20.3584689 ], [ -103.4693299, 20.3584884 ], [ -103.4693873, 20.358498 ], [ -103.4695592, 20.3585537 ], [ -103.4696354, 20.3585995 ], [ -103.469702, 20.3586362 ], [ -103.4697686, 20.358682 ], [ -103.469854, 20.3587731 ], [ -103.4699109, 20.3588278 ], [ -103.4699584, 20.3588643 ], [ -103.4700253, 20.358883 ], [ -103.4701688, 20.3589023 ], [ -103.4702837, 20.3589033 ], [ -103.470351, 20.3588858 ], [ -103.4704087, 20.3588592 ], [ -103.4704954, 20.3588148 ], [ -103.4706012, 20.3587706 ], [ -103.4707643, 20.3587359 ], [ -103.4709561, 20.3587195 ], [ -103.4712154, 20.3586495 ], [ -103.4713688, 20.3586418 ], [ -103.4716468, 20.3586171 ], [ -103.471829, 20.3585916 ], [ -103.4719443, 20.3585565 ], [ -103.4720119, 20.3585029 ], [ -103.472089, 20.3584584 ], [ -103.4721662, 20.3583958 ], [ -103.472234, 20.3583242 ], [ -103.4722729, 20.3582613 ], [ -103.4723512, 20.3580993 ], [ -103.4723808, 20.3580093 ], [ -103.4724199, 20.3579283 ], [ -103.4724589, 20.3578564 ], [ -103.4724986, 20.3577122 ], [ -103.4725572, 20.3576043 ], [ -103.4726452, 20.3574244 ], [ -103.4726846, 20.3573073 ], [ -103.4727429, 20.3572265 ], [ -103.472801, 20.3571638 ], [ -103.4728784, 20.3570831 ], [ -103.4729555, 20.3570386 ], [ -103.4730132, 20.357012 ], [ -103.4730999, 20.3569676 ], [ -103.4731481, 20.3569319 ], [ -103.4731868, 20.3568961 ], [ -103.4732548, 20.3567973 ], [ -103.4733034, 20.3567255 ], [ -103.473352, 20.3566536 ], [ -103.4734003, 20.3566089 ], [ -103.473468, 20.3565462 ], [ -103.4735261, 20.3564835 ], [ -103.4735937, 20.3564299 ], [ -103.4736423, 20.3563581 ], [ -103.4737101, 20.3562773 ], [ -103.4737685, 20.3561875 ], [ -103.4738461, 20.3560888 ], [ -103.473933, 20.3560173 ], [ -103.4740099, 20.3559909 ], [ -103.4740866, 20.3559825 ], [ -103.4741442, 20.355965 ], [ -103.4742021, 20.3559293 ], [ -103.4742502, 20.3559026 ], [ -103.4742793, 20.3558668 ], [ -103.4743183, 20.3557948 ], [ -103.4743478, 20.3557228 ], [ -103.4744549, 20.3555431 ], [ -103.474513, 20.3554803 ], [ -103.4745709, 20.3554357 ], [ -103.4746383, 20.3554001 ], [ -103.4747346, 20.3553468 ], [ -103.4748214, 20.3552933 ], [ -103.4748696, 20.3552576 ], [ -103.4749084, 20.3552128 ], [ -103.4749471, 20.355168 ], [ -103.4749957, 20.3550961 ], [ -103.4750445, 20.3550062 ], [ -103.4750834, 20.3549433 ], [ -103.4751605, 20.3548988 ], [ -103.4752278, 20.3548723 ], [ -103.4753143, 20.3548459 ], [ -103.4754105, 20.3548016 ], [ -103.4756319, 20.3546861 ], [ -103.4757473, 20.3546419 ], [ -103.4758148, 20.3545974 ], [ -103.4759685, 20.3545535 ], [ -103.4761412, 20.3545279 ], [ -103.4763616, 20.3545118 ], [ -103.476467, 20.3545127 ], [ -103.4765915, 20.3545138 ], [ -103.476716, 20.3545149 ], [ -103.4768694, 20.3544982 ], [ -103.4770134, 20.3544723 ], [ -103.4771578, 20.3544013 ], [ -103.4772542, 20.3543299 ], [ -103.4773794, 20.3542677 ], [ -103.4775139, 20.3542237 ], [ -103.4776193, 20.3542246 ], [ -103.4777438, 20.3542257 ], [ -103.4778781, 20.3541998 ], [ -103.4779741, 20.3541826 ], [ -103.478157, 20.3540938 ], [ -103.478263, 20.3540225 ], [ -103.4784076, 20.3539334 ], [ -103.4785134, 20.3538892 ], [ -103.4786478, 20.3538542 ], [ -103.4787724, 20.3538462 ], [ -103.4788682, 20.3538471 ], [ -103.478964, 20.3538479 ], [ -103.4793855, 20.3538425 ], [ -103.4797394, 20.3538908 ], [ -103.4798733, 20.3539191 ], [ -103.4799879, 20.3539562 ], [ -103.4801026, 20.3539753 ], [ -103.4802081, 20.3539671 ], [ -103.4802848, 20.3539588 ], [ -103.4804961, 20.3538974 ], [ -103.4805921, 20.3538801 ], [ -103.4806878, 20.353881 ], [ -103.4808315, 20.3538822 ], [ -103.481081, 20.3538392 ], [ -103.4812152, 20.3538223 ], [ -103.481311, 20.3538232 ], [ -103.4814258, 20.3538422 ], [ -103.4815212, 20.3538792 ], [ -103.4816359, 20.3539073 ], [ -103.4817222, 20.353899 ], [ -103.4818086, 20.3538727 ], [ -103.4819048, 20.3538374 ], [ -103.4820012, 20.353775 ], [ -103.4821747, 20.353659 ], [ -103.482329, 20.353552 ], [ -103.4824256, 20.3534715 ], [ -103.4825319, 20.353373 ], [ -103.4826187, 20.3533196 ], [ -103.4830524, 20.3530433 ], [ -103.4833415, 20.3528652 ], [ -103.4835148, 20.3527763 ], [ -103.4837363, 20.3526518 ], [ -103.4838326, 20.3525984 ], [ -103.4839385, 20.3525451 ], [ -103.4840252, 20.3524917 ], [ -103.4841599, 20.3524386 ], [ -103.4842466, 20.3523852 ] ] } },
{ "type": "Feature", "properties": { "ID": 6916715, "CVE_SUBC": "RH12Dc", "CLAVE50K": null, "TIPO": 101, "ENTIDAD": "CORRIENTE DE AGUA", "FC": 3271, "CONDICION": "INTERMITENTE", "EDICION": "N", "FECHA": "2007-11-09", "LENGTHM": 1059.4737, "ID_DRENA": 6, "FLOWDIR": 1, "ENABLED": 1, "DESC_ENABL": null, "CALI_REPR": 1, "SEQUENCEID": 2996.0, "ORDER_1": 1, "LEVEL_1": 2, "ARBSUM_1": 1965.3239, "PATHL_1": 14406.1141 }, "geometry": { "type": "LineString", "coordinates": [ [ -103.5218782, 20.3497175 ], [ -103.5212678, 20.3498443 ], [ -103.5177224, 20.3510102 ], [ -103.5174131, 20.3511292 ], [ -103.5167231, 20.3493208 ], [ -103.516271, 20.3496064 ], [ -103.5153668, 20.3502726 ], [ -103.5147005, 20.3506771 ], [ -103.5141786, 20.3514273 ] ] } },
{ "type": "Feature", "properties": { "ID": 6916730, "CVE_SUBC": "RH12Dc", "CLAVE50K": "f13d75", "TIPO": 102, "ENTIDAD": "CANAL", "FC": 3180, "CONDICION": "EN OPERACION", "EDICION": "O", "FECHA": "2007-11-09", "LENGTHM": 311.4844, "ID_DRENA": 6, "FLOWDIR": 1, "ENABLED": 1, "DESC_ENABL": null, "CALI_REPR": 0, "SEQUENCEID": 3046.0, "ORDER_1": 5, "LEVEL_1": 1, "ARBSUM_1": 147548.8776, "PATHL_1": 14591.1462 }, "geometry": { "type": "LineString", "coordinates": [ [ -103.5115898, 20.3476923 ], [ -103.5116385, 20.3477334 ], [ -103.5116668, 20.3477788 ], [ -103.5117044, 20.3478514 ], [ -103.5117036, 20.3479327 ], [ -103.5117414, 20.3479872 ], [ -103.5118363, 20.3480784 ], [ -103.5118836, 20.348142 ], [ -103.5119215, 20.3481875 ], [ -103.5120256, 20.3483149 ], [ -103.5120728, 20.3483875 ], [ -103.5122805, 20.3487055 ], [ -103.5123373, 20.3487782 ], [ -103.5123938, 20.3488781 ], [ -103.5124504, 20.3489689 ], [ -103.512507, 20.3490597 ], [ -103.5125447, 20.3491233 ], [ -103.5125919, 20.349196 ], [ -103.5126391, 20.3492686 ], [ -103.5126861, 20.3493594 ], [ -103.5127239, 20.3494139 ], [ -103.5127615, 20.3494865 ], [ -103.5129691, 20.3498135 ], [ -103.5130354, 20.3498954 ], [ -103.5130828, 20.34995 ], [ -103.5131301, 20.3500046 ], [ -103.5131775, 20.3500592 ] ] } },
{ "type": "Feature", "properties": { "ID": 6916731, "CVE_SUBC": "RH12Dc", "CLAVE50K": "f13d75", "TIPO": 101, "ENTIDAD": "CORRIENTE DE AGUA", "FC": 3271, "CONDICION": "INTERMITENTE", "EDICION": "O", "FECHA": "1994-12-31", "LENGTHM": 954.137, "ID_DRENA": 6, "FLOWDIR": 1, "ENABLED": 1, "DESC_ENABL": null, "CALI_REPR": 0, "SEQUENCEID": 3048.0, "ORDER_1": 2, "LEVEL_1": 2, "ARBSUM_1": 2729.7103, "PATHL_1": 16116.5308 }, "geometry": { "type": "LineString", "coordinates": [ [ -103.529391, 20.3453361 ], [ -103.529324, 20.3453266 ], [ -103.5292571, 20.345317 ], [ -103.5291997, 20.3453074 ], [ -103.5291137, 20.3452886 ], [ -103.5290467, 20.345279 ], [ -103.5289798, 20.3452694 ], [ -103.528865, 20.3452504 ], [ -103.5287501, 20.3452494 ], [ -103.5285105, 20.3452655 ], [ -103.5284338, 20.3452739 ], [ -103.5282995, 20.3452908 ], [ -103.5282229, 20.3452902 ], [ -103.5280984, 20.3452801 ], [ -103.5279359, 20.3452516 ], [ -103.5278308, 20.3452236 ], [ -103.5277544, 20.3451959 ], [ -103.527659, 20.3451589 ], [ -103.527573, 20.3451402 ], [ -103.5274009, 20.3451026 ], [ -103.5272578, 20.3450472 ], [ -103.527134, 20.3449648 ], [ -103.526896, 20.3448092 ], [ -103.5268009, 20.3447452 ], [ -103.5266675, 20.3446627 ], [ -103.5265531, 20.3446076 ], [ -103.526429, 20.3445614 ], [ -103.5262762, 20.3445149 ], [ -103.5261616, 20.3444778 ], [ -103.5260091, 20.3444042 ], [ -103.5258752, 20.344385 ], [ -103.5257124, 20.3443837 ], [ -103.5253861, 20.3444442 ], [ -103.5252612, 20.3444883 ], [ -103.5251267, 20.3445323 ], [ -103.5250112, 20.3445855 ], [ -103.5248191, 20.3446471 ], [ -103.5246272, 20.3446817 ], [ -103.5244835, 20.3446804 ], [ -103.5243016, 20.3446699 ], [ -103.5241485, 20.3446596 ], [ -103.5240529, 20.3446407 ], [ -103.5238807, 20.3446121 ], [ -103.5236606, 20.3445922 ], [ -103.5234787, 20.3445816 ], [ -103.5233349, 20.3445985 ], [ -103.5232677, 20.344616 ], [ -103.5230467, 20.3446864 ], [ -103.5229696, 20.3447309 ], [ -103.5228828, 20.3447934 ], [ -103.5228149, 20.3448922 ], [ -103.5227568, 20.3449549 ], [ -103.5226503, 20.3450715 ], [ -103.5225634, 20.3451521 ], [ -103.5224573, 20.3452234 ], [ -103.5223228, 20.3452675 ], [ -103.5219772, 20.3453458 ], [ -103.5217177, 20.345443 ], [ -103.5215259, 20.3454685 ], [ -103.5213632, 20.3454581 ], [ -103.5212105, 20.3453936 ], [ -103.5209817, 20.3452832 ], [ -103.5208771, 20.345201 ] ] } },
{ "type": "Feature", "properties": { "ID": 6916732, "CVE_SUBC": "RH12Dc", "CLAVE50K": "f13d75", "TIPO": 101, "ENTIDAD": "CORRIENTE DE AGUA", "FC": 3271, "CONDICION": "INTERMITENTE", "EDICION": "O", "FECHA": "1994-12-31", "LENGTHM": 218.6889, "ID_DRENA": 6, "FLOWDIR": 1, "ENABLED": 1, "DESC_ENABL": null, "CALI_REPR": 0, "SEQUENCEID": 3225.0, "ORDER_1": 1, "LEVEL_1": 3, "ARBSUM_1": 218.6889, "PATHL_1": 31780.1171 }, "geometry": { "type": "LineString", "coordinates": [ [ -103.4228838, 20.3497911 ], [ -103.4229324, 20.3497193 ], [ -103.4229615, 20.3496834 ], [ -103.4230292, 20.3496118 ], [ -103.4230969, 20.3495492 ], [ -103.4231551, 20.3494774 ], [ -103.4232038, 20.3494056 ], [ -103.423262, 20.3493248 ], [ -103.4233201, 20.3492621 ], [ -103.4233783, 20.3491903 ], [ -103.423417, 20.3491546 ], [ -103.4234752, 20.3490828 ], [ -103.4235138, 20.3490561 ], [ -103.4235909, 20.3490116 ], [ -103.423639, 20.348994 ], [ -103.4236775, 20.3489672 ], [ -103.4237546, 20.3489227 ], [ -103.4238028, 20.3488961 ], [ -103.4238414, 20.3488693 ], [ -103.423909, 20.3488157 ], [ -103.4239476, 20.3487799 ], [ -103.4240248, 20.3487264 ], [ -103.4240924, 20.3486728 ], [ -103.4241406, 20.3486462 ], [ -103.4242177, 20.3485927 ], [ -103.4242948, 20.3485482 ], [ -103.4243334, 20.3485214 ], [ -103.4243916, 20.3484497 ] ] } },
{ "type": "Feature", "properties": { "ID": 6916734, "CVE_SUBC": "RH12Dc", "CLAVE50K": "f13d75", "TIPO": 101, "ENTIDAD": "CORRIENTE DE AGUA", "FC": 3271, "CONDICION": "INTERMITENTE", "EDICION": "O", "FECHA": "1994-12-31", "LENGTHM": 491.1781, "ID_DRENA": 6, "FLOWDIR": 1, "ENABLED": 1, "DESC_ENABL": null, "CALI_REPR": 0, "SEQUENCEID": 2918.0, "ORDER_1": 1, "LEVEL_1": 5, "ARBSUM_1": 491.1781, "PATHL_1": 12769.0528 }, "geometry": { "type": "LineString", "coordinates": [ [ -103.5141342, 20.4051927 ], [ -103.5141741, 20.4050304 ], [ -103.514168, 20.404669 ], [ -103.5141602, 20.4044792 ], [ -103.5141713, 20.4043167 ], [ -103.5141823, 20.4041723 ], [ -103.5142025, 20.404064 ], [ -103.5142633, 20.4037213 ], [ -103.5143129, 20.403541 ], [ -103.5143819, 20.4033429 ], [ -103.5144895, 20.4031179 ], [ -103.5146262, 20.4028481 ], [ -103.5147532, 20.4025962 ], [ -103.5148702, 20.4023804 ], [ -103.5149777, 20.4021645 ], [ -103.5150759, 20.4019124 ], [ -103.5151257, 20.4017231 ], [ -103.515156, 20.4015517 ], [ -103.5151674, 20.4013621 ], [ -103.5151497, 20.4012174 ], [ -103.5150758, 20.4009277 ] ] } },
{ "type": "Feature", "properties": { "ID": 6916756, "CVE_SUBC": "RH12Dc", "CLAVE50K": "f13d75", "TIPO": 101, "ENTIDAD": "CORRIENTE DE AGUA", "FC": 3271, "CONDICION": "INTERMITENTE", "EDICION": "O", "FECHA": "1994-12-31", "LENGTHM": 2418.0888, "ID_DRENA": 6, "FLOWDIR": 1, "ENABLED": 1, "DESC_ENABL": null, "CALI_REPR": 0, "SEQUENCEID": 3245.0, "ORDER_1": 2, "LEVEL_1": 2, "ARBSUM_1": 5152.2485, "PATHL_1": 30042.3926 }, "geometry": { "type": "LineString", "coordinates": [ [ -103.4113072, 20.3475633 ], [ -103.4112902, 20.3473554 ], [ -103.4113103, 20.3472652 ], [ -103.4113498, 20.3471481 ], [ -103.4114389, 20.3468599 ], [ -103.4114787, 20.3467157 ], [ -103.4115279, 20.3465897 ], [ -103.4115959, 20.3464909 ], [ -103.411646, 20.3462746 ], [ -103.4116471, 20.3461752 ], [ -103.4116192, 20.3460936 ], [ -103.4115818, 20.346003 ], [ -103.4114774, 20.3459026 ], [ -103.4113923, 20.3458025 ], [ -103.4113453, 20.3457117 ], [ -103.4113372, 20.3455671 ], [ -103.4113481, 20.3454408 ], [ -103.4113781, 20.3453146 ], [ -103.4114366, 20.3452157 ], [ -103.411495, 20.3451169 ], [ -103.4115439, 20.345027 ], [ -103.4116118, 20.3449373 ], [ -103.4116988, 20.3448568 ], [ -103.411786, 20.3447582 ], [ -103.4118633, 20.3446956 ], [ -103.4119311, 20.344624 ], [ -103.4120471, 20.3445166 ], [ -103.4121439, 20.3444182 ], [ -103.412183, 20.3443372 ], [ -103.4123485, 20.3440767 ], [ -103.4124468, 20.3438337 ], [ -103.4125155, 20.3436717 ], [ -103.4125645, 20.3435638 ], [ -103.4126039, 20.3434557 ], [ -103.4126441, 20.3432754 ], [ -103.4126551, 20.343131 ], [ -103.4126665, 20.3429504 ], [ -103.412687, 20.3428241 ], [ -103.4127471, 20.3425627 ], [ -103.4127771, 20.3424365 ], [ -103.4127909, 20.3420301 ], [ -103.4127922, 20.3418946 ], [ -103.4127747, 20.3417409 ], [ -103.4127667, 20.3415872 ], [ -103.4127491, 20.3414335 ], [ -103.4127504, 20.341307 ], [ -103.4127709, 20.3411717 ], [ -103.4127915, 20.3410274 ], [ -103.4128133, 20.3407746 ], [ -103.4128049, 20.3406571 ], [ -103.4127967, 20.3405215 ], [ -103.4127804, 20.3402413 ], [ -103.4127624, 20.3401328 ], [ -103.4127356, 20.3399428 ], [ -103.4126982, 20.3398521 ], [ -103.4126702, 20.3397796 ], [ -103.4126421, 20.3397161 ], [ -103.4126331, 20.3396618 ], [ -103.4125309, 20.3393538 ], [ -103.4124747, 20.3392268 ], [ -103.4124102, 20.3389823 ], [ -103.4124212, 20.3388378 ], [ -103.4124616, 20.3386304 ], [ -103.412482, 20.3385132 ], [ -103.4124932, 20.3383507 ], [ -103.4124661, 20.3381969 ], [ -103.4124287, 20.3381062 ], [ -103.4123912, 20.3380246 ], [ -103.4122988, 20.3376895 ], [ -103.4122814, 20.3375267 ], [ -103.412273, 20.3374092 ], [ -103.4123427, 20.3371478 ], [ -103.4124023, 20.3369406 ], [ -103.4124321, 20.3368325 ], [ -103.4124242, 20.3366698 ], [ -103.4123968, 20.336534 ], [ -103.4123595, 20.3364434 ], [ -103.412227, 20.3362796 ], [ -103.4121227, 20.3361792 ], [ -103.4120378, 20.336052 ], [ -103.4119818, 20.335916 ], [ -103.4119259, 20.3357619 ], [ -103.4118986, 20.3356171 ], [ -103.4118806, 20.3355085 ], [ -103.4118727, 20.3353368 ], [ -103.4119031, 20.3351745 ], [ -103.4119717, 20.3350216 ], [ -103.4120113, 20.3348954 ], [ -103.4120411, 20.3347963 ], [ -103.4120612, 20.3346972 ], [ -103.4120817, 20.3345709 ], [ -103.412102, 20.3344536 ], [ -103.4121321, 20.3343274 ], [ -103.4121526, 20.3341921 ], [ -103.4121543, 20.3340295 ], [ -103.4121272, 20.3338666 ], [ -103.4120997, 20.333749 ], [ -103.4120722, 20.3336222 ], [ -103.4120543, 20.3335046 ], [ -103.4120365, 20.333369 ], [ -103.411972, 20.3331154 ], [ -103.411945, 20.3329526 ], [ -103.4119276, 20.3327808 ], [ -103.4119, 20.3326721 ], [ -103.4118722, 20.3325816 ], [ -103.411825, 20.3325088 ], [ -103.41174, 20.3323906 ], [ -103.4117311, 20.3323273 ], [ -103.4117418, 20.332219 ], [ -103.4117714, 20.332129 ], [ -103.4118106, 20.332039 ], [ -103.4118307, 20.3319488 ], [ -103.4118224, 20.3318313 ], [ -103.4117942, 20.3317768 ], [ -103.4117562, 20.3317404 ], [ -103.4117471, 20.3316951 ], [ -103.4117572, 20.33165 ], [ -103.4117769, 20.331596 ], [ -103.4117781, 20.3314786 ], [ -103.4117504, 20.3313699 ], [ -103.4115801, 20.3311696 ], [ -103.4114758, 20.3310693 ], [ -103.4113712, 20.3309961 ], [ -103.4112761, 20.330932 ], [ -103.4111522, 20.3308676 ], [ -103.4109524, 20.3307394 ], [ -103.410905, 20.3306938 ], [ -103.4108772, 20.3306032 ], [ -103.4108309, 20.3304492 ], [ -103.4107837, 20.3303765 ], [ -103.4107467, 20.3302497 ], [ -103.4107103, 20.3300686 ], [ -103.4107022, 20.329924 ], [ -103.4107037, 20.3297705 ], [ -103.4107349, 20.3295359 ], [ -103.4107846, 20.3293557 ], [ -103.4108721, 20.32923 ], [ -103.4109694, 20.3290773 ], [ -103.4110377, 20.3289514 ], [ -103.4111156, 20.3288257 ], [ -103.4111553, 20.3286905 ], [ -103.4112248, 20.3284473 ], [ -103.4113121, 20.3283396 ], [ -103.4114475, 20.3282144 ], [ -103.4115926, 20.3280712 ], [ -103.4117291, 20.3278376 ], [ -103.4117879, 20.3277026 ], [ -103.4118471, 20.3275315 ], [ -103.4118486, 20.327387 ], [ -103.4118499, 20.3272605 ] ] } },
{ "type": "Feature", "properties": { "ID": 6916759, "CVE_SUBC": "RH12Dc", "CLAVE50K": "f13d75", "TIPO": 101, "ENTIDAD": "CORRIENTE DE AGUA", "FC": 3271, "CONDICION": "INTERMITENTE", "EDICION": "O", "FECHA": "1994-12-31", "LENGTHM": 632.6061, "ID_DRENA": 6, "FLOWDIR": 1, "ENABLED": 1, "DESC_ENABL": null, "CALI_REPR": 0, "SEQUENCEID": 3197.0, "ORDER_1": 1, "LEVEL_1": 2, "ARBSUM_1": 632.6061, "PATHL_1": 32327.9262 }, "geometry": { "type": "LineString", "coordinates": [ [ -103.4316991, 20.3627436 ], [ -103.4317003, 20.3626262 ], [ -103.4317008, 20.362581 ], [ -103.4316549, 20.3623818 ], [ -103.4316176, 20.3622821 ], [ -103.4316093, 20.3621556 ], [ -103.43161, 20.3620833 ], [ -103.43163, 20.3620022 ], [ -103.4316496, 20.3619572 ], [ -103.4316887, 20.3618763 ], [ -103.4317188, 20.361741 ], [ -103.431701, 20.3616054 ], [ -103.4317021, 20.361497 ], [ -103.4317029, 20.3614247 ], [ -103.4317134, 20.3613345 ], [ -103.4317334, 20.3612443 ], [ -103.4317917, 20.3611635 ], [ -103.4318308, 20.3610826 ], [ -103.4318698, 20.3610197 ], [ -103.4319277, 20.360975 ], [ -103.4319856, 20.3609394 ], [ -103.4320339, 20.3608947 ], [ -103.4320631, 20.3608498 ], [ -103.4320827, 20.3608048 ], [ -103.4320927, 20.3607597 ], [ -103.4320848, 20.360597 ], [ -103.4320858, 20.3604977 ], [ -103.4320868, 20.3603983 ], [ -103.432069, 20.3602626 ], [ -103.432022, 20.3601719 ], [ -103.4320036, 20.3600994 ], [ -103.4319948, 20.3600271 ], [ -103.4319958, 20.3599277 ], [ -103.4320252, 20.3598557 ], [ -103.4320837, 20.3597569 ], [ -103.4321324, 20.359676 ], [ -103.4321716, 20.3595951 ], [ -103.4322205, 20.3594871 ], [ -103.4323367, 20.3593707 ], [ -103.4323754, 20.3593259 ], [ -103.4324238, 20.3592812 ], [ -103.4324627, 20.3592183 ], [ -103.4325114, 20.3591464 ], [ -103.4325311, 20.3590834 ], [ -103.43258, 20.3589935 ], [ -103.4326191, 20.3589125 ], [ -103.4327069, 20.3587507 ], [ -103.4327846, 20.358643 ], [ -103.4328334, 20.3585621 ], [ -103.4329397, 20.3584637 ], [ -103.4330457, 20.3584014 ], [ -103.4331326, 20.358339 ], [ -103.4332289, 20.3582856 ], [ -103.4333252, 20.3582323 ], [ -103.4333927, 20.3581877 ], [ -103.4334891, 20.3581254 ], [ -103.4335663, 20.3580718 ], [ -103.4336149, 20.358 ], [ -103.4336635, 20.3579282 ], [ -103.4336832, 20.3578742 ], [ -103.4337128, 20.3577931 ] ] } },
{ "type": "Feature", "properties": { "ID": 6916762, "CVE_SUBC": "RH12Dc", "CLAVE50K": "f13d75", "TIPO": 101, "ENTIDAD": "CORRIENTE DE AGUA", "FC": 3271, "CONDICION": "INTERMITENTE", "EDICION": "O", "FECHA": "1994-12-31", "LENGTHM": 1212.5112, "ID_DRENA": 6, "FLOWDIR": 1, "ENABLED": 1, "DESC_ENABL": null, "CALI_REPR": 0, "SEQUENCEID": 2888.0, "ORDER_1": 1, "LEVEL_1": 3, "ARBSUM_1": 1212.5112, "PATHL_1": 8273.5609 }, "geometry": { "type": "LineString", "coordinates": [ [ -103.5443471, 20.3929029 ], [ -103.5443464, 20.3929717 ] ] } },
{ "type": "Feature", "properties": { "ID": 6916765, "CVE_SUBC": "RH12Dc", "CLAVE50K": "f13d75", "TIPO": 101, "ENTIDAD": "CORRIENTE DE AGUA", "FC": 3271, "CONDICION": "INTERMITENTE", "EDICION": "O", "FECHA": "1994-12-31", "LENGTHM": 786.9791, "ID_DRENA": 6, "FLOWDIR": 1, "ENABLED": 1, "DESC_ENABL": null, "CALI_REPR": 0, "SEQUENCEID": 2908.0, "ORDER_1": 1, "LEVEL_1": 4, "ARBSUM_1": 786.9791, "PATHL_1": 10304.7104 }, "geometry": { "type": "LineString", "coordinates": [ [ -103.5271184, 20.397082 ], [ -103.5271768, 20.3969831 ], [ -103.5271786, 20.3967934 ], [ -103.5271416, 20.3966576 ], [ -103.5270949, 20.3965217 ], [ -103.5270573, 20.3964491 ], [ -103.5270392, 20.3963405 ], [ -103.5270495, 20.3962593 ], [ -103.527089, 20.3961422 ], [ -103.5271282, 20.3960432 ], [ -103.5272545, 20.3958636 ], [ -103.5273415, 20.395783 ], [ -103.5274477, 20.3957026 ], [ -103.5275921, 20.3956315 ], [ -103.527698, 20.3955782 ], [ -103.5278039, 20.3955249 ], [ -103.5278809, 20.3954894 ], [ -103.5279484, 20.3954358 ], [ -103.528103, 20.3953016 ], [ -103.5282186, 20.3952393 ], [ -103.5283247, 20.3951589 ], [ -103.5284974, 20.3951423 ], [ -103.5286027, 20.3951522 ], [ -103.52867, 20.3951257 ], [ -103.5287088, 20.3950718 ], [ -103.5287382, 20.3950088 ], [ -103.5287965, 20.394919 ], [ -103.5288449, 20.3948652 ], [ -103.5288742, 20.3948112 ], [ -103.5289229, 20.3947303 ], [ -103.5289426, 20.3946672 ], [ -103.5290687, 20.3945057 ], [ -103.5291754, 20.3943711 ], [ -103.5292721, 20.3942725 ], [ -103.52934, 20.3941918 ], [ -103.529427, 20.3941112 ], [ -103.5294851, 20.3940485 ], [ -103.5296305, 20.393869 ], [ -103.5296988, 20.3937341 ], [ -103.5297291, 20.3935717 ], [ -103.5297301, 20.3934724 ], [ -103.529703, 20.3932915 ], [ -103.5297038, 20.3932102 ], [ -103.5297237, 20.393129 ], [ -103.5297531, 20.393066 ], [ -103.5297924, 20.392958 ], [ -103.5298123, 20.3928858 ], [ -103.5298421, 20.3927687 ], [ -103.5299004, 20.3926878 ], [ -103.5299487, 20.3926431 ], [ -103.530132, 20.3925091 ], [ -103.5302092, 20.3924556 ], [ -103.5302668, 20.392438 ], [ -103.5303819, 20.3924299 ], [ -103.5305357, 20.392377 ], [ -103.5306031, 20.3923414 ], [ -103.5306611, 20.3922877 ], [ -103.5307576, 20.3922163 ], [ -103.5308059, 20.3921715 ], [ -103.5308448, 20.3921176 ], [ -103.5309028, 20.3920549 ], [ -103.5309608, 20.3920012 ], [ -103.531009, 20.3919745 ], [ -103.5310766, 20.3919208 ], [ -103.5311347, 20.3918581 ] ] } },
{ "type": "Feature", "properties": { "ID": 6916773, "CVE_SUBC": "RH12Dc", "CLAVE50K": "f13d75", "TIPO": 101, "ENTIDAD": "CORRIENTE DE AGUA", "FC": 3271, "CONDICION": "INTERMITENTE", "EDICION": "O", "FECHA": "1994-12-31", "LENGTHM": 531.1286, "ID_DRENA": 6, "FLOWDIR": 1, "ENABLED": 1, "DESC_ENABL": null, "CALI_REPR": 0, "SEQUENCEID": 3254.0, "ORDER_1": 2, "LEVEL_1": 2, "ARBSUM_1": 2208.5064, "PATHL_1": 31534.1737 }, "geometry": { "type": "LineString", "coordinates": [ [ -103.4159713, 20.3438476 ], [ -103.4161062, 20.3437676 ], [ -103.4162416, 20.3436423 ], [ -103.4163574, 20.343553 ], [ -103.4164257, 20.3434362 ], [ -103.4164748, 20.3433192 ], [ -103.4165238, 20.3432113 ], [ -103.4165533, 20.3431302 ], [ -103.4165925, 20.3430493 ], [ -103.4166137, 20.3428417 ], [ -103.4166055, 20.3427061 ], [ -103.416559, 20.3425702 ], [ -103.4165217, 20.3424705 ], [ -103.4165223, 20.3424163 ], [ -103.4164947, 20.3423076 ], [ -103.4164393, 20.3420994 ], [ -103.4164114, 20.3420178 ], [ -103.416365, 20.3418728 ], [ -103.4163375, 20.3417551 ], [ -103.4163286, 20.3416828 ], [ -103.4163202, 20.3415653 ], [ -103.4163307, 20.341475 ], [ -103.4163411, 20.3413938 ], [ -103.4163612, 20.3413037 ], [ -103.4163727, 20.3411141 ], [ -103.4163641, 20.3410237 ], [ -103.4163648, 20.3409514 ], [ -103.416356, 20.340879 ], [ -103.4163376, 20.3407976 ], [ -103.4163193, 20.3407161 ], [ -103.4162629, 20.3406162 ], [ -103.4162346, 20.3405708 ], [ -103.4162062, 20.3405344 ], [ -103.4161781, 20.34048 ], [ -103.4161498, 20.3404345 ], [ -103.4160933, 20.3403346 ], [ -103.4160475, 20.3401355 ], [ -103.4160578, 20.3400633 ], [ -103.4160679, 20.3400092 ], [ -103.4160686, 20.339946 ], [ -103.4160691, 20.3398918 ], [ -103.4160698, 20.3398195 ], [ -103.4160704, 20.3397653 ], [ -103.4160709, 20.3397201 ], [ -103.4161006, 20.339621 ], [ -103.4161883, 20.3394773 ], [ -103.4162274, 20.3393964 ] ] } },
{ "type": "Feature", "properties": { "ID": 6916774, "CVE_SUBC": "RH12Dc", "CLAVE50K": "f13d75", "TIPO": 101, "ENTIDAD": "CORRIENTE DE AGUA", "FC": 3271, "CONDICION": "INTERMITENTE", "EDICION": "O", "FECHA": "1994-12-31", "LENGTHM": 10.7746, "ID_DRENA": 6, "FLOWDIR": 1, "ENABLED": 1, "DESC_ENABL": null, "CALI_REPR": 0, "SEQUENCEID": 3174.0, "ORDER_1": 3, "LEVEL_1": 2, "ARBSUM_1": 12032.8065, "PATHL_1": 28968.5333 }, "geometry": { "type": "LineString", "coordinates": [ [ -103.433051, 20.329385 ], [ -103.4329943, 20.3293032 ] ] } },
{ "type": "Feature", "properties": { "ID": 6916781, "CVE_SUBC": "RH12Dc", "CLAVE50K": null, "TIPO": 101, "ENTIDAD": "CORRIENTE DE AGUA", "FC": 3271, "CONDICION": "INTERMITENTE", "EDICION": "N", "FECHA": "2007-11-09", "LENGTHM": 768.7616, "ID_DRENA": 6, "FLOWDIR": 1, "ENABLED": 1, "DESC_ENABL": null, "CALI_REPR": 1, "SEQUENCEID": 3061.0, "ORDER_1": 1, "LEVEL_1": 2, "ARBSUM_1": 1102.899, "PATHL_1": 15970.2573 }, "geometry": { "type": "LineString", "coordinates": [ [ -103.5150632, 20.3341573 ], [ -103.5135365, 20.3352 ], [ -103.5121802, 20.3360804 ], [ -103.5107288, 20.3370083 ], [ -103.510586, 20.3373653 ], [ -103.510467, 20.3375556 ], [ -103.509539, 20.3381743 ], [ -103.5092715, 20.3383581 ] ] } },
{ "type": "Feature", "properties": { "ID": 6916800, "CVE_SUBC": "RH12Dc", "CLAVE50K": "f13d75", "TIPO": 101, "ENTIDAD": "CORRIENTE DE AGUA", "FC": 3271, "CONDICION": "INTERMITENTE", "EDICION": "O", "FECHA": "1994-12-31", "LENGTHM": 457.2836, "ID_DRENA": 5, "FLOWDIR": 1, "ENABLED": 1, "DESC_ENABL": null, "CALI_REPR": 0, "SEQUENCEID": 2736.0, "ORDER_1": 1, "LEVEL_1": 2, "ARBSUM_1": 457.2836, "PATHL_1": 3416.5067 }, "geometry": { "type": "LineString", "coordinates": [ [ -103.4818699, 20.3926466 ], [ -103.4820056, 20.3924942 ], [ -103.4820928, 20.3923956 ], [ -103.4821895, 20.3923061 ], [ -103.4823147, 20.3922349 ], [ -103.4824302, 20.3921818 ], [ -103.4827479, 20.3920309 ], [ -103.4829019, 20.391951 ], [ -103.4830462, 20.391898 ], [ -103.4832287, 20.3918454 ], [ -103.4834305, 20.3917839 ], [ -103.4836035, 20.3917312 ], [ -103.4837285, 20.3916871 ], [ -103.4838247, 20.3916428 ], [ -103.4839687, 20.391617 ], [ -103.4845539, 20.3915407 ], [ -103.4848035, 20.3914887 ], [ -103.4849668, 20.391445 ], [ -103.4851111, 20.391392 ], [ -103.485313, 20.3913125 ], [ -103.4854093, 20.3912681 ], [ -103.4855724, 20.3912424 ], [ -103.485764, 20.3912441 ], [ -103.4858785, 20.3912993 ] ] } },
{ "type": "Feature", "properties": { "ID": 6916801, "CVE_SUBC": "RH12Dc", "CLAVE50K": "f13d75", "TIPO": 101, "ENTIDAD": "CORRIENTE DE AGUA", "FC": 3271, "CONDICION": "INTERMITENTE", "EDICION": "O", "FECHA": "1994-12-31", "LENGTHM": 1522.8382, "ID_DRENA": 5, "FLOWDIR": 1, "ENABLED": 1, "DESC_ENABL": null, "CALI_REPR": 0, "SEQUENCEID": 2662.0, "ORDER_1": 2, "LEVEL_1": 2, "ARBSUM_1": 3112.1871, "PATHL_1": 2935.1135 }, "geometry": { "type": "LineString", "coordinates": [ [ -103.4673081, 20.3750478 ], [ -103.4673753, 20.3750303 ], [ -103.467548, 20.3750047 ], [ -103.4677593, 20.3749524 ], [ -103.4679323, 20.3748907 ], [ -103.4680383, 20.3748284 ], [ -103.4681928, 20.3747123 ], [ -103.468299, 20.3746229 ], [ -103.4684049, 20.3745696 ], [ -103.468559, 20.3744896 ], [ -103.4686649, 20.3744364 ], [ -103.4688858, 20.3743751 ], [ -103.46903, 20.3743312 ], [ -103.4692226, 20.3742335 ], [ -103.4694632, 20.3741182 ], [ -103.4695887, 20.3740199 ], [ -103.4696753, 20.3739845 ], [ -103.4697811, 20.3739403 ], [ -103.4698676, 20.3739139 ], [ -103.4699541, 20.3738786 ], [ -103.470012, 20.3738339 ], [ -103.4701182, 20.3737535 ], [ -103.4703494, 20.3736291 ], [ -103.4704455, 20.3735938 ], [ -103.470513, 20.3735492 ], [ -103.4705901, 20.3735047 ], [ -103.4707442, 20.3734157 ], [ -103.47086, 20.3733354 ], [ -103.470976, 20.373228 ], [ -103.4710534, 20.3731564 ], [ -103.4711404, 20.3730759 ], [ -103.471208, 20.3730223 ], [ -103.4712851, 20.3729688 ], [ -103.4713624, 20.3729062 ], [ -103.4714397, 20.3728346 ], [ -103.4714977, 20.3727809 ], [ -103.4715945, 20.3726824 ], [ -103.4716911, 20.3726019 ], [ -103.4717683, 20.3725484 ], [ -103.4718742, 20.3724951 ], [ -103.4719512, 20.3724506 ], [ -103.4720762, 20.3724066 ], [ -103.4721724, 20.3723713 ], [ -103.4723741, 20.3723188 ], [ -103.4724607, 20.3722744 ], [ -103.4725569, 20.3722391 ], [ -103.4726723, 20.372195 ], [ -103.4727302, 20.3721503 ], [ -103.4728842, 20.3720704 ], [ -103.4729805, 20.372026 ], [ -103.4731535, 20.3719643 ], [ -103.4732495, 20.3719471 ], [ -103.4733647, 20.371921 ], [ -103.4734416, 20.3718946 ], [ -103.4735472, 20.3718774 ], [ -103.4736241, 20.371842 ], [ -103.473749, 20.3718069 ], [ -103.4738643, 20.3717718 ], [ -103.4739412, 20.3717454 ], [ -103.4740278, 20.37171 ], [ -103.4741143, 20.3716836 ], [ -103.4741912, 20.3716572 ], [ -103.4742584, 20.3716397 ], [ -103.4744026, 20.3715868 ], [ -103.4744604, 20.3715511 ], [ -103.4745469, 20.3715248 ], [ -103.474643, 20.3714985 ], [ -103.474787, 20.3714637 ], [ -103.474979, 20.3714202 ], [ -103.4750464, 20.3713846 ], [ -103.4751329, 20.3713583 ], [ -103.4752193, 20.371341 ], [ -103.4753055, 20.3713417 ], [ -103.4754012, 20.3713516 ], [ -103.4754588, 20.3713431 ], [ -103.4755164, 20.3713345 ], [ -103.475574, 20.371317 ], [ -103.4756413, 20.3712904 ], [ -103.4757374, 20.3712642 ], [ -103.4758334, 20.3712379 ], [ -103.4759196, 20.3712387 ], [ -103.4760152, 20.3712666 ], [ -103.4761011, 20.3712945 ], [ -103.4761777, 20.3713042 ], [ -103.4762544, 20.3712958 ], [ -103.4763024, 20.3712872 ], [ -103.4763601, 20.3712606 ], [ -103.4764659, 20.3712163 ], [ -103.4765141, 20.3711897 ], [ -103.4766103, 20.3711453 ], [ -103.476668, 20.3711187 ], [ -103.4767354, 20.3710922 ], [ -103.4767929, 20.3710837 ], [ -103.4768503, 20.3710932 ], [ -103.4769364, 20.371103 ], [ -103.4769842, 20.3711215 ], [ -103.4770511, 20.3711311 ], [ -103.4771659, 20.3711502 ], [ -103.4773479, 20.3711518 ], [ -103.4774437, 20.3711526 ], [ -103.4775107, 20.3711532 ], [ -103.4776641, 20.3711455 ], [ -103.4777599, 20.3711463 ], [ -103.4778366, 20.371138 ], [ -103.4779037, 20.3711295 ], [ -103.4779902, 20.3711032 ], [ -103.478048, 20.3710766 ], [ -103.4781249, 20.3710501 ], [ -103.4782021, 20.3709876 ], [ -103.4782312, 20.3709517 ], [ -103.4782701, 20.3708888 ], [ -103.4782897, 20.3708438 ], [ -103.4783192, 20.3707718 ], [ -103.4783579, 20.370727 ], [ -103.4783965, 20.3707002 ], [ -103.478483, 20.3706738 ], [ -103.4786175, 20.3706389 ], [ -103.4786656, 20.3706122 ], [ -103.4787138, 20.3705855 ], [ -103.4788103, 20.3705141 ], [ -103.4788682, 20.3704694 ], [ -103.4789644, 20.3704251 ], [ -103.4790412, 20.3704167 ], [ -103.4791082, 20.3704173 ], [ -103.4791944, 20.3704181 ], [ -103.4793764, 20.3704196 ], [ -103.4795009, 20.3704207 ], [ -103.4795966, 20.3704396 ], [ -103.4796731, 20.3704493 ], [ -103.4797402, 20.3704499 ], [ -103.4798264, 20.3704507 ], [ -103.4800854, 20.3704168 ], [ -103.4802294, 20.3703819 ], [ -103.480316, 20.3703375 ], [ -103.4803931, 20.370293 ], [ -103.4804607, 20.370251 ] ] } },
{ "type": "Feature", "properties": { "ID": 6916816, "CVE_SUBC": "RH12Dc", "CLAVE50K": "f13d75", "TIPO": 101, "ENTIDAD": "CORRIENTE DE AGUA", "FC": 3271, "CONDICION": "INTERMITENTE", "EDICION": "O", "FECHA": "1994-12-31", "LENGTHM": 845.7187, "ID_DRENA": 6, "FLOWDIR": 1, "ENABLED": 1, "DESC_ENABL": null, "CALI_REPR": 0, "SEQUENCEID": 3103.0, "ORDER_1": 1, "LEVEL_1": 4, "ARBSUM_1": 845.7187, "PATHL_1": 20991.905 }, "geometry": { "type": "LineString", "coordinates": [ [ -103.4818443, 20.3031204 ], [ -103.4817866, 20.303147 ], [ -103.4817288, 20.3031826 ], [ -103.4816808, 20.3032002 ], [ -103.4815848, 20.3032265 ], [ -103.481527, 20.3032622 ], [ -103.4814692, 20.3032978 ], [ -103.481392, 20.3033513 ], [ -103.4813343, 20.3033779 ], [ -103.4812763, 20.3034316 ], [ -103.4812279, 20.3034854 ], [ -103.4811693, 20.3036023 ], [ -103.4811204, 20.3037103 ], [ -103.4810907, 20.3038094 ], [ -103.4810484, 20.3042156 ], [ -103.481028, 20.3043509 ], [ -103.4810268, 20.3044684 ], [ -103.4810355, 20.3045588 ], [ -103.4810442, 20.3046492 ], [ -103.481053, 20.3047306 ], [ -103.481062, 20.3047939 ], [ -103.4810706, 20.3048933 ], [ -103.48106, 20.3049926 ], [ -103.4810767, 20.3052457 ], [ -103.4810949, 20.3053452 ], [ -103.4811039, 20.3053995 ], [ -103.4811129, 20.3054628 ], [ -103.4811123, 20.3055261 ], [ -103.4810922, 20.3056162 ], [ -103.4810532, 20.3056882 ], [ -103.4809852, 20.305796 ], [ -103.4809366, 20.3058678 ], [ -103.4808783, 20.3059486 ], [ -103.4808198, 20.3060565 ], [ -103.4807806, 20.3061465 ], [ -103.4807413, 20.3062546 ], [ -103.4807024, 20.3063175 ], [ -103.4806634, 20.3063804 ], [ -103.4806341, 20.3064434 ], [ -103.4805947, 20.3065605 ], [ -103.4805751, 20.3066055 ], [ -103.4805456, 20.3066775 ], [ -103.4805256, 20.3067677 ], [ -103.4805247, 20.306858 ], [ -103.4805335, 20.3069394 ], [ -103.480552, 20.3070028 ], [ -103.4805703, 20.3070933 ], [ -103.4806078, 20.3071749 ], [ -103.4806456, 20.3072294 ], [ -103.4807024, 20.3072932 ], [ -103.4807499, 20.3073388 ], [ -103.4808063, 20.3074386 ], [ -103.4808438, 20.3075293 ], [ -103.4808718, 20.3076018 ], [ -103.4808808, 20.3076561 ], [ -103.4808792, 20.3078187 ], [ -103.4808851, 20.3081981 ], [ -103.480893, 20.3083699 ], [ -103.480873, 20.30846 ], [ -103.4808722, 20.3085413 ], [ -103.4808618, 20.3086225 ], [ -103.4808606, 20.308749 ], [ -103.4808506, 20.3087941 ], [ -103.480821, 20.3088751 ], [ -103.4807824, 20.3089109 ], [ -103.4807438, 20.3089467 ], [ -103.4806859, 20.3089824 ], [ -103.4805514, 20.3090354 ], [ -103.4804552, 20.3090797 ], [ -103.4804071, 20.3090974 ], [ -103.4803301, 20.3091419 ], [ -103.4802531, 20.3091774 ], [ -103.4801856, 20.3092219 ], [ -103.4800794, 20.3093114 ], [ -103.4799924, 20.3094009 ], [ -103.4798476, 20.3095171 ], [ -103.4796932, 20.3096423 ] ] } },
{ "type": "Feature", "properties": { "ID": 6916817, "CVE_SUBC": "RH12Dc", "CLAVE50K": "f13d75", "TIPO": 101, "ENTIDAD": "CORRIENTE DE AGUA", "FC": 3271, "CONDICION": "INTERMITENTE", "EDICION": "O", "FECHA": "1994-12-31", "LENGTHM": 1551.9256, "ID_DRENA": 5, "FLOWDIR": 1, "ENABLED": 1, "DESC_ENABL": null, "CALI_REPR": 0, "SEQUENCEID": 2717.0, "ORDER_1": 1, "LEVEL_1": 3, "ARBSUM_1": 1551.9256, "PATHL_1": 2677.8306 }, "geometry": { "type": "LineString", "coordinates": [ [ -103.471887, 20.3848084 ], [ -103.4719457, 20.3846824 ], [ -103.4721214, 20.3843588 ], [ -103.4721895, 20.3842509 ], [ -103.4722864, 20.3841344 ], [ -103.472364, 20.3840447 ], [ -103.4724318, 20.383964 ], [ -103.4725095, 20.3838562 ], [ -103.4726064, 20.3837487 ], [ -103.4726834, 20.3837132 ], [ -103.4728284, 20.383579 ], [ -103.4729346, 20.3834986 ], [ -103.4730217, 20.383409 ], [ -103.473196, 20.3832209 ], [ -103.4733417, 20.3830234 ], [ -103.4734384, 20.3829339 ], [ -103.473535, 20.3828444 ], [ -103.4737282, 20.3826835 ], [ -103.4738246, 20.3826301 ], [ -103.4740845, 20.3825059 ], [ -103.4742388, 20.3823989 ], [ -103.4743738, 20.3823097 ], [ -103.474538, 20.3821756 ], [ -103.4746539, 20.3820773 ], [ -103.4747794, 20.381979 ], [ -103.474905, 20.3818717 ], [ -103.4751079, 20.3817018 ], [ -103.4751853, 20.3816212 ], [ -103.4752722, 20.3815587 ], [ -103.4754262, 20.3814788 ], [ -103.4755322, 20.3814255 ], [ -103.4756574, 20.3813543 ], [ -103.4757921, 20.3812922 ], [ -103.4759075, 20.3812481 ], [ -103.4760612, 20.3812043 ], [ -103.4761962, 20.3811241 ], [ -103.4763405, 20.3810622 ], [ -103.4764753, 20.3809911 ], [ -103.4766958, 20.3809749 ], [ -103.4768493, 20.3809582 ], [ -103.4769549, 20.380932 ], [ -103.4770319, 20.3808966 ], [ -103.4771091, 20.380843 ], [ -103.4771963, 20.3807444 ], [ -103.4773121, 20.3806551 ], [ -103.4774275, 20.3806109 ], [ -103.4775426, 20.3805939 ], [ -103.4776673, 20.3805769 ], [ -103.477802, 20.3805239 ], [ -103.477927, 20.3804798 ], [ -103.4780803, 20.3804721 ], [ -103.4782144, 20.3804732 ], [ -103.478339, 20.3804743 ], [ -103.4784348, 20.3804752 ], [ -103.478521, 20.3804759 ], [ -103.4786651, 20.380432 ], [ -103.4787519, 20.3803786 ], [ -103.4788098, 20.3803339 ], [ -103.478887, 20.3802804 ], [ -103.4790119, 20.3802363 ], [ -103.4790888, 20.3802099 ], [ -103.4791659, 20.3801654 ], [ -103.4792045, 20.3801386 ], [ -103.4792625, 20.3800849 ], [ -103.4793204, 20.3800493 ], [ -103.4793972, 20.3800228 ], [ -103.4795121, 20.3800329 ], [ -103.4796558, 20.3800341 ], [ -103.4799044, 20.3800815 ], [ -103.4800864, 20.3800921 ], [ -103.480192, 20.3800659 ], [ -103.480269, 20.3800304 ], [ -103.4803653, 20.3799771 ], [ -103.4804232, 20.3799324 ], [ -103.4805192, 20.3799152 ], [ -103.4806438, 20.3799163 ], [ -103.4807681, 20.3799354 ], [ -103.4808639, 20.3799362 ], [ -103.4812088, 20.3799392 ], [ -103.4813526, 20.3799315 ], [ -103.4816018, 20.3799156 ], [ -103.4816978, 20.3798893 ], [ -103.4818032, 20.3798902 ], [ -103.4819182, 20.3798912 ], [ -103.4820237, 20.3798741 ], [ -103.4821294, 20.3798479 ], [ -103.4823224, 20.379705 ], [ -103.4824285, 20.3796337 ], [ -103.4825533, 20.3796077 ], [ -103.4827358, 20.379555 ], [ -103.4829378, 20.3794755 ], [ -103.4830824, 20.3793864 ], [ -103.4832746, 20.3793158 ], [ -103.48339, 20.3792716 ], [ -103.4835148, 20.3792456 ], [ -103.4837741, 20.3791846 ], [ -103.4839087, 20.3791406 ], [ -103.4840048, 20.3791054 ], [ -103.4841009, 20.3790791 ], [ -103.4842163, 20.3790349 ], [ -103.4843318, 20.3789817 ], [ -103.4843896, 20.3789461 ], [ -103.4845344, 20.3788299 ] ] } },
{ "type": "Feature", "properties": { "ID": 6916825, "CVE_SUBC": "RH12Dc", "CLAVE50K": "f13d75", "TIPO": 101, "ENTIDAD": "CORRIENTE DE AGUA", "FC": 3271, "CONDICION": "INTERMITENTE", "EDICION": "O", "FECHA": "1994-12-31", "LENGTHM": 751.9422, "ID_DRENA": 6, "FLOWDIR": 1, "ENABLED": 1, "DESC_ENABL": null, "CALI_REPR": 0, "SEQUENCEID": 3207.0, "ORDER_1": 1, "LEVEL_1": 3, "ARBSUM_1": 751.9422, "PATHL_1": 27810.4605 }, "geometry": { "type": "LineString", "coordinates": [ [ -103.4204728, 20.3051969 ], [ -103.4204322, 20.3054224 ], [ -103.4204292, 20.3057205 ], [ -103.420428, 20.3058379 ], [ -103.4204645, 20.3060099 ], [ -103.4205382, 20.3062996 ], [ -103.4205743, 20.3065168 ], [ -103.4206193, 20.3067972 ], [ -103.4206261, 20.3070683 ], [ -103.4206427, 20.3073214 ], [ -103.4206119, 20.3075289 ], [ -103.42061, 20.3077186 ], [ -103.4206075, 20.3079625 ], [ -103.4206051, 20.3081973 ], [ -103.4206125, 20.3084142 ], [ -103.4206774, 20.3086226 ], [ -103.4207237, 20.3087766 ], [ -103.4208062, 20.3091386 ], [ -103.420853, 20.3092475 ], [ -103.4211442, 20.3098012 ], [ -103.4211534, 20.3098464 ], [ -103.4213138, 20.3100737 ], [ -103.4213987, 20.310201 ], [ -103.4215121, 20.3103555 ], [ -103.4216257, 20.310483 ], [ -103.4218149, 20.3107106 ], [ -103.4219283, 20.3108562 ], [ -103.4221365, 20.3111019 ], [ -103.4224776, 20.3114664 ] ] } },
{ "type": "Feature", "properties": { "ID": 6916833, "CVE_SUBC": "RH12Dc", "CLAVE50K": "f13d75", "TIPO": 101, "ENTIDAD": "CORRIENTE DE AGUA", "FC": 3271, "CONDICION": "INTERMITENTE", "EDICION": "O", "FECHA": "1994-12-31", "LENGTHM": 832.7267, "ID_DRENA": 6, "FLOWDIR": 1, "ENABLED": 1, "DESC_ENABL": null, "CALI_REPR": 0, "SEQUENCEID": 2969.0, "ORDER_1": 2, "LEVEL_1": 2, "ARBSUM_1": 3556.5882, "PATHL_1": 14469.8601 }, "geometry": { "type": "LineString", "coordinates": [ [ -103.5365204, 20.3683877 ], [ -103.5364246, 20.3683869 ], [ -103.5363382, 20.3684133 ], [ -103.5362137, 20.3684123 ], [ -103.5360508, 20.3684109 ], [ -103.535936, 20.3683919 ], [ -103.5357543, 20.3683632 ], [ -103.5355343, 20.3683253 ], [ -103.5354484, 20.3682884 ], [ -103.5352958, 20.3682239 ], [ -103.5352004, 20.3681779 ], [ -103.5350951, 20.368168 ], [ -103.5349707, 20.3681579 ], [ -103.5348367, 20.3681387 ], [ -103.534684, 20.3680832 ], [ -103.5345887, 20.3680282 ], [ -103.534465, 20.3679459 ], [ -103.5343408, 20.3679087 ], [ -103.5342164, 20.3678896 ], [ -103.5340441, 20.3678791 ], [ -103.5339291, 20.3678782 ], [ -103.5338428, 20.3678865 ], [ -103.5337948, 20.3678951 ], [ -103.5337085, 20.3679034 ], [ -103.5336606, 20.367912 ], [ -103.5335647, 20.3679203 ], [ -103.5335168, 20.3679198 ], [ -103.533421, 20.367919 ], [ -103.533373, 20.3679277 ], [ -103.5332772, 20.3679269 ], [ -103.5331814, 20.3679261 ], [ -103.5330856, 20.3679253 ], [ -103.5329899, 20.3679245 ], [ -103.532942, 20.3679241 ], [ -103.5328463, 20.3679142 ], [ -103.5327984, 20.3679048 ], [ -103.5327506, 20.3678953 ], [ -103.5327028, 20.3678859 ], [ -103.532655, 20.3678765 ], [ -103.5326072, 20.367867 ], [ -103.5325213, 20.3678302 ], [ -103.5324355, 20.3677933 ], [ -103.5323877, 20.3677748 ], [ -103.5323019, 20.367738 ], [ -103.5322161, 20.3676921 ], [ -103.5321302, 20.3676552 ], [ -103.5320444, 20.3676094 ], [ -103.5319586, 20.3675725 ], [ -103.5318824, 20.3675267 ], [ -103.5318346, 20.3675082 ], [ -103.5317488, 20.3674623 ], [ -103.531663, 20.3674255 ], [ -103.5315868, 20.3673796 ], [ -103.5315011, 20.3673247 ], [ -103.5314249, 20.3672789 ], [ -103.5313391, 20.367233 ], [ -103.531263, 20.3671782 ], [ -103.5311868, 20.3671324 ], [ -103.5311487, 20.3671049 ], [ -103.531063, 20.36705 ], [ -103.5309869, 20.3669952 ], [ -103.5309108, 20.3669403 ], [ -103.5308346, 20.3668945 ], [ -103.5307584, 20.3668397 ], [ -103.5307204, 20.3668122 ], [ -103.5306346, 20.3667664 ], [ -103.5305585, 20.3667115 ], [ -103.5304727, 20.3666656 ], [ -103.5303868, 20.3666288 ], [ -103.530301, 20.3665919 ], [ -103.5302151, 20.366555 ], [ -103.5301673, 20.3665456 ], [ -103.5301195, 20.3665362 ], [ -103.5300237, 20.3665354 ], [ -103.5299278, 20.3665436 ], [ -103.5298413, 20.366579 ], [ -103.5297642, 20.3666235 ], [ -103.5297162, 20.3666321 ], [ -103.5296682, 20.3666408 ], [ -103.5296203, 20.3666494 ], [ -103.5295723, 20.366658 ], [ -103.5294765, 20.3666572 ], [ -103.5294287, 20.3666478 ], [ -103.529381, 20.3666293 ], [ -103.5293332, 20.3666199 ], [ -103.5292473, 20.366583 ], [ -103.5291711, 20.3665372 ], [ -103.5290852, 20.3665004 ] ] } },
{ "type": "Feature", "properties": { "ID": 6916840, "CVE_SUBC": "RH12Dc", "CLAVE50K": "f13d75", "TIPO": 101, "ENTIDAD": "CORRIENTE DE AGUA", "FC": 3271, "CONDICION": "INTERMITENTE", "EDICION": "O", "FECHA": "1994-12-31", "LENGTHM": 46.4379, "ID_DRENA": 6, "FLOWDIR": 1, "ENABLED": 1, "DESC_ENABL": null, "CALI_REPR": 0, "SEQUENCEID": 3031.0, "ORDER_1": 2, "LEVEL_1": 3, "ARBSUM_1": 4268.3215, "PATHL_1": 21472.5433 }, "geometry": { "type": "LineString", "coordinates": [ [ -103.4620253, 20.3454878 ], [ -103.4620357, 20.3454066 ], [ -103.4620652, 20.3453346 ], [ -103.4621425, 20.345263 ], [ -103.4622005, 20.3452093 ], [ -103.4622681, 20.3451557 ] ] } },
{ "type": "Feature", "properties": { "ID": 6916850, "CVE_SUBC": "RH12Dc", "CLAVE50K": null, "TIPO": 101, "ENTIDAD": "CORRIENTE DE AGUA", "FC": 3271, "CONDICION": "INTERMITENTE", "EDICION": "N", "FECHA": "2007-11-09", "LENGTHM": 270.4044, "ID_DRENA": 5, "FLOWDIR": 1, "ENABLED": 1, "DESC_ENABL": null, "CALI_REPR": 1, "SEQUENCEID": 2737.0, "ORDER_1": 2, "LEVEL_1": 1, "ARBSUM_1": 5800.3099, "PATHL_1": 989.1503 }, "geometry": { "type": "LineString", "coordinates": [ [ -103.4998403, 20.3784867 ], [ -103.5014785, 20.376924 ], [ -103.5016528, 20.3767293 ] ] } },
{ "type": "Feature", "properties": { "ID": 6916860, "CVE_SUBC": "RH12Dc", "CLAVE50K": "f13d75", "TIPO": 101, "ENTIDAD": "CORRIENTE DE AGUA", "FC": 3271, "CONDICION": "INTERMITENTE", "EDICION": "O", "FECHA": "1994-12-31", "LENGTHM": 460.5511, "ID_DRENA": 6, "FLOWDIR": 1, "ENABLED": 1, "DESC_ENABL": null, "CALI_REPR": 0, "SEQUENCEID": 3272.0, "ORDER_1": 1, "LEVEL_1": 1, "ARBSUM_1": 460.5511, "PATHL_1": 33901.996 }, "geometry": { "type": "LineString", "coordinates": [ [ -103.424704, 20.3610907 ], [ -103.4245518, 20.3609809 ], [ -103.4244469, 20.3609348 ], [ -103.4243801, 20.3609071 ], [ -103.4242177, 20.3608695 ], [ -103.4240933, 20.3608503 ], [ -103.4239595, 20.360822 ], [ -103.4238543, 20.360812 ], [ -103.4236723, 20.3608104 ], [ -103.4234903, 20.3608087 ], [ -103.4233657, 20.3608166 ], [ -103.4232507, 20.3608156 ], [ -103.4231072, 20.3608052 ], [ -103.4229635, 20.360804 ], [ -103.4228103, 20.3607935 ], [ -103.4226571, 20.3607922 ], [ -103.4225232, 20.3607729 ], [ -103.4223894, 20.3607446 ], [ -103.4222653, 20.3606983 ], [ -103.4220653, 20.3605881 ], [ -103.4219608, 20.3604968 ], [ -103.4218658, 20.3604236 ], [ -103.4218185, 20.36036 ], [ -103.4217711, 20.3603144 ], [ -103.4217235, 20.3602869 ], [ -103.4216377, 20.3602409 ], [ -103.4215234, 20.3601857 ], [ -103.4213801, 20.3601392 ], [ -103.4212274, 20.3600927 ], [ -103.4210746, 20.3600371 ], [ -103.4209315, 20.3599816 ], [ -103.4207693, 20.3599169 ], [ -103.4206168, 20.3598432 ] ] } },
{ "type": "Feature", "properties": { "ID": 6916862, "CVE_SUBC": "RH12Dc", "CLAVE50K": "f13d75", "TIPO": 101, "ENTIDAD": "CORRIENTE DE AGUA", "FC": 3271, "CONDICION": "INTERMITENTE", "EDICION": "O", "FECHA": "1994-12-31", "LENGTHM": 923.2995, "ID_DRENA": 6, "FLOWDIR": 1, "ENABLED": 1, "DESC_ENABL": null, "CALI_REPR": 0, "SEQUENCEID": 3176.0, "ORDER_1": 1, "LEVEL_1": 4, "ARBSUM_1": 923.2995, "PATHL_1": 29694.8786 }, "geometry": { "type": "LineString", "coordinates": [ [ -103.4324861, 20.3426596 ], [ -103.4325256, 20.3425425 ], [ -103.4325649, 20.3424435 ], [ -103.4325849, 20.3423624 ], [ -103.4325954, 20.3422721 ], [ -103.4325678, 20.3421635 ], [ -103.43254, 20.3420639 ], [ -103.432541, 20.3419735 ], [ -103.4325322, 20.3418922 ], [ -103.4325331, 20.3418018 ], [ -103.4325338, 20.3417296 ], [ -103.4325344, 20.3416754 ], [ -103.4325444, 20.3416303 ], [ -103.4325452, 20.341549 ], [ -103.4325364, 20.3414766 ], [ -103.4325274, 20.3414224 ], [ -103.4325098, 20.3412686 ], [ -103.432501, 20.3411872 ], [ -103.4325118, 20.3410609 ], [ -103.4325126, 20.3409886 ], [ -103.4325531, 20.3407722 ], [ -103.4325634, 20.3407 ], [ -103.4325544, 20.3406367 ], [ -103.432536, 20.3405642 ], [ -103.4325365, 20.3405191 ], [ -103.4325275, 20.3404558 ], [ -103.4325089, 20.3404014 ], [ -103.4325003, 20.3403019 ], [ -103.4324915, 20.3402296 ], [ -103.4325019, 20.3401484 ], [ -103.4324835, 20.3400759 ], [ -103.432465, 20.3400035 ], [ -103.4324468, 20.339913 ], [ -103.4324006, 20.3397409 ], [ -103.4323825, 20.3396414 ], [ -103.4323451, 20.3395507 ], [ -103.4323173, 20.3394602 ], [ -103.4322704, 20.3393604 ], [ -103.4322427, 20.3392607 ], [ -103.4322242, 20.3391973 ], [ -103.4321681, 20.3390613 ], [ -103.432112, 20.3389163 ], [ -103.4321034, 20.3388259 ], [ -103.4321041, 20.3387536 ], [ -103.4321239, 20.3386906 ], [ -103.4321343, 20.3386093 ], [ -103.4321455, 20.3384468 ], [ -103.4321269, 20.3383925 ], [ -103.4321086, 20.338311 ], [ -103.4320236, 20.3381928 ], [ -103.4319479, 20.3381018 ], [ -103.431787, 20.3379106 ], [ -103.4316548, 20.3377197 ], [ -103.4315984, 20.3376198 ], [ -103.4315518, 20.337493 ], [ -103.4315147, 20.3373662 ], [ -103.4315059, 20.3372938 ], [ -103.4314874, 20.3372304 ], [ -103.4314592, 20.3371759 ], [ -103.4314214, 20.3371214 ], [ -103.4313839, 20.3370398 ], [ -103.4313749, 20.3369855 ], [ -103.4313565, 20.336913 ], [ -103.4313383, 20.3368135 ], [ -103.4313108, 20.3366958 ], [ -103.4312732, 20.3366232 ], [ -103.4312264, 20.3365144 ], [ -103.4311701, 20.3363964 ], [ -103.4311046, 20.3362513 ], [ -103.4310486, 20.3360972 ], [ -103.4309931, 20.335907 ], [ -103.430937, 20.335771 ], [ -103.4308904, 20.3356441 ], [ -103.4308437, 20.3355263 ], [ -103.4307604, 20.3352364 ], [ -103.4307046, 20.3350733 ], [ -103.430668, 20.3349104 ], [ -103.4306307, 20.3348017 ], [ -103.430603, 20.334702 ] ] } },
{ "type": "Feature", "properties": { "ID": 6916874, "CVE_SUBC": "RH12Dc", "CLAVE50K": null, "TIPO": 101, "ENTIDAD": "CORRIENTE DE AGUA", "FC": 3271, "CONDICION": "INTERMITENTE", "EDICION": "N", "FECHA": "2007-11-09", "LENGTHM": 422.1318, "ID_DRENA": 6, "FLOWDIR": 1, "ENABLED": 1, "DESC_ENABL": null, "CALI_REPR": 1, "SEQUENCEID": 2932.0, "ORDER_1": 3, "LEVEL_1": 2, "ARBSUM_1": 7139.4716, "PATHL_1": 12409.1395 }, "geometry": { "type": "LineString", "coordinates": [ [ -103.5041178, 20.3877194 ], [ -103.5052156, 20.3880661 ], [ -103.5059712, 20.387936 ], [ -103.5065729, 20.3875991 ], [ -103.5071266, 20.3874065 ], [ -103.5078062, 20.3869345 ] ] } },
{ "type": "Feature", "properties": { "ID": 6916879, "CVE_SUBC": "RH12Dc", "CLAVE50K": "f13d75", "TIPO": 101, "ENTIDAD": "CORRIENTE DE AGUA", "FC": 3271, "CONDICION": "INTERMITENTE", "EDICION": "O", "FECHA": "1994-12-31", "LENGTHM": 564.1575, "ID_DRENA": 6, "FLOWDIR": 1, "ENABLED": 1, "DESC_ENABL": null, "CALI_REPR": 0, "SEQUENCEID": 2899.0, "ORDER_1": 1, "LEVEL_1": 2, "ARBSUM_1": 564.1575, "PATHL_1": 8137.7466 }, "geometry": { "type": "LineString", "coordinates": [ [ -103.5404965, 20.397863 ], [ -103.5404778, 20.3978177 ], [ -103.5404399, 20.3977722 ], [ -103.5404499, 20.3977271 ], [ -103.5405942, 20.3976651 ], [ -103.5406902, 20.3976478 ], [ -103.5407672, 20.3976123 ], [ -103.540825, 20.3975767 ], [ -103.5409117, 20.3975322 ], [ -103.5409983, 20.3974878 ], [ -103.5410466, 20.397443 ], [ -103.5411145, 20.3973623 ], [ -103.5411531, 20.3973265 ], [ -103.5412595, 20.397228 ], [ -103.5413077, 20.3971923 ], [ -103.5414137, 20.3971299 ], [ -103.5416256, 20.3970142 ], [ -103.5418375, 20.3968895 ], [ -103.5418955, 20.3968449 ], [ -103.5419726, 20.3967913 ], [ -103.5420594, 20.3967288 ], [ -103.5421464, 20.3966482 ], [ -103.5422142, 20.3965765 ], [ -103.5422819, 20.3965048 ], [ -103.5423403, 20.3964149 ], [ -103.5424272, 20.3963434 ], [ -103.5424758, 20.3962715 ], [ -103.5425517, 20.3962011 ] ] } },
{ "type": "Feature", "properties": { "ID": 6916890, "CVE_SUBC": "RH12Dc", "CLAVE50K": "f13d75", "TIPO": 101, "ENTIDAD": "CORRIENTE DE AGUA", "FC": 3271, "CONDICION": "INTERMITENTE", "EDICION": "O", "FECHA": "1994-12-31", "LENGTHM": 555.9075, "ID_DRENA": 6, "FLOWDIR": 1, "ENABLED": 1, "DESC_ENABL": null, "CALI_REPR": 0, "SEQUENCEID": 3114.0, "ORDER_1": 1, "LEVEL_1": 3, "ARBSUM_1": 555.9075, "PATHL_1": 22595.5847 }, "geometry": { "type": "LineString", "coordinates": [ [ -103.4955563, 20.2962194 ], [ -103.495555, 20.2963549 ], [ -103.4955728, 20.2964905 ], [ -103.4956477, 20.2966718 ], [ -103.4957137, 20.2967808 ], [ -103.4958562, 20.2968995 ], [ -103.495998, 20.2970814 ], [ -103.4960641, 20.2971813 ], [ -103.4961302, 20.2972722 ], [ -103.4961863, 20.2974173 ], [ -103.4962035, 20.2976162 ], [ -103.4962022, 20.2977517 ], [ -103.4961912, 20.2979052 ], [ -103.49618, 20.2980677 ], [ -103.4961594, 20.2982211 ], [ -103.4961101, 20.2983652 ], [ -103.4959819, 20.2987525 ], [ -103.4958646, 20.2989955 ], [ -103.4958155, 20.2991305 ], [ -103.495756, 20.2993378 ], [ -103.4956872, 20.2995179 ], [ -103.4956187, 20.2996799 ], [ -103.4955691, 20.2998512 ], [ -103.4955394, 20.2999503 ], [ -103.4954901, 20.3001034 ], [ -103.4954409, 20.3002385 ], [ -103.4953634, 20.3003282 ], [ -103.4952671, 20.3003906 ], [ -103.495142, 20.3004528 ], [ -103.4949786, 20.3005146 ], [ -103.4948127, 20.3006362 ] ] } },
{ "type": "Feature", "properties": { "ID": 6916894, "CVE_SUBC": "RH12Dc", "CLAVE50K": "f13d75", "TIPO": 101, "ENTIDAD": "CORRIENTE DE AGUA", "FC": 3271, "CONDICION": "INTERMITENTE", "EDICION": "O", "FECHA": "1994-12-31", "LENGTHM": 443.8559, "ID_DRENA": 6, "FLOWDIR": 1, "ENABLED": 1, "DESC_ENABL": null, "CALI_REPR": 0, "SEQUENCEID": 3001.0, "ORDER_1": 4, "LEVEL_1": 2, "ARBSUM_1": 32093.4655, "PATHL_1": 16514.2193 }, "geometry": { "type": "LineString", "coordinates": [ [ -103.495904, 20.3382454 ], [ -103.4961645, 20.338323 ], [ -103.4969187, 20.3385734 ], [ -103.4978069, 20.338843 ], [ -103.4982837, 20.3390549 ], [ -103.4989801, 20.3393499 ], [ -103.4996862, 20.339627 ], [ -103.499875, 20.3397053 ] ] } },
{ "type": "Feature", "properties": { "ID": 6916911, "CVE_SUBC": "RH12Dc", "CLAVE50K": "f13d75", "TIPO": 101, "ENTIDAD": "CORRIENTE DE AGUA", "FC": 3271, "CONDICION": "INTERMITENTE", "EDICION": "O", "FECHA": "1994-12-31", "LENGTHM": 5.7331, "ID_DRENA": 6, "FLOWDIR": 1, "ENABLED": 1, "DESC_ENABL": null, "CALI_REPR": 0, "SEQUENCEID": 2984.0, "ORDER_1": 3, "LEVEL_1": 2, "ARBSUM_1": 7755.4734, "PATHL_1": 15054.0301 }, "geometry": { "type": "LineString", "coordinates": [ [ -103.5305324, 20.3601014 ], [ -103.5304774, 20.3600979 ] ] } },
{ "type": "Feature", "properties": { "ID": 6916925, "CVE_SUBC": "RH12Dc", "CLAVE50K": null, "TIPO": 101, "ENTIDAD": "CORRIENTE DE AGUA", "FC": 3271, "CONDICION": "INTERMITENTE", "EDICION": "N", "FECHA": "2007-11-09", "LENGTHM": 100.7752, "ID_DRENA": 6, "FLOWDIR": 1, "ENABLED": 1, "DESC_ENABL": null, "CALI_REPR": 1, "SEQUENCEID": 3068.0, "ORDER_1": 1, "LEVEL_1": 3, "ARBSUM_1": 641.2264, "PATHL_1": 17872.8397 }, "geometry": { "type": "LineString", "coordinates": [ [ -103.5075585, 20.3265528 ], [ -103.5073573, 20.3269643 ], [ -103.5070123, 20.3272903 ] ] } },
{ "type": "Feature", "properties": { "ID": 6916926, "CVE_SUBC": "RH12Dc", "CLAVE50K": "f13d75", "TIPO": 101, "ENTIDAD": "CORRIENTE DE AGUA", "FC": 3271, "CONDICION": "INTERMITENTE", "EDICION": "O", "FECHA": "1994-12-31", "LENGTHM": 249.8198, "ID_DRENA": 6, "FLOWDIR": 1, "ENABLED": 1, "DESC_ENABL": null, "CALI_REPR": 0, "SEQUENCEID": 3118.0, "ORDER_1": 2, "LEVEL_1": 2, "ARBSUM_1": 3198.2107, "PATHL_1": 21956.5624 }, "geometry": { "type": "LineString", "coordinates": [ [ -103.4627781, 20.3119697 ], [ -103.4629214, 20.3120071 ], [ -103.463065, 20.3120084 ], [ -103.4631799, 20.3120094 ], [ -103.4632757, 20.3120102 ], [ -103.4633811, 20.3120021 ], [ -103.4634577, 20.3120028 ], [ -103.4635438, 20.3120126 ], [ -103.4636587, 20.3120136 ], [ -103.4637544, 20.3120144 ], [ -103.4638214, 20.312015 ], [ -103.4639076, 20.3120158 ], [ -103.4640224, 20.3120258 ], [ -103.4640703, 20.3120262 ], [ -103.4641564, 20.312036 ], [ -103.4642522, 20.3120369 ], [ -103.4643478, 20.3120467 ], [ -103.46452, 20.3120663 ], [ -103.4650177, 20.3120888 ], [ -103.4651682, 20.3121078 ] ] } },
{ "type": "Feature", "properties": { "ID": 6916932, "CVE_SUBC": "RH12Dc", "CLAVE50K": "f13d75", "TIPO": 101, "ENTIDAD": "CORRIENTE DE AGUA", "FC": 3271, "CONDICION": "INTERMITENTE", "EDICION": "O", "FECHA": "1994-12-31", "LENGTHM": 473.0083, "ID_DRENA": 5, "FLOWDIR": 1, "ENABLED": 1, "DESC_ENABL": null, "CALI_REPR": 0, "SEQUENCEID": 2744.0, "ORDER_1": 1, "LEVEL_1": 2, "ARBSUM_1": 473.0083, "PATHL_1": 3559.311 }, "geometry": { "type": "LineString", "coordinates": [ [ -103.4792328, 20.39191 ], [ -103.4792536, 20.3917385 ], [ -103.4792555, 20.3915488 ], [ -103.4792384, 20.3913319 ], [ -103.4792305, 20.3911601 ], [ -103.4792417, 20.3909976 ], [ -103.4792719, 20.3908534 ], [ -103.4793014, 20.3907723 ], [ -103.4793883, 20.3907008 ], [ -103.4796489, 20.3905134 ], [ -103.4797842, 20.3903971 ], [ -103.4799482, 20.390272 ], [ -103.4801127, 20.3901109 ], [ -103.4804229, 20.3897432 ], [ -103.4805684, 20.3895638 ], [ -103.4807235, 20.3893754 ], [ -103.4808302, 20.3892408 ], [ -103.480937, 20.3890972 ], [ -103.481064, 20.3888544 ], [ -103.4810653, 20.3887189 ], [ -103.4810375, 20.3886193 ], [ -103.480981, 20.3885194 ], [ -103.4809434, 20.3884468 ], [ -103.480944, 20.3883836 ], [ -103.4809926, 20.3883118 ] ] } },
{ "type": "Feature", "properties": { "ID": 6916944, "CVE_SUBC": "RH12Dc", "CLAVE50K": "f13d75", "TIPO": 101, "ENTIDAD": "CORRIENTE DE AGUA", "FC": 3271, "CONDICION": "INTERMITENTE", "EDICION": "O", "FECHA": "1994-12-31", "LENGTHM": 113.6872, "ID_DRENA": 6, "FLOWDIR": 1, "ENABLED": 1, "DESC_ENABL": null, "CALI_REPR": 0, "SEQUENCEID": 3262.0, "ORDER_1": 3, "LEVEL_1": 1, "ARBSUM_1": 3375.2026, "PATHL_1": 32905.829 }, "geometry": { "type": "LineString", "coordinates": [ [ -103.4195086, 20.3520281 ], [ -103.419529, 20.3519018 ], [ -103.4195392, 20.3518387 ], [ -103.4195591, 20.3517666 ], [ -103.4195886, 20.3516946 ], [ -103.4195899, 20.3515681 ], [ -103.4196008, 20.3514327 ], [ -103.4196112, 20.3513605 ], [ -103.4196214, 20.3512974 ], [ -103.4196414, 20.3512072 ], [ -103.4196611, 20.3511622 ], [ -103.4196808, 20.3511082 ], [ -103.4196913, 20.351018 ] ] } },
{ "type": "Feature", "properties": { "ID": 6916959, "CVE_SUBC": "RH12Dc", "CLAVE50K": "f13d75", "TIPO": 101, "ENTIDAD": "CORRIENTE DE AGUA", "FC": 3271, "CONDICION": "INTERMITENTE", "EDICION": "O", "FECHA": "1994-12-31", "LENGTHM": 142.2805, "ID_DRENA": 5, "FLOWDIR": 1, "ENABLED": 1, "DESC_ENABL": null, "CALI_REPR": 0, "SEQUENCEID": 2690.0, "ORDER_1": 2, "LEVEL_1": 1, "ARBSUM_1": 2240.3461, "PATHL_1": 6561.8495 }, "geometry": { "type": "LineString", "coordinates": [ [ -103.4484364, 20.3672926 ], [ -103.4485135, 20.3672481 ], [ -103.4486672, 20.3672043 ], [ -103.4490224, 20.3671262 ], [ -103.4492144, 20.3670827 ], [ -103.449416, 20.3670394 ], [ -103.4495983, 20.3670139 ], [ -103.4497613, 20.3669972 ] ] } },
{ "type": "Feature", "properties": { "ID": 6916960, "CVE_SUBC": "RH12Dc", "CLAVE50K": "f13d75", "TIPO": 101, "ENTIDAD": "CORRIENTE DE AGUA", "FC": 3271, "CONDICION": "INTERMITENTE", "EDICION": "O", "FECHA": "1994-12-31", "LENGTHM": 1515.2607, "ID_DRENA": 6, "FLOWDIR": 1, "ENABLED": 1, "DESC_ENABL": null, "CALI_REPR": 0, "SEQUENCEID": 3220.0, "ORDER_1": 1, "LEVEL_1": 2, "ARBSUM_1": 1515.2607, "PATHL_1": 29156.1499 }, "geometry": { "type": "LineString", "coordinates": [ [ -103.4003828, 20.3127021 ], [ -103.4004499, 20.3126936 ], [ -103.400536, 20.3127035 ], [ -103.4005839, 20.3127039 ], [ -103.400708, 20.3127412 ], [ -103.4007941, 20.312751 ], [ -103.4008896, 20.3127699 ], [ -103.4009853, 20.3127798 ], [ -103.4011096, 20.312799 ], [ -103.4012527, 20.3128455 ], [ -103.4013769, 20.3128738 ], [ -103.4015108, 20.3128931 ], [ -103.4016064, 20.312912 ], [ -103.4017213, 20.312913 ], [ -103.401817, 20.3129139 ], [ -103.4018839, 20.3129326 ], [ -103.4019985, 20.3129607 ], [ -103.4021035, 20.3129888 ], [ -103.4021893, 20.3130257 ], [ -103.402275, 20.3130717 ], [ -103.4023607, 20.3131267 ], [ -103.4024847, 20.313173 ], [ -103.4025994, 20.3131921 ], [ -103.4028096, 20.3132392 ], [ -103.4030766, 20.31335 ], [ -103.4031812, 20.3134232 ], [ -103.4032859, 20.3134784 ], [ -103.4033904, 20.3135606 ], [ -103.4034283, 20.3136062 ], [ -103.403485, 20.313679 ], [ -103.4035421, 20.3137066 ], [ -103.4036568, 20.3137257 ], [ -103.4037429, 20.3137355 ], [ -103.4038287, 20.3137724 ], [ -103.4039144, 20.3138274 ], [ -103.4040953, 20.3139284 ], [ -103.4042194, 20.3139657 ], [ -103.4044104, 20.3140126 ], [ -103.4045251, 20.3140317 ], [ -103.4046495, 20.3140419 ], [ -103.4047645, 20.3140339 ], [ -103.4048894, 20.3139989 ], [ -103.4050331, 20.3139912 ], [ -103.4052244, 20.314011 ], [ -103.4054441, 20.3140672 ], [ -103.4055396, 20.3140952 ], [ -103.4057781, 20.3141786 ], [ -103.4058927, 20.3142068 ], [ -103.4060266, 20.3142261 ], [ -103.40617, 20.3142455 ], [ -103.4062754, 20.3142464 ], [ -103.4063996, 20.3142746 ], [ -103.4065429, 20.3143031 ], [ -103.4066573, 20.3143493 ], [ -103.4067717, 20.3144045 ], [ -103.4069338, 20.3144692 ], [ -103.4070391, 20.3144792 ], [ -103.4071252, 20.31448 ], [ -103.4072308, 20.3144629 ], [ -103.4073171, 20.3144456 ], [ -103.4074228, 20.3144104 ], [ -103.4074906, 20.3143388 ], [ -103.4076157, 20.3142767 ], [ -103.4076928, 20.3142232 ], [ -103.4077318, 20.3141603 ], [ -103.407867, 20.3140441 ], [ -103.4080014, 20.3140182 ], [ -103.4081166, 20.3139922 ], [ -103.4082604, 20.3139754 ], [ -103.4083563, 20.3139582 ], [ -103.4084716, 20.3139231 ], [ -103.4085772, 20.313897 ], [ -103.4086832, 20.3138347 ], [ -103.4087989, 20.3137545 ], [ -103.4088956, 20.313665 ], [ -103.4090117, 20.3135486 ], [ -103.40907, 20.3134588 ], [ -103.4091283, 20.3133781 ], [ -103.4091865, 20.3133063 ], [ -103.4092732, 20.3132529 ], [ -103.4093602, 20.3131814 ], [ -103.4094184, 20.3131097 ], [ -103.4095646, 20.3128581 ], [ -103.4096427, 20.3127052 ], [ -103.4097016, 20.3125702 ], [ -103.4098395, 20.3121921 ], [ -103.4098788, 20.3120931 ], [ -103.4099181, 20.311994 ], [ -103.4099477, 20.311913 ], [ -103.4099678, 20.3118229 ], [ -103.4099975, 20.3117238 ], [ -103.4100569, 20.3115346 ], [ -103.4101347, 20.3114179 ], [ -103.4102122, 20.3113282 ], [ -103.4102993, 20.3112387 ], [ -103.4103959, 20.3111582 ], [ -103.4104539, 20.3111046 ], [ -103.4105119, 20.3110509 ], [ -103.4105986, 20.3109975 ], [ -103.4107237, 20.3109354 ], [ -103.4109452, 20.31082 ], [ -103.411032, 20.3107575 ], [ -103.4110801, 20.3107308 ], [ -103.4111479, 20.3106592 ], [ -103.4111866, 20.3106234 ], [ -103.4112542, 20.3105608 ], [ -103.4113026, 20.3105161 ], [ -103.4113701, 20.3104625 ], [ -103.4114475, 20.3103909 ], [ -103.4114868, 20.3102919 ], [ -103.4115555, 20.3101299 ], [ -103.4116338, 20.309959 ], [ -103.411673, 20.309869 ], [ -103.4117318, 20.3097431 ], [ -103.4118098, 20.3096083 ] ] } },
{ "type": "Feature", "properties": { "ID": 6916961, "CVE_SUBC": "RH12Dc", "CLAVE50K": "f13d75", "TIPO": 101, "ENTIDAD": "CORRIENTE DE AGUA", "FC": 3271, "CONDICION": "INTERMITENTE", "EDICION": "O", "FECHA": "1994-12-31", "LENGTHM": 715.5707, "ID_DRENA": 6, "FLOWDIR": 1, "ENABLED": 1, "DESC_ENABL": null, "CALI_REPR": 0, "SEQUENCEID": 3175.0, "ORDER_1": 2, "LEVEL_1": 3, "ARBSUM_1": 3993.5487, "PATHL_1": 28979.3079 }, "geometry": { "type": "LineString", "coordinates": [ [ -103.430603, 20.334702 ], [ -103.4307191, 20.3345856 ], [ -103.4307777, 20.3344778 ], [ -103.4309138, 20.3342712 ], [ -103.4310691, 20.3340739 ], [ -103.4311661, 20.3339483 ], [ -103.4312531, 20.3338677 ], [ -103.4315234, 20.3336624 ], [ -103.4316582, 20.3335823 ], [ -103.4317834, 20.3335202 ], [ -103.4318892, 20.333476 ], [ -103.432005, 20.3333867 ], [ -103.4320535, 20.3333239 ], [ -103.4320924, 20.33327 ], [ -103.4321218, 20.333198 ], [ -103.4321801, 20.3331172 ], [ -103.4322284, 20.3330725 ], [ -103.4322672, 20.3330277 ], [ -103.4323153, 20.33301 ], [ -103.4323729, 20.3329925 ], [ -103.4324498, 20.3329661 ], [ -103.4325858, 20.3327776 ], [ -103.4325768, 20.3327143 ], [ -103.432539, 20.3326688 ], [ -103.4324155, 20.3325683 ], [ -103.4323775, 20.3325408 ], [ -103.4323115, 20.3324318 ], [ -103.4323129, 20.3322963 ], [ -103.4323138, 20.332206 ], [ -103.4323153, 20.3320615 ], [ -103.4323073, 20.3318988 ], [ -103.4322986, 20.3318174 ], [ -103.4322992, 20.3317542 ], [ -103.4323098, 20.3316549 ], [ -103.4323202, 20.3315737 ], [ -103.4323305, 20.3315015 ], [ -103.43236, 20.3314205 ], [ -103.4325348, 20.3311872 ], [ -103.4327191, 20.330954 ], [ -103.4327869, 20.3308733 ], [ -103.4328843, 20.3307206 ], [ -103.4329138, 20.3306395 ], [ -103.432934, 20.3305403 ], [ -103.4329451, 20.3303868 ], [ -103.4329274, 20.3302422 ], [ -103.4328997, 20.3301425 ], [ -103.4328719, 20.3300429 ], [ -103.4328632, 20.3299615 ], [ -103.4328544, 20.3298802 ], [ -103.4328458, 20.3297897 ], [ -103.4328468, 20.3296904 ], [ -103.4328765, 20.3295913 ], [ -103.4329252, 20.3295104 ], [ -103.433051, 20.329385 ] ] } },
{ "type": "Feature", "properties": { "ID": 6916964, "CVE_SUBC": "RH12Dc", "CLAVE50K": "f13d75", "TIPO": 101, "ENTIDAD": "CORRIENTE DE AGUA", "FC": 3271, "CONDICION": "INTERMITENTE", "EDICION": "O", "FECHA": "1994-12-31", "LENGTHM": 1335.6668, "ID_DRENA": 6, "FLOWDIR": 1, "ENABLED": 1, "DESC_ENABL": null, "CALI_REPR": 0, "SEQUENCEID": 3179.0, "ORDER_1": 1, "LEVEL_1": 3, "ARBSUM_1": 1335.6668, "PATHL_1": 29964.5832 }, "geometry": { "type": "LineString", "coordinates": [ [ -103.4281421, 20.3469658 ], [ -103.4279042, 20.3468101 ], [ -103.4278094, 20.3467189 ], [ -103.4277144, 20.3466368 ], [ -103.4276194, 20.3465636 ], [ -103.4275434, 20.3464997 ], [ -103.4274674, 20.3464358 ], [ -103.4274108, 20.346354 ], [ -103.4273639, 20.3462542 ], [ -103.4272797, 20.3460547 ], [ -103.4272242, 20.3458645 ], [ -103.4271683, 20.3457104 ], [ -103.4271028, 20.3455562 ], [ -103.4270471, 20.345375 ], [ -103.4270488, 20.3452125 ], [ -103.4270782, 20.3451405 ], [ -103.4271085, 20.3449872 ], [ -103.4271, 20.3448877 ], [ -103.4270629, 20.3447609 ], [ -103.4270167, 20.3445979 ], [ -103.4269704, 20.3444439 ], [ -103.4269238, 20.344308 ], [ -103.4269056, 20.3442175 ], [ -103.4268881, 20.3440547 ], [ -103.4268239, 20.3437741 ], [ -103.426787, 20.3436382 ], [ -103.4267878, 20.3435569 ], [ -103.426789, 20.3434395 ], [ -103.4267897, 20.3433672 ], [ -103.426753, 20.3432133 ], [ -103.4266969, 20.3430773 ], [ -103.4266507, 20.3429053 ], [ -103.4265852, 20.3427511 ], [ -103.4265104, 20.3425788 ], [ -103.4264259, 20.3424064 ], [ -103.4263788, 20.3423247 ], [ -103.4263134, 20.3421705 ], [ -103.426295, 20.342089 ], [ -103.4262704, 20.3416823 ], [ -103.4262626, 20.3415016 ], [ -103.4262164, 20.3413385 ], [ -103.4261792, 20.3412298 ], [ -103.4261709, 20.3411032 ], [ -103.4261624, 20.3409948 ], [ -103.4261922, 20.3408956 ], [ -103.4262125, 20.3407784 ], [ -103.4262526, 20.3405981 ], [ -103.4262747, 20.3403092 ], [ -103.4262765, 20.3401376 ], [ -103.4262869, 20.3400564 ], [ -103.4262884, 20.3399028 ], [ -103.4262989, 20.3398126 ], [ -103.4263096, 20.3397043 ], [ -103.4263009, 20.3396138 ], [ -103.4263016, 20.3395506 ], [ -103.426312, 20.3394604 ], [ -103.426332, 20.3393792 ], [ -103.4264114, 20.339109 ], [ -103.4264218, 20.3390277 ], [ -103.4264416, 20.3389647 ], [ -103.4265293, 20.3388119 ], [ -103.4266072, 20.3386861 ], [ -103.4266947, 20.3385604 ], [ -103.4267821, 20.3384438 ], [ -103.4269663, 20.3382196 ], [ -103.4272368, 20.3379872 ], [ -103.4274497, 20.3377723 ], [ -103.4275467, 20.3376557 ], [ -103.4276243, 20.337557 ], [ -103.4277597, 20.3374227 ], [ -103.4278663, 20.3373063 ], [ -103.4280204, 20.3372173 ], [ -103.4281168, 20.3371549 ], [ -103.4283862, 20.3370399 ], [ -103.4285693, 20.3369241 ], [ -103.428666, 20.3368347 ], [ -103.4287627, 20.3367452 ], [ -103.4288781, 20.336692 ], [ -103.4289647, 20.3366567 ], [ -103.4291473, 20.3365951 ] ] } },
{ "type": "Feature", "properties": { "ID": 6916971, "CVE_SUBC": "RH12Dc", "CLAVE50K": "f13d75", "TIPO": 101, "ENTIDAD": "CORRIENTE DE AGUA", "FC": 3271, "CONDICION": "INTERMITENTE", "EDICION": "O", "FECHA": "1994-12-31", "LENGTHM": 948.4537, "ID_DRENA": 6, "FLOWDIR": 1, "ENABLED": 1, "DESC_ENABL": null, "CALI_REPR": 0, "SEQUENCEID": 3203.0, "ORDER_1": 1, "LEVEL_1": 3, "ARBSUM_1": 948.4537, "PATHL_1": 27195.8868 }, "geometry": { "type": "LineString", "coordinates": [ [ -103.4260466, 20.302275 ], [ -103.4262718, 20.3027288 ], [ -103.4263931, 20.303037 ], [ -103.4264771, 20.3032546 ], [ -103.4265709, 20.3034542 ], [ -103.426778, 20.3037993 ], [ -103.4268529, 20.3039716 ], [ -103.4269907, 20.304551 ], [ -103.4270451, 20.3048496 ], [ -103.4270698, 20.3052473 ], [ -103.4270958, 20.3055186 ], [ -103.4271412, 20.3057629 ], [ -103.4272158, 20.3059623 ], [ -103.4272996, 20.3061979 ], [ -103.4273933, 20.3064066 ], [ -103.4274776, 20.306588 ], [ -103.4275955, 20.3072395 ], [ -103.4276317, 20.3074476 ], [ -103.4276391, 20.3076645 ], [ -103.4276081, 20.30789 ], [ -103.4275479, 20.3081605 ], [ -103.427507, 20.3084221 ], [ -103.4274935, 20.3088104 ], [ -103.4274914, 20.3090182 ], [ -103.4274882, 20.3093344 ], [ -103.4275051, 20.3095513 ], [ -103.4275395, 20.3099401 ], [ -103.4275562, 20.3101841 ], [ -103.4275641, 20.3103468 ], [ -103.4275712, 20.3105998 ] ] } },
{ "type": "Feature", "properties": { "ID": 6916974, "CVE_SUBC": "RH12Dc", "CLAVE50K": "f13d75", "TIPO": 101, "ENTIDAD": "CORRIENTE DE AGUA", "FC": 3271, "CONDICION": "INTERMITENTE", "EDICION": "O", "FECHA": "1994-12-31", "LENGTHM": 868.4634, "ID_DRENA": 6, "FLOWDIR": 1, "ENABLED": 1, "DESC_ENABL": null, "CALI_REPR": 0, "SEQUENCEID": 3091.0, "ORDER_1": 1, "LEVEL_1": 3, "ARBSUM_1": 868.4634, "PATHL_1": 18001.5797 }, "geometry": { "type": "LineString", "coordinates": [ [ -103.4916756, 20.3192407 ], [ -103.4917324, 20.3193044 ], [ -103.4917702, 20.3193589 ], [ -103.4918734, 20.3195766 ], [ -103.4919858, 20.3198396 ], [ -103.4920139, 20.3199031 ], [ -103.4920612, 20.3199667 ], [ -103.4921181, 20.3200214 ], [ -103.492213, 20.3201126 ], [ -103.4922985, 20.3201856 ], [ -103.4923744, 20.3202585 ], [ -103.4924312, 20.3203222 ], [ -103.4924692, 20.3203587 ], [ -103.4925167, 20.3203952 ], [ -103.4928678, 20.3207325 ], [ -103.4929154, 20.32076 ], [ -103.4929915, 20.3208149 ], [ -103.4930485, 20.3208606 ], [ -103.4934194, 20.3211258 ], [ -103.4936764, 20.3212906 ], [ -103.4937431, 20.3213273 ], [ -103.4938193, 20.3213731 ], [ -103.4938573, 20.3214005 ], [ -103.4939048, 20.3214461 ], [ -103.4939522, 20.3214917 ], [ -103.494028, 20.3215737 ], [ -103.4940848, 20.3216464 ], [ -103.4941322, 20.321692 ], [ -103.4941701, 20.3217375 ], [ -103.4942269, 20.3218012 ], [ -103.4942552, 20.3218466 ], [ -103.4942832, 20.3219192 ], [ -103.4943302, 20.3220099 ], [ -103.4943586, 20.3220463 ], [ -103.4944251, 20.322101 ], [ -103.4944631, 20.3221375 ], [ -103.4945107, 20.322165 ], [ -103.4947579, 20.3223569 ], [ -103.4948244, 20.3224026 ], [ -103.4952995, 20.3227952 ], [ -103.4959076, 20.3232973 ], [ -103.4963354, 20.3236262 ], [ -103.496525, 20.3238175 ], [ -103.4966292, 20.3239449 ], [ -103.4966671, 20.3239813 ], [ -103.4967239, 20.3240541 ], [ -103.4967521, 20.3241085 ], [ -103.4968368, 20.3242628 ], [ -103.4968745, 20.3243264 ], [ -103.496978, 20.324517 ], [ -103.4971097, 20.3247621 ], [ -103.4972324, 20.3249438 ] ] } },
{ "type": "Feature", "properties": { "ID": 6916979, "CVE_SUBC": "RH12Dc", "CLAVE50K": "f13d75", "TIPO": 101, "ENTIDAD": "CORRIENTE DE AGUA", "FC": 3271, "CONDICION": "INTERMITENTE", "EDICION": "O", "FECHA": "1994-12-31", "LENGTHM": 1196.9911, "ID_DRENA": 5, "FLOWDIR": 1, "ENABLED": 1, "DESC_ENABL": null, "CALI_REPR": 0, "SEQUENCEID": 2677.0, "ORDER_1": 3, "LEVEL_1": 1, "ARBSUM_1": 7913.9449, "PATHL_1": 4306.1981 }, "geometry": { "type": "LineString", "coordinates": [ [ -103.4591723, 20.3646686 ], [ -103.4592698, 20.3644978 ], [ -103.4593569, 20.3644082 ], [ -103.4594441, 20.3643096 ], [ -103.4595118, 20.364247 ], [ -103.4596274, 20.3641757 ], [ -103.4596853, 20.3641401 ], [ -103.4597816, 20.3640867 ], [ -103.4598779, 20.3640334 ], [ -103.4599549, 20.3639979 ], [ -103.4600416, 20.3639445 ], [ -103.4601283, 20.3639001 ], [ -103.460167, 20.3638643 ], [ -103.4602347, 20.3637926 ], [ -103.4603121, 20.363721 ], [ -103.4604086, 20.3636496 ], [ -103.4604954, 20.3635871 ], [ -103.4605724, 20.3635517 ], [ -103.460678, 20.3635255 ], [ -103.4607548, 20.3635081 ], [ -103.460803, 20.3634814 ], [ -103.460957, 20.3634105 ], [ -103.4610627, 20.3633753 ], [ -103.4611589, 20.363331 ], [ -103.4612454, 20.3633047 ], [ -103.4613032, 20.3632781 ], [ -103.4614376, 20.3632431 ], [ -103.4615241, 20.3632168 ], [ -103.4616201, 20.3631905 ], [ -103.4616874, 20.363164 ], [ -103.4617451, 20.3631465 ], [ -103.4618705, 20.3630572 ], [ -103.4619476, 20.3630127 ], [ -103.4620343, 20.3629593 ], [ -103.4621019, 20.3629057 ], [ -103.4622076, 20.3628705 ], [ -103.462294, 20.3628532 ], [ -103.4624473, 20.3628545 ], [ -103.4625049, 20.362837 ], [ -103.462553, 20.3628193 ], [ -103.4626203, 20.3627928 ], [ -103.4626877, 20.3627573 ], [ -103.4627456, 20.3627217 ], [ -103.4627748, 20.3626677 ], [ -103.4628138, 20.3626048 ], [ -103.4628429, 20.3625599 ], [ -103.4628916, 20.362479 ], [ -103.4629496, 20.3624344 ], [ -103.4630457, 20.3623991 ], [ -103.4630938, 20.3623814 ], [ -103.4631804, 20.362337 ], [ -103.4632382, 20.3623014 ], [ -103.4633056, 20.3622749 ], [ -103.4633824, 20.3622575 ], [ -103.4634688, 20.3622312 ], [ -103.463584, 20.3622141 ], [ -103.4636513, 20.3621876 ], [ -103.4637185, 20.3621701 ], [ -103.4638531, 20.3621261 ], [ -103.4639203, 20.3621087 ], [ -103.464122, 20.3620562 ], [ -103.46417, 20.3620386 ], [ -103.4642372, 20.3620301 ], [ -103.4643233, 20.3620399 ], [ -103.464371, 20.3620584 ], [ -103.4644762, 20.3620774 ], [ -103.4645627, 20.3620511 ], [ -103.4646298, 20.3620426 ], [ -103.4646873, 20.3620431 ], [ -103.4648116, 20.3620623 ], [ -103.4649263, 20.3620904 ], [ -103.4650026, 20.3621182 ], [ -103.4650698, 20.3621097 ], [ -103.4651274, 20.3620922 ], [ -103.4651948, 20.3620657 ], [ -103.4652716, 20.3620392 ], [ -103.4653197, 20.3620216 ], [ -103.4654063, 20.3619862 ], [ -103.4654544, 20.3619686 ], [ -103.4655408, 20.3619422 ], [ -103.465627, 20.361943 ], [ -103.4657421, 20.361935 ], [ -103.4657995, 20.3619355 ], [ -103.465886, 20.3619091 ], [ -103.4660011, 20.3618921 ], [ -103.4660778, 20.3618837 ], [ -103.4661545, 20.3618844 ], [ -103.4662119, 20.3618849 ], [ -103.4662791, 20.3618764 ], [ -103.4663271, 20.3618588 ], [ -103.4663849, 20.3618322 ], [ -103.4664811, 20.3617879 ], [ -103.4665292, 20.3617702 ], [ -103.4665866, 20.3617708 ], [ -103.4667206, 20.36179 ], [ -103.4667874, 20.3618177 ], [ -103.466835, 20.3618452 ], [ -103.4669112, 20.361891 ], [ -103.4670069, 20.3618919 ], [ -103.4670645, 20.3618834 ], [ -103.4671125, 20.3618747 ], [ -103.4671703, 20.3618391 ], [ -103.4672278, 20.3618396 ], [ -103.4672852, 20.3618492 ], [ -103.4673715, 20.3618318 ], [ -103.4674102, 20.361796 ], [ -103.4674583, 20.3617784 ], [ -103.4675063, 20.3617698 ], [ -103.4676023, 20.3617435 ], [ -103.4676599, 20.361735 ], [ -103.4677269, 20.3617356 ], [ -103.4677939, 20.3617452 ], [ -103.4678418, 20.3617456 ], [ -103.4678897, 20.3617461 ], [ -103.4679377, 20.3617284 ], [ -103.4679859, 20.3617017 ], [ -103.4680435, 20.3616842 ], [ -103.4681685, 20.3616401 ], [ -103.4682262, 20.3616135 ], [ -103.4682937, 20.3615689 ], [ -103.4685242, 20.3615167 ], [ -103.4686106, 20.3614904 ], [ -103.4686779, 20.3614639 ], [ -103.4687548, 20.3614465 ], [ -103.4688793, 20.3614476 ], [ -103.4689655, 20.3614483 ], [ -103.4690513, 20.3614852 ], [ -103.4691279, 20.3614949 ], [ -103.4691855, 20.3614774 ], [ -103.4692815, 20.3614602 ], [ -103.4694349, 20.3614434 ], [ -103.4695308, 20.3614352 ] ] } },
{ "type": "Feature", "properties": { "ID": 6916983, "CVE_SUBC": "RH12Dc", "CLAVE50K": "f13d75", "TIPO": 101, "ENTIDAD": "CORRIENTE DE AGUA", "FC": 3271, "CONDICION": "INTERMITENTE", "EDICION": "O", "FECHA": "1994-12-31", "LENGTHM": 759.2249, "ID_DRENA": 6, "FLOWDIR": 1, "ENABLED": 1, "DESC_ENABL": null, "CALI_REPR": 0, "SEQUENCEID": 3055.0, "ORDER_1": 2, "LEVEL_1": 2, "ARBSUM_1": 2543.0899, "PATHL_1": 16672.9734 }, "geometry": { "type": "LineString", "coordinates": [ [ -103.526016, 20.3366079 ], [ -103.5259683, 20.3365894 ], [ -103.5258438, 20.3365884 ], [ -103.5257095, 20.3366053 ], [ -103.5256137, 20.3366045 ], [ -103.525413, 20.3365667 ], [ -103.5253366, 20.3365389 ], [ -103.5252602, 20.3365112 ], [ -103.5251838, 20.3364925 ], [ -103.5250883, 20.3364646 ], [ -103.5249735, 20.3364455 ], [ -103.524897, 20.3364358 ], [ -103.5247535, 20.3364166 ], [ -103.5245239, 20.3363875 ], [ -103.5243132, 20.3363858 ], [ -103.5241791, 20.3363936 ], [ -103.5237478, 20.3364261 ], [ -103.5235754, 20.3364247 ], [ -103.5234411, 20.3364416 ], [ -103.523326, 20.3364587 ], [ -103.5231726, 20.3364755 ], [ -103.5230287, 20.3365014 ], [ -103.5228941, 20.3365544 ], [ -103.5228171, 20.3365899 ], [ -103.5227114, 20.3366342 ], [ -103.5226154, 20.3366515 ], [ -103.5223855, 20.3366586 ], [ -103.5222706, 20.3366576 ], [ -103.5221556, 20.3366566 ], [ -103.5220406, 20.3366647 ], [ -103.5219064, 20.3366816 ], [ -103.5218297, 20.33669 ], [ -103.5217339, 20.3366892 ], [ -103.5213794, 20.3367042 ], [ -103.5212357, 20.336703 ], [ -103.5210633, 20.3367016 ], [ -103.5209389, 20.3366915 ], [ -103.5207859, 20.3366631 ], [ -103.5206233, 20.3366436 ], [ -103.5204897, 20.3365973 ], [ -103.5203943, 20.3365514 ], [ -103.5201555, 20.3364861 ], [ -103.5200406, 20.3364851 ], [ -103.5188652, 20.3361993 ] ] } },
{ "type": "Feature", "properties": { "ID": 6916989, "CVE_SUBC": "RH12Dc", "CLAVE50K": "f13d75", "TIPO": 101, "ENTIDAD": "CORRIENTE DE AGUA", "FC": 3271, "CONDICION": "INTERMITENTE", "EDICION": "O", "FECHA": "1994-12-31", "LENGTHM": 15.3675, "ID_DRENA": 6, "FLOWDIR": 1, "ENABLED": 1, "DESC_ENABL": null, "CALI_REPR": 0, "SEQUENCEID": 3004.0, "ORDER_1": 3, "LEVEL_1": 3, "ARBSUM_1": 6991.17, "PATHL_1": 19269.1283 }, "geometry": { "type": "LineString", "coordinates": [ [ -103.4785262, 20.3489869 ], [ -103.4786078, 20.3489452 ], [ -103.4786561, 20.3489205 ] ] } },
{ "type": "Feature", "properties": { "ID": 6916999, "CVE_SUBC": "RH12Dc", "CLAVE50K": "f13d75", "TIPO": 101, "ENTIDAD": "CORRIENTE DE AGUA", "FC": 3271, "CONDICION": "INTERMITENTE", "EDICION": "O", "FECHA": "1994-12-31", "LENGTHM": 350.4373, "ID_DRENA": 6, "FLOWDIR": 1, "ENABLED": 1, "DESC_ENABL": null, "CALI_REPR": 0, "SEQUENCEID": 3204.0, "ORDER_1": 3, "LEVEL_1": 2, "ARBSUM_1": 9828.525, "PATHL_1": 27195.8868 }, "geometry": { "type": "LineString", "coordinates": [ [ -103.4244176, 20.3106603 ], [ -103.4245157, 20.3106717 ], [ -103.4246974, 20.3106914 ], [ -103.4248217, 20.3107196 ], [ -103.4249078, 20.3107204 ], [ -103.4250902, 20.3106769 ], [ -103.4251577, 20.3106323 ], [ -103.4252348, 20.3105788 ], [ -103.4253408, 20.3105165 ], [ -103.4254174, 20.3105172 ], [ -103.4255323, 20.3105182 ], [ -103.4258478, 20.3105663 ], [ -103.4261056, 20.3106408 ], [ -103.4262679, 20.3106875 ], [ -103.4264398, 20.3107342 ], [ -103.4265923, 20.3108078 ], [ -103.4267545, 20.3108635 ], [ -103.4269266, 20.3108921 ], [ -103.4270319, 20.3108931 ], [ -103.4270992, 20.3108756 ], [ -103.4271953, 20.3108404 ], [ -103.4273493, 20.3107604 ], [ -103.427465, 20.3106802 ], [ -103.4275712, 20.3105998 ] ] } },
{ "type": "Feature", "properties": { "ID": 6917001, "CVE_SUBC": "RH12Dc", "CLAVE50K": "f13d75", "TIPO": 101, "ENTIDAD": "CORRIENTE DE AGUA", "FC": 3271, "CONDICION": "INTERMITENTE", "EDICION": "O", "FECHA": "1994-12-31", "LENGTHM": 277.4738, "ID_DRENA": 6, "FLOWDIR": 1, "ENABLED": 1, "DESC_ENABL": null, "CALI_REPR": 0, "SEQUENCEID": 3106.0, "ORDER_1": 1, "LEVEL_1": 3, "ARBSUM_1": 1434.0239, "PATHL_1": 21802.0015 }, "geometry": { "type": "LineString", "coordinates": [ [ -103.4747039, 20.3025328 ], [ -103.4746295, 20.3025878 ], [ -103.4745813, 20.3026236 ], [ -103.4745232, 20.3026863 ], [ -103.4744652, 20.30274 ], [ -103.4743691, 20.3027753 ], [ -103.4742927, 20.3027566 ], [ -103.4741875, 20.3027466 ], [ -103.474063, 20.3027455 ], [ -103.4740149, 20.3027722 ], [ -103.4739571, 20.3028078 ], [ -103.473909, 20.3028255 ], [ -103.4738513, 20.3028521 ], [ -103.473784, 20.3028786 ], [ -103.4737167, 20.3029051 ], [ -103.4736781, 20.3029409 ], [ -103.473668, 20.302995 ], [ -103.4736388, 20.3030399 ], [ -103.4735811, 20.3030665 ], [ -103.473533, 20.3030842 ], [ -103.4734468, 20.3030925 ], [ -103.4733031, 20.3031002 ], [ -103.4732455, 20.3031088 ], [ -103.473178, 20.3031624 ], [ -103.4731201, 20.3032071 ], [ -103.4730719, 20.3032337 ], [ -103.4730144, 20.3032423 ], [ -103.4729376, 20.3032597 ], [ -103.4728893, 20.3033044 ], [ -103.4728507, 20.3033402 ], [ -103.4728021, 20.3034121 ], [ -103.4727538, 20.3034568 ], [ -103.4727148, 20.3035287 ], [ -103.4726472, 20.3035824 ], [ -103.472599, 20.3036181 ], [ -103.4725124, 20.3036625 ] ] } },
{ "type": "Feature", "properties": { "ID": 6917007, "CVE_SUBC": "RH12Dc", "CLAVE50K": "f13d75", "TIPO": 101, "ENTIDAD": "CORRIENTE DE AGUA", "FC": 3271, "CONDICION": "INTERMITENTE", "EDICION": "O", "FECHA": "1994-12-31", "LENGTHM": 243.0043, "ID_DRENA": 5, "FLOWDIR": 1, "ENABLED": 1, "DESC_ENABL": null, "CALI_REPR": 0, "SEQUENCEID": 2703.0, "ORDER_1": 2, "LEVEL_1": 2, "ARBSUM_1": 3419.4673, "PATHL_1": 2888.5855 }, "geometry": { "type": "LineString", "coordinates": [ [ -103.4801373, 20.3735196 ], [ -103.4801991, 20.3734712 ], [ -103.4803051, 20.3734089 ], [ -103.4803532, 20.3733913 ], [ -103.4805255, 20.3734018 ], [ -103.4806116, 20.3734116 ], [ -103.4806881, 20.3734303 ], [ -103.4807456, 20.3734308 ], [ -103.4809851, 20.3734329 ], [ -103.4810714, 20.3734156 ], [ -103.4811868, 20.3733805 ], [ -103.4812638, 20.373336 ], [ -103.4813506, 20.3732825 ], [ -103.4814469, 20.3732292 ], [ -103.4815241, 20.3731756 ], [ -103.4816107, 20.3731312 ], [ -103.4817069, 20.3730959 ], [ -103.4817841, 20.3730333 ], [ -103.4818614, 20.3729708 ], [ -103.4819193, 20.3729261 ], [ -103.4819676, 20.3728814 ], [ -103.4822459, 20.3728205 ] ] } },
{ "type": "Feature", "properties": { "ID": 6917011, "CVE_SUBC": "RH12Dc", "CLAVE50K": "f13d75", "TIPO": 101, "ENTIDAD": "CORRIENTE DE AGUA", "FC": 3271, "CONDICION": "INTERMITENTE", "EDICION": "O", "FECHA": "1994-12-31", "LENGTHM": 854.5136, "ID_DRENA": 6, "FLOWDIR": 1, "ENABLED": 1, "DESC_ENABL": null, "CALI_REPR": 0, "SEQUENCEID": 3115.0, "ORDER_1": 1, "LEVEL_1": 2, "ARBSUM_1": 854.5136, "PATHL_1": 22595.5847 }, "geometry": { "type": "LineString", "coordinates": [ [ -103.5028376, 20.299778 ], [ -103.5027503, 20.2998947 ], [ -103.5026443, 20.299966 ], [ -103.502481, 20.3000188 ], [ -103.5023469, 20.3000267 ], [ -103.502184, 20.3000434 ], [ -103.5020116, 20.3000419 ], [ -103.5018201, 20.3000403 ], [ -103.5016572, 20.300057 ], [ -103.5015228, 20.3000919 ], [ -103.5014555, 20.3001185 ], [ -103.5013308, 20.3001355 ], [ -103.5011489, 20.3001339 ], [ -103.5010148, 20.3001418 ], [ -103.5008518, 20.3001585 ], [ -103.5006218, 20.3001836 ], [ -103.5004778, 20.3002185 ], [ -103.5003529, 20.3002626 ], [ -103.5002569, 20.3002889 ], [ -103.5001224, 20.3003329 ], [ -103.4999207, 20.3003944 ], [ -103.4998342, 20.3004298 ], [ -103.4997191, 20.3004559 ], [ -103.4992874, 20.3005335 ], [ -103.4991151, 20.300532 ], [ -103.498962, 20.3005217 ], [ -103.4988089, 20.3005114 ], [ -103.4986652, 20.3005101 ], [ -103.4985121, 20.3004998 ], [ -103.4982154, 20.3004882 ], [ -103.4980526, 20.3004868 ], [ -103.4978898, 20.3004854 ], [ -103.4975353, 20.3005094 ], [ -103.4972672, 20.3005162 ], [ -103.4971231, 20.3005601 ], [ -103.4969792, 20.300586 ], [ -103.4968353, 20.3006118 ], [ -103.4966915, 20.3006287 ], [ -103.4966148, 20.3006371 ], [ -103.4963753, 20.3006531 ], [ -103.4962796, 20.3006522 ], [ -103.4961358, 20.30066 ], [ -103.4959921, 20.3006678 ], [ -103.4958963, 20.300676 ], [ -103.4957623, 20.3006749 ], [ -103.4955516, 20.3006731 ], [ -103.4953314, 20.3006712 ], [ -103.4952357, 20.3006613 ], [ -103.4951113, 20.3006512 ], [ -103.4948127, 20.3006362 ] ] } },
{ "type": "Feature", "properties": { "ID": 6917023, "CVE_SUBC": "RH12Dc", "CLAVE50K": "f13d75", "TIPO": 101, "ENTIDAD": "CORRIENTE DE AGUA", "FC": 3271, "CONDICION": "INTERMITENTE", "EDICION": "O", "FECHA": "1994-12-31", "LENGTHM": 294.0019, "ID_DRENA": 6, "FLOWDIR": 1, "ENABLED": 1, "DESC_ENABL": null, "CALI_REPR": 0, "SEQUENCEID": 3043.0, "ORDER_1": 2, "LEVEL_1": 2, "ARBSUM_1": 1451.2087, "PATHL_1": 24464.7122 }, "geometry": { "type": "LineString", "coordinates": [ [ -103.4433566, 20.3608696 ], [ -103.443405, 20.3608158 ], [ -103.4434726, 20.3607622 ], [ -103.4435212, 20.3606994 ], [ -103.4435793, 20.3606367 ], [ -103.4436181, 20.3605828 ], [ -103.4436568, 20.360547 ], [ -103.4438116, 20.3603948 ], [ -103.4439274, 20.3603055 ], [ -103.4439854, 20.3602518 ], [ -103.4440628, 20.3601802 ], [ -103.4441593, 20.3601088 ], [ -103.4442554, 20.3600736 ], [ -103.4443324, 20.3600381 ], [ -103.4444283, 20.3600299 ], [ -103.4445529, 20.360022 ], [ -103.4446393, 20.3600047 ], [ -103.4447065, 20.3599872 ], [ -103.4447738, 20.3599607 ], [ -103.4448316, 20.3599342 ], [ -103.4448892, 20.3599166 ], [ -103.4449758, 20.3598812 ], [ -103.4450336, 20.3598456 ], [ -103.4451105, 20.3598192 ], [ -103.445245, 20.3597843 ], [ -103.4453219, 20.3597578 ], [ -103.4453893, 20.3597223 ], [ -103.4454758, 20.3596869 ], [ -103.4455239, 20.3596693 ], [ -103.4455912, 20.3596428 ], [ -103.4457448, 20.3596171 ] ] } },
{ "type": "Feature", "properties": { "ID": 6917024, "CVE_SUBC": "RH12Dc", "CLAVE50K": "f13d75", "TIPO": 101, "ENTIDAD": "CORRIENTE DE AGUA", "FC": 3271, "CONDICION": "INTERMITENTE", "EDICION": "O", "FECHA": "1994-12-31", "LENGTHM": 191.7162, "ID_DRENA": 5, "FLOWDIR": 1, "ENABLED": 1, "DESC_ENABL": null, "CALI_REPR": 0, "SEQUENCEID": 2680.0, "ORDER_1": 3, "LEVEL_1": 1, "ARBSUM_1": 5999.5461, "PATHL_1": 5509.2286 }, "geometry": { "type": "LineString", "coordinates": [ [ -103.4576394, 20.3656578 ], [ -103.4577066, 20.3656403 ], [ -103.4577737, 20.3656319 ], [ -103.4578315, 20.3656053 ], [ -103.4578987, 20.3655878 ], [ -103.4579757, 20.3655523 ], [ -103.4580334, 20.3655258 ], [ -103.4580818, 20.365481 ], [ -103.4581495, 20.3654184 ], [ -103.4582074, 20.3653737 ], [ -103.458275, 20.3653201 ], [ -103.4583619, 20.3652486 ], [ -103.4584393, 20.365168 ], [ -103.4585358, 20.3650966 ], [ -103.4586227, 20.3650341 ], [ -103.4587096, 20.3649626 ], [ -103.4587962, 20.3649182 ], [ -103.4588829, 20.3648738 ], [ -103.4589696, 20.3648294 ], [ -103.4590468, 20.3647668 ], [ -103.4591577, 20.3647216 ] ] } },
{ "type": "Feature", "properties": { "ID": 6917039, "CVE_SUBC": "RH12Dc", "CLAVE50K": "f13d75", "TIPO": 101, "ENTIDAD": "CORRIENTE DE AGUA", "FC": 3271, "CONDICION": "INTERMITENTE", "EDICION": "O", "FECHA": "1994-12-31", "LENGTHM": 378.6011, "ID_DRENA": 6, "FLOWDIR": 1, "ENABLED": 1, "DESC_ENABL": null, "CALI_REPR": 0, "SEQUENCEID": 2954.0, "ORDER_1": 1, "LEVEL_1": 2, "ARBSUM_1": 378.6011, "PATHL_1": 14814.3307 }, "geometry": { "type": "LineString", "coordinates": [ [ -103.4910145, 20.3981283 ], [ -103.4909961, 20.3980468 ], [ -103.490987, 20.3980016 ], [ -103.4909874, 20.3979564 ], [ -103.4909783, 20.3979112 ], [ -103.4909692, 20.3978659 ], [ -103.4909696, 20.3978207 ], [ -103.4909605, 20.3977755 ], [ -103.4909513, 20.3977302 ], [ -103.4909422, 20.397685 ], [ -103.490933, 20.3976398 ], [ -103.4909239, 20.3975945 ], [ -103.4909152, 20.3975041 ], [ -103.4909064, 20.3974227 ], [ -103.4908973, 20.3973775 ], [ -103.4908881, 20.3973322 ], [ -103.490879, 20.397287 ], [ -103.4908698, 20.3972417 ], [ -103.4908707, 20.3971514 ], [ -103.4908712, 20.3971062 ], [ -103.4908716, 20.397061 ], [ -103.490872, 20.3970159 ], [ -103.4908916, 20.3969709 ], [ -103.4909017, 20.3969258 ], [ -103.4909408, 20.3968448 ], [ -103.4909508, 20.3967998 ], [ -103.4909704, 20.3967548 ], [ -103.4909904, 20.3966736 ], [ -103.4909912, 20.3965833 ], [ -103.4909917, 20.3965381 ], [ -103.4909921, 20.396493 ], [ -103.4909926, 20.3964478 ], [ -103.4910026, 20.3964027 ], [ -103.491003, 20.3963575 ], [ -103.491013, 20.3963125 ], [ -103.491023, 20.3962674 ], [ -103.4910331, 20.3962223 ], [ -103.4910431, 20.3961772 ], [ -103.4910531, 20.3961321 ], [ -103.4910631, 20.396087 ], [ -103.4910927, 20.396006 ], [ -103.4911027, 20.3959609 ], [ -103.4911418, 20.39588 ], [ -103.4911614, 20.395835 ], [ -103.4912005, 20.395754 ], [ -103.4912396, 20.395673 ], [ -103.4912592, 20.395628 ], [ -103.4912983, 20.395547 ], [ -103.4913084, 20.395502 ], [ -103.4913184, 20.3954569 ], [ -103.4913479, 20.3953758 ], [ -103.4913675, 20.3953308 ], [ -103.4913775, 20.3952858 ], [ -103.4913971, 20.3952408 ], [ -103.4914171, 20.3951596 ], [ -103.4914367, 20.3951146 ], [ -103.4914467, 20.3950695 ], [ -103.4914762, 20.3949885 ], [ -103.4914958, 20.3949435 ], [ -103.4915059, 20.3948984 ], [ -103.491545, 20.3948174 ] ] } },
{ "type": "Feature", "properties": { "ID": 6917041, "CVE_SUBC": "RH12Dc", "CLAVE50K": "f13d75", "TIPO": 101, "ENTIDAD": "CORRIENTE DE AGUA", "FC": 3271, "CONDICION": "INTERMITENTE", "EDICION": "O", "FECHA": "1994-12-31", "LENGTHM": 191.9793, "ID_DRENA": 6, "FLOWDIR": 1, "ENABLED": 1, "DESC_ENABL": null, "CALI_REPR": 0, "SEQUENCEID": 3082.0, "ORDER_1": 2, "LEVEL_1": 3, "ARBSUM_1": 2949.6584, "PATHL_1": 19243.0802 }, "geometry": { "type": "LineString", "coordinates": [ [ -103.5038268, 20.3164181 ], [ -103.5037792, 20.3163905 ], [ -103.503722, 20.316363 ], [ -103.5036264, 20.3163441 ], [ -103.5035402, 20.3163524 ], [ -103.5034823, 20.316388 ], [ -103.5034245, 20.3164327 ], [ -103.5033859, 20.3164594 ], [ -103.5033567, 20.3165044 ], [ -103.503318, 20.3165492 ], [ -103.5032793, 20.316594 ], [ -103.5032309, 20.3166388 ], [ -103.5031732, 20.3166654 ], [ -103.5031155, 20.316692 ], [ -103.5030579, 20.3167096 ], [ -103.5029906, 20.3167361 ], [ -103.5029233, 20.3167626 ], [ -103.5028365, 20.3168251 ], [ -103.5027979, 20.316861 ], [ -103.5027206, 20.3169326 ], [ -103.5026532, 20.3169681 ], [ -103.5024611, 20.3170207 ], [ -103.5023554, 20.3170649 ], [ -103.5022687, 20.3171184 ] ] } },
{ "type": "Feature", "properties": { "ID": 6917044, "CVE_SUBC": "RH12Dc", "CLAVE50K": "f13d75", "TIPO": 101, "ENTIDAD": "CORRIENTE DE AGUA", "FC": 3271, "CONDICION": "INTERMITENTE", "EDICION": "O", "FECHA": "1994-12-31", "LENGTHM": 541.3449, "ID_DRENA": 5, "FLOWDIR": 1, "ENABLED": 1, "DESC_ENABL": null, "CALI_REPR": 0, "SEQUENCEID": 2740.0, "ORDER_1": 1, "LEVEL_1": 2, "ARBSUM_1": 541.3449, "PATHL_1": 2919.2024 }, "geometry": { "type": "LineString", "coordinates": [ [ -103.4834578, 20.3890017 ], [ -103.483698, 20.3889225 ], [ -103.4839186, 20.3889064 ], [ -103.4840624, 20.3888986 ], [ -103.4842444, 20.3889002 ], [ -103.4843974, 20.3889286 ], [ -103.4845409, 20.3889479 ], [ -103.4846368, 20.3889397 ], [ -103.4847233, 20.3889134 ], [ -103.4848101, 20.3888509 ], [ -103.4848779, 20.3887792 ], [ -103.4849075, 20.3886891 ], [ -103.4849662, 20.3885722 ], [ -103.4850056, 20.3884551 ], [ -103.485045, 20.388347 ], [ -103.4851035, 20.3882482 ], [ -103.4851616, 20.3881764 ], [ -103.4852101, 20.3881226 ], [ -103.4852106, 20.3880684 ], [ -103.485269, 20.3879786 ], [ -103.4852703, 20.3878431 ], [ -103.485301, 20.3876446 ], [ -103.4853604, 20.3874464 ], [ -103.4854477, 20.3873387 ], [ -103.485535, 20.387222 ], [ -103.4856512, 20.3870966 ], [ -103.4857192, 20.3870068 ], [ -103.4858163, 20.3868722 ], [ -103.4859627, 20.3865934 ], [ -103.4861274, 20.3864051 ], [ -103.4862435, 20.3862977 ], [ -103.4863593, 20.3862084 ], [ -103.4865329, 20.3860924 ], [ -103.4867162, 20.3859676 ], [ -103.4867925, 20.3859429 ] ] } },
{ "type": "Feature", "properties": { "ID": 6917052, "CVE_SUBC": "RH12Dc", "CLAVE50K": "f13d75", "TIPO": 101, "ENTIDAD": "CORRIENTE DE AGUA", "FC": 3271, "CONDICION": "INTERMITENTE", "EDICION": "O", "FECHA": "1994-12-31", "LENGTHM": 774.0275, "ID_DRENA": 6, "FLOWDIR": 1, "ENABLED": 1, "DESC_ENABL": null, "CALI_REPR": 0, "SEQUENCEID": 3042.0, "ORDER_1": 1, "LEVEL_1": 3, "ARBSUM_1": 774.0275, "PATHL_1": 24464.7122 }, "geometry": { "type": "LineString", "coordinates": [ [ -103.4414835, 20.3642495 ], [ -103.4416469, 20.3641968 ], [ -103.4419068, 20.3640726 ], [ -103.4420512, 20.3640016 ], [ -103.4422048, 20.3639669 ], [ -103.4423775, 20.3639413 ], [ -103.4425022, 20.3639153 ], [ -103.4426459, 20.3639166 ], [ -103.4427993, 20.363909 ], [ -103.4429908, 20.3639107 ], [ -103.4432018, 20.3638945 ], [ -103.4433075, 20.3638593 ], [ -103.4434133, 20.3638151 ], [ -103.4435192, 20.3637618 ], [ -103.443702, 20.3636821 ], [ -103.4437982, 20.3636378 ], [ -103.4438946, 20.3635754 ], [ -103.4439912, 20.363495 ], [ -103.4442814, 20.3632175 ], [ -103.4443876, 20.3631372 ], [ -103.4444456, 20.3630835 ], [ -103.4445519, 20.3629941 ], [ -103.4446482, 20.3629408 ], [ -103.4447159, 20.3628781 ], [ -103.4448223, 20.3627707 ], [ -103.4449483, 20.3626272 ], [ -103.4449969, 20.3625554 ], [ -103.4450649, 20.3624657 ], [ -103.4451134, 20.3624029 ], [ -103.4452004, 20.3623224 ], [ -103.4452684, 20.3622236 ], [ -103.4453365, 20.3621248 ], [ -103.4454434, 20.3619722 ], [ -103.4455018, 20.3618733 ], [ -103.4455703, 20.3617384 ], [ -103.4456192, 20.3616305 ], [ -103.4456684, 20.3615044 ], [ -103.4456884, 20.3614143 ], [ -103.4457087, 20.3613061 ], [ -103.445779, 20.3609815 ], [ -103.4457898, 20.3608641 ], [ -103.4458008, 20.3607197 ], [ -103.4458022, 20.3605752 ], [ -103.445804, 20.3603945 ], [ -103.4458053, 20.360268 ], [ -103.4458068, 20.3601145 ], [ -103.445808, 20.359997 ], [ -103.4457995, 20.3598886 ], [ -103.4457908, 20.3598072 ], [ -103.4457632, 20.3596895 ], [ -103.4457448, 20.3596171 ] ] } },
{ "type": "Feature", "properties": { "ID": 6917058, "CVE_SUBC": "RH12Dc", "CLAVE50K": "f13d75", "TIPO": 101, "ENTIDAD": "CORRIENTE DE AGUA", "FC": 3271, "CONDICION": "INTERMITENTE", "EDICION": "O", "FECHA": "1994-12-31", "LENGTHM": 1923.0731, "ID_DRENA": 6, "FLOWDIR": 1, "ENABLED": 1, "DESC_ENABL": null, "CALI_REPR": 0, "SEQUENCEID": 2999.0, "ORDER_1": 4, "LEVEL_1": 2, "ARBSUM_1": 34930.5664, "PATHL_1": 14591.1462 }, "geometry": { "type": "LineString", "coordinates": [ [ -103.499875, 20.3397053 ], [ -103.4999914, 20.3397561 ], [ -103.5001534, 20.3398388 ], [ -103.5002202, 20.3398665 ], [ -103.5003156, 20.3399034 ], [ -103.5003728, 20.339931 ], [ -103.5005714, 20.3401947 ], [ -103.5009593, 20.3406949 ], [ -103.5012718, 20.341068 ], [ -103.5014705, 20.3413227 ], [ -103.5015557, 20.3414228 ], [ -103.5016314, 20.3415138 ], [ -103.5016206, 20.3416492 ], [ -103.5015808, 20.3418024 ], [ -103.5015612, 20.3418474 ], [ -103.5015402, 20.3420369 ], [ -103.5015296, 20.3421453 ], [ -103.5015284, 20.3422717 ], [ -103.501527, 20.3424163 ], [ -103.5015264, 20.3424795 ], [ -103.5015355, 20.3425247 ], [ -103.5015732, 20.3425883 ], [ -103.5016111, 20.3426338 ], [ -103.5016678, 20.3427066 ], [ -103.5019807, 20.3430435 ], [ -103.5034313, 20.3445827 ], [ -103.50456, 20.3457396 ], [ -103.505622, 20.3468599 ], [ -103.5062479, 20.3475157 ], [ -103.5067598, 20.3480621 ], [ -103.5070061, 20.3483533 ], [ -103.5071487, 20.348463 ], [ -103.5073293, 20.348609 ], [ -103.5074914, 20.3486827 ], [ -103.507606, 20.3487198 ], [ -103.507673, 20.3487294 ], [ -103.5078164, 20.3487578 ], [ -103.5082175, 20.3488786 ], [ -103.5083321, 20.3489157 ], [ -103.5085329, 20.3489536 ], [ -103.5088102, 20.3490011 ], [ -103.508925, 20.3490202 ], [ -103.5091258, 20.349049 ], [ -103.5092981, 20.3490685 ], [ -103.5095659, 20.3491069 ], [ -103.5097954, 20.349145 ], [ -103.5099865, 20.3492009 ], [ -103.510187, 20.3492658 ], [ -103.5104731, 20.3493947 ], [ -103.5106163, 20.3494502 ], [ -103.5108071, 20.3495241 ], [ -103.5109408, 20.3495704 ], [ -103.511084, 20.3496168 ], [ -103.511294, 20.3496908 ], [ -103.5117242, 20.3497848 ], [ -103.5119057, 20.3498316 ], [ -103.5121062, 20.3498965 ], [ -103.5123261, 20.3499435 ], [ -103.5125461, 20.3499725 ], [ -103.512747, 20.3500013 ], [ -103.5130532, 20.3500401 ], [ -103.5131775, 20.3500592 ] ] } },
{ "type": "Feature", "properties": { "ID": 6917059, "CVE_SUBC": "RH12Dc", "CLAVE50K": "f13d75", "TIPO": 101, "ENTIDAD": "CORRIENTE DE AGUA", "FC": 3271, "CONDICION": "INTERMITENTE", "EDICION": "O", "FECHA": "1994-12-31", "LENGTHM": 9.9625, "ID_DRENA": 6, "FLOWDIR": 1, "ENABLED": 1, "DESC_ENABL": null, "CALI_REPR": 0, "SEQUENCEID": 3260.0, "ORDER_1": 3, "LEVEL_1": 1, "ARBSUM_1": 3611.3187, "PATHL_1": 32895.8665 }, "geometry": { "type": "LineString", "coordinates": [ [ -103.4196913, 20.351018 ], [ -103.4196922, 20.3509276 ] ] } },
{ "type": "Feature", "properties": { "ID": 6917060, "CVE_SUBC": "RH12Dc", "CLAVE50K": "f13d75", "TIPO": 101, "ENTIDAD": "CORRIENTE DE AGUA", "FC": 3271, "CONDICION": "INTERMITENTE", "EDICION": "O", "FECHA": "1994-12-31", "LENGTHM": 467.8593, "ID_DRENA": 6, "FLOWDIR": 1, "ENABLED": 1, "DESC_ENABL": null, "CALI_REPR": 0, "SEQUENCEID": 3076.0, "ORDER_1": 1, "LEVEL_1": 4, "ARBSUM_1": 467.8593, "PATHL_1": 18737.0319 }, "geometry": { "type": "LineString", "coordinates": [ [ -103.5073551, 20.3209833 ], [ -103.5072875, 20.3210369 ], [ -103.5072201, 20.3210725 ], [ -103.5071626, 20.321081 ], [ -103.507086, 20.3210804 ], [ -103.5069234, 20.3210609 ], [ -103.5068658, 20.3210694 ], [ -103.5066648, 20.3210587 ], [ -103.5065595, 20.3210578 ], [ -103.5064829, 20.3210571 ], [ -103.5063775, 20.3210562 ], [ -103.5062626, 20.3210553 ], [ -103.5061572, 20.3210634 ], [ -103.506023, 20.3210803 ], [ -103.5058501, 20.321133 ], [ -103.5058115, 20.3211598 ], [ -103.5057634, 20.3211865 ], [ -103.5056576, 20.3212308 ], [ -103.5055714, 20.32123 ], [ -103.5055046, 20.3212114 ], [ -103.5054187, 20.3211745 ], [ -103.5053614, 20.321156 ], [ -103.5052752, 20.3211552 ], [ -103.5051697, 20.3211814 ], [ -103.5050638, 20.3212347 ], [ -103.5049677, 20.32127 ], [ -103.5048334, 20.321296 ], [ -103.5047277, 20.3213312 ], [ -103.5046315, 20.3213756 ], [ -103.5045642, 20.3214021 ], [ -103.5044683, 20.3214194 ], [ -103.5044013, 20.3214097 ], [ -103.5043536, 20.3213913 ], [ -103.5042294, 20.3213631 ], [ -103.5041433, 20.3213533 ], [ -103.5040285, 20.3213433 ], [ -103.5038564, 20.3213147 ], [ -103.5037225, 20.3212955 ], [ -103.5035406, 20.3212849 ], [ -103.5033778, 20.3212835 ], [ -103.503234, 20.3213004 ], [ -103.5030998, 20.3213173 ], [ -103.5030134, 20.3213346 ] ] } },
{ "type": "Feature", "properties": { "ID": 6917061, "CVE_SUBC": "RH12Dc", "CLAVE50K": "f13d75", "TIPO": 101, "ENTIDAD": "CORRIENTE DE AGUA", "FC": 3271, "CONDICION": "INTERMITENTE", "EDICION": "O", "FECHA": "1994-12-31", "LENGTHM": 166.1654, "ID_DRENA": 6, "FLOWDIR": 1, "ENABLED": 1, "DESC_ENABL": null, "CALI_REPR": 0, "SEQUENCEID": 3200.0, "ORDER_1": 4, "LEVEL_1": 1, "ARBSUM_1": 45955.4769, "PATHL_1": 26466.3304 }, "geometry": { "type": "LineString", "coordinates": [ [ -103.4321709, 20.3102707 ], [ -103.4322786, 20.3100368 ], [ -103.4323083, 20.3099377 ], [ -103.4323672, 20.3097937 ], [ -103.4323966, 20.3097307 ], [ -103.4324162, 20.3096857 ], [ -103.4325618, 20.3094883 ], [ -103.4326301, 20.3093624 ], [ -103.4327456, 20.3093093 ], [ -103.4328224, 20.3092919 ], [ -103.433014, 20.3092755 ], [ -103.4331384, 20.3092857 ] ] } },
{ "type": "Feature", "properties": { "ID": 6917079, "CVE_SUBC": "RH12Dc", "CLAVE50K": "f13d75", "TIPO": 101, "ENTIDAD": "CORRIENTE DE AGUA", "FC": 3271, "CONDICION": "INTERMITENTE", "EDICION": "O", "FECHA": "1994-12-31", "LENGTHM": 1315.4458, "ID_DRENA": 6, "FLOWDIR": 1, "ENABLED": 1, "DESC_ENABL": null, "CALI_REPR": 0, "SEQUENCEID": 2994.0, "ORDER_1": 1, "LEVEL_1": 2, "ARBSUM_1": 1315.4458, "PATHL_1": 15623.9824 }, "geometry": { "type": "LineString", "coordinates": [ [ -103.5456412, 20.3672896 ], [ -103.5453633, 20.3672963 ], [ -103.5451909, 20.3672948 ], [ -103.5450664, 20.3672938 ], [ -103.5449515, 20.3672838 ], [ -103.544827, 20.3672828 ], [ -103.5446833, 20.3672816 ], [ -103.54453, 20.3672803 ], [ -103.5443482, 20.3672607 ], [ -103.5440038, 20.3672036 ], [ -103.5437266, 20.3671381 ], [ -103.5434781, 20.3670818 ], [ -103.5432585, 20.3670077 ], [ -103.5431154, 20.3669433 ], [ -103.5429723, 20.3668788 ], [ -103.5428104, 20.3667781 ], [ -103.5426487, 20.3666503 ], [ -103.5425252, 20.3665408 ], [ -103.5423826, 20.3664222 ], [ -103.5422688, 20.3663038 ], [ -103.5420602, 20.3660762 ], [ -103.5419368, 20.3659487 ], [ -103.5418515, 20.3658486 ], [ -103.5417093, 20.3656938 ], [ -103.5415955, 20.3655754 ], [ -103.5414723, 20.3654299 ], [ -103.5413113, 20.3652298 ], [ -103.5412068, 20.3651386 ], [ -103.5411404, 20.3650657 ], [ -103.5410359, 20.3649745 ], [ -103.5409407, 20.3649105 ], [ -103.5407021, 20.3648182 ], [ -103.5405398, 20.3647536 ], [ -103.5404348, 20.3647165 ], [ -103.5402634, 20.3646067 ], [ -103.5401491, 20.3645425 ], [ -103.5399872, 20.3644327 ], [ -103.5399111, 20.3643779 ], [ -103.539835, 20.3643231 ], [ -103.5397205, 20.3642769 ], [ -103.5396156, 20.3642218 ], [ -103.5395203, 20.3641668 ], [ -103.5394156, 20.3640937 ], [ -103.539311, 20.3640206 ], [ -103.5392156, 20.3639746 ], [ -103.5391776, 20.3639381 ], [ -103.5391015, 20.3638833 ], [ -103.5390253, 20.3638375 ], [ -103.5389397, 20.3637735 ], [ -103.5388347, 20.3637275 ], [ -103.5387296, 20.3636995 ], [ -103.5386149, 20.3636714 ], [ -103.538462, 20.363634 ], [ -103.5383378, 20.3635968 ], [ -103.5382231, 20.3635778 ], [ -103.5381083, 20.3635588 ], [ -103.5379647, 20.3635485 ], [ -103.5378692, 20.3635206 ], [ -103.5377352, 20.3635014 ], [ -103.53763, 20.3634825 ], [ -103.5375058, 20.3634453 ], [ -103.5371813, 20.3633252 ], [ -103.5371145, 20.3632975 ], [ -103.5368658, 20.3632502 ], [ -103.53678, 20.3632134 ], [ -103.5366276, 20.3631127 ], [ -103.536561, 20.363067 ], [ -103.5364848, 20.3630212 ], [ -103.5364373, 20.3629847 ], [ -103.5363422, 20.3629116 ], [ -103.5362471, 20.3628295 ], [ -103.5361809, 20.3627476 ], [ -103.5361238, 20.362702 ], [ -103.536019, 20.3626379 ], [ -103.5359331, 20.36261 ], [ -103.5358565, 20.3626004 ], [ -103.5357511, 20.3626085 ], [ -103.5356648, 20.3626168 ], [ -103.5355881, 20.3626252 ], [ -103.5355208, 20.3626518 ], [ -103.5352423, 20.3627217 ], [ -103.5351461, 20.362766 ], [ -103.5350692, 20.3627925 ], [ -103.5349827, 20.3628189 ], [ -103.5348581, 20.3628269 ], [ -103.5347913, 20.3628082 ], [ -103.5347434, 20.3627988 ], [ -103.5346671, 20.3627711 ] ] } },
{ "type": "Feature", "properties": { "ID": 6917081, "CVE_SUBC": "RH12Dc", "CLAVE50K": "f13d75", "TIPO": 101, "ENTIDAD": "CORRIENTE DE AGUA", "FC": 3271, "CONDICION": "INTERMITENTE", "EDICION": "O", "FECHA": "1994-12-31", "LENGTHM": 391.4033, "ID_DRENA": 6, "FLOWDIR": 1, "ENABLED": 1, "DESC_ENABL": null, "CALI_REPR": 0, "SEQUENCEID": 3088.0, "ORDER_1": 1, "LEVEL_1": 4, "ARBSUM_1": 391.4033, "PATHL_1": 20021.2241 }, "geometry": { "type": "LineString", "coordinates": [ [ -103.5108372, 20.3133792 ], [ -103.5107889, 20.313424 ], [ -103.5107306, 20.3135138 ], [ -103.5105558, 20.3137653 ], [ -103.5105168, 20.3138372 ], [ -103.5104484, 20.3139812 ], [ -103.5104285, 20.3140533 ], [ -103.5103505, 20.3142062 ], [ -103.5102921, 20.314296 ], [ -103.5101565, 20.3144575 ], [ -103.5100887, 20.3145382 ], [ -103.5099437, 20.3146815 ], [ -103.5098567, 20.3147711 ], [ -103.509721, 20.3149326 ], [ -103.5096242, 20.3150402 ], [ -103.5094884, 20.3152287 ], [ -103.5094206, 20.3153095 ], [ -103.5093428, 20.3154262 ], [ -103.5092843, 20.3155342 ], [ -103.5092646, 20.3155972 ], [ -103.5092445, 20.3156964 ], [ -103.5092148, 20.3157956 ], [ -103.5092047, 20.3158497 ], [ -103.5091941, 20.315958 ], [ -103.5091937, 20.3160032 ], [ -103.5091827, 20.3161476 ], [ -103.5091724, 20.3162198 ], [ -103.5091526, 20.3162919 ], [ -103.5091232, 20.3163549 ], [ -103.5090937, 20.3164359 ] ] } },
{ "type": "Feature", "properties": { "ID": 6917083, "CVE_SUBC": "RH12Dc", "CLAVE50K": "f13d75", "TIPO": 101, "ENTIDAD": "CORRIENTE DE AGUA", "FC": 3271, "CONDICION": "INTERMITENTE", "EDICION": "O", "FECHA": "1994-12-31", "LENGTHM": 818.6457, "ID_DRENA": 6, "FLOWDIR": 1, "ENABLED": 1, "DESC_ENABL": null, "CALI_REPR": 0, "SEQUENCEID": 3205.0, "ORDER_1": 1, "LEVEL_1": 3, "ARBSUM_1": 818.6457, "PATHL_1": 27546.3241 }, "geometry": { "type": "LineString", "coordinates": [ [ -103.4230956, 20.3033958 ], [ -103.4231003, 20.3038746 ], [ -103.4231361, 20.3041188 ], [ -103.4232143, 20.3049055 ], [ -103.4232513, 20.3050323 ], [ -103.4232974, 20.3052134 ], [ -103.4233343, 20.3053492 ], [ -103.4233714, 20.305467 ], [ -103.4234164, 20.3057565 ], [ -103.4234783, 20.3062629 ], [ -103.42353, 20.3068325 ], [ -103.423592, 20.3073209 ], [ -103.4237029, 20.3077194 ], [ -103.4238213, 20.3083257 ], [ -103.4238754, 20.3086514 ], [ -103.4238927, 20.3088322 ], [ -103.4238906, 20.309049 ], [ -103.4239086, 20.3091576 ], [ -103.423917, 20.3092751 ], [ -103.4239255, 20.3093836 ], [ -103.4239706, 20.309655 ], [ -103.4240262, 20.3098362 ], [ -103.4242318, 20.3103349 ], [ -103.4243259, 20.3105074 ], [ -103.4244176, 20.3106603 ] ] } },
{ "type": "Feature", "properties": { "ID": 6917092, "CVE_SUBC": "RH12Dc", "CLAVE50K": "f13d75", "TIPO": 101, "ENTIDAD": "CORRIENTE DE AGUA", "FC": 3271, "CONDICION": "INTERMITENTE", "EDICION": "O", "FECHA": "1994-12-31", "LENGTHM": 1250.844, "ID_DRENA": 6, "FLOWDIR": 1, "ENABLED": 1, "DESC_ENABL": null, "CALI_REPR": 0, "SEQUENCEID": 3256.0, "ORDER_1": 1, "LEVEL_1": 2, "ARBSUM_1": 1250.844, "PATHL_1": 32065.3023 }, "geometry": { "type": "LineString", "coordinates": [ [ -103.4160374, 20.3542822 ], [ -103.4158674, 20.3540457 ], [ -103.4158018, 20.3539006 ], [ -103.4157554, 20.3537556 ], [ -103.4157089, 20.3536197 ], [ -103.4156717, 20.353511 ], [ -103.4156249, 20.3534022 ], [ -103.4155877, 20.3532934 ], [ -103.4155313, 20.3531845 ], [ -103.4154657, 20.3530394 ], [ -103.4153526, 20.3528577 ], [ -103.4152021, 20.3525943 ], [ -103.4151457, 20.3524854 ], [ -103.4150131, 20.3523397 ], [ -103.4149377, 20.3522215 ], [ -103.4148434, 20.3520761 ], [ -103.4147298, 20.3519396 ], [ -103.4146737, 20.3518126 ], [ -103.4146171, 20.3517218 ], [ -103.4145417, 20.3516036 ], [ -103.4144757, 20.3515037 ], [ -103.4144098, 20.3513856 ], [ -103.4143256, 20.3511952 ], [ -103.4142701, 20.3509959 ], [ -103.4142235, 20.350869 ], [ -103.4141967, 20.3506791 ], [ -103.4141982, 20.3505346 ], [ -103.4142005, 20.3503087 ], [ -103.4141932, 20.3500828 ], [ -103.4142042, 20.3499474 ], [ -103.4142071, 20.3496674 ], [ -103.4141896, 20.3495046 ], [ -103.4142103, 20.3493512 ], [ -103.4142024, 20.3491886 ], [ -103.4142042, 20.3490079 ], [ -103.414215, 20.3488906 ], [ -103.4141871, 20.348809 ], [ -103.4141977, 20.3487097 ], [ -103.4141988, 20.3486014 ], [ -103.41419, 20.34852 ], [ -103.4142009, 20.3483936 ], [ -103.414221, 20.3483034 ], [ -103.4141745, 20.3481675 ], [ -103.4141376, 20.3480317 ], [ -103.4141576, 20.3479415 ], [ -103.4141586, 20.3478512 ], [ -103.4141788, 20.347743 ], [ -103.4141993, 20.3476167 ], [ -103.4142294, 20.3474814 ], [ -103.4142497, 20.3473642 ], [ -103.4142798, 20.347238 ], [ -103.4143003, 20.3471027 ], [ -103.4143399, 20.3469766 ], [ -103.4144083, 20.3468417 ], [ -103.4144382, 20.3467245 ], [ -103.4144976, 20.3465444 ], [ -103.4144989, 20.3464089 ], [ -103.4145101, 20.3462554 ], [ -103.4145208, 20.3461471 ], [ -103.4145604, 20.346012 ], [ -103.4146388, 20.345841 ], [ -103.4146876, 20.3457511 ], [ -103.414746, 20.3456613 ], [ -103.4147851, 20.3455894 ], [ -103.4148343, 20.3454544 ], [ -103.4149223, 20.3452835 ], [ -103.4151064, 20.3450684 ], [ -103.415243, 20.3448257 ], [ -103.4154178, 20.3445924 ], [ -103.4154861, 20.3444666 ], [ -103.4155639, 20.3443498 ], [ -103.4156512, 20.3442422 ], [ -103.4157293, 20.3440984 ], [ -103.4158164, 20.3440088 ], [ -103.4159032, 20.3439554 ], [ -103.4159713, 20.3438476 ] ] } },
{ "type": "Feature", "properties": { "ID": 6917097, "CVE_SUBC": "RH12Dc", "CLAVE50K": "f13d75", "TIPO": 101, "ENTIDAD": "CORRIENTE DE AGUA", "FC": 3271, "CONDICION": "INTERMITENTE", "EDICION": "O", "FECHA": "1994-12-31", "LENGTHM": 8.2147, "ID_DRENA": 6, "FLOWDIR": 1, "ENABLED": 1, "DESC_ENABL": null, "CALI_REPR": 0, "SEQUENCEID": 3041.0, "ORDER_1": 2, "LEVEL_1": 2, "ARBSUM_1": 2233.4509, "PATHL_1": 24456.4975 }, "geometry": { "type": "LineString", "coordinates": [ [ -103.4457448, 20.3596171 ], [ -103.4457646, 20.359545 ] ] } },
{ "type": "Feature", "properties": { "ID": 6917104, "CVE_SUBC": "RH12Dc", "CLAVE50K": "f13d75", "TIPO": 101, "ENTIDAD": "CORRIENTE DE AGUA", "FC": 3271, "CONDICION": "INTERMITENTE", "EDICION": "O", "FECHA": "1994-12-31", "LENGTHM": 132.1477, "ID_DRENA": 5, "FLOWDIR": 1, "ENABLED": 1, "DESC_ENABL": null, "CALI_REPR": 0, "SEQUENCEID": 2704.0, "ORDER_1": 2, "LEVEL_1": 3, "ARBSUM_1": 1120.3507, "PATHL_1": 3131.5898 }, "geometry": { "type": "LineString", "coordinates": [ [ -103.4789151, 20.3735052 ], [ -103.479059, 20.3734794 ], [ -103.4791742, 20.3734623 ], [ -103.4792603, 20.3734721 ], [ -103.4793081, 20.3734815 ], [ -103.4793558, 20.3735 ], [ -103.4794416, 20.3735459 ], [ -103.4795468, 20.3735649 ], [ -103.4797285, 20.3735936 ], [ -103.4798721, 20.3736039 ], [ -103.4799584, 20.3735956 ], [ -103.4800448, 20.3735783 ], [ -103.4801373, 20.3735196 ] ] } },
{ "type": "Feature", "properties": { "ID": 6917110, "CVE_SUBC": "RH12Dc", "CLAVE50K": "f13d75", "TIPO": 102, "ENTIDAD": "CANAL", "FC": 3180, "CONDICION": "EN OPERACION", "EDICION": "O", "FECHA": "2007-11-09", "LENGTHM": 647.0829, "ID_DRENA": 6, "FLOWDIR": 1, "ENABLED": 1, "DESC_ENABL": null, "CALI_REPR": 0, "SEQUENCEID": 3052.0, "ORDER_1": 5, "LEVEL_1": 1, "ARBSUM_1": 143293.7827, "PATHL_1": 14902.6306 }, "geometry": { "type": "LineString", "coordinates": [ [ -103.5100458, 20.3420534 ], [ -103.5100532, 20.3422453 ], [ -103.5100692, 20.3425706 ], [ -103.5100779, 20.342661 ], [ -103.5100869, 20.3427244 ], [ -103.5101053, 20.3428058 ], [ -103.510114, 20.3428872 ], [ -103.5101229, 20.3429595 ], [ -103.5101224, 20.3430137 ], [ -103.510122, 20.3430589 ], [ -103.5101309, 20.3431313 ], [ -103.5101495, 20.3431856 ], [ -103.5101682, 20.343231 ], [ -103.5102436, 20.3433671 ], [ -103.5102994, 20.3435392 ], [ -103.5103084, 20.3435935 ], [ -103.5103454, 20.3437293 ], [ -103.5103634, 20.343856 ], [ -103.510382, 20.3439103 ], [ -103.5104381, 20.3440553 ], [ -103.5104663, 20.3441098 ], [ -103.5104944, 20.3441733 ], [ -103.5105225, 20.3442458 ], [ -103.5105683, 20.344463 ], [ -103.5105869, 20.3445174 ], [ -103.510596, 20.3445716 ], [ -103.5105955, 20.3446168 ], [ -103.5106044, 20.3446891 ], [ -103.510651, 20.344825 ], [ -103.5106792, 20.3448795 ], [ -103.5107073, 20.344952 ], [ -103.5107445, 20.3450607 ], [ -103.5108557, 20.3454592 ], [ -103.5108743, 20.3455135 ], [ -103.5109208, 20.3456585 ], [ -103.5109394, 20.3457219 ], [ -103.510958, 20.3457762 ], [ -103.5109765, 20.3458396 ], [ -103.5110511, 20.3460571 ], [ -103.5111443, 20.3463289 ], [ -103.5111717, 20.3464646 ], [ -103.5111993, 20.3465823 ], [ -103.5112179, 20.3466367 ], [ -103.5112557, 20.3466912 ], [ -103.5113209, 20.3468905 ], [ -103.5114229, 20.3472347 ], [ -103.5114413, 20.3473161 ], [ -103.5114594, 20.3474247 ], [ -103.5114875, 20.3474972 ], [ -103.5115251, 20.3475698 ], [ -103.5115438, 20.3476151 ], [ -103.5115898, 20.3476923 ] ] } },
{ "type": "Feature", "properties": { "ID": 6917126, "CVE_SUBC": "RH12Dc", "CLAVE50K": null, "TIPO": 101, "ENTIDAD": "CORRIENTE DE AGUA", "FC": 3271, "CONDICION": "INTERMITENTE", "EDICION": "N", "FECHA": "2007-11-09", "LENGTHM": 94.5948, "ID_DRENA": 6, "FLOWDIR": 1, "ENABLED": 1, "DESC_ENABL": null, "CALI_REPR": 2, "SEQUENCEID": 2906.0, "ORDER_1": 2, "LEVEL_1": 3, "ARBSUM_1": 2998.3797, "PATHL_1": 9867.1045 }, "geometry": { "type": "LineString", "coordinates": [ [ -103.5314113, 20.3889514 ], [ -103.5314102, 20.3886011 ], [ -103.5314102, 20.388387 ], [ -103.5313388, 20.3881014 ] ] } },
{ "type": "Feature", "properties": { "ID": 6917137, "CVE_SUBC": "RH12Dc", "CLAVE50K": "f13d75", "TIPO": 101, "ENTIDAD": "CORRIENTE DE AGUA", "FC": 3271, "CONDICION": "INTERMITENTE", "EDICION": "O", "FECHA": "1994-12-31", "LENGTHM": 1331.3493, "ID_DRENA": 6, "FLOWDIR": 1, "ENABLED": 1, "DESC_ENABL": null, "CALI_REPR": 0, "SEQUENCEID": 2839.0, "ORDER_1": 1, "LEVEL_1": 3, "ARBSUM_1": 1331.3493, "PATHL_1": 7968.3745 }, "geometry": { "type": "LineString", "coordinates": [ [ -103.5401952, 20.4023866 ], [ -103.5402521, 20.4024503 ], [ -103.5402993, 20.4025229 ], [ -103.5403835, 20.4027405 ], [ -103.5404589, 20.4028766 ], [ -103.5406391, 20.4030769 ], [ -103.5408102, 20.4032138 ], [ -103.5409337, 20.4033323 ], [ -103.5411805, 20.4035783 ], [ -103.541313, 20.403751 ], [ -103.5415222, 20.4039244 ], [ -103.5415887, 20.4039882 ], [ -103.5416743, 20.4040522 ], [ -103.541769, 20.4041704 ], [ -103.541921, 20.4044119 ] ] } },
{ "type": "Feature", "properties": { "ID": 6917140, "CVE_SUBC": "RH12Dc", "CLAVE50K": "f13d75", "TIPO": 101, "ENTIDAD": "CORRIENTE DE AGUA", "FC": 3271, "CONDICION": "INTERMITENTE", "EDICION": "O", "FECHA": "1994-12-31", "LENGTHM": 643.8641, "ID_DRENA": 6, "FLOWDIR": 1, "ENABLED": 1, "DESC_ENABL": null, "CALI_REPR": 0, "SEQUENCEID": 3096.0, "ORDER_1": 2, "LEVEL_1": 3, "ARBSUM_1": 1578.2744, "PATHL_1": 21157.4559 }, "geometry": { "type": "LineString", "coordinates": [ [ -103.5007672, 20.3079541 ], [ -103.5007094, 20.3079897 ], [ -103.5005841, 20.308079 ], [ -103.500353, 20.3082125 ], [ -103.5003047, 20.3082482 ], [ -103.5002469, 20.3082929 ], [ -103.5001602, 20.3083464 ], [ -103.5001118, 20.3083911 ], [ -103.5000346, 20.3084537 ], [ -103.4999864, 20.3084894 ], [ -103.4998806, 20.3085427 ], [ -103.4996014, 20.3086939 ], [ -103.4994185, 20.3087917 ], [ -103.4993511, 20.3088273 ], [ -103.499226, 20.3088985 ], [ -103.4990432, 20.3089782 ], [ -103.498899, 20.3090402 ], [ -103.4987069, 20.3091018 ], [ -103.4985727, 20.3091187 ], [ -103.4984576, 20.3091358 ], [ -103.498381, 20.3091352 ], [ -103.4982948, 20.3091344 ], [ -103.4982086, 20.3091337 ], [ -103.4981129, 20.3091328 ], [ -103.4980076, 20.3091319 ], [ -103.4979214, 20.3091312 ], [ -103.497749, 20.3091297 ], [ -103.4976531, 20.309147 ], [ -103.4975764, 20.3091553 ], [ -103.4974612, 20.3091815 ], [ -103.4973558, 20.3091896 ], [ -103.4971159, 20.3092417 ], [ -103.4970007, 20.3092769 ], [ -103.4968369, 20.3093748 ], [ -103.4967408, 20.3094102 ], [ -103.4966161, 20.3094362 ], [ -103.4965586, 20.3094357 ], [ -103.4963767, 20.3094341 ], [ -103.4963001, 20.3094335 ], [ -103.4962233, 20.3094509 ], [ -103.4961464, 20.3094864 ], [ -103.4960214, 20.3095304 ], [ -103.4959255, 20.3095477 ], [ -103.4957913, 20.3095646 ], [ -103.4957434, 20.3095642 ], [ -103.4956668, 20.3095635 ], [ -103.4955902, 20.3095629 ], [ -103.4954756, 20.3095348 ], [ -103.4953607, 20.3095338 ], [ -103.4952552, 20.309551 ], [ -103.4951302, 20.309595 ], [ -103.4950213, 20.3096045 ] ] } },
{ "type": "Feature", "properties": { "ID": 6917143, "CVE_SUBC": "RH12Dc", "CLAVE50K": "f13d75", "TIPO": 101, "ENTIDAD": "CORRIENTE DE AGUA", "FC": 3271, "CONDICION": "INTERMITENTE", "EDICION": "O", "FECHA": "1994-12-31", "LENGTHM": 59.5427, "ID_DRENA": 6, "FLOWDIR": 1, "ENABLED": 1, "DESC_ENABL": null, "CALI_REPR": 0, "SEQUENCEID": 3198.0, "ORDER_1": 4, "LEVEL_1": 1, "ARBSUM_1": 46991.0315, "PATHL_1": 26406.7877 }, "geometry": { "type": "LineString", "coordinates": [ [ -103.4331384, 20.3092857 ], [ -103.4332246, 20.3092864 ], [ -103.4333296, 20.3093145 ], [ -103.4333868, 20.3093421 ], [ -103.4334823, 20.3093701 ], [ -103.4335968, 20.3094162 ], [ -103.4336632, 20.309471 ] ] } },
{ "type": "Feature", "properties": { "ID": 6917155, "CVE_SUBC": "RH12Dc", "CLAVE50K": "f13d75", "TIPO": 101, "ENTIDAD": "CORRIENTE DE AGUA", "FC": 3271, "CONDICION": "INTERMITENTE", "EDICION": "O", "FECHA": "1994-12-31", "LENGTHM": 294.3147, "ID_DRENA": 6, "FLOWDIR": 1, "ENABLED": 1, "DESC_ENABL": null, "CALI_REPR": 0, "SEQUENCEID": 3259.0, "ORDER_1": 3, "LEVEL_1": 1, "ARBSUM_1": 3905.6334, "PATHL_1": 32601.5518 }, "geometry": { "type": "LineString", "coordinates": [ [ -103.4196922, 20.3509276 ], [ -103.4196735, 20.3508823 ], [ -103.4196457, 20.3507917 ], [ -103.4196274, 20.3507012 ], [ -103.4196093, 20.3506017 ], [ -103.4195911, 20.3505112 ], [ -103.419592, 20.3504208 ], [ -103.419498, 20.3502393 ], [ -103.4194794, 20.3501849 ], [ -103.4194516, 20.3500944 ], [ -103.4194426, 20.3500401 ], [ -103.4193959, 20.3499222 ], [ -103.4193584, 20.3498406 ], [ -103.4193493, 20.3497953 ], [ -103.4193314, 20.3496687 ], [ -103.4193226, 20.3495963 ], [ -103.4193043, 20.3495149 ], [ -103.4192858, 20.3494424 ], [ -103.4192769, 20.3493791 ], [ -103.4192684, 20.3492797 ], [ -103.4192596, 20.3491983 ], [ -103.4192415, 20.3490988 ], [ -103.4192231, 20.3490173 ], [ -103.4191872, 20.3487821 ], [ -103.41914, 20.3487184 ], [ -103.4191213, 20.3486731 ], [ -103.4191027, 20.3486187 ], [ -103.4190936, 20.3485735 ], [ -103.4190471, 20.3484285 ], [ -103.4190287, 20.3483561 ] ] } },
{ "type": "Feature", "properties": { "ID": 6917156, "CVE_SUBC": "RH12Dc", "CLAVE50K": "f13d75", "TIPO": 101, "ENTIDAD": "CORRIENTE DE AGUA", "FC": 3271, "CONDICION": "INTERMITENTE", "EDICION": "O", "FECHA": "1994-12-31", "LENGTHM": 76.3548, "ID_DRENA": 6, "FLOWDIR": 1, "ENABLED": 1, "DESC_ENABL": null, "CALI_REPR": 0, "SEQUENCEID": 3266.0, "ORDER_1": 2, "LEVEL_1": 1, "ARBSUM_1": 2720.3915, "PATHL_1": 33019.5162 }, "geometry": { "type": "LineString", "coordinates": [ [ -103.4194824, 20.3527144 ], [ -103.4194642, 20.3526239 ], [ -103.4194552, 20.3525696 ], [ -103.4194558, 20.3525064 ], [ -103.4194566, 20.3524341 ], [ -103.4194669, 20.352362 ], [ -103.4194871, 20.3522537 ], [ -103.4194881, 20.3521544 ], [ -103.4195086, 20.3520281 ] ] } },
{ "type": "Feature", "properties": { "ID": 6917164, "CVE_SUBC": "RH12Dc", "CLAVE50K": "f13d75", "TIPO": 101, "ENTIDAD": "CORRIENTE DE AGUA", "FC": 3271, "CONDICION": "INTERMITENTE", "EDICION": "O", "FECHA": "1994-12-31", "LENGTHM": 1337.7916, "ID_DRENA": 6, "FLOWDIR": 1, "ENABLED": 1, "DESC_ENABL": null, "CALI_REPR": 0, "SEQUENCEID": 2889.0, "ORDER_1": 3, "LEVEL_1": 2, "ARBSUM_1": 4454.4107, "PATHL_1": 8273.5609 }, "geometry": { "type": "MultiLineString", "coordinates": [ [ [ -103.5421206, 20.3830969 ], [ -103.5421179, 20.3831176 ] ], [ [ -103.5411591, 20.3846951 ], [ -103.5411186, 20.3847056 ], [ -103.5409744, 20.3847586 ], [ -103.5409065, 20.3848484 ], [ -103.5408867, 20.3849115 ], [ -103.540867, 20.3849745 ], [ -103.5408273, 20.3851188 ], [ -103.5407974, 20.385245 ], [ -103.5407918, 20.38533 ] ], [ [ -103.5405924, 20.3859836 ], [ -103.5405696, 20.386029 ], [ -103.5405684, 20.3861555 ], [ -103.5405705, 20.3861817 ] ], [ [ -103.5436882, 20.3928269 ], [ -103.5437055, 20.3928579 ], [ -103.5437623, 20.3929306 ], [ -103.5438101, 20.3929491 ], [ -103.5438866, 20.3929588 ], [ -103.543992, 20.3929597 ], [ -103.5440495, 20.3929602 ], [ -103.544174, 20.3929612 ], [ -103.5443464, 20.3929717 ] ] ] } },
{ "type": "Feature", "properties": { "ID": 6917165, "CVE_SUBC": "RH12Dc", "CLAVE50K": "f13d75", "TIPO": 101, "ENTIDAD": "CORRIENTE DE AGUA", "FC": 3271, "CONDICION": "INTERMITENTE", "EDICION": "O", "FECHA": "1994-12-31", "LENGTHM": 546.8059, "ID_DRENA": 6, "FLOWDIR": 1, "ENABLED": 1, "DESC_ENABL": null, "CALI_REPR": 0, "SEQUENCEID": 3181.0, "ORDER_1": 1, "LEVEL_1": 3, "ARBSUM_1": 546.8059, "PATHL_1": 30460.397 }, "geometry": { "type": "LineString", "coordinates": [ [ -103.4373388, 20.3458468 ], [ -103.4372542, 20.3456925 ], [ -103.4371506, 20.3455199 ], [ -103.4370661, 20.3453475 ], [ -103.4369624, 20.345184 ], [ -103.4368204, 20.3450111 ], [ -103.4367452, 20.3448749 ], [ -103.436623, 20.344648 ], [ -103.4365484, 20.3444395 ], [ -103.4365217, 20.3442406 ], [ -103.4365244, 20.3439696 ], [ -103.4365075, 20.3437436 ], [ -103.4365001, 20.3435357 ], [ -103.4365027, 20.3432738 ], [ -103.4364864, 20.3429936 ], [ -103.4363928, 20.3427759 ], [ -103.4362792, 20.3426394 ], [ -103.4361745, 20.3425752 ], [ -103.4360601, 20.34252 ], [ -103.4358883, 20.3424643 ], [ -103.4357548, 20.3423998 ], [ -103.4356028, 20.342281 ], [ -103.4354601, 20.3421804 ], [ -103.4353368, 20.3420618 ], [ -103.4352516, 20.3419617 ], [ -103.4351761, 20.3418526 ], [ -103.4351203, 20.3416895 ] ] } },
{ "type": "Feature", "properties": { "ID": 6917166, "CVE_SUBC": "RH12Dc", "CLAVE50K": null, "TIPO": 101, "ENTIDAD": "CORRIENTE DE AGUA", "FC": 3271, "CONDICION": "INTERMITENTE", "EDICION": "N", "FECHA": "2007-11-09", "LENGTHM": 162.2776, "ID_DRENA": 5, "FLOWDIR": 1, "ENABLED": 1, "DESC_ENABL": null, "CALI_REPR": 1, "SEQUENCEID": 2741.0, "ORDER_1": 2, "LEVEL_1": 1, "ARBSUM_1": 3328.9129, "PATHL_1": 1259.5547 }, "geometry": { "type": "LineString", "coordinates": [ [ -103.4984911, 20.3792264 ], [ -103.4998403, 20.3784867 ] ] } },
{ "type": "Feature", "properties": { "ID": 6917171, "CVE_SUBC": "RH12Dc", "CLAVE50K": null, "TIPO": 101, "ENTIDAD": "CORRIENTE DE AGUA", "FC": 3271, "CONDICION": "INTERMITENTE", "EDICION": "N", "FECHA": "2007-11-09", "LENGTHM": 294.6071, "ID_DRENA": 6, "FLOWDIR": 1, "ENABLED": 1, "DESC_ENABL": null, "CALI_REPR": 1, "SEQUENCEID": 2927.0, "ORDER_1": 3, "LEVEL_1": 2, "ARBSUM_1": 8712.1624, "PATHL_1": 11847.7754 }, "geometry": { "type": "LineString", "coordinates": [ [ -103.5102175, 20.386446 ], [ -103.5110896, 20.3863454 ], [ -103.5119462, 20.386274 ], [ -103.5125886, 20.386155 ], [ -103.513028, 20.3861306 ] ] } },
{ "type": "Feature", "properties": { "ID": 6917175, "CVE_SUBC": "RH12Dc", "CLAVE50K": "f13d75", "TIPO": 101, "ENTIDAD": "CORRIENTE DE AGUA", "FC": 3271, "CONDICION": "INTERMITENTE", "EDICION": "O", "FECHA": "1994-12-31", "LENGTHM": 543.6776, "ID_DRENA": 5, "FLOWDIR": 1, "ENABLED": 1, "DESC_ENABL": null, "CALI_REPR": 0, "SEQUENCEID": 2671.0, "ORDER_1": 1, "LEVEL_1": 3, "ARBSUM_1": 543.6776, "PATHL_1": 3300.4022 }, "geometry": { "type": "LineString", "coordinates": [ [ -103.4735848, 20.3631781 ], [ -103.4736903, 20.36317 ], [ -103.4738246, 20.3631441 ], [ -103.4739206, 20.3631269 ], [ -103.4740453, 20.3631099 ], [ -103.4741606, 20.3630748 ], [ -103.4743046, 20.3630399 ], [ -103.4744102, 20.3630137 ], [ -103.474535, 20.3629877 ], [ -103.4746503, 20.3629526 ], [ -103.4747654, 20.3629445 ], [ -103.474842, 20.3629452 ], [ -103.4749568, 20.3629643 ], [ -103.4750807, 20.3630196 ], [ -103.4751473, 20.3630653 ], [ -103.4752041, 20.3631381 ], [ -103.475261, 20.3632018 ], [ -103.4755088, 20.3633214 ], [ -103.475652, 20.3633769 ], [ -103.4757283, 20.3634137 ], [ -103.4758041, 20.3634956 ], [ -103.4758608, 20.3635684 ], [ -103.4759363, 20.3636865 ], [ -103.4760122, 20.3637685 ], [ -103.4760596, 20.3638141 ], [ -103.4761071, 20.3638596 ], [ -103.4762977, 20.3639607 ], [ -103.4763836, 20.3639885 ], [ -103.4764696, 20.3640073 ], [ -103.4766034, 20.3640446 ], [ -103.4767274, 20.3640909 ], [ -103.476928, 20.3641559 ], [ -103.4770619, 20.3641751 ], [ -103.4771956, 20.3642124 ], [ -103.4772912, 20.3642404 ], [ -103.4774059, 20.3642594 ], [ -103.4776167, 20.3642613 ], [ -103.4777411, 20.3642714 ], [ -103.4778653, 20.3643086 ], [ -103.4779703, 20.3643457 ], [ -103.4781422, 20.3643923 ], [ -103.4782852, 20.3644658 ] ] } },
{ "type": "Feature", "properties": { "ID": 6917177, "CVE_SUBC": "RH12Dc", "CLAVE50K": null, "TIPO": 101, "ENTIDAD": "CORRIENTE DE AGUA", "FC": 3271, "CONDICION": "INTERMITENTE", "EDICION": "N", "FECHA": "2007-11-09", "LENGTHM": 709.5427, "ID_DRENA": 6, "FLOWDIR": 1, "ENABLED": 1, "DESC_ENABL": null, "CALI_REPR": 1, "SEQUENCEID": 2980.0, "ORDER_1": 1, "LEVEL_1": 3, "ARBSUM_1": 2043.2058, "PATHL_1": 14268.2015 }, "geometry": { "type": "LineString", "coordinates": [ [ -103.5258974, 20.3541601 ], [ -103.5253843, 20.3546841 ], [ -103.5249798, 20.3554456 ], [ -103.5245515, 20.355969 ], [ -103.5239804, 20.3568732 ], [ -103.5238139, 20.358063 ], [ -103.5236235, 20.3586578 ], [ -103.5233618, 20.359562 ], [ -103.523066, 20.3598446 ] ] } },
{ "type": "Feature", "properties": { "ID": 6917179, "CVE_SUBC": "RH12Dc", "CLAVE50K": "f13d75", "TIPO": 101, "ENTIDAD": "CORRIENTE DE AGUA", "FC": 3271, "CONDICION": "INTERMITENTE", "EDICION": "O", "FECHA": "1994-12-31", "LENGTHM": 106.4808, "ID_DRENA": 6, "FLOWDIR": 1, "ENABLED": 1, "DESC_ENABL": null, "CALI_REPR": 0, "SEQUENCEID": 3186.0, "ORDER_1": 3, "LEVEL_1": 2, "ARBSUM_1": 4816.9819, "PATHL_1": 30953.7112 }, "geometry": { "type": "LineString", "coordinates": [ [ -103.4335462, 20.3467704 ], [ -103.4336242, 20.3466356 ], [ -103.4336345, 20.3465635 ], [ -103.4336447, 20.3465003 ], [ -103.4336741, 20.3464283 ], [ -103.4337035, 20.3463653 ], [ -103.4337719, 20.3462304 ], [ -103.433811, 20.3461495 ], [ -103.4338311, 20.3460593 ], [ -103.4338319, 20.345978 ], [ -103.4338331, 20.3458606 ] ] } },
{ "type": "Feature", "properties": { "ID": 6917181, "CVE_SUBC": "RH12Dc", "CLAVE50K": "f13d75", "TIPO": 101, "ENTIDAD": "CORRIENTE DE AGUA", "FC": 3271, "CONDICION": "INTERMITENTE", "EDICION": "O", "FECHA": "1994-12-31", "LENGTHM": 161.3115, "ID_DRENA": 5, "FLOWDIR": 1, "ENABLED": 1, "DESC_ENABL": null, "CALI_REPR": 0, "SEQUENCEID": 2732.0, "ORDER_1": 2, "LEVEL_1": 2, "ARBSUM_1": 1668.2762, "PATHL_1": 3027.2091 }, "geometry": { "type": "LineString", "coordinates": [ [ -103.487473, 20.3898948 ], [ -103.48756, 20.3898233 ], [ -103.4876372, 20.3897607 ], [ -103.4876954, 20.389689 ], [ -103.4877347, 20.3895899 ], [ -103.4877456, 20.3894545 ], [ -103.4877657, 20.3893553 ], [ -103.4878149, 20.3892293 ], [ -103.4879026, 20.3890765 ], [ -103.4880879, 20.3887438 ], [ -103.4881562, 20.3886179 ] ] } },
{ "type": "Feature", "properties": { "ID": 6917193, "CVE_SUBC": "RH12Dc", "CLAVE50K": null, "TIPO": 101, "ENTIDAD": "CORRIENTE DE AGUA", "FC": 3271, "CONDICION": "INTERMITENTE", "EDICION": "N", "FECHA": "2007-11-09", "LENGTHM": 56.6893, "ID_DRENA": 5, "FLOWDIR": 1, "ENABLED": 1, "DESC_ENABL": null, "CALI_REPR": 2, "SEQUENCEID": 2652.0, "ORDER_1": 2, "LEVEL_1": 1, "ARBSUM_1": 3562.4994, "PATHL_1": 3606.7442 }, "geometry": { "type": "LineString", "coordinates": [ [ -103.4842466, 20.3523852 ], [ -103.484416, 20.3522693 ], [ -103.4847176, 20.3521301 ] ] } },
{ "type": "Feature", "properties": { "ID": 6917201, "CVE_SUBC": "RH12Dc", "CLAVE50K": "f13d75", "TIPO": 101, "ENTIDAD": "CORRIENTE DE AGUA", "FC": 3271, "CONDICION": "INTERMITENTE", "EDICION": "O", "FECHA": "1994-12-31", "LENGTHM": 520.1643, "ID_DRENA": 6, "FLOWDIR": 1, "ENABLED": 1, "DESC_ENABL": null, "CALI_REPR": 0, "SEQUENCEID": 3241.0, "ORDER_1": 3, "LEVEL_1": 1, "ARBSUM_1": 16547.3364, "PATHL_1": 29246.3917 }, "geometry": { "type": "LineString", "coordinates": [ [ -103.4130012, 20.3251751 ], [ -103.4130018, 20.3251209 ], [ -103.4130027, 20.3250306 ], [ -103.4130237, 20.3248501 ], [ -103.4130439, 20.3247509 ], [ -103.413064, 20.3246518 ], [ -103.4131225, 20.3245529 ], [ -103.4131999, 20.3244723 ], [ -103.4132963, 20.3244099 ], [ -103.4133832, 20.3243475 ], [ -103.4135854, 20.3242319 ], [ -103.4136624, 20.3241965 ], [ -103.4137299, 20.3241519 ], [ -103.4138168, 20.3240804 ], [ -103.4139038, 20.3240089 ], [ -103.4139812, 20.3239283 ], [ -103.4140491, 20.3238386 ], [ -103.4140883, 20.3237577 ], [ -103.4140802, 20.3236131 ], [ -103.4140616, 20.3235587 ], [ -103.414062, 20.3235135 ], [ -103.414063, 20.3234142 ], [ -103.414083, 20.323333 ], [ -103.4141127, 20.323243 ], [ -103.4141326, 20.3231709 ], [ -103.4141428, 20.3231077 ], [ -103.4141531, 20.3230356 ], [ -103.4141732, 20.3229454 ], [ -103.41427, 20.3228379 ], [ -103.4143757, 20.3228027 ], [ -103.4144624, 20.3227583 ], [ -103.414511, 20.3226865 ], [ -103.4145309, 20.3226144 ], [ -103.4145604, 20.3225334 ], [ -103.4145994, 20.3224705 ], [ -103.4146572, 20.3224349 ], [ -103.4146866, 20.3223719 ], [ -103.4147062, 20.3223269 ], [ -103.4147739, 20.3222643 ], [ -103.4148125, 20.3222285 ], [ -103.4148607, 20.3222018 ], [ -103.4149665, 20.3221576 ], [ -103.4150057, 20.3220676 ], [ -103.4150066, 20.3219773 ], [ -103.4150073, 20.3219141 ], [ -103.4150367, 20.3218421 ], [ -103.4150758, 20.3217702 ], [ -103.4151053, 20.3216891 ], [ -103.4151156, 20.321617 ], [ -103.4151166, 20.3215266 ], [ -103.415098, 20.3214723 ], [ -103.4150317, 20.3213994 ], [ -103.4149939, 20.3213448 ] ] } },
{ "type": "Feature", "properties": { "ID": 6917211, "CVE_SUBC": "RH12Dc", "CLAVE50K": null, "TIPO": 101, "ENTIDAD": "CORRIENTE DE AGUA", "FC": 3271, "CONDICION": "INTERMITENTE", "EDICION": "N", "FECHA": "2007-11-09", "LENGTHM": 273.0234, "ID_DRENA": 6, "FLOWDIR": 1, "ENABLED": 1, "DESC_ENABL": null, "CALI_REPR": 1, "SEQUENCEID": 2963.0, "ORDER_1": 1, "LEVEL_1": 2, "ARBSUM_1": 1175.6467, "PATHL_1": 11480.799 }, "geometry": { "type": "LineString", "coordinates": [ [ -103.5276195, 20.3746451 ], [ -103.5273259, 20.3746383 ], [ -103.5270642, 20.3745193 ], [ -103.5267073, 20.3743052 ], [ -103.5265645, 20.3741862 ], [ -103.5262076, 20.37421 ], [ -103.5258031, 20.3740672 ], [ -103.5251658, 20.3740973 ] ] } },
{ "type": "Feature", "properties": { "ID": 6917213, "CVE_SUBC": "RH12Dc", "CLAVE50K": "f13d75", "TIPO": 101, "ENTIDAD": "CORRIENTE DE AGUA", "FC": 3271, "CONDICION": "INTERMITENTE", "EDICION": "O", "FECHA": "1994-12-31", "LENGTHM": 347.7144, "ID_DRENA": 6, "FLOWDIR": 1, "ENABLED": 1, "DESC_ENABL": null, "CALI_REPR": 0, "SEQUENCEID": 2887.0, "ORDER_1": 3, "LEVEL_1": 2, "ARBSUM_1": 6014.6363, "PATHL_1": 7925.8465 }, "geometry": { "type": "LineString", "coordinates": [ [ -103.5443464, 20.3929717 ], [ -103.5444133, 20.3929903 ], [ -103.5444801, 20.393018 ], [ -103.5445372, 20.3930636 ], [ -103.5446131, 20.3931365 ], [ -103.5446509, 20.3932 ], [ -103.5446881, 20.3933178 ], [ -103.5446876, 20.393372 ], [ -103.5447446, 20.3934267 ], [ -103.5448211, 20.3934364 ], [ -103.5448883, 20.3934279 ], [ -103.5449937, 20.3934197 ], [ -103.5450702, 20.3934384 ], [ -103.5451274, 20.393466 ], [ -103.5452034, 20.3935389 ], [ -103.5452312, 20.3936385 ], [ -103.5452494, 20.3937381 ], [ -103.5452584, 20.3938014 ], [ -103.5452574, 20.3939098 ], [ -103.5452569, 20.393964 ], [ -103.5452561, 20.3940453 ], [ -103.5453127, 20.3941451 ], [ -103.5453791, 20.3942179 ], [ -103.5454364, 20.3942365 ], [ -103.5455417, 20.3942464 ], [ -103.5456375, 20.3942472 ], [ -103.5457525, 20.3942482 ], [ -103.5458771, 20.3942402 ], [ -103.5459921, 20.3942411 ], [ -103.5460684, 20.3942779 ], [ -103.5461254, 20.3943326 ], [ -103.5461728, 20.3943781 ], [ -103.5461912, 20.3944596 ], [ -103.5462003, 20.3945139 ], [ -103.5462189, 20.3945773 ], [ -103.5462467, 20.3946769 ], [ -103.5462845, 20.3947314 ], [ -103.546299, 20.3947736 ] ] } },
{ "type": "Feature", "properties": { "ID": 6917223, "CVE_SUBC": "RH12Dc", "CLAVE50K": "f13d75", "TIPO": 101, "ENTIDAD": "CORRIENTE DE AGUA", "FC": 3271, "CONDICION": "INTERMITENTE", "EDICION": "O", "FECHA": "1994-12-31", "LENGTHM": 731.268, "ID_DRENA": 6, "FLOWDIR": 1, "ENABLED": 1, "DESC_ENABL": null, "CALI_REPR": 0, "SEQUENCEID": 3159.0, "ORDER_1": 4, "LEVEL_1": 1, "ARBSUM_1": 69456.3967, "PATHL_1": 23529.0709 }, "geometry": { "type": "LineString", "coordinates": [ [ -103.4513449, 20.311905 ], [ -103.451402, 20.3119326 ], [ -103.4514689, 20.3119513 ], [ -103.4515644, 20.3119792 ], [ -103.4516888, 20.3119894 ], [ -103.4517563, 20.3119358 ], [ -103.4518239, 20.3118821 ], [ -103.451872, 20.3118645 ], [ -103.4519201, 20.3118378 ], [ -103.451997, 20.3118114 ], [ -103.4520547, 20.3117848 ], [ -103.4521604, 20.3117496 ], [ -103.4522276, 20.3117321 ], [ -103.4524292, 20.3116797 ], [ -103.4524964, 20.3116622 ], [ -103.4525731, 20.3116539 ], [ -103.4526788, 20.3116187 ], [ -103.4527843, 20.3116016 ], [ -103.4528995, 20.3115755 ], [ -103.4529856, 20.3115762 ], [ -103.4531192, 20.3116226 ], [ -103.4531762, 20.3116773 ], [ -103.4532614, 20.3117774 ], [ -103.4533178, 20.3118773 ], [ -103.4533651, 20.311941 ], [ -103.4534024, 20.3120406 ], [ -103.4534492, 20.3121495 ], [ -103.4534676, 20.3122219 ], [ -103.453505, 20.3123126 ], [ -103.4535427, 20.3123761 ], [ -103.4535709, 20.3124306 ], [ -103.4536277, 20.3124943 ], [ -103.4536654, 20.3125579 ], [ -103.4537127, 20.3126125 ], [ -103.4537983, 20.3126765 ], [ -103.4538553, 20.3127222 ], [ -103.4539696, 20.3127774 ], [ -103.4540748, 20.3127964 ], [ -103.4541226, 20.3127968 ], [ -103.4542282, 20.3127707 ], [ -103.4543246, 20.3127083 ], [ -103.4543823, 20.3126907 ], [ -103.4544592, 20.3126553 ], [ -103.4545934, 20.3126474 ], [ -103.4547273, 20.3126576 ], [ -103.4548898, 20.3126862 ], [ -103.4549568, 20.3126958 ], [ -103.4550334, 20.3126965 ], [ -103.4552434, 20.3127616 ], [ -103.4553292, 20.3127984 ], [ -103.4554055, 20.3128353 ], [ -103.4556052, 20.3129725 ], [ -103.4556717, 20.3130273 ], [ -103.4557284, 20.3131091 ], [ -103.4557946, 20.313191 ], [ -103.4558894, 20.3132822 ], [ -103.4560605, 20.3134102 ], [ -103.4561463, 20.3134561 ], [ -103.4563083, 20.3135298 ], [ -103.456394, 20.3135848 ], [ -103.456451, 20.3136304 ], [ -103.4565457, 20.3137306 ], [ -103.4565931, 20.3137853 ], [ -103.4566308, 20.3138398 ], [ -103.456678, 20.3139125 ], [ -103.4567252, 20.3139852 ], [ -103.4567628, 20.3140487 ], [ -103.4568104, 20.3140853 ], [ -103.4568763, 20.3141943 ] ] } },
{ "type": "Feature", "properties": { "ID": 6917226, "CVE_SUBC": "RH12Dc", "CLAVE50K": "f13d75", "TIPO": 101, "ENTIDAD": "CORRIENTE DE AGUA", "FC": 3271, "CONDICION": "INTERMITENTE", "EDICION": "O", "FECHA": "1994-12-31", "LENGTHM": 740.7199, "ID_DRENA": 6, "FLOWDIR": 1, "ENABLED": 1, "DESC_ENABL": null, "CALI_REPR": 0, "SEQUENCEID": 2922.0, "ORDER_1": 1, "LEVEL_1": 3, "ARBSUM_1": 740.7199, "PATHL_1": 13010.8262 }, "geometry": { "type": "LineString", "coordinates": [ [ -103.5059963, 20.3985193 ], [ -103.5062357, 20.3985394 ], [ -103.5064174, 20.3985771 ], [ -103.5066181, 20.398624 ], [ -103.5067809, 20.3986344 ], [ -103.5070683, 20.3986369 ], [ -103.5072316, 20.3986022 ], [ -103.507433, 20.3985768 ], [ -103.5076054, 20.3985873 ], [ -103.5077776, 20.3986159 ], [ -103.507883, 20.3986168 ], [ -103.5082469, 20.3986289 ], [ -103.5084577, 20.3986307 ], [ -103.5085727, 20.3986317 ], [ -103.5086779, 20.3986507 ], [ -103.5087924, 20.3987059 ], [ -103.5088781, 20.3987608 ], [ -103.5089637, 20.3988248 ], [ -103.509088, 20.3988529 ], [ -103.5093363, 20.3989364 ], [ -103.5094891, 20.3989919 ], [ -103.5096227, 20.3990472 ], [ -103.5097179, 20.3991113 ], [ -103.5098609, 20.3991848 ], [ -103.5099946, 20.3992311 ], [ -103.5102532, 20.3992423 ], [ -103.5103682, 20.3992343 ], [ -103.5105888, 20.3992181 ], [ -103.5106753, 20.3991917 ], [ -103.5108577, 20.3991481 ], [ -103.5110689, 20.3991138 ], [ -103.5112126, 20.399115 ], [ -103.5113659, 20.3991163 ], [ -103.5114999, 20.3991265 ], [ -103.5117675, 20.3992011 ], [ -103.5118821, 20.3992382 ], [ -103.5120925, 20.3992851 ], [ -103.5122837, 20.3993229 ], [ -103.5125902, 20.3993346 ], [ -103.5127627, 20.399336 ], [ -103.5129063, 20.3993463 ] ] } },
{ "type": "Feature", "properties": { "ID": 6917227, "CVE_SUBC": "RH12Dc", "CLAVE50K": "f13d75", "TIPO": 101, "ENTIDAD": "CORRIENTE DE AGUA", "FC": 3271, "CONDICION": "INTERMITENTE", "EDICION": "O", "FECHA": "1994-12-31", "LENGTHM": 224.3798, "ID_DRENA": 6, "FLOWDIR": 1, "ENABLED": 1, "DESC_ENABL": null, "CALI_REPR": 0, "SEQUENCEID": 2902.0, "ORDER_1": 5, "LEVEL_1": 1, "ARBSUM_1": 234228.5367, "PATHL_1": 8780.163 }, "geometry": { "type": "LineString", "coordinates": [ [ -103.5380918, 20.3907241 ], [ -103.5381104, 20.3907874 ], [ -103.5381289, 20.3908508 ], [ -103.5381668, 20.3908963 ], [ -103.5382146, 20.3909148 ], [ -103.5383004, 20.3909517 ], [ -103.5384533, 20.3909981 ], [ -103.5385202, 20.3910167 ], [ -103.5386155, 20.3910717 ], [ -103.5387491, 20.3911271 ], [ -103.5388445, 20.391173 ], [ -103.5389878, 20.3912104 ], [ -103.5390834, 20.3912383 ], [ -103.5391599, 20.391257 ], [ -103.5392363, 20.3912847 ], [ -103.5393317, 20.3913217 ], [ -103.5394171, 20.3914127 ], [ -103.539493, 20.3914947 ], [ -103.5395688, 20.3915856 ], [ -103.5396738, 20.3916226 ], [ -103.5397789, 20.3916506 ], [ -103.5398939, 20.3916516 ] ] } },
{ "type": "Feature", "properties": { "ID": 6917228, "CVE_SUBC": "RH12Dc", "CLAVE50K": "f13d75", "TIPO": 101, "ENTIDAD": "CORRIENTE DE AGUA", "FC": 3271, "CONDICION": "INTERMITENTE", "EDICION": "O", "FECHA": "1994-12-31", "LENGTHM": 498.8355, "ID_DRENA": 6, "FLOWDIR": 1, "ENABLED": 1, "DESC_ENABL": null, "CALI_REPR": 0, "SEQUENCEID": 2910.0, "ORDER_1": 1, "LEVEL_1": 4, "ARBSUM_1": 498.8355, "PATHL_1": 10400.954 }, "geometry": { "type": "LineString", "coordinates": [ [ -103.5356151, 20.3942717 ], [ -103.5355288, 20.394271 ], [ -103.5354043, 20.3942699 ], [ -103.5353372, 20.3942694 ], [ -103.5352128, 20.3942593 ], [ -103.5350022, 20.3942395 ], [ -103.5349064, 20.3942387 ], [ -103.5347726, 20.3942014 ], [ -103.5346576, 20.3942004 ], [ -103.5345524, 20.3941815 ], [ -103.5344569, 20.3941445 ], [ -103.5343709, 20.3941167 ], [ -103.5343042, 20.39408 ], [ -103.5342566, 20.3940525 ], [ -103.5342089, 20.394025 ], [ -103.5340752, 20.3939787 ], [ -103.53398, 20.3939147 ], [ -103.533818, 20.393823 ], [ -103.5337416, 20.3937952 ], [ -103.533483, 20.393784 ], [ -103.5333201, 20.3937827 ], [ -103.5331477, 20.3937812 ], [ -103.5330521, 20.3937533 ], [ -103.5329471, 20.3937163 ], [ -103.5328518, 20.3936613 ], [ -103.5328044, 20.3936067 ], [ -103.5327569, 20.3935611 ], [ -103.5327189, 20.3935337 ], [ -103.5326616, 20.3935061 ], [ -103.5324894, 20.3934775 ], [ -103.5324225, 20.3934679 ], [ -103.5322509, 20.3933762 ], [ -103.5321173, 20.3933208 ], [ -103.5320028, 20.3932657 ], [ -103.5319267, 20.3932108 ], [ -103.5318698, 20.3931471 ], [ -103.5318227, 20.3930564 ], [ -103.5317948, 20.3929748 ], [ -103.5317381, 20.392884 ], [ -103.5316718, 20.3928112 ], [ -103.5316145, 20.3927836 ], [ -103.5315572, 20.392765 ], [ -103.5314902, 20.3927554 ], [ -103.5313662, 20.3927002 ] ] } },
{ "type": "Feature", "properties": { "ID": 6917231, "CVE_SUBC": "RH12Dc", "CLAVE50K": "f13d75", "TIPO": 101, "ENTIDAD": "CORRIENTE DE AGUA", "FC": 3271, "CONDICION": "INTERMITENTE", "EDICION": "O", "FECHA": "1994-12-31", "LENGTHM": 180.2955, "ID_DRENA": 5, "FLOWDIR": 1, "ENABLED": 1, "DESC_ENABL": null, "CALI_REPR": 0, "SEQUENCEID": 2688.0, "ORDER_1": 2, "LEVEL_1": 1, "ARBSUM_1": 2782.9026, "PATHL_1": 6381.554 }, "geometry": { "type": "LineString", "coordinates": [ [ -103.4497613, 20.3669972 ], [ -103.4499245, 20.3669626 ], [ -103.4500589, 20.3669367 ], [ -103.4502705, 20.3668482 ], [ -103.4505493, 20.3667513 ], [ -103.4506069, 20.3667337 ], [ -103.4506931, 20.3667345 ], [ -103.4507794, 20.3667262 ], [ -103.4508752, 20.3667271 ], [ -103.4509902, 20.3667281 ], [ -103.4512199, 20.3667482 ], [ -103.451325, 20.3667762 ], [ -103.4514397, 20.3667953 ] ] } },
{ "type": "Feature", "properties": { "ID": 6917232, "CVE_SUBC": "RH12Dc", "CLAVE50K": "f13d75", "TIPO": 101, "ENTIDAD": "CORRIENTE DE AGUA", "FC": 3271, "CONDICION": "INTERMITENTE", "EDICION": "O", "FECHA": "1994-12-31", "LENGTHM": 390.9073, "ID_DRENA": 5, "FLOWDIR": 1, "ENABLED": 1, "DESC_ENABL": null, "CALI_REPR": 0, "SEQUENCEID": 2654.0, "ORDER_1": 1, "LEVEL_1": 3, "ARBSUM_1": 390.9073, "PATHL_1": 3994.7561 }, "geometry": { "type": "LineString", "coordinates": [ [ -103.4779788, 20.3527282 ], [ -103.4780746, 20.352729 ], [ -103.4781893, 20.3527481 ], [ -103.4782849, 20.352767 ], [ -103.4783711, 20.3527677 ], [ -103.4784575, 20.3527504 ], [ -103.4785923, 20.3526793 ], [ -103.4788136, 20.3525728 ], [ -103.4789002, 20.3525374 ], [ -103.4790539, 20.3524936 ], [ -103.4791499, 20.3524673 ], [ -103.4793132, 20.3524236 ], [ -103.4794189, 20.3523884 ], [ -103.4795249, 20.3523261 ], [ -103.4796596, 20.352264 ], [ -103.479813, 20.3522473 ], [ -103.4799279, 20.3522573 ], [ -103.4800333, 20.3522492 ], [ -103.4801388, 20.352232 ], [ -103.4802157, 20.3522056 ], [ -103.480312, 20.3521522 ], [ -103.4803795, 20.3521076 ], [ -103.480514, 20.3520727 ], [ -103.4806483, 20.3520468 ], [ -103.4807924, 20.3520028 ], [ -103.4808886, 20.3519585 ], [ -103.4809947, 20.3518872 ], [ -103.4810527, 20.3518335 ], [ -103.481082, 20.3517795 ], [ -103.4811209, 20.3517166 ], [ -103.4811598, 20.3516537 ], [ -103.4812179, 20.351591 ], [ -103.4812375, 20.351546 ], [ -103.4813147, 20.3514924 ] ] } },
{ "type": "Feature", "properties": { "ID": 6917239, "CVE_SUBC": "RH12Dc", "CLAVE50K": null, "TIPO": 101, "ENTIDAD": "CORRIENTE DE AGUA", "FC": 3271, "CONDICION": "INTERMITENTE", "EDICION": "N", "FECHA": "2007-11-09", "LENGTHM": 507.8229, "ID_DRENA": 6, "FLOWDIR": 1, "ENABLED": 1, "DESC_ENABL": null, "CALI_REPR": 1, "SEQUENCEID": 3119.0, "ORDER_1": 2, "LEVEL_1": 2, "ARBSUM_1": 2948.3909, "PATHL_1": 22206.3822 }, "geometry": { "type": "LineString", "coordinates": [ [ -103.4585166, 20.3100441 ], [ -103.4589028, 20.3103705 ], [ -103.4592359, 20.3107512 ], [ -103.459569, 20.3110368 ], [ -103.4599021, 20.3112033 ], [ -103.4601639, 20.3112033 ], [ -103.4605446, 20.3113223 ], [ -103.4609967, 20.3114889 ], [ -103.4614964, 20.3115365 ], [ -103.4620437, 20.311703 ], [ -103.4624244, 20.3118458 ], [ -103.4627781, 20.3119697 ] ] } },
{ "type": "Feature", "properties": { "ID": 6917253, "CVE_SUBC": "RH12Dc", "CLAVE50K": null, "TIPO": 101, "ENTIDAD": "CORRIENTE DE AGUA", "FC": 3271, "CONDICION": "INTERMITENTE", "EDICION": "N", "FECHA": "2007-11-09", "LENGTHM": 384.7249, "ID_DRENA": 6, "FLOWDIR": 1, "ENABLED": 1, "DESC_ENABL": null, "CALI_REPR": 1, "SEQUENCEID": 2925.0, "ORDER_1": 1, "LEVEL_1": 3, "ARBSUM_1": 1097.1387, "PATHL_1": 11847.7754 }, "geometry": { "type": "LineString", "coordinates": [ [ -103.5118891, 20.3894244 ], [ -103.5120318, 20.3889485 ], [ -103.512246, 20.3886392 ], [ -103.5123174, 20.388544 ], [ -103.5125077, 20.3877588 ], [ -103.5126029, 20.3874733 ], [ -103.5127219, 20.387045 ], [ -103.5128885, 20.3866404 ], [ -103.5129836, 20.3863311 ], [ -103.513028, 20.3861306 ] ] } },
{ "type": "Feature", "properties": { "ID": 6917258, "CVE_SUBC": "RH12Dc", "CLAVE50K": null, "TIPO": 101, "ENTIDAD": "CORRIENTE DE AGUA", "FC": 3271, "CONDICION": "INTERMITENTE", "EDICION": "N", "FECHA": "2007-11-09", "LENGTHM": 266.757, "ID_DRENA": 6, "FLOWDIR": 1, "ENABLED": 1, "DESC_ENABL": null, "CALI_REPR": 1, "SEQUENCEID": 2931.0, "ORDER_1": 3, "LEVEL_1": 2, "ARBSUM_1": 7406.2286, "PATHL_1": 12142.3825 }, "geometry": { "type": "LineString", "coordinates": [ [ -103.5078062, 20.3869345 ], [ -103.5079728, 20.3867377 ], [ -103.5089483, 20.3864284 ], [ -103.5102175, 20.386446 ] ] } },
{ "type": "Feature", "properties": { "ID": 6917275, "CVE_SUBC": "RH12Dc", "CLAVE50K": "f13d75", "TIPO": 101, "ENTIDAD": "CORRIENTE DE AGUA", "FC": 3271, "CONDICION": "INTERMITENTE", "EDICION": "O", "FECHA": "1994-12-31", "LENGTHM": 6.885, "ID_DRENA": 6, "FLOWDIR": 1, "ENABLED": 1, "DESC_ENABL": null, "CALI_REPR": 0, "SEQUENCEID": 3049.0, "ORDER_1": 2, "LEVEL_1": 2, "ARBSUM_1": 1775.5733, "PATHL_1": 17070.6678 }, "geometry": { "type": "LineString", "coordinates": [ [ -103.5294485, 20.3453052 ], [ -103.529391, 20.3453361 ] ] } },
{ "type": "Feature", "properties": { "ID": 6917283, "CVE_SUBC": "RH12Dc", "CLAVE50K": "f13d75", "TIPO": 101, "ENTIDAD": "CORRIENTE DE AGUA", "FC": 3271, "CONDICION": "INTERMITENTE", "EDICION": "O", "FECHA": "1994-12-31", "LENGTHM": 577.7864, "ID_DRENA": 6, "FLOWDIR": 1, "ENABLED": 1, "DESC_ENABL": null, "CALI_REPR": 0, "SEQUENCEID": 3126.0, "ORDER_1": 4, "LEVEL_1": 1, "ARBSUM_1": 98847.7718, "PATHL_1": 20214.4067 }, "geometry": { "type": "LineString", "coordinates": [ [ -103.4721861, 20.3242208 ], [ -103.472253, 20.3242395 ], [ -103.4723006, 20.324267 ], [ -103.4723863, 20.3243129 ], [ -103.4724529, 20.3243587 ], [ -103.4725771, 20.3243868 ], [ -103.4727113, 20.324379 ], [ -103.4727592, 20.3243704 ], [ -103.4728264, 20.3243529 ], [ -103.4729226, 20.3243176 ], [ -103.4730573, 20.3242465 ], [ -103.473144, 20.3242021 ], [ -103.4732979, 20.3241312 ], [ -103.4734417, 20.3241144 ], [ -103.4738835, 20.3239917 ], [ -103.4740656, 20.3239752 ], [ -103.4742283, 20.3239857 ], [ -103.4743623, 20.3239959 ], [ -103.4745343, 20.3240335 ], [ -103.474601, 20.3240612 ], [ -103.4746674, 20.324125 ], [ -103.4747149, 20.3241706 ], [ -103.4747527, 20.3242252 ], [ -103.4747713, 20.3242795 ], [ -103.4747707, 20.3243428 ], [ -103.4747702, 20.3243879 ], [ -103.4747602, 20.324433 ], [ -103.474712, 20.3244687 ], [ -103.4746348, 20.3245222 ], [ -103.4745386, 20.3245666 ], [ -103.4744714, 20.3245841 ], [ -103.4743563, 20.3246011 ], [ -103.4742698, 20.3246365 ], [ -103.4742312, 20.3246633 ], [ -103.4742021, 20.3246992 ], [ -103.4741634, 20.324744 ], [ -103.4741437, 20.324798 ], [ -103.4741239, 20.3248611 ], [ -103.4741138, 20.3249152 ], [ -103.4741229, 20.3249695 ], [ -103.474151, 20.325033 ], [ -103.4742175, 20.3250878 ], [ -103.4743413, 20.3251521 ], [ -103.4744082, 20.3251707 ], [ -103.4745422, 20.3251809 ], [ -103.4746091, 20.3251905 ], [ -103.474724, 20.3252006 ], [ -103.4748579, 20.3252108 ], [ -103.4750013, 20.3252391 ], [ -103.4751065, 20.3252581 ], [ -103.4751827, 20.3252949 ], [ -103.4752494, 20.3253316 ], [ -103.4753633, 20.325432 ], [ -103.4754202, 20.3254957 ], [ -103.4754293, 20.325541 ], [ -103.4754402, 20.3256025 ] ] } },
{ "type": "Feature", "properties": { "ID": 6917288, "CVE_SUBC": "RH12Dc", "CLAVE50K": "f13d75", "TIPO": 101, "ENTIDAD": "CORRIENTE DE AGUA", "FC": 3271, "CONDICION": "INTERMITENTE", "EDICION": "O", "FECHA": "1994-12-31", "LENGTHM": 1067.5123, "ID_DRENA": 6, "FLOWDIR": 1, "ENABLED": 1, "DESC_ENABL": null, "CALI_REPR": 0, "SEQUENCEID": 2977.0, "ORDER_1": 1, "LEVEL_1": 2, "ARBSUM_1": 1067.5123, "PATHL_1": 14614.0221 }, "geometry": { "type": "LineString", "coordinates": [ [ -103.5364669, 20.3669509 ], [ -103.5361887, 20.3669937 ], [ -103.5360927, 20.36702 ], [ -103.5358244, 20.3670268 ], [ -103.5356711, 20.3670255 ], [ -103.5353074, 20.3669863 ], [ -103.5350494, 20.3669209 ], [ -103.5348586, 20.366838 ], [ -103.5346872, 20.3667282 ], [ -103.5345444, 20.3666276 ], [ -103.5344398, 20.3665454 ], [ -103.5343069, 20.3664268 ], [ -103.5341549, 20.36629 ], [ -103.5340504, 20.3661898 ], [ -103.5339459, 20.3660986 ], [ -103.5338128, 20.365989 ], [ -103.5336795, 20.3659066 ], [ -103.5335365, 20.3658332 ], [ -103.5334412, 20.3657782 ], [ -103.5333364, 20.3657231 ], [ -103.5332794, 20.3656684 ], [ -103.5331366, 20.3655768 ], [ -103.5330229, 20.3654404 ], [ -103.5329564, 20.3653856 ], [ -103.5329093, 20.3652949 ], [ -103.5328527, 20.3652041 ], [ -103.5327673, 20.365122 ], [ -103.5326817, 20.3650581 ], [ -103.5325198, 20.3649573 ], [ -103.5324436, 20.3649115 ], [ -103.532348, 20.3648836 ], [ -103.5322045, 20.3648643 ], [ -103.532061, 20.3648451 ], [ -103.5319272, 20.3648078 ], [ -103.5317838, 20.3647795 ], [ -103.5316311, 20.364715 ], [ -103.531488, 20.3646596 ], [ -103.5313352, 20.3646041 ], [ -103.5311633, 20.3645484 ], [ -103.5310585, 20.3644933 ], [ -103.5309155, 20.3644199 ], [ -103.5308202, 20.3643649 ], [ -103.5307343, 20.364328 ], [ -103.5306105, 20.3642547 ], [ -103.5305341, 20.3642269 ], [ -103.5303812, 20.3641895 ], [ -103.5300949, 20.3640697 ], [ -103.5300375, 20.3640692 ], [ -103.5299037, 20.3640319 ], [ -103.5297984, 20.364022 ], [ -103.5297124, 20.3640032 ], [ -103.529588, 20.3639841 ], [ -103.5294828, 20.3639651 ], [ -103.5293966, 20.3639644 ], [ -103.5292818, 20.3639454 ], [ -103.5291483, 20.36389 ], [ -103.5290052, 20.3638256 ], [ -103.5289002, 20.3637795 ], [ -103.5287666, 20.3637242 ], [ -103.5286522, 20.363669 ], [ -103.5285281, 20.3636228 ], [ -103.5283944, 20.3635856 ], [ -103.5282795, 20.3635756 ], [ -103.5280689, 20.3635557 ], [ -103.5279062, 20.3635453 ], [ -103.5277433, 20.363553 ], [ -103.5276377, 20.3635702 ], [ -103.5274746, 20.3636049 ], [ -103.5273593, 20.363631 ], [ -103.5273114, 20.3636397 ] ] } },
{ "type": "Feature", "properties": { "ID": 6917294, "CVE_SUBC": "RH12Dc", "CLAVE50K": "f13d75", "TIPO": 102, "ENTIDAD": "CANAL", "FC": 3180, "CONDICION": "EN OPERACION", "EDICION": "O", "FECHA": "2007-11-09", "LENGTHM": 287.463, "ID_DRENA": 6, "FLOWDIR": 1, "ENABLED": 1, "DESC_ENABL": null, "CALI_REPR": 0, "SEQUENCEID": 2957.0, "ORDER_1": 5, "LEVEL_1": 1, "ARBSUM_1": 211317.3876, "PATHL_1": 10676.8411 }, "geometry": { "type": "LineString", "coordinates": [ [ -103.5261908, 20.3786777 ], [ -103.5263661, 20.3794503 ], [ -103.5265591, 20.3803192 ], [ -103.5267066, 20.3809257 ], [ -103.5267619, 20.381152 ], [ -103.5267804, 20.3812244 ] ] } },
{ "type": "Feature", "properties": { "ID": 6917308, "CVE_SUBC": "RH12Dc", "CLAVE50K": "f13d75", "TIPO": 102, "ENTIDAD": "CANAL", "FC": 3180, "CONDICION": "EN OPERACION", "EDICION": "O", "FECHA": "2007-11-09", "LENGTHM": 373.7799, "ID_DRENA": 6, "FLOWDIR": 1, "ENABLED": 1, "DESC_ENABL": null, "CALI_REPR": 0, "SEQUENCEID": 3072.0, "ORDER_1": 5, "LEVEL_1": 1, "ARBSUM_1": 132596.7125, "PATHL_1": 17098.9125 }, "geometry": { "type": "LineString", "coordinates": [ [ -103.4988375, 20.329312 ], [ -103.4989044, 20.3293306 ], [ -103.4989617, 20.3293492 ], [ -103.499057, 20.3293952 ], [ -103.4991523, 20.3294412 ], [ -103.4993713, 20.3295785 ], [ -103.4995139, 20.3296882 ], [ -103.4997897, 20.3298893 ], [ -103.5002656, 20.3301915 ], [ -103.5006179, 20.3304113 ], [ -103.5010653, 20.3306952 ], [ -103.5015698, 20.3310157 ], [ -103.5018253, 20.331181 ] ] } },
{ "type": "Feature", "properties": { "ID": 6917315, "CVE_SUBC": "RH12Dc", "CLAVE50K": "f13d75", "TIPO": 101, "ENTIDAD": "CORRIENTE DE AGUA", "FC": 3271, "CONDICION": "INTERMITENTE", "EDICION": "O", "FECHA": "1994-12-31", "LENGTHM": 815.7739, "ID_DRENA": 5, "FLOWDIR": 1, "ENABLED": 1, "DESC_ENABL": null, "CALI_REPR": 0, "SEQUENCEID": 2674.0, "ORDER_1": 1, "LEVEL_1": 2, "ARBSUM_1": 815.7739, "PATHL_1": 3800.7086 }, "geometry": { "type": "LineString", "coordinates": [ [ -103.4665459, 20.3678321 ], [ -103.4667377, 20.3678157 ], [ -103.4668626, 20.3677807 ], [ -103.4669781, 20.3677185 ], [ -103.4672866, 20.3675224 ], [ -103.4674599, 20.3674336 ], [ -103.4675947, 20.3673625 ], [ -103.4677676, 20.3673189 ], [ -103.4679212, 20.3672841 ], [ -103.4680651, 20.3672673 ], [ -103.468161, 20.36725 ], [ -103.4685159, 20.367208 ], [ -103.4686696, 20.3671642 ], [ -103.4688714, 20.3671027 ], [ -103.4690734, 20.3670141 ], [ -103.4692179, 20.3669341 ], [ -103.4693624, 20.3668541 ], [ -103.4698913, 20.3666509 ], [ -103.4700454, 20.3665619 ], [ -103.4702186, 20.3664912 ], [ -103.4703919, 20.3664024 ], [ -103.4705265, 20.3663493 ], [ -103.4706804, 20.3662875 ], [ -103.470844, 20.3662076 ], [ -103.4710077, 20.3661187 ], [ -103.4711617, 20.3660478 ], [ -103.4713347, 20.3659951 ], [ -103.4714882, 20.3659693 ], [ -103.4716128, 20.3659614 ], [ -103.4717566, 20.3659536 ], [ -103.4718908, 20.3659367 ], [ -103.4720253, 20.3659017 ], [ -103.4721499, 20.3658938 ], [ -103.4722556, 20.3658676 ], [ -103.4724668, 20.3658153 ], [ -103.4727548, 20.3657546 ], [ -103.4728987, 20.3657287 ], [ -103.4730137, 20.3657297 ], [ -103.4731475, 20.365758 ], [ -103.4732719, 20.3657771 ], [ -103.473406, 20.3657783 ], [ -103.4735308, 20.3657523 ], [ -103.4736267, 20.3657351 ], [ -103.4737322, 20.365727 ], [ -103.4738185, 20.3657187 ], [ -103.4739143, 20.3657195 ] ] } },
{ "type": "Feature", "properties": { "ID": 6917317, "CVE_SUBC": "RH12Dc", "CLAVE50K": "f13d75", "TIPO": 101, "ENTIDAD": "CORRIENTE DE AGUA", "FC": 3271, "CONDICION": "INTERMITENTE", "EDICION": "O", "FECHA": "1994-12-31", "LENGTHM": 249.5835, "ID_DRENA": 6, "FLOWDIR": 1, "ENABLED": 1, "DESC_ENABL": null, "CALI_REPR": 0, "SEQUENCEID": 3249.0, "ORDER_1": 1, "LEVEL_1": 3, "ARBSUM_1": 249.5835, "PATHL_1": 32982.6072 }, "geometry": { "type": "LineString", "coordinates": [ [ -103.4113233, 20.3534805 ], [ -103.4113715, 20.3534538 ], [ -103.4114485, 20.3534184 ], [ -103.4115351, 20.353374 ], [ -103.4116217, 20.3533387 ], [ -103.4116698, 20.353321 ], [ -103.4117469, 20.3532766 ], [ -103.4117855, 20.3532408 ], [ -103.4118532, 20.3531782 ], [ -103.4118918, 20.3531514 ], [ -103.41195, 20.3530797 ], [ -103.4120177, 20.3530171 ], [ -103.4120854, 20.3529544 ], [ -103.4121627, 20.3528919 ], [ -103.4122013, 20.3528652 ], [ -103.4122398, 20.3528384 ], [ -103.412317, 20.3527849 ], [ -103.4123461, 20.352749 ], [ -103.4123847, 20.3527223 ], [ -103.4124429, 20.3526506 ], [ -103.4125011, 20.3525788 ], [ -103.4125497, 20.352507 ], [ -103.4125789, 20.3524621 ], [ -103.412637, 20.3523994 ], [ -103.4126757, 20.3523636 ], [ -103.4127338, 20.3523009 ], [ -103.4127629, 20.352265 ], [ -103.412792, 20.3522291 ], [ -103.4128408, 20.3521483 ], [ -103.41287, 20.3521034 ], [ -103.412909, 20.3520315 ], [ -103.4129577, 20.3519506 ], [ -103.4129678, 20.3519055 ] ] } },
{ "type": "Feature", "properties": { "ID": 6917334, "CVE_SUBC": "RH12Dc", "CLAVE50K": "f13d75", "TIPO": 101, "ENTIDAD": "CORRIENTE DE AGUA", "FC": 3271, "CONDICION": "INTERMITENTE", "EDICION": "O", "FECHA": "1994-12-31", "LENGTHM": 222.601, "ID_DRENA": 5, "FLOWDIR": 1, "ENABLED": 1, "DESC_ENABL": null, "CALI_REPR": 0, "SEQUENCEID": 2693.0, "ORDER_1": 2, "LEVEL_1": 1, "ARBSUM_1": 1635.2821, "PATHL_1": 6709.9381 }, "geometry": { "type": "LineString", "coordinates": [ [ -103.4462878, 20.3675716 ], [ -103.4466328, 20.3675566 ], [ -103.4468438, 20.3675314 ], [ -103.4470069, 20.3675058 ], [ -103.4472945, 20.3674812 ], [ -103.4476778, 20.3674756 ], [ -103.4478792, 20.3674503 ], [ -103.4480521, 20.3674066 ], [ -103.4481961, 20.3673718 ], [ -103.4484072, 20.3673375 ] ] } },
{ "type": "Feature", "properties": { "ID": 6917340, "CVE_SUBC": "RH12Dc", "CLAVE50K": "f13d75", "TIPO": 101, "ENTIDAD": "CORRIENTE DE AGUA", "FC": 3271, "CONDICION": "INTERMITENTE", "EDICION": "O", "FECHA": "1994-12-31", "LENGTHM": 195.1606, "ID_DRENA": 6, "FLOWDIR": 1, "ENABLED": 1, "DESC_ENABL": null, "CALI_REPR": 0, "SEQUENCEID": 3226.0, "ORDER_1": 2, "LEVEL_1": 2, "ARBSUM_1": 2595.941, "PATHL_1": 31780.1171 }, "geometry": { "type": "LineString", "coordinates": [ [ -103.4247096, 20.3501509 ], [ -103.424662, 20.3501143 ], [ -103.4245961, 20.3500053 ], [ -103.4245776, 20.3499419 ], [ -103.424559, 20.3498876 ], [ -103.4245403, 20.3498422 ], [ -103.4245121, 20.3497878 ], [ -103.4244756, 20.3496068 ], [ -103.4244765, 20.3495164 ], [ -103.4244588, 20.3493808 ], [ -103.4244405, 20.3492903 ], [ -103.4244126, 20.3492087 ], [ -103.4244042, 20.3490912 ], [ -103.4244051, 20.3490009 ], [ -103.4244157, 20.3489016 ], [ -103.4244263, 20.3488023 ], [ -103.4244366, 20.3487301 ], [ -103.4244373, 20.3486669 ], [ -103.4244099, 20.3485312 ], [ -103.4243916, 20.3484497 ] ] } },
{ "type": "Feature", "properties": { "ID": 6917348, "CVE_SUBC": "RH12Dc", "CLAVE50K": null, "TIPO": 101, "ENTIDAD": "CORRIENTE DE AGUA", "FC": 3271, "CONDICION": "INTERMITENTE", "EDICION": "N", "FECHA": "2007-11-09", "LENGTHM": 414.6795, "ID_DRENA": 6, "FLOWDIR": 1, "ENABLED": 1, "DESC_ENABL": null, "CALI_REPR": 1, "SEQUENCEID": 3074.0, "ORDER_1": 3, "LEVEL_1": 3, "ARBSUM_1": 7002.6047, "PATHL_1": 17953.0732 }, "geometry": { "type": "LineString", "coordinates": [ [ -103.5008037, 20.3234045 ], [ -103.5002665, 20.3238235 ], [ -103.4996954, 20.324109 ], [ -103.4993147, 20.3243469 ], [ -103.4990292, 20.3245135 ], [ -103.4987198, 20.3247752 ], [ -103.498125, 20.3249418 ], [ -103.4977918, 20.3252987 ], [ -103.4974818, 20.3253134 ] ] } },
{ "type": "Feature", "properties": { "ID": 6917355, "CVE_SUBC": "RH12Dc", "CLAVE50K": "f13d75", "TIPO": 101, "ENTIDAD": "CORRIENTE DE AGUA", "FC": 3271, "CONDICION": "INTERMITENTE", "EDICION": "O", "FECHA": "1994-12-31", "LENGTHM": 426.5338, "ID_DRENA": 6, "FLOWDIR": 1, "ENABLED": 1, "DESC_ENABL": null, "CALI_REPR": 0, "SEQUENCEID": 3255.0, "ORDER_1": 1, "LEVEL_1": 3, "ARBSUM_1": 426.5338, "PATHL_1": 32065.3023 }, "geometry": { "type": "LineString", "coordinates": [ [ -103.4164401, 20.3476641 ], [ -103.4164413, 20.3475467 ], [ -103.4163949, 20.3473927 ], [ -103.4163481, 20.3472929 ], [ -103.4162651, 20.346976 ], [ -103.4162278, 20.3468763 ], [ -103.4162098, 20.3467677 ], [ -103.4161917, 20.3466591 ], [ -103.4161837, 20.3465055 ], [ -103.4161843, 20.3464422 ], [ -103.416177, 20.3462254 ], [ -103.416159, 20.3461078 ], [ -103.4161318, 20.345954 ], [ -103.416105, 20.345773 ], [ -103.4161065, 20.3456195 ], [ -103.4161084, 20.3454388 ], [ -103.4160904, 20.3453212 ], [ -103.4160817, 20.3452398 ], [ -103.4160459, 20.3449866 ], [ -103.416037, 20.3449232 ], [ -103.416011, 20.344652 ], [ -103.415984, 20.3444801 ], [ -103.4159472, 20.3443352 ], [ -103.4159484, 20.3442178 ], [ -103.4159498, 20.3440823 ], [ -103.4159713, 20.3438476 ] ] } },
{ "type": "Feature", "properties": { "ID": 6917356, "CVE_SUBC": "RH12Dc", "CLAVE50K": "f13d75", "TIPO": 101, "ENTIDAD": "CORRIENTE DE AGUA", "FC": 3271, "CONDICION": "INTERMITENTE", "EDICION": "O", "FECHA": "1994-12-31", "LENGTHM": 605.6814, "ID_DRENA": 6, "FLOWDIR": 1, "ENABLED": 1, "DESC_ENABL": null, "CALI_REPR": 0, "SEQUENCEID": 3269.0, "ORDER_1": 1, "LEVEL_1": 2, "ARBSUM_1": 605.6814, "PATHL_1": 33623.9276 }, "geometry": { "type": "LineString", "coordinates": [ [ -103.4181733, 20.3597448 ], [ -103.4182328, 20.3597313 ], [ -103.4183095, 20.359723 ], [ -103.4185014, 20.3596976 ], [ -103.418818, 20.3596463 ], [ -103.4189527, 20.3595843 ], [ -103.4191551, 20.3594686 ], [ -103.4192614, 20.3593793 ], [ -103.4193294, 20.3592805 ], [ -103.4193778, 20.3592268 ], [ -103.4194268, 20.3591278 ], [ -103.4194866, 20.3588935 ], [ -103.4195266, 20.3587312 ], [ -103.4195465, 20.3586592 ], [ -103.4196248, 20.3584882 ], [ -103.4196641, 20.3583982 ], [ -103.4197429, 20.3581822 ], [ -103.4198215, 20.3579841 ], [ -103.4198802, 20.3578672 ], [ -103.4199775, 20.3577236 ], [ -103.4201617, 20.3574994 ], [ -103.4203258, 20.3573744 ] ] } },
{ "type": "Feature", "properties": { "ID": 6917363, "CVE_SUBC": "RH12Dc", "CLAVE50K": "f13d75", "TIPO": 101, "ENTIDAD": "CORRIENTE DE AGUA", "FC": 3271, "CONDICION": "INTERMITENTE", "EDICION": "O", "FECHA": "1994-12-31", "LENGTHM": 1161.4063, "ID_DRENA": 6, "FLOWDIR": 1, "ENABLED": 1, "DESC_ENABL": null, "CALI_REPR": 0, "SEQUENCEID": 3173.0, "ORDER_1": 3, "LEVEL_1": 2, "ARBSUM_1": 13194.2128, "PATHL_1": 27807.127 }, "geometry": { "type": "LineString", "coordinates": [ [ -103.4329943, 20.3293032 ], [ -103.4329955, 20.3291858 ], [ -103.4329675, 20.3291133 ], [ -103.432941, 20.3288872 ], [ -103.4329322, 20.3288149 ], [ -103.4329136, 20.3287605 ], [ -103.4329147, 20.3286521 ], [ -103.4329164, 20.3284805 ], [ -103.4329368, 20.3283542 ], [ -103.4329667, 20.328237 ], [ -103.4330062, 20.3281199 ], [ -103.4330268, 20.3279756 ], [ -103.4330281, 20.3278491 ], [ -103.4330102, 20.3277225 ], [ -103.4329634, 20.3276136 ], [ -103.4328977, 20.3274866 ], [ -103.4328508, 20.3273868 ], [ -103.4327949, 20.3272327 ], [ -103.4327573, 20.3271601 ], [ -103.4326732, 20.3269516 ], [ -103.4326358, 20.3268609 ], [ -103.4325887, 20.3267882 ], [ -103.4324656, 20.3266426 ], [ -103.432409, 20.3265608 ], [ -103.4323333, 20.3264697 ], [ -103.4322574, 20.3263968 ], [ -103.4321909, 20.326351 ], [ -103.4320956, 20.326296 ], [ -103.431962, 20.3262496 ], [ -103.4317803, 20.3262299 ], [ -103.4316941, 20.3262291 ], [ -103.4315696, 20.326228 ], [ -103.4314836, 20.3262092 ], [ -103.4313689, 20.3261901 ], [ -103.4311495, 20.3260978 ], [ -103.4310737, 20.3260158 ], [ -103.4309797, 20.3258433 ], [ -103.430952, 20.3257437 ], [ -103.4309247, 20.3255989 ], [ -103.4308973, 20.3254722 ], [ -103.4308037, 20.3252545 ], [ -103.430709, 20.3251453 ], [ -103.4306711, 20.3251088 ], [ -103.4306145, 20.325018 ], [ -103.4305579, 20.3249361 ], [ -103.430521, 20.3248003 ], [ -103.430522, 20.3247009 ], [ -103.4305327, 20.3245836 ], [ -103.4305525, 20.3245205 ], [ -103.4305826, 20.3243853 ], [ -103.4306118, 20.3243404 ], [ -103.4306416, 20.3242323 ], [ -103.4306432, 20.3240787 ], [ -103.4306348, 20.3239612 ], [ -103.4306164, 20.3238797 ], [ -103.4305893, 20.3237259 ], [ -103.4305999, 20.3236176 ], [ -103.4306395, 20.3234915 ], [ -103.4306788, 20.3233924 ], [ -103.4307661, 20.3232848 ], [ -103.4308736, 20.323069 ], [ -103.4308848, 20.3229155 ], [ -103.4308667, 20.3228069 ], [ -103.4307728, 20.3226164 ], [ -103.4307161, 20.3225436 ], [ -103.4306118, 20.3224433 ], [ -103.4305644, 20.3223887 ], [ -103.4305365, 20.3223162 ], [ -103.4305086, 20.3222256 ], [ -103.4304618, 20.3221258 ], [ -103.4303967, 20.3219264 ], [ -103.430369, 20.3218268 ], [ -103.4303703, 20.3217004 ], [ -103.4303714, 20.321592 ], [ -103.4303629, 20.3214835 ], [ -103.4303739, 20.321339 ], [ -103.4304038, 20.3212309 ], [ -103.430462, 20.3211501 ], [ -103.4305198, 20.3211145 ], [ -103.4305584, 20.3210878 ], [ -103.4306067, 20.3210521 ], [ -103.4306071, 20.3210069 ], [ -103.4305983, 20.3209345 ], [ -103.4305798, 20.3208711 ], [ -103.4305519, 20.3207896 ], [ -103.4305334, 20.3207172 ], [ -103.4305153, 20.3206176 ], [ -103.4304682, 20.3205359 ], [ -103.4304111, 20.3204992 ], [ -103.4303254, 20.3204533 ], [ -103.4302399, 20.3203893 ] ] } },
{ "type": "Feature", "properties": { "ID": 6917371, "CVE_SUBC": "RH12Dc", "CLAVE50K": "f13d75", "TIPO": 101, "ENTIDAD": "CORRIENTE DE AGUA", "FC": 3271, "CONDICION": "INTERMITENTE", "EDICION": "O", "FECHA": "1994-12-31", "LENGTHM": 1539.754, "ID_DRENA": 6, "FLOWDIR": 1, "ENABLED": 1, "DESC_ENABL": null, "CALI_REPR": 0, "SEQUENCEID": 3012.0, "ORDER_1": 2, "LEVEL_1": 3, "ARBSUM_1": 3427.8013, "PATHL_1": 20203.5163 }, "geometry": { "type": "LineString", "coordinates": [ [ -103.4610125, 20.3549102 ], [ -103.4610417, 20.3548653 ], [ -103.4611095, 20.3547846 ], [ -103.4611486, 20.3547126 ], [ -103.4611875, 20.3546498 ], [ -103.4612262, 20.3546049 ], [ -103.461294, 20.3545332 ], [ -103.4613329, 20.3544794 ], [ -103.4613721, 20.3543894 ], [ -103.4614499, 20.3542636 ], [ -103.4615467, 20.3541651 ], [ -103.4616437, 20.3540395 ], [ -103.4617213, 20.3539408 ], [ -103.4618085, 20.3538422 ], [ -103.4618955, 20.3537616 ], [ -103.4619537, 20.3536899 ], [ -103.4620595, 20.3536456 ], [ -103.4621847, 20.3535835 ], [ -103.4623193, 20.3535305 ], [ -103.462473, 20.3534867 ], [ -103.4625692, 20.3534424 ], [ -103.462656, 20.3533799 ], [ -103.4627525, 20.3533085 ], [ -103.4628203, 20.3532368 ], [ -103.4628978, 20.3531471 ], [ -103.4629656, 20.3530754 ], [ -103.4630527, 20.3529859 ], [ -103.4631397, 20.3529053 ], [ -103.4632365, 20.3527978 ], [ -103.4633044, 20.3527171 ], [ -103.4633915, 20.3526185 ], [ -103.4634501, 20.3525106 ], [ -103.4634607, 20.3524023 ], [ -103.4634999, 20.3523123 ], [ -103.463558, 20.3522496 ], [ -103.4636736, 20.3521873 ], [ -103.4637311, 20.3521788 ], [ -103.4637791, 20.3521702 ], [ -103.4639718, 20.3520544 ], [ -103.4642318, 20.3519212 ], [ -103.4643956, 20.3518233 ], [ -103.46454, 20.3517523 ], [ -103.4646362, 20.351708 ], [ -103.4646941, 20.3516633 ], [ -103.4647328, 20.3516275 ], [ -103.4647813, 20.3515647 ], [ -103.4648305, 20.3514296 ], [ -103.46486, 20.3513486 ], [ -103.4648798, 20.3512855 ], [ -103.4649001, 20.3511683 ], [ -103.4649111, 20.3510328 ], [ -103.4648927, 20.3509514 ], [ -103.4648743, 20.350879 ], [ -103.4648658, 20.3507705 ], [ -103.4648665, 20.3506982 ], [ -103.4648674, 20.3506079 ], [ -103.4648778, 20.3505176 ], [ -103.4649076, 20.3504095 ], [ -103.4649567, 20.3502925 ], [ -103.4649958, 20.3502115 ], [ -103.4650926, 20.350113 ], [ -103.465179, 20.3500866 ], [ -103.4652461, 20.3500872 ], [ -103.4653035, 20.3500877 ], [ -103.4653994, 20.3500796 ], [ -103.4654763, 20.3500531 ], [ -103.4655534, 20.3500086 ], [ -103.4656305, 20.3499551 ], [ -103.4656979, 20.3499196 ], [ -103.4657654, 20.349875 ], [ -103.4659109, 20.3496956 ], [ -103.4659502, 20.3495875 ], [ -103.4659895, 20.3494885 ], [ -103.4660576, 20.3493897 ], [ -103.4661253, 20.349318 ], [ -103.4662223, 20.3491924 ], [ -103.4663476, 20.3491122 ], [ -103.4665783, 20.3490329 ], [ -103.4666744, 20.3490067 ], [ -103.4667801, 20.3489715 ], [ -103.4668664, 20.3489542 ], [ -103.4669914, 20.3489101 ], [ -103.467068, 20.3489108 ], [ -103.4672307, 20.3489212 ], [ -103.4673263, 20.3489492 ], [ -103.4674022, 20.3490131 ], [ -103.4675262, 20.3490684 ], [ -103.4675933, 20.349069 ], [ -103.4676796, 20.3490607 ], [ -103.4678232, 20.3490619 ], [ -103.4678999, 20.3490536 ], [ -103.4679862, 20.3490453 ], [ -103.4680921, 20.348992 ], [ -103.4681404, 20.3489563 ], [ -103.4681886, 20.3489206 ], [ -103.4682178, 20.3488757 ], [ -103.4682858, 20.3487769 ], [ -103.468334, 20.3487412 ], [ -103.4684107, 20.3487419 ], [ -103.4684966, 20.3487697 ], [ -103.4685441, 20.3488063 ], [ -103.4686011, 20.3488519 ], [ -103.4686486, 20.3488975 ], [ -103.4686958, 20.3489612 ], [ -103.4687622, 20.349034 ], [ -103.4688191, 20.3490887 ], [ -103.4688665, 20.3491434 ], [ -103.4689329, 20.3492072 ], [ -103.4691038, 20.3493622 ], [ -103.4691512, 20.3494078 ], [ -103.4691699, 20.3494532 ], [ -103.4691886, 20.3494985 ], [ -103.4692166, 20.34958 ], [ -103.4692347, 20.3496886 ], [ -103.4692619, 20.3498424 ], [ -103.46929, 20.3499059 ], [ -103.4693844, 20.3500422 ], [ -103.469422, 20.3501148 ], [ -103.4694695, 20.3501604 ], [ -103.4695073, 20.3502059 ], [ -103.4695549, 20.3502425 ], [ -103.469631, 20.3502974 ], [ -103.4697263, 20.3503434 ], [ -103.4698406, 20.3504076 ], [ -103.4700114, 20.3505717 ], [ -103.4700777, 20.3506446 ], [ -103.4701817, 20.35079 ], [ -103.4702287, 20.3508808 ], [ -103.4702758, 20.3509534 ], [ -103.4703422, 20.3510263 ], [ -103.4704652, 20.3511719 ], [ -103.4705318, 20.3512177 ], [ -103.4706271, 20.3512727 ], [ -103.4707129, 20.3513096 ], [ -103.4707696, 20.3513914 ] ] } },
{ "type": "Feature", "properties": { "ID": 6917386, "CVE_SUBC": "RH12Dc", "CLAVE50K": "f13d75", "TIPO": 101, "ENTIDAD": "CORRIENTE DE AGUA", "FC": 3271, "CONDICION": "INTERMITENTE", "EDICION": "O", "FECHA": "1994-12-31", "LENGTHM": 477.9821, "ID_DRENA": 6, "FLOWDIR": 1, "ENABLED": 1, "DESC_ENABL": null, "CALI_REPR": 0, "SEQUENCEID": 3054.0, "ORDER_1": 1, "LEVEL_1": 3, "ARBSUM_1": 477.9821, "PATHL_1": 16672.9734 }, "geometry": { "type": "LineString", "coordinates": [ [ -103.5200042, 20.3322569 ], [ -103.5199738, 20.3324283 ], [ -103.5199341, 20.3325725 ], [ -103.5199241, 20.3326176 ], [ -103.5198458, 20.3327976 ], [ -103.5197193, 20.3330043 ], [ -103.5196804, 20.3330672 ], [ -103.5195645, 20.3331746 ], [ -103.5194772, 20.3332823 ], [ -103.519409, 20.3334082 ], [ -103.5193795, 20.3334893 ], [ -103.5193302, 20.3336334 ], [ -103.5192708, 20.3338407 ], [ -103.5192413, 20.3339217 ], [ -103.5191928, 20.3339846 ], [ -103.5191058, 20.3340651 ], [ -103.5189899, 20.3341725 ], [ -103.5189029, 20.3342531 ], [ -103.5188446, 20.334343 ], [ -103.518834, 20.3344513 ], [ -103.5188333, 20.3345236 ], [ -103.5188422, 20.3345959 ], [ -103.5188801, 20.3346414 ], [ -103.518918, 20.3346778 ], [ -103.5189559, 20.3347233 ], [ -103.5190126, 20.3348051 ], [ -103.5190122, 20.3348503 ], [ -103.5190115, 20.3349226 ], [ -103.5190013, 20.3349857 ], [ -103.518962, 20.3350938 ], [ -103.5189219, 20.3352741 ], [ -103.5189006, 20.3354998 ], [ -103.51889, 20.3356081 ], [ -103.5188787, 20.3357887 ], [ -103.5188674, 20.3359693 ], [ -103.5188652, 20.3361993 ] ] } },
{ "type": "Feature", "properties": { "ID": 6917389, "CVE_SUBC": "RH12Dc", "CLAVE50K": "f13d75", "TIPO": 101, "ENTIDAD": "CORRIENTE DE AGUA", "FC": 3271, "CONDICION": "INTERMITENTE", "EDICION": "O", "FECHA": "1994-12-31", "LENGTHM": 4059.2803, "ID_DRENA": 6, "FLOWDIR": 1, "ENABLED": 1, "DESC_ENABL": null, "CALI_REPR": 0, "SEQUENCEID": 3222.0, "ORDER_1": 2, "LEVEL_1": 2, "ARBSUM_1": 7615.4677, "PATHL_1": 27587.5724 }, "geometry": { "type": "LineString", "coordinates": [ [ -103.4241256, 20.3472819 ], [ -103.4241263, 20.3472187 ], [ -103.4241172, 20.3471735 ], [ -103.4240892, 20.3471009 ], [ -103.4240706, 20.3470466 ], [ -103.4240521, 20.3469832 ], [ -103.4240338, 20.3468927 ], [ -103.4240063, 20.346775 ], [ -103.4239889, 20.3466032 ], [ -103.4239519, 20.3464673 ], [ -103.4239143, 20.3464038 ], [ -103.4238671, 20.3463311 ], [ -103.4238293, 20.3462856 ], [ -103.4237819, 20.3462309 ], [ -103.4237441, 20.3461854 ], [ -103.4236401, 20.346049 ], [ -103.4235832, 20.3459943 ], [ -103.4235549, 20.3459488 ], [ -103.42346, 20.3458667 ], [ -103.4233843, 20.3457756 ], [ -103.4232328, 20.3456026 ], [ -103.4231666, 20.3455117 ], [ -103.4231007, 20.3454027 ], [ -103.4230822, 20.3453393 ], [ -103.4230356, 20.3452124 ], [ -103.423027, 20.345113 ], [ -103.4230185, 20.3450045 ], [ -103.4230196, 20.3448961 ], [ -103.4230302, 20.3447968 ], [ -103.42306, 20.3446977 ], [ -103.4230895, 20.3446167 ], [ -103.4231095, 20.3445356 ], [ -103.4231392, 20.3444364 ], [ -103.4231592, 20.3443553 ], [ -103.4231698, 20.344256 ], [ -103.4231707, 20.3441657 ], [ -103.4231812, 20.3440755 ], [ -103.4231917, 20.3439852 ], [ -103.4232022, 20.343895 ], [ -103.4232225, 20.3437868 ], [ -103.4232424, 20.3437056 ], [ -103.4232528, 20.3436244 ], [ -103.423273, 20.3435252 ], [ -103.4232954, 20.3432002 ], [ -103.4233065, 20.3430558 ], [ -103.4233267, 20.3429566 ], [ -103.4233467, 20.3428664 ], [ -103.4233859, 20.3427855 ], [ -103.4234152, 20.3427225 ], [ -103.4234447, 20.3426505 ], [ -103.4234839, 20.3425605 ], [ -103.4235039, 20.3424794 ], [ -103.4235541, 20.342254 ], [ -103.4235646, 20.3421638 ], [ -103.4235757, 20.3420103 ], [ -103.4235861, 20.3419291 ], [ -103.4235971, 20.3417937 ], [ -103.4236075, 20.3417125 ], [ -103.4236277, 20.3416043 ], [ -103.4236486, 20.3414328 ], [ -103.4236306, 20.3413152 ], [ -103.4236217, 20.3412519 ], [ -103.4236126, 20.3412066 ], [ -103.4236135, 20.3411163 ], [ -103.4236153, 20.3409357 ], [ -103.4236256, 20.3408725 ], [ -103.4236454, 20.3408095 ], [ -103.4236554, 20.3407644 ], [ -103.4237044, 20.3406564 ], [ -103.4237335, 20.3406205 ], [ -103.423792, 20.3405127 ], [ -103.4238412, 20.3403866 ], [ -103.4239098, 20.3402337 ], [ -103.4239295, 20.3401797 ], [ -103.4239788, 20.3400446 ], [ -103.4240184, 20.3399094 ], [ -103.4240387, 20.3398012 ], [ -103.4240492, 20.339711 ], [ -103.4240498, 20.3396478 ], [ -103.4240223, 20.3395301 ], [ -103.4240039, 20.3394576 ], [ -103.4239675, 20.3392676 ], [ -103.4239584, 20.3392223 ], [ -103.4239206, 20.3391678 ], [ -103.4238924, 20.3391133 ], [ -103.4238459, 20.3389774 ], [ -103.4238181, 20.3388868 ], [ -103.4237997, 20.3388144 ], [ -103.4237812, 20.338751 ], [ -103.4237532, 20.3386694 ], [ -103.4237635, 20.3386063 ], [ -103.423764, 20.3385521 ], [ -103.4237552, 20.3384798 ], [ -103.4237366, 20.3384254 ], [ -103.4236223, 20.3383611 ], [ -103.4235461, 20.3383152 ], [ -103.4235372, 20.3382519 ], [ -103.4235473, 20.3381978 ], [ -103.4235482, 20.3381165 ], [ -103.4235391, 20.3380622 ], [ -103.42353, 20.338017 ], [ -103.4235307, 20.3379447 ], [ -103.423551, 20.3378365 ], [ -103.4235611, 20.3377824 ], [ -103.4235617, 20.3377282 ], [ -103.4235239, 20.3376737 ], [ -103.4235056, 20.3375922 ], [ -103.423507, 20.3374477 ], [ -103.4235077, 20.3373844 ], [ -103.4235086, 20.3372941 ], [ -103.4234805, 20.3372306 ], [ -103.4234331, 20.337185 ], [ -103.4233858, 20.3371304 ], [ -103.4233288, 20.3370847 ], [ -103.4232337, 20.3370116 ], [ -103.4231482, 20.3369476 ], [ -103.4230436, 20.3368744 ], [ -103.4229579, 20.3368194 ], [ -103.4228625, 20.3367824 ], [ -103.4227482, 20.3367272 ], [ -103.422691, 20.3366995 ], [ -103.4226149, 20.3366446 ], [ -103.4225483, 20.3365989 ], [ -103.422501, 20.3365442 ], [ -103.4224258, 20.336399 ], [ -103.4224169, 20.3363357 ], [ -103.4223892, 20.3362361 ], [ -103.4223805, 20.3361457 ], [ -103.4223815, 20.3360463 ], [ -103.4223732, 20.3359288 ], [ -103.4223835, 20.3358566 ], [ -103.4224135, 20.3357304 ], [ -103.4224437, 20.3355862 ], [ -103.4224543, 20.3354869 ], [ -103.4224364, 20.3353602 ], [ -103.4224084, 20.3352877 ], [ -103.42238, 20.3352513 ], [ -103.4223135, 20.3351965 ], [ -103.4222278, 20.3351506 ], [ -103.42219, 20.335096 ], [ -103.422162, 20.3350326 ], [ -103.4221725, 20.3349423 ], [ -103.4222131, 20.3347168 ], [ -103.4222332, 20.3346176 ], [ -103.4222631, 20.3345005 ], [ -103.4222835, 20.3343832 ], [ -103.4222941, 20.3342839 ], [ -103.4222773, 20.3340489 ], [ -103.4222888, 20.3338593 ], [ -103.4222798, 20.333805 ], [ -103.4222427, 20.3336872 ], [ -103.4222153, 20.3335515 ], [ -103.4221973, 20.3334339 ], [ -103.4221984, 20.3333255 ], [ -103.42219, 20.333217 ], [ -103.4221911, 20.3331086 ], [ -103.4222031, 20.3328648 ], [ -103.422233, 20.3327477 ], [ -103.4222532, 20.3326485 ], [ -103.4222829, 20.3325494 ], [ -103.4222843, 20.3324139 ], [ -103.4222849, 20.3323597 ], [ -103.4222951, 20.3322965 ], [ -103.4223346, 20.3321794 ], [ -103.4223746, 20.3320082 ], [ -103.4223947, 20.331918 ], [ -103.4223955, 20.3318367 ], [ -103.4223874, 20.3316921 ], [ -103.4223692, 20.3316016 ], [ -103.4223513, 20.331475 ], [ -103.4223237, 20.3313663 ], [ -103.4223149, 20.3312849 ], [ -103.4223063, 20.3311945 ], [ -103.4223261, 20.3311315 ], [ -103.4223459, 20.3310594 ], [ -103.4223948, 20.3309604 ], [ -103.4224062, 20.3307889 ], [ -103.422417, 20.3306625 ], [ -103.422418, 20.3305632 ], [ -103.4224381, 20.330473 ], [ -103.4224868, 20.3303921 ], [ -103.4225546, 20.3303114 ], [ -103.4226319, 20.3302489 ], [ -103.4226994, 20.3302044 ], [ -103.4227767, 20.3301328 ], [ -103.4228347, 20.3300791 ], [ -103.4228737, 20.3300162 ], [ -103.4229133, 20.3298901 ], [ -103.4229237, 20.3298089 ], [ -103.4229534, 20.3297098 ], [ -103.4229926, 20.3296198 ], [ -103.4230318, 20.3295298 ], [ -103.4230518, 20.3294487 ], [ -103.4230625, 20.3293404 ], [ -103.4231026, 20.3291691 ], [ -103.4231129, 20.3290969 ], [ -103.4231521, 20.329007 ], [ -103.423191, 20.3289441 ], [ -103.4232683, 20.3288815 ], [ -103.423307, 20.3288367 ], [ -103.4233172, 20.3287826 ], [ -103.423337, 20.3287195 ], [ -103.4233664, 20.3286475 ], [ -103.4233861, 20.3285935 ], [ -103.4233965, 20.3285123 ], [ -103.4234646, 20.3284135 ], [ -103.4235129, 20.3283688 ], [ -103.4235518, 20.3283059 ], [ -103.4235714, 20.3282609 ], [ -103.4236204, 20.328153 ], [ -103.4236404, 20.3280718 ], [ -103.423641, 20.3280086 ], [ -103.423623, 20.3279 ], [ -103.4236235, 20.3278458 ], [ -103.4236336, 20.3278008 ], [ -103.4236533, 20.3277468 ], [ -103.4236729, 20.3277018 ], [ -103.4236929, 20.3276206 ], [ -103.4237318, 20.3275578 ], [ -103.4238094, 20.3274591 ], [ -103.4238386, 20.3274142 ], [ -103.4238872, 20.3273423 ], [ -103.4239167, 20.3272703 ], [ -103.4239363, 20.3272253 ], [ -103.4239752, 20.3271625 ], [ -103.4240237, 20.3271087 ], [ -103.4240818, 20.327046 ], [ -103.4241206, 20.3269921 ], [ -103.4241501, 20.3269201 ], [ -103.4241699, 20.3268571 ], [ -103.4241898, 20.326785 ], [ -103.4242099, 20.3266858 ], [ -103.4242492, 20.3265868 ], [ -103.4242979, 20.3265059 ], [ -103.4243465, 20.3264341 ], [ -103.4244045, 20.3263894 ], [ -103.4244336, 20.3263536 ], [ -103.4245206, 20.326264 ], [ -103.4245404, 20.3262009 ], [ -103.4245508, 20.3261197 ], [ -103.4245614, 20.3260205 ], [ -103.4245539, 20.3258216 ], [ -103.4245748, 20.3256412 ], [ -103.4245949, 20.325551 ], [ -103.4246343, 20.325443 ], [ -103.4246451, 20.3253256 ], [ -103.4246367, 20.3252081 ], [ -103.4246183, 20.3251357 ], [ -103.4246192, 20.3250453 ], [ -103.4246298, 20.3249461 ], [ -103.4246307, 20.3248557 ], [ -103.4246218, 20.3247834 ], [ -103.4245939, 20.3247018 ], [ -103.4245754, 20.3246384 ], [ -103.4245477, 20.3245388 ], [ -103.4245388, 20.3244664 ], [ -103.42454, 20.324349 ], [ -103.424541, 20.3242587 ], [ -103.424542, 20.3241593 ], [ -103.4245426, 20.3240961 ], [ -103.4244973, 20.3238428 ], [ -103.424451, 20.3236797 ], [ -103.4244331, 20.3235621 ], [ -103.424434, 20.3234718 ], [ -103.424435, 20.3233724 ], [ -103.424465, 20.3232462 ], [ -103.4244948, 20.3231381 ], [ -103.4245152, 20.3230208 ], [ -103.4245164, 20.3229034 ], [ -103.4245268, 20.3228222 ], [ -103.4245374, 20.3227229 ], [ -103.4245575, 20.3226237 ], [ -103.4245777, 20.3225245 ], [ -103.4246075, 20.3224164 ], [ -103.4246474, 20.3222632 ], [ -103.4246576, 20.3222 ], [ -103.4246994, 20.3218571 ], [ -103.4247294, 20.3217219 ], [ -103.42474, 20.3216226 ], [ -103.4247604, 20.3215054 ], [ -103.4247805, 20.3214062 ], [ -103.4248005, 20.3213251 ], [ -103.4248301, 20.321235 ], [ -103.4248503, 20.3211358 ], [ -103.424861, 20.3210275 ], [ -103.4248717, 20.3209102 ], [ -103.4248822, 20.3208199 ], [ -103.4249024, 20.3207207 ], [ -103.4249126, 20.3206576 ], [ -103.4249134, 20.3205763 ], [ -103.4248665, 20.3204855 ], [ -103.4248011, 20.3203223 ], [ -103.4247728, 20.3202769 ], [ -103.4247541, 20.3202316 ], [ -103.4247067, 20.320186 ], [ -103.4246883, 20.3201135 ], [ -103.4247175, 20.3200686 ], [ -103.424747, 20.3199876 ], [ -103.4247579, 20.3198612 ], [ -103.4247492, 20.3197708 ], [ -103.424683, 20.3196889 ], [ -103.4245779, 20.3196608 ], [ -103.4245306, 20.3196062 ], [ -103.4245317, 20.3194978 ], [ -103.4245706, 20.319444 ], [ -103.4245997, 20.3193991 ], [ -103.4246385, 20.3193542 ], [ -103.4246867, 20.3193185 ], [ -103.4247253, 20.3192918 ], [ -103.4247929, 20.3192382 ], [ -103.424813, 20.319148 ], [ -103.4247943, 20.3191027 ], [ -103.4247468, 20.3190571 ], [ -103.4247283, 20.3189937 ], [ -103.424748, 20.3189487 ], [ -103.4248156, 20.3188861 ], [ -103.4248352, 20.3188411 ], [ -103.4248549, 20.3187871 ], [ -103.424884, 20.3187512 ], [ -103.4248945, 20.318661 ], [ -103.4249051, 20.3185617 ], [ -103.4248974, 20.3183719 ], [ -103.4249464, 20.3182639 ], [ -103.4249756, 20.318219 ], [ -103.425005, 20.318147 ], [ -103.4250342, 20.3181021 ], [ -103.4251114, 20.3180486 ], [ -103.4251594, 20.31804 ], [ -103.4252459, 20.3180047 ], [ -103.4252559, 20.3179596 ], [ -103.4252471, 20.3178872 ], [ -103.4252287, 20.3178148 ], [ -103.4252485, 20.3177517 ], [ -103.4253162, 20.3176801 ], [ -103.4253744, 20.3176083 ], [ -103.4253946, 20.3175001 ], [ -103.4254048, 20.317446 ], [ -103.4254246, 20.3173829 ], [ -103.4254639, 20.3172839 ], [ -103.4255129, 20.3171669 ], [ -103.4255622, 20.3170319 ], [ -103.4255726, 20.3169506 ], [ -103.4256811, 20.3166354 ], [ -103.425721, 20.3164822 ], [ -103.4257505, 20.3164012 ], [ -103.4257998, 20.3162661 ], [ -103.4258297, 20.316149 ], [ -103.4259079, 20.315987 ], [ -103.4259473, 20.315879 ], [ -103.425968, 20.3157256 ], [ -103.4259981, 20.3155904 ], [ -103.4260186, 20.3154641 ], [ -103.4259911, 20.3153374 ], [ -103.4259166, 20.3151289 ], [ -103.4259283, 20.3149212 ], [ -103.4259302, 20.3147316 ], [ -103.4259315, 20.3146051 ], [ -103.4258852, 20.3144421 ], [ -103.4258569, 20.3144057 ], [ -103.4257809, 20.3143418 ], [ -103.4257241, 20.314278 ], [ -103.4256868, 20.3141783 ], [ -103.4256785, 20.3140518 ], [ -103.4256606, 20.3139251 ], [ -103.4256337, 20.3137442 ], [ -103.4255983, 20.3134638 ], [ -103.4255996, 20.3133284 ], [ -103.4255915, 20.3131837 ] ] } },
{ "type": "Feature", "properties": { "ID": 6917390, "CVE_SUBC": "RH12Dc", "CLAVE50K": "f13d75", "TIPO": 101, "ENTIDAD": "CORRIENTE DE AGUA", "FC": 3271, "CONDICION": "INTERMITENTE", "EDICION": "O", "FECHA": "1994-12-31", "LENGTHM": 11.3576, "ID_DRENA": 6, "FLOWDIR": 1, "ENABLED": 1, "DESC_ENABL": null, "CALI_REPR": 0, "SEQUENCEID": 3136.0, "ORDER_1": 2, "LEVEL_1": 2, "ARBSUM_1": 5947.2208, "PATHL_1": 25981.2174 }, "geometry": { "type": "LineString", "coordinates": [ [ -103.4522042, 20.3362227 ], [ -103.4522339, 20.3361236 ] ] } },
{ "type": "Feature", "properties": { "ID": 6917413, "CVE_SUBC": "RH12Dc", "CLAVE50K": "f13d75", "TIPO": 101, "ENTIDAD": "CORRIENTE DE AGUA", "FC": 3271, "CONDICION": "INTERMITENTE", "EDICION": "O", "FECHA": "1994-12-31", "LENGTHM": 148.6122, "ID_DRENA": 6, "FLOWDIR": 1, "ENABLED": 1, "DESC_ENABL": null, "CALI_REPR": 0, "SEQUENCEID": 3142.0, "ORDER_1": 2, "LEVEL_1": 2, "ARBSUM_1": 2680.3572, "PATHL_1": 27164.5496 }, "geometry": { "type": "LineString", "coordinates": [ [ -103.444169, 20.3428815 ], [ -103.4442548, 20.3429184 ], [ -103.4443216, 20.3429461 ], [ -103.4444455, 20.3430104 ], [ -103.4446454, 20.3431296 ], [ -103.4447122, 20.3431573 ], [ -103.4448173, 20.3431854 ], [ -103.4449226, 20.3431863 ], [ -103.4450856, 20.3431697 ], [ -103.4452006, 20.3431617 ], [ -103.4453253, 20.3431447 ], [ -103.4454118, 20.3431184 ], [ -103.4455078, 20.3430922 ] ] } },
{ "type": "Feature", "properties": { "ID": 6917420, "CVE_SUBC": "RH12Dc", "CLAVE50K": "f13d75", "TIPO": 101, "ENTIDAD": "CORRIENTE DE AGUA", "FC": 3271, "CONDICION": "INTERMITENTE", "EDICION": "O", "FECHA": "1994-12-31", "LENGTHM": 644.0348, "ID_DRENA": 6, "FLOWDIR": 1, "ENABLED": 1, "DESC_ENABL": null, "CALI_REPR": 0, "SEQUENCEID": 3071.0, "ORDER_1": 1, "LEVEL_1": 2, "ARBSUM_1": 644.0348, "PATHL_1": 18139.5772 }, "geometry": { "type": "LineString", "coordinates": [ [ -103.514552, 20.3255074 ], [ -103.514245, 20.325559 ], [ -103.514034, 20.3255933 ], [ -103.513737, 20.3256089 ], [ -103.5136698, 20.3256173 ], [ -103.513593, 20.3256347 ], [ -103.5134397, 20.3256425 ], [ -103.5133344, 20.3256416 ], [ -103.5132292, 20.3256226 ], [ -103.5131433, 20.3255948 ], [ -103.5130193, 20.3255395 ], [ -103.5129143, 20.3255025 ], [ -103.5126848, 20.3254644 ], [ -103.5125604, 20.3254543 ], [ -103.5123978, 20.3254349 ], [ -103.5123115, 20.3254432 ], [ -103.5122061, 20.3254513 ], [ -103.5121389, 20.3254688 ], [ -103.5120909, 20.3254864 ], [ -103.5120043, 20.3255218 ], [ -103.5119274, 20.3255483 ], [ -103.5118411, 20.3255656 ], [ -103.5117546, 20.325601 ], [ -103.511668, 20.3256364 ], [ -103.5116199, 20.3256631 ], [ -103.511572, 20.3256627 ], [ -103.5114949, 20.3257163 ], [ -103.5114276, 20.3257428 ], [ -103.5113218, 20.3257871 ], [ -103.5112156, 20.3258765 ], [ -103.5111577, 20.3259212 ], [ -103.5109645, 20.3261002 ], [ -103.5107718, 20.326216 ], [ -103.5106945, 20.3262876 ], [ -103.5105211, 20.3263946 ], [ -103.5103665, 20.3265378 ], [ -103.5102215, 20.3266721 ], [ -103.5100574, 20.3268152 ], [ -103.5099122, 20.3269675 ], [ -103.5098248, 20.3271023 ], [ -103.5097468, 20.3272372 ], [ -103.5095041, 20.3275784 ], [ -103.5094749, 20.3276323 ], [ -103.5094028, 20.3277175 ] ] } },
{ "type": "Feature", "properties": { "ID": 6917424, "CVE_SUBC": "RH12Dc", "CLAVE50K": "f13d75", "TIPO": 101, "ENTIDAD": "CORRIENTE DE AGUA", "FC": 3271, "CONDICION": "INTERMITENTE", "EDICION": "O", "FECHA": "1994-12-31", "LENGTHM": 659.7332, "ID_DRENA": 6, "FLOWDIR": 1, "ENABLED": 1, "DESC_ENABL": null, "CALI_REPR": 0, "SEQUENCEID": 3167.0, "ORDER_1": 1, "LEVEL_1": 2, "ARBSUM_1": 659.7332, "PATHL_1": 25546.5263 }, "geometry": { "type": "LineString", "coordinates": [ [ -103.4374323, 20.3041296 ], [ -103.43748, 20.3041481 ], [ -103.4376512, 20.3042581 ], [ -103.4378032, 20.3043769 ], [ -103.4379741, 20.3045229 ], [ -103.4381067, 20.3046687 ], [ -103.4382109, 20.304787 ], [ -103.4385133, 20.3051872 ], [ -103.438617, 20.3053508 ], [ -103.4387296, 20.3055776 ], [ -103.4388799, 20.305868 ], [ -103.4390211, 20.3061132 ], [ -103.4392001, 20.3064039 ], [ -103.439389, 20.3066675 ], [ -103.4395401, 20.3068767 ], [ -103.4396619, 20.3071397 ], [ -103.4397741, 20.3074118 ], [ -103.4398393, 20.307593 ], [ -103.4399232, 20.3078286 ], [ -103.4399849, 20.3083531 ], [ -103.4400603, 20.3084803 ], [ -103.4401265, 20.3085622 ], [ -103.4402118, 20.3086442 ], [ -103.4402595, 20.3086627 ], [ -103.4403649, 20.3086637 ], [ -103.4404989, 20.3086649 ], [ -103.440585, 20.3086747 ], [ -103.4406517, 20.3087114 ], [ -103.4407376, 20.3087302 ], [ -103.440795, 20.3087398 ], [ -103.4408231, 20.3088033 ] ] } },
{ "type": "Feature", "properties": { "ID": 6917436, "CVE_SUBC": "RH12Dc", "CLAVE50K": null, "TIPO": 101, "ENTIDAD": "CORRIENTE DE AGUA", "FC": 3271, "CONDICION": "INTERMITENTE", "EDICION": "N", "FECHA": "2007-11-09", "LENGTHM": 301.966, "ID_DRENA": 5, "FLOWDIR": 1, "ENABLED": 1, "DESC_ENABL": null, "CALI_REPR": 1, "SEQUENCEID": 2724.0, "ORDER_1": 3, "LEVEL_1": 1, "ARBSUM_1": 11945.0535, "PATHL_1": 687.1843 }, "geometry": { "type": "LineString", "coordinates": [ [ -103.5016528, 20.3767293 ], [ -103.5025217, 20.3741164 ] ] } },
{ "type": "Feature", "properties": { "ID": 6917443, "CVE_SUBC": "RH12Dc", "CLAVE50K": null, "TIPO": 101, "ENTIDAD": "CORRIENTE DE AGUA", "FC": 3271, "CONDICION": "INTERMITENTE", "EDICION": "N", "FECHA": "2007-11-09", "LENGTHM": 453.9497, "ID_DRENA": 5, "FLOWDIR": 1, "ENABLED": 1, "DESC_ENABL": null, "CALI_REPR": 1, "SEQUENCEID": 2714.0, "ORDER_1": 1, "LEVEL_1": 4, "ARBSUM_1": 832.3769, "PATHL_1": 2385.8655 }, "geometry": { "type": "LineString", "coordinates": [ [ -103.484009, 20.3776961 ], [ -103.4842168, 20.3774311 ], [ -103.4842168, 20.3770503 ], [ -103.4842168, 20.3767172 ], [ -103.4843596, 20.3764317 ], [ -103.4851924, 20.3760748 ], [ -103.4856207, 20.3760034 ], [ -103.4865011, 20.375694 ], [ -103.4870722, 20.3754323 ] ] } },
{ "type": "Feature", "properties": { "ID": 6917456, "CVE_SUBC": "RH12Dc", "CLAVE50K": "f13d75", "TIPO": 101, "ENTIDAD": "CORRIENTE DE AGUA", "FC": 3271, "CONDICION": "INTERMITENTE", "EDICION": "O", "FECHA": "1994-12-31", "LENGTHM": 976.0119, "ID_DRENA": 6, "FLOWDIR": 1, "ENABLED": 1, "DESC_ENABL": null, "CALI_REPR": 0, "SEQUENCEID": 3199.0, "ORDER_1": 1, "LEVEL_1": 2, "ARBSUM_1": 976.0119, "PATHL_1": 26466.3304 }, "geometry": { "type": "LineString", "coordinates": [ [ -103.4323436, 20.3007236 ], [ -103.4322592, 20.3014997 ], [ -103.4322559, 20.3018339 ], [ -103.4322155, 20.3020413 ], [ -103.4321738, 20.3023752 ], [ -103.4321219, 20.3027722 ], [ -103.4320707, 20.303106 ], [ -103.4319622, 20.3034212 ], [ -103.4318127, 20.3040071 ], [ -103.4317718, 20.3042597 ], [ -103.4317694, 20.3045036 ], [ -103.4318045, 20.3048201 ], [ -103.4318474, 20.3053083 ], [ -103.4323697, 20.3066951 ], [ -103.4325211, 20.3068772 ], [ -103.432568, 20.3069679 ], [ -103.4326713, 20.3071766 ], [ -103.4327838, 20.3074125 ], [ -103.432849, 20.3075938 ], [ -103.432886, 20.3077296 ], [ -103.4329133, 20.3078654 ], [ -103.4329493, 20.3081006 ], [ -103.4329558, 20.3083987 ], [ -103.4329719, 20.308706 ], [ -103.4330356, 20.3090408 ], [ -103.4331384, 20.3092857 ] ] } },
{ "type": "Feature", "properties": { "ID": 6917457, "CVE_SUBC": "RH12Dc", "CLAVE50K": "f13d75", "TIPO": 102, "ENTIDAD": "CANAL", "FC": 3180, "CONDICION": "EN OPERACION", "EDICION": "O", "FECHA": "2007-11-09", "LENGTHM": 420.5438, "ID_DRENA": 6, "FLOWDIR": 1, "ENABLED": 1, "DESC_ENABL": null, "CALI_REPR": 0, "SEQUENCEID": 3060.0, "ORDER_1": 5, "LEVEL_1": 1, "ARBSUM_1": 138502.3679, "PATHL_1": 15549.7135 }, "geometry": { "type": "LineString", "coordinates": [ [ -103.5092715, 20.3383581 ], [ -103.5093799, 20.3385446 ], [ -103.509483, 20.3387713 ], [ -103.5095114, 20.3388168 ], [ -103.509549, 20.3388893 ], [ -103.5095771, 20.3389528 ], [ -103.5096054, 20.3389982 ], [ -103.5096429, 20.3390799 ], [ -103.509717, 20.3393425 ], [ -103.5097356, 20.3394059 ], [ -103.5097542, 20.3394602 ], [ -103.5097722, 20.3395778 ], [ -103.5097716, 20.3396411 ], [ -103.5098073, 20.3399124 ], [ -103.5098066, 20.3399847 ], [ -103.5098323, 20.3403011 ], [ -103.5098414, 20.3403554 ], [ -103.5098785, 20.3404821 ], [ -103.5099338, 20.3407085 ], [ -103.5099429, 20.3407627 ], [ -103.5099604, 20.3409255 ], [ -103.5099789, 20.3409979 ], [ -103.5099874, 20.3411154 ], [ -103.5099962, 20.3411968 ], [ -103.5099954, 20.3412781 ], [ -103.5099946, 20.3413594 ], [ -103.5099936, 20.3414588 ], [ -103.5100026, 20.3415221 ], [ -103.5100114, 20.3416035 ], [ -103.5100288, 20.3417843 ], [ -103.5100376, 20.3418657 ], [ -103.510037, 20.341938 ], [ -103.5100458, 20.3420534 ] ] } },
{ "type": "Feature", "properties": { "ID": 6917460, "CVE_SUBC": "RH12Dc", "CLAVE50K": null, "TIPO": 101, "ENTIDAD": "CORRIENTE DE AGUA", "FC": 3271, "CONDICION": "INTERMITENTE", "EDICION": "N", "FECHA": "2007-11-09", "LENGTHM": 1746.1159, "ID_DRENA": 5, "FLOWDIR": 1, "ENABLED": 1, "DESC_ENABL": null, "CALI_REPR": 1, "SEQUENCEID": 2647.0, "ORDER_1": 2, "LEVEL_1": 1, "ARBSUM_1": 9177.2242, "PATHL_1": 0.0 }, "geometry": { "type": "LineString", "coordinates": [ [ -103.4991044, 20.3577603 ], [ -103.4997151, 20.3581552 ], [ -103.5000921, 20.3583227 ], [ -103.5003182, 20.3583813 ], [ -103.5005277, 20.358507 ], [ -103.5009046, 20.3587667 ], [ -103.5020633, 20.3598026 ], [ -103.5027331, 20.3604723 ], [ -103.5031796, 20.361291 ], [ -103.5034029, 20.3621096 ], [ -103.5035636, 20.3628329 ], [ -103.5043873, 20.3642211 ], [ -103.5049156, 20.3652549 ], [ -103.505416, 20.366157 ], [ -103.5059885, 20.3671353 ], [ -103.5066327, 20.368085 ], [ -103.5070884, 20.3690219 ], [ -103.5071269, 20.3699897 ], [ -103.5074853, 20.3708409 ] ] } },
{ "type": "Feature", "properties": { "ID": 6917470, "CVE_SUBC": "RH12Dc", "CLAVE50K": "f13d75", "TIPO": 101, "ENTIDAD": "CORRIENTE DE AGUA", "FC": 3271, "CONDICION": "INTERMITENTE", "EDICION": "O", "FECHA": "1994-12-31", "LENGTHM": 452.1956, "ID_DRENA": 6, "FLOWDIR": 1, "ENABLED": 1, "DESC_ENABL": null, "CALI_REPR": 0, "SEQUENCEID": 3239.0, "ORDER_1": 3, "LEVEL_1": 1, "ARBSUM_1": 19312.8365, "PATHL_1": 28794.1961 }, "geometry": { "type": "LineString", "coordinates": [ [ -103.4149939, 20.3213448 ], [ -103.4150806, 20.3212914 ], [ -103.4151768, 20.3212562 ], [ -103.4152535, 20.3212478 ], [ -103.4153396, 20.3212486 ], [ -103.4154162, 20.3212583 ], [ -103.4155022, 20.3212682 ], [ -103.4156269, 20.3212512 ], [ -103.4157419, 20.3212432 ], [ -103.4158857, 20.3212265 ], [ -103.4159814, 20.3212364 ], [ -103.4160768, 20.3212734 ], [ -103.4161818, 20.3213014 ], [ -103.4162869, 20.3213295 ], [ -103.4164017, 20.3213395 ], [ -103.4165165, 20.3213496 ], [ -103.4166219, 20.3213506 ], [ -103.4166986, 20.3213422 ], [ -103.4167944, 20.3213341 ], [ -103.4168618, 20.3212985 ], [ -103.4169296, 20.3212269 ], [ -103.4169302, 20.3211636 ], [ -103.4169501, 20.3210916 ], [ -103.4169697, 20.3210466 ], [ -103.4170375, 20.3209749 ], [ -103.4171048, 20.3209484 ], [ -103.4172103, 20.3209313 ], [ -103.4173159, 20.3209052 ], [ -103.4173831, 20.3208877 ], [ -103.4174601, 20.3208523 ], [ -103.4176046, 20.3207723 ], [ -103.4176532, 20.3207004 ], [ -103.4176734, 20.3205922 ], [ -103.4176742, 20.3205109 ], [ -103.417694, 20.3204479 ], [ -103.4177236, 20.3203668 ], [ -103.417763, 20.3202588 ], [ -103.417831, 20.32016 ], [ -103.4179276, 20.3200796 ], [ -103.4179856, 20.3200259 ], [ -103.4180724, 20.3199725 ], [ -103.4181971, 20.3199465 ], [ -103.4182929, 20.3199474 ], [ -103.4184652, 20.319949 ] ] } },
{ "type": "Feature", "properties": { "ID": 6917472, "CVE_SUBC": "RH12Dc", "CLAVE50K": "f13d75", "TIPO": 101, "ENTIDAD": "CORRIENTE DE AGUA", "FC": 3271, "CONDICION": "INTERMITENTE", "EDICION": "O", "FECHA": "1994-12-31", "LENGTHM": 335.0064, "ID_DRENA": 6, "FLOWDIR": 1, "ENABLED": 1, "DESC_ENABL": null, "CALI_REPR": 0, "SEQUENCEID": 3038.0, "ORDER_1": 2, "LEVEL_1": 2, "ARBSUM_1": 3519.5324, "PATHL_1": 23696.4957 }, "geometry": { "type": "LineString", "coordinates": [ [ -103.4466237, 20.3560204 ], [ -103.4466535, 20.3559123 ], [ -103.4466639, 20.355831 ], [ -103.4467129, 20.3557231 ], [ -103.4468398, 20.3554803 ], [ -103.4468598, 20.3553992 ], [ -103.4468702, 20.355318 ], [ -103.4468903, 20.3552188 ], [ -103.4469199, 20.3551377 ], [ -103.4469396, 20.3550837 ], [ -103.4469689, 20.3550207 ], [ -103.4469791, 20.3549666 ], [ -103.4469898, 20.3548493 ], [ -103.4469818, 20.3546956 ], [ -103.4469744, 20.3544787 ], [ -103.4469753, 20.3543884 ], [ -103.4469765, 20.354262 ], [ -103.446968, 20.3541625 ], [ -103.4469499, 20.3540539 ], [ -103.4469229, 20.3538821 ], [ -103.4468959, 20.3537011 ], [ -103.4468875, 20.3535836 ], [ -103.44688, 20.3533758 ], [ -103.4468907, 20.3532675 ], [ -103.4469014, 20.3531501 ], [ -103.446912, 20.3530508 ] ] } },
{ "type": "Feature", "properties": { "ID": 6917474, "CVE_SUBC": "RH12Dc", "CLAVE50K": "f13d75", "TIPO": 101, "ENTIDAD": "CORRIENTE DE AGUA", "FC": 3271, "CONDICION": "INTERMITENTE", "EDICION": "O", "FECHA": "1994-12-31", "LENGTHM": 526.0797, "ID_DRENA": 6, "FLOWDIR": 1, "ENABLED": 1, "DESC_ENABL": null, "CALI_REPR": 0, "SEQUENCEID": 3039.0, "ORDER_1": 1, "LEVEL_1": 3, "ARBSUM_1": 526.0797, "PATHL_1": 24031.5021 }, "geometry": { "type": "LineString", "coordinates": [ [ -103.4420495, 20.3555731 ], [ -103.442145, 20.3556011 ], [ -103.4423266, 20.3556388 ], [ -103.4424794, 20.3556944 ], [ -103.4425936, 20.3557677 ], [ -103.4426983, 20.3558319 ], [ -103.4428792, 20.3559419 ], [ -103.4429459, 20.3559786 ], [ -103.4430129, 20.3559792 ], [ -103.4431277, 20.3559983 ], [ -103.4432425, 20.3560084 ], [ -103.4433376, 20.3560815 ], [ -103.4434043, 20.3561092 ], [ -103.4434903, 20.356137 ], [ -103.4435761, 20.3561739 ], [ -103.4436618, 20.3562289 ], [ -103.4437284, 20.3562747 ], [ -103.443814, 20.3563296 ], [ -103.4438902, 20.3563755 ], [ -103.4439954, 20.3563855 ], [ -103.4441103, 20.3563955 ], [ -103.4442062, 20.3563873 ], [ -103.4444552, 20.3563896 ], [ -103.4445989, 20.3563908 ], [ -103.4446946, 20.3563917 ], [ -103.4448286, 20.3564109 ], [ -103.4449434, 20.356421 ], [ -103.4450293, 20.3564489 ], [ -103.4451248, 20.3564768 ], [ -103.4452678, 20.3565504 ], [ -103.4454398, 20.356588 ], [ -103.445727, 20.3566087 ], [ -103.4457941, 20.3566002 ], [ -103.4458806, 20.3565739 ], [ -103.4459287, 20.3565562 ], [ -103.4459961, 20.3565207 ], [ -103.446054, 20.3564761 ], [ -103.446208, 20.3563961 ], [ -103.4462852, 20.3563426 ], [ -103.4463336, 20.3562888 ], [ -103.4463916, 20.3562352 ], [ -103.4464401, 20.3561814 ], [ -103.4465175, 20.3561008 ], [ -103.4465563, 20.3560559 ], [ -103.4466237, 20.3560204 ] ] } },
{ "type": "Feature", "properties": { "ID": 6917476, "CVE_SUBC": "RH12Dc", "CLAVE50K": null, "TIPO": 101, "ENTIDAD": "CORRIENTE DE AGUA", "FC": 3271, "CONDICION": "INTERMITENTE", "EDICION": "N", "FECHA": "2007-11-09", "LENGTHM": 143.081, "ID_DRENA": 5, "FLOWDIR": 1, "ENABLED": 1, "DESC_ENABL": null, "CALI_REPR": 1, "SEQUENCEID": 2707.0, "ORDER_1": 1, "LEVEL_1": 2, "ARBSUM_1": 2056.1123, "PATHL_1": 3131.5898 }, "geometry": { "type": "LineString", "coordinates": [ [ -103.480024, 20.3747833 ], [ -103.4800325, 20.3745819 ], [ -103.479985, 20.3744392 ], [ -103.479985, 20.3741536 ], [ -103.479985, 20.3738919 ], [ -103.4801373, 20.3735196 ] ] } },
{ "type": "Feature", "properties": { "ID": 6917477, "CVE_SUBC": "RH12Dc", "CLAVE50K": "f13d75", "TIPO": 101, "ENTIDAD": "CORRIENTE DE AGUA", "FC": 3271, "CONDICION": "INTERMITENTE", "EDICION": "O", "FECHA": "1994-12-31", "LENGTHM": 1240.8198, "ID_DRENA": 5, "FLOWDIR": 1, "ENABLED": 1, "DESC_ENABL": null, "CALI_REPR": 0, "SEQUENCEID": 2676.0, "ORDER_1": 1, "LEVEL_1": 2, "ARBSUM_1": 1240.8198, "PATHL_1": 4306.1981 }, "geometry": { "type": "LineString", "coordinates": [ [ -103.4613782, 20.3692411 ], [ -103.4614559, 20.3691333 ], [ -103.4614947, 20.3690795 ], [ -103.4615624, 20.3690168 ], [ -103.4616204, 20.3689632 ], [ -103.4616976, 20.3689006 ], [ -103.4617558, 20.3688379 ], [ -103.4618814, 20.3687306 ], [ -103.4619394, 20.3686769 ], [ -103.462007, 20.3686142 ], [ -103.4621229, 20.3685249 ], [ -103.4621521, 20.36848 ], [ -103.462191, 20.3684171 ], [ -103.4622393, 20.3683814 ], [ -103.4622876, 20.3683367 ], [ -103.4623649, 20.3682651 ], [ -103.4624035, 20.3682383 ], [ -103.4624616, 20.3681756 ], [ -103.4625874, 20.3680502 ], [ -103.4627032, 20.3679609 ], [ -103.4627707, 20.3679163 ], [ -103.4628, 20.3678624 ], [ -103.4628484, 20.3678086 ], [ -103.462897, 20.3677458 ], [ -103.4629837, 20.3676924 ], [ -103.4630414, 20.3676748 ], [ -103.4630894, 20.3676572 ], [ -103.4631471, 20.3676396 ], [ -103.4632048, 20.367613 ], [ -103.4632629, 20.3675503 ], [ -103.4633019, 20.3674874 ], [ -103.4634086, 20.3673528 ], [ -103.4634571, 20.36729 ], [ -103.4635151, 20.3672363 ], [ -103.4635538, 20.3672005 ], [ -103.4636117, 20.3671559 ], [ -103.4636599, 20.3671202 ], [ -103.4637083, 20.3670754 ], [ -103.4637566, 20.3670307 ], [ -103.4638242, 20.366977 ], [ -103.4639402, 20.3668697 ], [ -103.4640369, 20.3667802 ], [ -103.4641047, 20.3667085 ], [ -103.464182, 20.3666369 ], [ -103.4642304, 20.3665922 ], [ -103.464298, 20.3665295 ], [ -103.4643657, 20.3664669 ], [ -103.4644141, 20.3664221 ], [ -103.4644722, 20.3663594 ], [ -103.464511, 20.3663056 ], [ -103.4645789, 20.3662248 ], [ -103.464637, 20.3661621 ], [ -103.4646854, 20.3661084 ], [ -103.4647435, 20.3660456 ], [ -103.4648015, 20.3659919 ], [ -103.4648499, 20.3659382 ], [ -103.4648888, 20.3658843 ], [ -103.4649469, 20.3658216 ], [ -103.4649954, 20.3657588 ], [ -103.4650536, 20.365687 ], [ -103.4651212, 20.3656244 ], [ -103.4651889, 20.3655617 ], [ -103.4652276, 20.3655259 ], [ -103.4652758, 20.3654902 ], [ -103.4653724, 20.3654098 ], [ -103.465421, 20.3653469 ], [ -103.4654597, 20.3653021 ], [ -103.4654986, 20.3652482 ], [ -103.4655374, 20.3651944 ], [ -103.4655763, 20.3651405 ], [ -103.465644, 20.3650688 ], [ -103.4656925, 20.3650151 ], [ -103.4657412, 20.3649342 ], [ -103.4657799, 20.3648894 ], [ -103.4658187, 20.3648445 ], [ -103.4658767, 20.3647908 ], [ -103.4659251, 20.3647371 ], [ -103.4659639, 20.3646922 ], [ -103.4660123, 20.3646385 ], [ -103.4660511, 20.3645936 ], [ -103.4661286, 20.364504 ], [ -103.4661866, 20.3644503 ], [ -103.4662928, 20.3643609 ], [ -103.4663609, 20.3642621 ], [ -103.4664096, 20.3641812 ], [ -103.4664583, 20.3641004 ], [ -103.466507, 20.3640104 ], [ -103.4665462, 20.3639295 ], [ -103.4665756, 20.3638575 ], [ -103.4666245, 20.3637585 ], [ -103.4666538, 20.3636956 ], [ -103.466693, 20.3636146 ], [ -103.4667128, 20.3635515 ], [ -103.4667229, 20.3634974 ], [ -103.4667619, 20.3634255 ], [ -103.4668107, 20.3633356 ], [ -103.4668591, 20.3632818 ], [ -103.466898, 20.3632279 ], [ -103.4669756, 20.3631202 ], [ -103.4670341, 20.3630214 ], [ -103.4670827, 20.3629495 ], [ -103.4671312, 20.3628867 ], [ -103.4671894, 20.3628149 ], [ -103.4672574, 20.3627162 ], [ -103.4673156, 20.3626444 ], [ -103.467393, 20.3625728 ], [ -103.4674414, 20.362519 ], [ -103.4675185, 20.3624745 ], [ -103.467586, 20.3624209 ], [ -103.4676727, 20.3623765 ], [ -103.4677792, 20.36226 ], [ -103.4678276, 20.3622062 ], [ -103.4678664, 20.3621614 ], [ -103.4679243, 20.3621168 ], [ -103.4679821, 20.3620902 ], [ -103.468059, 20.3620547 ], [ -103.4681263, 20.3620372 ], [ -103.4682031, 20.3620198 ], [ -103.4682894, 20.3620115 ], [ -103.468433, 20.3620128 ], [ -103.4684907, 20.3619952 ], [ -103.4685484, 20.3619686 ], [ -103.4685967, 20.3619329 ], [ -103.468664, 20.3619064 ], [ -103.4687121, 20.3618888 ], [ -103.4687794, 20.3618623 ], [ -103.468837, 20.3618447 ], [ -103.4689045, 20.3618001 ], [ -103.4689529, 20.3617554 ], [ -103.469001, 20.3617287 ], [ -103.4690685, 20.3616841 ], [ -103.4691359, 20.3616486 ], [ -103.4691842, 20.3616129 ], [ -103.4692611, 20.3615864 ], [ -103.4693959, 20.3615154 ], [ -103.4694536, 20.3614888 ], [ -103.4695308, 20.3614352 ] ] } },
{ "type": "Feature", "properties": { "ID": 6917480, "CVE_SUBC": "RH12Dc", "CLAVE50K": "f13d75", "TIPO": 101, "ENTIDAD": "CORRIENTE DE AGUA", "FC": 3271, "CONDICION": "INTERMITENTE", "EDICION": "O", "FECHA": "1994-12-31", "LENGTHM": 712.1851, "ID_DRENA": 6, "FLOWDIR": 1, "ENABLED": 1, "DESC_ENABL": null, "CALI_REPR": 0, "SEQUENCEID": 3111.0, "ORDER_1": 2, "LEVEL_1": 2, "ARBSUM_1": 3053.101, "PATHL_1": 21438.5883 }, "geometry": { "type": "LineString", "coordinates": [ [ -103.4909055, 20.3018617 ], [ -103.490867, 20.3018885 ], [ -103.4907896, 20.3019691 ], [ -103.4907309, 20.3020951 ], [ -103.4906824, 20.3021579 ], [ -103.4906051, 20.3022295 ], [ -103.4905472, 20.3022832 ], [ -103.4904319, 20.3023184 ], [ -103.4903553, 20.3023177 ], [ -103.4902499, 20.3023258 ], [ -103.4901158, 20.3023247 ], [ -103.4900008, 20.3023417 ], [ -103.4898185, 20.3023763 ], [ -103.4897322, 20.3023936 ], [ -103.4896169, 20.3024288 ], [ -103.4895114, 20.3024459 ], [ -103.4893196, 20.3024804 ], [ -103.4891753, 20.3025424 ], [ -103.4891079, 20.302587 ], [ -103.4889922, 20.3026673 ], [ -103.4889436, 20.3027391 ], [ -103.4889336, 20.3027842 ], [ -103.4888163, 20.3030271 ], [ -103.4887966, 20.3030902 ], [ -103.4887575, 20.3031712 ], [ -103.4887375, 20.3032523 ], [ -103.4887175, 20.3033425 ], [ -103.4886976, 20.3034236 ], [ -103.4886486, 20.3035316 ], [ -103.4885521, 20.3036121 ], [ -103.4884746, 20.3037017 ], [ -103.4883779, 20.3038003 ], [ -103.4883198, 20.303872 ], [ -103.4882229, 20.3039886 ], [ -103.488145, 20.3041235 ], [ -103.4880961, 20.3042224 ], [ -103.488047, 20.3043485 ], [ -103.4878615, 20.3047173 ], [ -103.4878416, 20.3047894 ], [ -103.4878221, 20.3048344 ], [ -103.4877734, 20.3049153 ], [ -103.4877154, 20.304969 ], [ -103.4876287, 20.3050224 ], [ -103.4875324, 20.3050758 ], [ -103.4873784, 20.3051648 ], [ -103.4872531, 20.305245 ], [ -103.4871183, 20.3053161 ], [ -103.4870508, 20.3053697 ], [ -103.4869158, 20.3054679 ], [ -103.4868, 20.3055573 ], [ -103.486665, 20.3056555 ], [ -103.486549, 20.3057629 ], [ -103.4864716, 20.3058526 ], [ -103.4864227, 20.3059515 ], [ -103.4863933, 20.3060235 ], [ -103.4863735, 20.3060866 ] ] } },
{ "type": "Feature", "properties": { "ID": 6917481, "CVE_SUBC": "RH12Dc", "CLAVE50K": "f13d75", "TIPO": 101, "ENTIDAD": "CORRIENTE DE AGUA", "FC": 3271, "CONDICION": "INTERMITENTE", "EDICION": "O", "FECHA": "1994-12-31", "LENGTHM": 398.1769, "ID_DRENA": 6, "FLOWDIR": 1, "ENABLED": 1, "DESC_ENABL": null, "CALI_REPR": 0, "SEQUENCEID": 3192.0, "ORDER_1": 1, "LEVEL_1": 3, "ARBSUM_1": 398.1769, "PATHL_1": 31351.4777 }, "geometry": { "type": "LineString", "coordinates": [ [ -103.4288715, 20.350613 ], [ -103.4289389, 20.3505774 ], [ -103.4290447, 20.3505332 ], [ -103.4291797, 20.3504441 ], [ -103.4292669, 20.3503455 ], [ -103.4293156, 20.3502646 ], [ -103.4293647, 20.3501476 ], [ -103.4293942, 20.3500666 ], [ -103.4294241, 20.3499585 ], [ -103.4294441, 20.3498683 ], [ -103.4294738, 20.3497782 ], [ -103.4294936, 20.3497152 ], [ -103.4295716, 20.3495804 ], [ -103.4297172, 20.349383 ], [ -103.429804, 20.3493295 ], [ -103.4299482, 20.3492766 ], [ -103.4300731, 20.3492326 ], [ -103.4302464, 20.3491438 ], [ -103.4303719, 20.3490546 ], [ -103.4305263, 20.3489385 ], [ -103.4306224, 20.3489033 ], [ -103.4306995, 20.3488588 ], [ -103.4308341, 20.3488058 ], [ -103.4309976, 20.348744 ], [ -103.4311229, 20.3486639 ], [ -103.431296, 20.3485931 ], [ -103.4314595, 20.3485314 ], [ -103.4315654, 20.3484781 ], [ -103.4316556, 20.3484143 ] ] } },
{ "type": "Feature", "properties": { "ID": 6917489, "CVE_SUBC": "RH12Dc", "CLAVE50K": "f13d75", "TIPO": 101, "ENTIDAD": "CORRIENTE DE AGUA", "FC": 3271, "CONDICION": "INTERMITENTE", "EDICION": "O", "FECHA": "1994-12-31", "LENGTHM": 133.2644, "ID_DRENA": 6, "FLOWDIR": 1, "ENABLED": 1, "DESC_ENABL": null, "CALI_REPR": 0, "SEQUENCEID": 3224.0, "ORDER_1": 2, "LEVEL_1": 2, "ARBSUM_1": 2947.8943, "PATHL_1": 31646.8527 }, "geometry": { "type": "LineString", "coordinates": [ [ -103.4243916, 20.3484497 ], [ -103.4243927, 20.3483413 ], [ -103.4243842, 20.3482328 ], [ -103.424366, 20.3481423 ], [ -103.4243384, 20.3480246 ], [ -103.4243201, 20.3479432 ], [ -103.4242828, 20.3478434 ], [ -103.4242456, 20.3477347 ], [ -103.4242176, 20.3476622 ], [ -103.4241895, 20.3475987 ], [ -103.4241614, 20.3475352 ], [ -103.4241239, 20.3474536 ], [ -103.4241249, 20.3473542 ], [ -103.4241256, 20.3472819 ] ] } },
{ "type": "Feature", "properties": { "ID": 6917506, "CVE_SUBC": "RH12Dc", "CLAVE50K": "f13d75", "TIPO": 101, "ENTIDAD": "CORRIENTE DE AGUA", "FC": 3271, "CONDICION": "INTERMITENTE", "EDICION": "O", "FECHA": "1994-12-31", "LENGTHM": 9.9891, "ID_DRENA": 5, "FLOWDIR": 1, "ENABLED": 1, "DESC_ENABL": null, "CALI_REPR": 0, "SEQUENCEID": 2694.0, "ORDER_1": 2, "LEVEL_1": 1, "ARBSUM_1": 1412.6811, "PATHL_1": 6932.5391 }, "geometry": { "type": "LineString", "coordinates": [ [ -103.4461932, 20.3675559 ], [ -103.4462878, 20.3675716 ] ] } },
{ "type": "Feature", "properties": { "ID": 6917509, "CVE_SUBC": "RH12Dc", "CLAVE50K": "f13d75", "TIPO": 101, "ENTIDAD": "CORRIENTE DE AGUA", "FC": 3271, "CONDICION": "INTERMITENTE", "EDICION": "O", "FECHA": "1994-12-31", "LENGTHM": 135.113, "ID_DRENA": 6, "FLOWDIR": 1, "ENABLED": 1, "DESC_ENABL": null, "CALI_REPR": 0, "SEQUENCEID": 2949.0, "ORDER_1": 2, "LEVEL_1": 2, "ARBSUM_1": 1373.9904, "PATHL_1": 14474.5157 }, "geometry": { "type": "LineString", "coordinates": [ [ -103.491534, 20.3929925 ], [ -103.4915153, 20.3929472 ], [ -103.4915061, 20.3929019 ], [ -103.4914782, 20.3928204 ], [ -103.4914595, 20.392775 ], [ -103.4914503, 20.3927298 ], [ -103.4914128, 20.3926482 ], [ -103.4914036, 20.3926029 ], [ -103.4913849, 20.3925576 ], [ -103.491357, 20.392476 ], [ -103.4913478, 20.3924308 ], [ -103.4913387, 20.3923855 ], [ -103.49132, 20.3923402 ], [ -103.4913108, 20.392295 ], [ -103.4912925, 20.3922135 ], [ -103.4912833, 20.3921682 ], [ -103.4912742, 20.392123 ], [ -103.491265, 20.3920777 ], [ -103.4912559, 20.3920325 ], [ -103.4912468, 20.3919872 ], [ -103.4912376, 20.391942 ], [ -103.4911428, 20.3918418 ] ] } },
{ "type": "Feature", "properties": { "ID": 6917522, "CVE_SUBC": "RH12Dc", "CLAVE50K": "f13d75", "TIPO": 101, "ENTIDAD": "CORRIENTE DE AGUA", "FC": 3271, "CONDICION": "INTERMITENTE", "EDICION": "O", "FECHA": "1994-12-31", "LENGTHM": 1178.7156, "ID_DRENA": 6, "FLOWDIR": 1, "ENABLED": 1, "DESC_ENABL": null, "CALI_REPR": 0, "SEQUENCEID": 2911.0, "ORDER_1": 1, "LEVEL_1": 3, "ARBSUM_1": 1178.7156, "PATHL_1": 10400.954 }, "geometry": { "type": "LineString", "coordinates": [ [ -103.5283929, 20.4010948 ], [ -103.5286609, 20.4011242 ], [ -103.5288142, 20.4011255 ], [ -103.5290922, 20.4011188 ], [ -103.5292651, 20.4010751 ], [ -103.5295434, 20.4010232 ], [ -103.5297736, 20.4010071 ], [ -103.5301095, 20.4009467 ], [ -103.5302442, 20.4008846 ], [ -103.5303119, 20.4008219 ], [ -103.5303797, 20.4007412 ], [ -103.5304286, 20.4006422 ], [ -103.5304678, 20.4005432 ], [ -103.5304975, 20.4004441 ], [ -103.530537, 20.400327 ], [ -103.5305666, 20.4002369 ], [ -103.5306254, 20.4000928 ], [ -103.5306747, 20.3999487 ], [ -103.530705, 20.3997863 ], [ -103.5307539, 20.3996783 ], [ -103.5309574, 20.3994361 ], [ -103.5310451, 20.3992833 ], [ -103.5311813, 20.3990676 ], [ -103.5312781, 20.39896 ], [ -103.5314041, 20.3988165 ], [ -103.5315312, 20.3985466 ], [ -103.5315704, 20.3984566 ], [ -103.5315904, 20.3983664 ], [ -103.5316199, 20.3982854 ], [ -103.5316787, 20.3981503 ], [ -103.5317848, 20.3980699 ], [ -103.5318427, 20.3980252 ], [ -103.5319105, 20.3979535 ], [ -103.5319984, 20.3977736 ], [ -103.5320184, 20.3976925 ], [ -103.5320289, 20.3975932 ], [ -103.5320782, 20.397449 ], [ -103.5321274, 20.3973049 ], [ -103.5321861, 20.3971789 ], [ -103.5322256, 20.3970528 ], [ -103.5322755, 20.3968454 ], [ -103.5322971, 20.3965927 ], [ -103.5322804, 20.3963305 ], [ -103.5322439, 20.3961405 ], [ -103.5322068, 20.3960047 ], [ -103.5321788, 20.3959232 ], [ -103.5321138, 20.3957148 ], [ -103.5320861, 20.3955971 ], [ -103.5320679, 20.3954976 ], [ -103.5320788, 20.3953532 ], [ -103.5320992, 20.3952269 ], [ -103.5321097, 20.3951276 ], [ -103.5321012, 20.3950191 ], [ -103.5320925, 20.3949196 ], [ -103.5320851, 20.3946937 ], [ -103.5320578, 20.3945399 ], [ -103.5319635, 20.3943765 ], [ -103.5319167, 20.3942677 ], [ -103.5318887, 20.3941862 ], [ -103.5318993, 20.3940778 ], [ -103.5319001, 20.3939966 ], [ -103.5319104, 20.3939153 ], [ -103.5319021, 20.3937798 ], [ -103.5318648, 20.393671 ], [ -103.5318085, 20.3935441 ], [ -103.5317138, 20.3934258 ], [ -103.5316381, 20.3933349 ], [ -103.5315241, 20.3932255 ], [ -103.5314864, 20.3931619 ], [ -103.5314581, 20.3931165 ], [ -103.5314204, 20.3930439 ], [ -103.531384, 20.3928449 ], [ -103.531375, 20.3927816 ], [ -103.5313662, 20.3927002 ] ] } },
{ "type": "Feature", "properties": { "ID": 6917538, "CVE_SUBC": "RH12Dc", "CLAVE50K": "f13d75", "TIPO": 101, "ENTIDAD": "CORRIENTE DE AGUA", "FC": 3271, "CONDICION": "INTERMITENTE", "EDICION": "O", "FECHA": "1994-12-31", "LENGTHM": 338.144, "ID_DRENA": 6, "FLOWDIR": 1, "ENABLED": 1, "DESC_ENABL": null, "CALI_REPR": 0, "SEQUENCEID": 3235.0, "ORDER_1": 3, "LEVEL_1": 1, "ARBSUM_1": 23923.6048, "PATHL_1": 28328.4051 }, "geometry": { "type": "LineString", "coordinates": [ [ -103.4195136, 20.3195067 ], [ -103.4196291, 20.3194446 ], [ -103.4196585, 20.3193816 ], [ -103.4198621, 20.3191305 ], [ -103.41993, 20.3190498 ], [ -103.4200558, 20.3189154 ], [ -103.420114, 20.3188437 ], [ -103.4203462, 20.3186109 ], [ -103.4208014, 20.3181091 ], [ -103.4208794, 20.3179743 ], [ -103.420938, 20.3178574 ], [ -103.420939, 20.317758 ], [ -103.4209304, 20.3176676 ], [ -103.4208842, 20.3175046 ], [ -103.4208465, 20.317441 ], [ -103.4208282, 20.3173596 ], [ -103.4208004, 20.317269 ], [ -103.4207916, 20.3171876 ], [ -103.4208022, 20.3170883 ], [ -103.4208608, 20.3169714 ] ] } },
{ "type": "Feature", "properties": { "ID": 6917539, "CVE_SUBC": "RH12Dc", "CLAVE50K": null, "TIPO": 101, "ENTIDAD": "CORRIENTE DE AGUA", "FC": 3271, "CONDICION": "INTERMITENTE", "EDICION": "N", "FECHA": "2007-11-09", "LENGTHM": 954.6691, "ID_DRENA": 5, "FLOWDIR": 1, "ENABLED": 1, "DESC_ENABL": null, "CALI_REPR": 1, "SEQUENCEID": 2720.0, "ORDER_1": 1, "LEVEL_1": 3, "ARBSUM_1": 1780.072, "PATHL_1": 1826.4637 }, "geometry": { "type": "LineString", "coordinates": [ [ -103.4854925, 20.3827499 ], [ -103.4859538, 20.3826659 ], [ -103.4865963, 20.3824279 ], [ -103.4873339, 20.3820948 ], [ -103.4880953, 20.3818331 ], [ -103.4892137, 20.3813572 ], [ -103.4900227, 20.3810954 ], [ -103.4912362, 20.3806195 ], [ -103.4920909, 20.3795985 ], [ -103.4935793, 20.3790031 ] ] } },
{ "type": "Feature", "properties": { "ID": 6917548, "CVE_SUBC": "RH12Dc", "CLAVE50K": "f13d75", "TIPO": 101, "ENTIDAD": "CORRIENTE DE AGUA", "FC": 3271, "CONDICION": "INTERMITENTE", "EDICION": "O", "FECHA": "1994-12-31", "LENGTHM": 48.5065, "ID_DRENA": 6, "FLOWDIR": 1, "ENABLED": 1, "DESC_ENABL": null, "CALI_REPR": 0, "SEQUENCEID": 3090.0, "ORDER_1": 3, "LEVEL_1": 2, "ARBSUM_1": 15888.0804, "PATHL_1": 17953.0732 }, "geometry": { "type": "LineString", "coordinates": [ [ -103.4972324, 20.3249438 ], [ -103.4973082, 20.3250348 ], [ -103.497431, 20.3252075 ], [ -103.4974818, 20.3253134 ] ] } },
{ "type": "Feature", "properties": { "ID": 6917555, "CVE_SUBC": "RH12Dc", "CLAVE50K": null, "TIPO": 101, "ENTIDAD": "CORRIENTE DE AGUA", "FC": 3271, "CONDICION": "INTERMITENTE", "EDICION": "N", "FECHA": "2007-11-09", "LENGTHM": 1123.2599, "ID_DRENA": 6, "FLOWDIR": 1, "ENABLED": 1, "DESC_ENABL": null, "CALI_REPR": 1, "SEQUENCEID": 3053.0, "ORDER_1": 2, "LEVEL_1": 2, "ARBSUM_1": 4144.3319, "PATHL_1": 15549.7135 }, "geometry": { "type": "LineString", "coordinates": [ [ -103.5188652, 20.3361993 ], [ -103.5184144, 20.3364611 ], [ -103.5178671, 20.336818 ], [ -103.516963, 20.3374842 ], [ -103.5146311, 20.3390309 ], [ -103.513132, 20.3400779 ], [ -103.5127989, 20.3401968 ], [ -103.5118471, 20.3408393 ], [ -103.5103956, 20.3418387 ], [ -103.5100458, 20.3420534 ] ] } },
{ "type": "Feature", "properties": { "ID": 6917568, "CVE_SUBC": "RH12Dc", "CLAVE50K": null, "TIPO": 101, "ENTIDAD": "CORRIENTE DE AGUA", "FC": 3271, "CONDICION": "INTERMITENTE", "EDICION": "N", "FECHA": "2007-11-09", "LENGTHM": 1517.5431, "ID_DRENA": 6, "FLOWDIR": 1, "ENABLED": 1, "DESC_ENABL": null, "CALI_REPR": 1, "SEQUENCEID": 3019.0, "ORDER_1": 1, "LEVEL_1": 3, "ARBSUM_1": 3437.0172, "PATHL_1": 18150.091 }, "geometry": { "type": "LineString", "coordinates": [ [ -103.4743181, 20.3450897 ], [ -103.4745718, 20.3450814 ], [ -103.4751191, 20.3451766 ], [ -103.475714, 20.345248 ], [ -103.476285, 20.3448435 ], [ -103.4768323, 20.3444628 ], [ -103.4769751, 20.34432 ], [ -103.4777365, 20.3437965 ], [ -103.4781648, 20.3434872 ], [ -103.4788786, 20.3430113 ], [ -103.4793069, 20.3427971 ], [ -103.4798542, 20.3424164 ], [ -103.4804015, 20.3420357 ], [ -103.4812581, 20.3414884 ], [ -103.4822337, 20.3409174 ], [ -103.4827334, 20.3405129 ], [ -103.4834472, 20.3400846 ], [ -103.4838755, 20.3397514 ], [ -103.4846607, 20.3392518 ], [ -103.4851842, 20.33899 ], [ -103.4858029, 20.3385379 ], [ -103.4864929, 20.3381334 ] ] } },
{ "type": "Feature", "properties": { "ID": 6917569, "CVE_SUBC": "RH12Dc", "CLAVE50K": "f13d75", "TIPO": 101, "ENTIDAD": "CORRIENTE DE AGUA", "FC": 3271, "CONDICION": "INTERMITENTE", "EDICION": "O", "FECHA": "1994-12-31", "LENGTHM": 536.3653, "ID_DRENA": 5, "FLOWDIR": 1, "ENABLED": 1, "DESC_ENABL": null, "CALI_REPR": 0, "SEQUENCEID": 2743.0, "ORDER_1": 2, "LEVEL_1": 1, "ARBSUM_1": 1565.5219, "PATHL_1": 3022.9457 }, "geometry": { "type": "LineString", "coordinates": [ [ -103.4809926, 20.3883118 ], [ -103.4811177, 20.3882586 ], [ -103.4812621, 20.3881876 ], [ -103.4813968, 20.3881346 ], [ -103.4816092, 20.3879648 ], [ -103.4817733, 20.3878398 ], [ -103.4819276, 20.3877417 ], [ -103.4820626, 20.3876526 ], [ -103.4821976, 20.3875634 ], [ -103.4823327, 20.3874652 ], [ -103.4824388, 20.3873848 ], [ -103.4825164, 20.3872861 ], [ -103.4826428, 20.3870975 ], [ -103.4827689, 20.386945 ], [ -103.4828562, 20.3868374 ], [ -103.4829529, 20.3867389 ], [ -103.4830593, 20.3866404 ], [ -103.4831851, 20.386515 ], [ -103.4832918, 20.3863805 ], [ -103.4833696, 20.3862547 ], [ -103.483467, 20.3860929 ], [ -103.4835447, 20.3859942 ], [ -103.483632, 20.3858775 ], [ -103.483748, 20.3857792 ], [ -103.4838737, 20.3856538 ], [ -103.4839706, 20.3855462 ], [ -103.4841057, 20.385448 ], [ -103.4841735, 20.3853673 ], [ -103.4842318, 20.3852865 ], [ -103.4843192, 20.3851698 ], [ -103.4843872, 20.385071 ], [ -103.4844936, 20.3849636 ], [ -103.4845328, 20.3848826 ] ] } },
{ "type": "Feature", "properties": { "ID": 6917575, "CVE_SUBC": "RH12Dc", "CLAVE50K": null, "TIPO": 101, "ENTIDAD": "CORRIENTE DE AGUA", "FC": 3271, "CONDICION": "INTERMITENTE", "EDICION": "N", "FECHA": "2007-11-09", "LENGTHM": 1108.5393, "ID_DRENA": 6, "FLOWDIR": 1, "ENABLED": 1, "DESC_ENABL": null, "CALI_REPR": 1, "SEQUENCEID": 3121.0, "ORDER_1": 1, "LEVEL_1": 2, "ARBSUM_1": 1888.1382, "PATHL_1": 22714.2051 }, "geometry": { "type": "LineString", "coordinates": [ [ -103.448909, 20.3064902 ], [ -103.4492838, 20.3068841 ], [ -103.4497359, 20.3074552 ], [ -103.4504022, 20.3078835 ], [ -103.451235, 20.3083356 ], [ -103.4518299, 20.3085259 ], [ -103.4525675, 20.3087401 ], [ -103.4529958, 20.3087877 ], [ -103.4538762, 20.3089304 ], [ -103.4543521, 20.308978 ], [ -103.4550659, 20.3090494 ], [ -103.4557322, 20.3091446 ], [ -103.4565174, 20.3092636 ], [ -103.4572074, 20.3094301 ], [ -103.4577309, 20.3096205 ], [ -103.4582306, 20.3099298 ], [ -103.4585166, 20.3100441 ] ] } },
{ "type": "Feature", "properties": { "ID": 6917577, "CVE_SUBC": "RH12Dc", "CLAVE50K": "f13d75", "TIPO": 101, "ENTIDAD": "CORRIENTE DE AGUA", "FC": 3271, "CONDICION": "INTERMITENTE", "EDICION": "O", "FECHA": "1994-12-31", "LENGTHM": 645.8343, "ID_DRENA": 6, "FLOWDIR": 1, "ENABLED": 1, "DESC_ENABL": null, "CALI_REPR": 0, "SEQUENCEID": 2993.0, "ORDER_1": 1, "LEVEL_1": 3, "ARBSUM_1": 645.8343, "PATHL_1": 15623.9824 }, "geometry": { "type": "LineString", "coordinates": [ [ -103.5394403, 20.3655484 ], [ -103.5393357, 20.3654662 ], [ -103.5392407, 20.3653751 ], [ -103.5391651, 20.365266 ], [ -103.5391182, 20.3651572 ], [ -103.539071, 20.3650846 ], [ -103.5390336, 20.3649939 ], [ -103.5388623, 20.364875 ], [ -103.5386909, 20.3647652 ], [ -103.5385669, 20.3647009 ], [ -103.5384335, 20.3646275 ], [ -103.5382144, 20.3644992 ], [ -103.5380904, 20.3644349 ], [ -103.5378706, 20.3643879 ], [ -103.5376981, 20.3643955 ], [ -103.5374678, 20.3644297 ], [ -103.5373526, 20.3644559 ], [ -103.5371894, 20.3644906 ], [ -103.5369784, 20.364516 ], [ -103.5368442, 20.3645329 ], [ -103.536758, 20.3645322 ], [ -103.5366719, 20.3645134 ], [ -103.5365668, 20.3644854 ], [ -103.5364619, 20.3644394 ], [ -103.5363667, 20.3643753 ], [ -103.5362236, 20.3643109 ], [ -103.5361187, 20.3642558 ], [ -103.5359661, 20.3641913 ], [ -103.5358324, 20.364145 ], [ -103.5356988, 20.3640897 ], [ -103.535594, 20.3640255 ], [ -103.5355082, 20.3639887 ], [ -103.535413, 20.3639246 ], [ -103.5352223, 20.3638237 ], [ -103.5351084, 20.3637143 ], [ -103.5349851, 20.3635868 ], [ -103.5348712, 20.3634684 ], [ -103.5347957, 20.3633503 ], [ -103.5347491, 20.3632144 ], [ -103.5347311, 20.3630878 ], [ -103.5347324, 20.3629523 ], [ -103.5347141, 20.3628618 ], [ -103.5346671, 20.3627711 ] ] } },
{ "type": "Feature", "properties": { "ID": 6917583, "CVE_SUBC": "RH12Dc", "CLAVE50K": "f13d75", "TIPO": 101, "ENTIDAD": "CORRIENTE DE AGUA", "FC": 3271, "CONDICION": "INTERMITENTE", "EDICION": "O", "FECHA": "1994-12-31", "LENGTHM": 403.4168, "ID_DRENA": 6, "FLOWDIR": 1, "ENABLED": 1, "DESC_ENABL": null, "CALI_REPR": 0, "SEQUENCEID": 3014.0, "ORDER_1": 2, "LEVEL_1": 3, "ARBSUM_1": 1466.327, "PATHL_1": 21743.2703 }, "geometry": { "type": "LineString", "coordinates": [ [ -103.4589057, 20.3577553 ], [ -103.4589737, 20.3576566 ], [ -103.4590607, 20.357576 ], [ -103.4591379, 20.3575225 ], [ -103.4591959, 20.3574688 ], [ -103.4592636, 20.3573971 ], [ -103.4593505, 20.3573347 ], [ -103.4594467, 20.3572903 ], [ -103.4595044, 20.3572728 ], [ -103.4595715, 20.3572643 ], [ -103.4596578, 20.3572561 ], [ -103.4597249, 20.3572476 ], [ -103.4597731, 20.357221 ], [ -103.4598502, 20.3571674 ], [ -103.4599275, 20.3571049 ], [ -103.4599858, 20.3570241 ], [ -103.4600635, 20.3569164 ], [ -103.4601699, 20.3568089 ], [ -103.4601895, 20.3567639 ], [ -103.460248, 20.356656 ], [ -103.4603165, 20.3565121 ], [ -103.4603657, 20.356386 ], [ -103.4604339, 20.3562692 ], [ -103.4605019, 20.3561704 ], [ -103.4605797, 20.3560537 ], [ -103.4606191, 20.3559456 ], [ -103.4606393, 20.3558374 ], [ -103.4606689, 20.3557473 ], [ -103.4607082, 20.3556483 ], [ -103.4608254, 20.3554235 ], [ -103.4608357, 20.3553513 ], [ -103.4608464, 20.3552339 ], [ -103.4608951, 20.3551531 ], [ -103.4609438, 20.3550812 ], [ -103.4609829, 20.3550003 ], [ -103.4610125, 20.3549102 ] ] } },
{ "type": "Feature", "properties": { "ID": 6917592, "CVE_SUBC": "RH12Dc", "CLAVE50K": "f13d75", "TIPO": 101, "ENTIDAD": "CORRIENTE DE AGUA", "FC": 3271, "CONDICION": "INTERMITENTE", "EDICION": "O", "FECHA": "1994-12-31", "LENGTHM": 379.4239, "ID_DRENA": 6, "FLOWDIR": 1, "ENABLED": 1, "DESC_ENABL": null, "CALI_REPR": 0, "SEQUENCEID": 2892.0, "ORDER_1": 1, "LEVEL_1": 3, "ARBSUM_1": 379.4239, "PATHL_1": 9756.0252 }, "geometry": { "type": "LineString", "coordinates": [ [ -103.5446235, 20.3797842 ], [ -103.5445548, 20.3799553 ], [ -103.544515, 20.3801176 ], [ -103.5444847, 20.38028 ], [ -103.544445, 20.3804242 ], [ -103.544338, 20.380604 ], [ -103.5442114, 20.3808197 ], [ -103.5440466, 20.3810261 ], [ -103.5437761, 20.3812678 ], [ -103.5436412, 20.381348 ], [ -103.5434584, 20.3814277 ], [ -103.5432471, 20.3814802 ], [ -103.5431415, 20.3815064 ], [ -103.5429305, 20.3815317 ], [ -103.5427288, 20.3815843 ], [ -103.5425752, 20.3816191 ], [ -103.5424599, 20.3816543 ], [ -103.5423351, 20.3816804 ], [ -103.5421907, 20.3817514 ], [ -103.5420714, 20.3818174 ] ] } },
{ "type": "Feature", "properties": { "ID": 6917597, "CVE_SUBC": "RH12Dc", "CLAVE50K": null, "TIPO": 101, "ENTIDAD": "CORRIENTE DE AGUA", "FC": 3271, "CONDICION": "INTERMITENTE", "EDICION": "N", "FECHA": "2007-11-09", "LENGTHM": 307.4008, "ID_DRENA": 6, "FLOWDIR": 1, "ENABLED": 1, "DESC_ENABL": null, "CALI_REPR": 1, "SEQUENCEID": 2937.0, "ORDER_1": 1, "LEVEL_1": 3, "ARBSUM_1": 1171.5736, "PATHL_1": 13401.0062 }, "geometry": { "type": "LineString", "coordinates": [ [ -103.4984876, 20.3912638 ], [ -103.4985237, 20.3910353 ], [ -103.4985452, 20.3907668 ], [ -103.4986741, 20.390423 ], [ -103.4987063, 20.3903048 ], [ -103.4988675, 20.390133 ], [ -103.4990931, 20.3898429 ], [ -103.4992972, 20.389381 ], [ -103.4994369, 20.3890694 ], [ -103.4997846, 20.3888917 ] ] } },
{ "type": "Feature", "properties": { "ID": 6917604, "CVE_SUBC": "RH12Dc", "CLAVE50K": "f13d75", "TIPO": 101, "ENTIDAD": "CORRIENTE DE AGUA", "FC": 3271, "CONDICION": "INTERMITENTE", "EDICION": "O", "FECHA": "1994-12-31", "LENGTHM": 144.6727, "ID_DRENA": 6, "FLOWDIR": 1, "ENABLED": 1, "DESC_ENABL": null, "CALI_REPR": 0, "SEQUENCEID": 2890.0, "ORDER_1": 2, "LEVEL_1": 3, "ARBSUM_1": 883.5952, "PATHL_1": 9611.3525 }, "geometry": { "type": "LineString", "coordinates": [ [ -103.5420714, 20.3818174 ], [ -103.5420249, 20.3820662 ], [ -103.5420049, 20.3821564 ], [ -103.5419745, 20.3823278 ], [ -103.5419738, 20.3824 ], [ -103.5419721, 20.3825807 ], [ -103.5419807, 20.3826892 ], [ -103.5420088, 20.3827527 ], [ -103.5420465, 20.3828253 ], [ -103.542084, 20.3829069 ], [ -103.5421023, 20.3829974 ], [ -103.5421206, 20.3830969 ] ] } },
{ "type": "Feature", "properties": { "ID": 6917605, "CVE_SUBC": "RH12Dc", "CLAVE50K": "f13d75", "TIPO": 101, "ENTIDAD": "CORRIENTE DE AGUA", "FC": 3271, "CONDICION": "INTERMITENTE", "EDICION": "O", "FECHA": "1994-12-31", "LENGTHM": 273.1026, "ID_DRENA": 6, "FLOWDIR": 1, "ENABLED": 1, "DESC_ENABL": null, "CALI_REPR": 0, "SEQUENCEID": 3208.0, "ORDER_1": 3, "LEVEL_1": 2, "ARBSUM_1": 7643.3634, "PATHL_1": 27810.4605 }, "geometry": { "type": "LineString", "coordinates": [ [ -103.4204956, 20.3114394 ], [ -103.4205612, 20.3115846 ], [ -103.420694, 20.3117032 ], [ -103.4207895, 20.3117312 ], [ -103.4210189, 20.3117694 ], [ -103.4211525, 20.3118158 ], [ -103.4212861, 20.3118621 ], [ -103.4213812, 20.3119262 ], [ -103.4215622, 20.3120272 ], [ -103.4216292, 20.3120278 ], [ -103.4218213, 20.3119663 ], [ -103.4218316, 20.3118942 ], [ -103.4218322, 20.31184 ], [ -103.4218139, 20.3117585 ], [ -103.4218146, 20.3116862 ], [ -103.4218247, 20.3116321 ], [ -103.421902, 20.3115606 ], [ -103.4219983, 20.3115162 ], [ -103.4220656, 20.3114898 ], [ -103.4221711, 20.3114726 ], [ -103.4222382, 20.3114642 ], [ -103.4224776, 20.3114664 ] ] } },
{ "type": "Feature", "properties": { "ID": 6917606, "CVE_SUBC": "RH12Dc", "CLAVE50K": "f13d75", "TIPO": 101, "ENTIDAD": "CORRIENTE DE AGUA", "FC": 3271, "CONDICION": "INTERMITENTE", "EDICION": "O", "FECHA": "1994-12-31", "LENGTHM": 1073.3347, "ID_DRENA": 6, "FLOWDIR": 1, "ENABLED": 1, "DESC_ENABL": null, "CALI_REPR": 0, "SEQUENCEID": 3187.0, "ORDER_1": 1, "LEVEL_1": 3, "ARBSUM_1": 1073.3347, "PATHL_1": 31060.192 }, "geometry": { "type": "LineString", "coordinates": [ [ -103.4360599, 20.3558629 ], [ -103.4359748, 20.3557537 ], [ -103.4358614, 20.3555991 ], [ -103.4357388, 20.3554083 ], [ -103.4356539, 20.3552811 ], [ -103.4355879, 20.3551721 ], [ -103.435494, 20.3549906 ], [ -103.4353806, 20.354836 ], [ -103.4352574, 20.3546994 ], [ -103.4351535, 20.3545539 ], [ -103.4350502, 20.3543542 ], [ -103.4349848, 20.354191 ], [ -103.4349098, 20.3540277 ], [ -103.4348349, 20.3538554 ], [ -103.4347695, 20.3536922 ], [ -103.4347225, 20.3536015 ], [ -103.4346473, 20.3534563 ], [ -103.4345818, 20.3533111 ], [ -103.4344417, 20.3529485 ], [ -103.4344147, 20.3527766 ], [ -103.434378, 20.3526228 ], [ -103.4343703, 20.352433 ], [ -103.434353, 20.3522521 ], [ -103.4343354, 20.3520894 ], [ -103.4343269, 20.3519899 ], [ -103.4343382, 20.3518184 ], [ -103.434359, 20.351656 ], [ -103.4344278, 20.3514759 ], [ -103.434467, 20.3513859 ], [ -103.4345158, 20.3513051 ], [ -103.4345548, 20.3512331 ], [ -103.4345745, 20.3511791 ], [ -103.4345845, 20.351134 ], [ -103.4345948, 20.3510618 ], [ -103.4345576, 20.3509531 ], [ -103.4345202, 20.3508624 ], [ -103.4344925, 20.3507628 ], [ -103.4344933, 20.3506815 ], [ -103.4345141, 20.3505191 ], [ -103.4345059, 20.3503835 ], [ -103.4344875, 20.3503111 ], [ -103.43445, 20.3502294 ], [ -103.4344025, 20.3501838 ], [ -103.4343268, 20.3500928 ], [ -103.4342419, 20.3499656 ], [ -103.4342049, 20.3498388 ], [ -103.434187, 20.3497122 ], [ -103.4341795, 20.3495043 ], [ -103.4341436, 20.3492691 ], [ -103.4340876, 20.349115 ], [ -103.4339844, 20.3489063 ], [ -103.4339377, 20.3487885 ], [ -103.4338365, 20.348372 ], [ -103.4337719, 20.3481275 ], [ -103.4337168, 20.3478922 ], [ -103.4337002, 20.3476481 ], [ -103.4337021, 20.3474584 ], [ -103.4337041, 20.3472597 ], [ -103.4336865, 20.347106 ], [ -103.4336497, 20.346952 ], [ -103.4335462, 20.3467704 ] ] } },
{ "type": "Feature", "properties": { "ID": 6917623, "CVE_SUBC": "RH12Dc", "CLAVE50K": "f13d75", "TIPO": 101, "ENTIDAD": "CORRIENTE DE AGUA", "FC": 3271, "CONDICION": "INTERMITENTE", "EDICION": "O", "FECHA": "1994-12-31", "LENGTHM": 1051.0103, "ID_DRENA": 5, "FLOWDIR": 1, "ENABLED": 1, "DESC_ENABL": null, "CALI_REPR": 0, "SEQUENCEID": 2723.0, "ORDER_1": 1, "LEVEL_1": 2, "ARBSUM_1": 1051.0103, "PATHL_1": 3036.7697 }, "geometry": { "type": "LineString", "coordinates": [ [ -103.4737485, 20.3864688 ], [ -103.4739502, 20.3864164 ], [ -103.4741134, 20.3863817 ], [ -103.4744297, 20.3863664 ], [ -103.47466, 20.3863323 ], [ -103.4747943, 20.3863154 ], [ -103.4751492, 20.3862733 ], [ -103.4752741, 20.3862383 ], [ -103.4754477, 20.3861224 ], [ -103.4755441, 20.38606 ], [ -103.4756696, 20.3859617 ], [ -103.4757758, 20.3858813 ], [ -103.4759205, 20.3857742 ], [ -103.4760651, 20.3856851 ], [ -103.4761619, 20.3855866 ], [ -103.4762681, 20.3855062 ], [ -103.4764128, 20.3854081 ], [ -103.4765577, 20.3852829 ], [ -103.4766735, 20.3851935 ], [ -103.4768087, 20.3850863 ], [ -103.4769534, 20.3849882 ], [ -103.4771267, 20.3848994 ], [ -103.4772228, 20.3848731 ], [ -103.4774151, 20.3848025 ], [ -103.4774633, 20.3847758 ], [ -103.4775593, 20.3847496 ], [ -103.4777516, 20.384679 ], [ -103.4778574, 20.3846348 ], [ -103.4779439, 20.3846084 ], [ -103.4781651, 20.384529 ], [ -103.478531, 20.3843425 ], [ -103.4786368, 20.3842983 ], [ -103.4787714, 20.3842452 ], [ -103.4788869, 20.384192 ], [ -103.4790507, 20.3841031 ], [ -103.4793011, 20.3839698 ], [ -103.479436, 20.3838897 ], [ -103.4795612, 20.3838185 ], [ -103.4797056, 20.3837475 ], [ -103.4798019, 20.3837032 ], [ -103.4800624, 20.3835157 ], [ -103.4802358, 20.3834178 ], [ -103.4803806, 20.3833107 ], [ -103.4805154, 20.3832396 ], [ -103.4806309, 20.3831864 ], [ -103.4807558, 20.3831423 ], [ -103.480948, 20.3830898 ], [ -103.4813034, 20.3829935 ], [ -103.4815338, 20.3829413 ], [ -103.4816492, 20.3828972 ], [ -103.4817264, 20.3828436 ], [ -103.4817943, 20.3827629 ], [ -103.4818719, 20.3826642 ], [ -103.4819492, 20.3825926 ], [ -103.4820264, 20.3825391 ], [ -103.4821132, 20.3824766 ], [ -103.4821813, 20.3823778 ], [ -103.4822493, 20.382279 ], [ -103.4822983, 20.382162 ], [ -103.4823153, 20.3820183 ] ] } },
{ "type": "Feature", "properties": { "ID": 6917632, "CVE_SUBC": "RH12Dc", "CLAVE50K": "f13d75", "TIPO": 101, "ENTIDAD": "CORRIENTE DE AGUA", "FC": 3271, "CONDICION": "INTERMITENTE", "EDICION": "O", "FECHA": "1994-12-31", "LENGTHM": 485.6835, "ID_DRENA": 6, "FLOWDIR": 1, "ENABLED": 1, "DESC_ENABL": null, "CALI_REPR": 0, "SEQUENCEID": 3112.0, "ORDER_1": 1, "LEVEL_1": 3, "ARBSUM_1": 485.6835, "PATHL_1": 22150.7734 }, "geometry": { "type": "LineString", "coordinates": [ [ -103.4911871, 20.2975098 ], [ -103.4911844, 20.2977898 ], [ -103.4911825, 20.2979795 ], [ -103.4912081, 20.2983049 ], [ -103.4912346, 20.298531 ], [ -103.4912415, 20.2988111 ], [ -103.4912498, 20.2989377 ], [ -103.4912059, 20.2995245 ], [ -103.491154, 20.2999396 ], [ -103.4911036, 20.3001921 ], [ -103.4910443, 20.3003904 ], [ -103.4909741, 20.300715 ], [ -103.490954, 20.3008142 ], [ -103.4909143, 20.3009584 ], [ -103.4908645, 20.3011567 ], [ -103.4908249, 20.3012919 ], [ -103.4908226, 20.3015267 ], [ -103.4908685, 20.3017349 ], [ -103.4909055, 20.3018617 ] ] } },
{ "type": "Feature", "properties": { "ID": 6917635, "CVE_SUBC": "RH12Dc", "CLAVE50K": "f13d75", "TIPO": 101, "ENTIDAD": "CORRIENTE DE AGUA", "FC": 3271, "CONDICION": "INTERMITENTE", "EDICION": "O", "FECHA": "1994-12-31", "LENGTHM": 235.1057, "ID_DRENA": 6, "FLOWDIR": 1, "ENABLED": 1, "DESC_ENABL": null, "CALI_REPR": 0, "SEQUENCEID": 2985.0, "ORDER_1": 2, "LEVEL_1": 3, "ARBSUM_1": 3512.8396, "PATHL_1": 15059.7632 }, "geometry": { "type": "LineString", "coordinates": [ [ -103.5320814, 20.3586298 ], [ -103.5319952, 20.3586381 ], [ -103.5319471, 20.3586558 ], [ -103.5318798, 20.3586823 ], [ -103.5318221, 20.3587089 ], [ -103.5317642, 20.3587446 ], [ -103.5316968, 20.3587802 ], [ -103.5316294, 20.3588248 ], [ -103.5315425, 20.3588963 ], [ -103.5314652, 20.3589679 ], [ -103.5313877, 20.3590576 ], [ -103.53131, 20.3591654 ], [ -103.5311742, 20.3593449 ], [ -103.5311255, 20.3594348 ], [ -103.5310576, 20.3595246 ], [ -103.5309992, 20.3596235 ], [ -103.5309122, 20.3597041 ], [ -103.5308443, 20.3597938 ], [ -103.5307574, 20.3598654 ], [ -103.5306222, 20.3599817 ], [ -103.5305835, 20.3600175 ], [ -103.5305324, 20.3601014 ] ] } },
{ "type": "Feature", "properties": { "ID": 6917636, "CVE_SUBC": "RH12Dc", "CLAVE50K": "f13d75", "TIPO": 101, "ENTIDAD": "CORRIENTE DE AGUA", "FC": 3271, "CONDICION": "INTERMITENTE", "EDICION": "O", "FECHA": "1994-12-31", "LENGTHM": 198.4538, "ID_DRENA": 6, "FLOWDIR": 1, "ENABLED": 1, "DESC_ENABL": null, "CALI_REPR": 0, "SEQUENCEID": 2897.0, "ORDER_1": 5, "LEVEL_1": 1, "ARBSUM_1": 235647.0107, "PATHL_1": 7925.8465 }, "geometry": { "type": "LineString", "coordinates": [ [ -103.5452837, 20.3950289 ], [ -103.5453521, 20.3950489 ], [ -103.5455723, 20.3950688 ], [ -103.5456681, 20.3950696 ], [ -103.5457545, 20.3950522 ], [ -103.5458313, 20.3950348 ], [ -103.5458794, 20.3950171 ], [ -103.5459466, 20.3949996 ], [ -103.545987, 20.3949873 ] ] } },
{ "type": "Feature", "properties": { "ID": 6917641, "CVE_SUBC": "RH12Dc", "CLAVE50K": "f13d75", "TIPO": 101, "ENTIDAD": "CORRIENTE DE AGUA", "FC": 3271, "CONDICION": "INTERMITENTE", "EDICION": "O", "FECHA": "1994-12-31", "LENGTHM": 358.7454, "ID_DRENA": 6, "FLOWDIR": 1, "ENABLED": 1, "DESC_ENABL": null, "CALI_REPR": 0, "SEQUENCEID": 3056.0, "ORDER_1": 1, "LEVEL_1": 3, "ARBSUM_1": 358.7454, "PATHL_1": 17432.1983 }, "geometry": { "type": "LineString", "coordinates": [ [ -103.5280039, 20.3360116 ], [ -103.5279562, 20.336028 ], [ -103.527908, 20.3360547 ], [ -103.5277832, 20.3360898 ], [ -103.5277162, 20.3360892 ], [ -103.5276204, 20.3360884 ], [ -103.5274865, 20.3360692 ], [ -103.5273908, 20.3360594 ], [ -103.5272567, 20.3360582 ], [ -103.5270937, 20.336075 ], [ -103.5269979, 20.3360832 ], [ -103.5268827, 20.3361093 ], [ -103.5268057, 20.3361538 ], [ -103.5267094, 20.3362072 ], [ -103.5266132, 20.3362516 ], [ -103.526517, 20.3362959 ], [ -103.5264111, 20.3363492 ], [ -103.5262861, 20.3364024 ], [ -103.5261899, 20.3364468 ], [ -103.5261224, 20.3365004 ], [ -103.526074, 20.3365542 ], [ -103.526016, 20.3366079 ] ] } },
{ "type": "Feature", "properties": { "ID": 6917655, "CVE_SUBC": "RH12Dc", "CLAVE50K": null, "TIPO": 101, "ENTIDAD": "CORRIENTE DE AGUA", "FC": 3271, "CONDICION": "INTERMITENTE", "EDICION": "N", "FECHA": "2007-11-09", "LENGTHM": 817.2282, "ID_DRENA": 6, "FLOWDIR": 1, "ENABLED": 1, "DESC_ENABL": null, "CALI_REPR": 1, "SEQUENCEID": 2979.0, "ORDER_1": 3, "LEVEL_1": 2, "ARBSUM_1": 11401.736, "PATHL_1": 13450.9733 }, "geometry": { "type": "LineString", "coordinates": [ [ -103.523066, 20.3598446 ], [ -103.5219103, 20.3595335 ], [ -103.5211489, 20.3595335 ], [ -103.5204826, 20.3594145 ], [ -103.5202209, 20.3594383 ], [ -103.5191263, 20.3595335 ], [ -103.5183887, 20.3593669 ], [ -103.5176511, 20.3592241 ], [ -103.5165565, 20.3589624 ], [ -103.5158903, 20.3592717 ], [ -103.5154642, 20.3594617 ] ] } },
{ "type": "Feature", "properties": { "ID": 6917657, "CVE_SUBC": "RH12Dc", "CLAVE50K": "f13d75", "TIPO": 101, "ENTIDAD": "CORRIENTE DE AGUA", "FC": 3271, "CONDICION": "INTERMITENTE", "EDICION": "O", "FECHA": "1994-12-31", "LENGTHM": 518.6978, "ID_DRENA": 5, "FLOWDIR": 1, "ENABLED": 1, "DESC_ENABL": null, "CALI_REPR": 0, "SEQUENCEID": 2681.0, "ORDER_1": 1, "LEVEL_1": 2, "ARBSUM_1": 518.6978, "PATHL_1": 5700.9448 }, "geometry": { "type": "LineString", "coordinates": [ [ -103.4568177, 20.3702578 ], [ -103.456867, 20.3701227 ], [ -103.4568962, 20.3700687 ], [ -103.4569162, 20.3699876 ], [ -103.4569458, 20.3698975 ], [ -103.456985, 20.3698075 ], [ -103.4570342, 20.3696815 ], [ -103.4570745, 20.3694831 ], [ -103.457114, 20.369366 ], [ -103.4571535, 20.3692399 ], [ -103.4572322, 20.3690328 ], [ -103.4572622, 20.3689066 ], [ -103.4572925, 20.3687533 ], [ -103.4573226, 20.3686181 ], [ -103.457333, 20.3685278 ], [ -103.457334, 20.3684284 ], [ -103.4573349, 20.3683381 ], [ -103.4573358, 20.3682478 ], [ -103.4573274, 20.3681303 ], [ -103.4573187, 20.3680399 ], [ -103.4573108, 20.3678772 ], [ -103.4573018, 20.3678139 ], [ -103.4573515, 20.3676336 ], [ -103.4573815, 20.3675074 ], [ -103.4574032, 20.3672547 ], [ -103.4574136, 20.3671735 ], [ -103.4574241, 20.3670742 ], [ -103.4574559, 20.3667673 ], [ -103.457507, 20.3664425 ], [ -103.4575275, 20.3663162 ], [ -103.4575574, 20.3661991 ], [ -103.4575778, 20.3660728 ], [ -103.4576173, 20.3659557 ], [ -103.4576279, 20.3658474 ], [ -103.4576384, 20.3657571 ], [ -103.4576394, 20.3656578 ] ] } },
{ "type": "Feature", "properties": { "ID": 6917664, "CVE_SUBC": "RH12Dc", "CLAVE50K": "f13d75", "TIPO": 101, "ENTIDAD": "CORRIENTE DE AGUA", "FC": 3271, "CONDICION": "INTERMITENTE", "EDICION": "O", "FECHA": "1994-12-31", "LENGTHM": 861.7547, "ID_DRENA": 6, "FLOWDIR": 1, "ENABLED": 1, "DESC_ENABL": null, "CALI_REPR": 0, "SEQUENCEID": 3238.0, "ORDER_1": 1, "LEVEL_1": 2, "ARBSUM_1": 861.7547, "PATHL_1": 28794.1961 }, "geometry": { "type": "LineString", "coordinates": [ [ -103.4178709, 20.3275409 ], [ -103.4178915, 20.3273966 ], [ -103.4179116, 20.3273064 ], [ -103.4179703, 20.3271805 ], [ -103.4180485, 20.3270276 ], [ -103.4182037, 20.3268303 ], [ -103.4182335, 20.3267312 ], [ -103.418273, 20.3266141 ], [ -103.4183222, 20.326479 ], [ -103.418391, 20.326308 ], [ -103.4184025, 20.3261184 ], [ -103.418375, 20.3260007 ], [ -103.4183566, 20.3259283 ], [ -103.4183572, 20.3258651 ], [ -103.4183772, 20.3257839 ], [ -103.4184356, 20.3256851 ], [ -103.4185039, 20.3255683 ], [ -103.4185146, 20.3254509 ], [ -103.4185155, 20.3253696 ], [ -103.4185161, 20.3253064 ], [ -103.4185555, 20.3251984 ], [ -103.4185667, 20.3250449 ], [ -103.4185296, 20.3249181 ], [ -103.4184828, 20.3248183 ], [ -103.418428, 20.3245558 ], [ -103.4184296, 20.3243932 ], [ -103.4184314, 20.3242216 ], [ -103.4184747, 20.3237251 ], [ -103.4185244, 20.3235539 ], [ -103.4185836, 20.3233738 ], [ -103.4185955, 20.3231481 ], [ -103.4185971, 20.3229945 ], [ -103.4185986, 20.322841 ], [ -103.4185537, 20.3225515 ], [ -103.41847, 20.3223068 ], [ -103.4184426, 20.322171 ], [ -103.4184346, 20.3220174 ], [ -103.4184458, 20.3218639 ], [ -103.4184568, 20.3217195 ], [ -103.4184587, 20.3215298 ], [ -103.4184502, 20.3214303 ], [ -103.418433, 20.3212314 ], [ -103.418425, 20.3210778 ], [ -103.4184363, 20.3209063 ], [ -103.4184572, 20.3207348 ], [ -103.4184875, 20.3205815 ], [ -103.4184991, 20.3203829 ], [ -103.4184811, 20.3202743 ], [ -103.4184443, 20.3201204 ], [ -103.4184452, 20.3200301 ], [ -103.4184652, 20.319949 ] ] } },
{ "type": "Feature", "properties": { "ID": 6917666, "CVE_SUBC": "RH12Dc", "CLAVE50K": "f13d75", "TIPO": 101, "ENTIDAD": "CORRIENTE DE AGUA", "FC": 3271, "CONDICION": "INTERMITENTE", "EDICION": "O", "FECHA": "1994-12-31", "LENGTHM": 217.9055, "ID_DRENA": 6, "FLOWDIR": 1, "ENABLED": 1, "DESC_ENABL": null, "CALI_REPR": 0, "SEQUENCEID": 3101.0, "ORDER_1": 2, "LEVEL_1": 3, "ARBSUM_1": 4177.9236, "PATHL_1": 20338.91 }, "geometry": { "type": "LineString", "coordinates": [ [ -103.4788196, 20.3120193 ], [ -103.4788652, 20.3120562 ], [ -103.4789601, 20.3121473 ], [ -103.4790647, 20.3122205 ], [ -103.4791792, 20.3122667 ], [ -103.4792745, 20.3123127 ], [ -103.47937, 20.3123406 ], [ -103.4794939, 20.3123959 ], [ -103.4795987, 20.312451 ], [ -103.4797983, 20.3126063 ], [ -103.4798932, 20.3126884 ], [ -103.4799787, 20.3127614 ], [ -103.4800735, 20.3128616 ], [ -103.4801399, 20.3129255 ], [ -103.4804708, 20.3131993 ] ] } },
{ "type": "Feature", "properties": { "ID": 6917667, "CVE_SUBC": "RH12Dc", "CLAVE50K": "f13d75", "TIPO": 101, "ENTIDAD": "CORRIENTE DE AGUA", "FC": 3271, "CONDICION": "INTERMITENTE", "EDICION": "O", "FECHA": "1994-12-31", "LENGTHM": 45.0499, "ID_DRENA": 5, "FLOWDIR": 1, "ENABLED": 1, "DESC_ENABL": null, "CALI_REPR": 0, "SEQUENCEID": 2668.0, "ORDER_1": 2, "LEVEL_1": 2, "ARBSUM_1": 4509.159, "PATHL_1": 3008.2731 }, "geometry": { "type": "LineString", "coordinates": [ [ -103.4804646, 20.3649456 ], [ -103.4805224, 20.364919 ], [ -103.4805801, 20.3648924 ], [ -103.4806475, 20.3648568 ], [ -103.4807245, 20.3648213 ], [ -103.4807916, 20.3648129 ], [ -103.4808657, 20.3648135 ] ] } },
{ "type": "Feature", "properties": { "ID": 6917673, "CVE_SUBC": "RH12Dc", "CLAVE50K": "f13d75", "TIPO": 102, "ENTIDAD": "CANAL", "FC": 3180, "CONDICION": "EN OPERACION", "EDICION": "O", "FECHA": "2007-11-09", "LENGTHM": 516.4949, "ID_DRENA": 6, "FLOWDIR": 1, "ENABLED": 1, "DESC_ENABL": null, "CALI_REPR": 0, "SEQUENCEID": 2962.0, "ORDER_1": 5, "LEVEL_1": 1, "ARBSUM_1": 208027.5643, "PATHL_1": 10964.3041 }, "geometry": { "type": "LineString", "coordinates": [ [ -103.5251658, 20.3740973 ], [ -103.5251805, 20.3741644 ], [ -103.5253354, 20.3749968 ], [ -103.5253628, 20.3751416 ], [ -103.5253808, 20.3752682 ], [ -103.5254726, 20.3756846 ], [ -103.5256742, 20.3766529 ], [ -103.5259411, 20.3778025 ], [ -103.526173, 20.3785994 ], [ -103.5261908, 20.3786777 ] ] } },
{ "type": "Feature", "properties": { "ID": 6917690, "CVE_SUBC": "RH12Dc", "CLAVE50K": "f13d75", "TIPO": 101, "ENTIDAD": "CORRIENTE DE AGUA", "FC": 3271, "CONDICION": "INTERMITENTE", "EDICION": "O", "FECHA": "1994-12-31", "LENGTHM": 528.0566, "ID_DRENA": 6, "FLOWDIR": 1, "ENABLED": 1, "DESC_ENABL": null, "CALI_REPR": 0, "SEQUENCEID": 3268.0, "ORDER_1": 2, "LEVEL_1": 1, "ARBSUM_1": 2318.267, "PATHL_1": 33095.871 }, "geometry": { "type": "LineString", "coordinates": [ [ -103.4203258, 20.3573744 ], [ -103.4203268, 20.3572841 ], [ -103.4203272, 20.3572389 ], [ -103.4203277, 20.3571937 ], [ -103.4203186, 20.3571485 ], [ -103.4203094, 20.3571032 ], [ -103.4203003, 20.357058 ], [ -103.4202912, 20.3570127 ], [ -103.4202921, 20.3569224 ], [ -103.420283, 20.3568772 ], [ -103.4202739, 20.3568319 ], [ -103.4202648, 20.3567867 ], [ -103.4202556, 20.3567414 ], [ -103.4202277, 20.3566598 ], [ -103.4202186, 20.3566146 ], [ -103.4202095, 20.3565694 ], [ -103.4202004, 20.3565241 ], [ -103.4201913, 20.3564788 ], [ -103.4201822, 20.3564336 ], [ -103.420173, 20.3563883 ], [ -103.4201639, 20.3563431 ], [ -103.4201456, 20.3562616 ], [ -103.4201365, 20.3562164 ], [ -103.4201274, 20.3561711 ], [ -103.4201182, 20.3561259 ], [ -103.4201187, 20.3560807 ], [ -103.4201096, 20.3560355 ], [ -103.4201009, 20.355945 ], [ -103.4200918, 20.3558998 ], [ -103.4200827, 20.3558545 ], [ -103.4200736, 20.3558093 ], [ -103.420074, 20.3557641 ], [ -103.4200649, 20.3557189 ], [ -103.4200654, 20.3556737 ], [ -103.4200562, 20.3556285 ], [ -103.4200379, 20.355547 ], [ -103.4200288, 20.3555017 ], [ -103.4200197, 20.3554565 ], [ -103.4200106, 20.3554112 ], [ -103.4200014, 20.355366 ], [ -103.4200019, 20.3553208 ], [ -103.4199832, 20.3552755 ], [ -103.4199741, 20.3552302 ], [ -103.419965, 20.355185 ], [ -103.4199558, 20.3551397 ], [ -103.4199375, 20.3550583 ], [ -103.4199289, 20.3549678 ], [ -103.4199202, 20.3548774 ], [ -103.4199114, 20.3548051 ], [ -103.4199119, 20.3547509 ], [ -103.419884, 20.3546693 ], [ -103.4198467, 20.3545696 ], [ -103.4198096, 20.3544518 ], [ -103.4197723, 20.3543521 ], [ -103.4197347, 20.3542795 ], [ -103.419726, 20.3541981 ], [ -103.4197174, 20.3540987 ], [ -103.4196992, 20.3540082 ], [ -103.4196909, 20.3538816 ], [ -103.4196729, 20.353764 ], [ -103.4196744, 20.3536195 ], [ -103.4196564, 20.3535019 ], [ -103.4196005, 20.3533478 ], [ -103.4195441, 20.353248 ], [ -103.4194683, 20.353166 ], [ -103.4194692, 20.3530756 ], [ -103.4195095, 20.3528773 ], [ -103.4194824, 20.3527144 ] ] } },
{ "type": "Feature", "properties": { "ID": 6917704, "CVE_SUBC": "RH12Dc", "CLAVE50K": "f13d75", "TIPO": 101, "ENTIDAD": "CORRIENTE DE AGUA", "FC": 3271, "CONDICION": "INTERMITENTE", "EDICION": "O", "FECHA": "1994-12-31", "LENGTHM": 722.4119, "ID_DRENA": 6, "FLOWDIR": 1, "ENABLED": 1, "DESC_ENABL": null, "CALI_REPR": 0, "SEQUENCEID": 2987.0, "ORDER_1": 2, "LEVEL_1": 3, "ARBSUM_1": 2044.7268, "PATHL_1": 15294.8689 }, "geometry": { "type": "LineString", "coordinates": [ [ -103.5385072, 20.3588283 ], [ -103.5384789, 20.3587829 ], [ -103.5384316, 20.3587192 ], [ -103.538365, 20.3586735 ], [ -103.538289, 20.3586096 ], [ -103.5382413, 20.3585912 ], [ -103.5380787, 20.3585627 ], [ -103.5379928, 20.3585258 ], [ -103.5379168, 20.358462 ], [ -103.5378408, 20.3583981 ], [ -103.5377934, 20.3583435 ], [ -103.5376215, 20.3582878 ], [ -103.5375163, 20.3582689 ], [ -103.5373727, 20.3582586 ], [ -103.5372769, 20.3582578 ], [ -103.5372003, 20.3582572 ], [ -103.5371142, 20.3582384 ], [ -103.5369996, 20.3582104 ], [ -103.5369328, 20.3581737 ], [ -103.5367798, 20.3581453 ], [ -103.536617, 20.3581439 ], [ -103.5364448, 20.3581244 ], [ -103.5363777, 20.3581238 ], [ -103.536234, 20.3581226 ], [ -103.5361477, 20.35814 ], [ -103.5360326, 20.3581571 ], [ -103.5358695, 20.3581738 ], [ -103.5355246, 20.3581799 ], [ -103.5353426, 20.3581874 ], [ -103.5350932, 20.3582215 ], [ -103.5349299, 20.3582653 ], [ -103.5348051, 20.3582913 ], [ -103.5347283, 20.3583088 ], [ -103.5346326, 20.358308 ], [ -103.5345369, 20.3582891 ], [ -103.5343074, 20.358251 ], [ -103.5342214, 20.3582322 ], [ -103.5341163, 20.3582042 ], [ -103.5340013, 20.3582033 ], [ -103.5338959, 20.3582114 ], [ -103.5337712, 20.3582284 ], [ -103.5336367, 20.3582725 ], [ -103.5334735, 20.3583072 ], [ -103.5333584, 20.3583244 ], [ -103.5332243, 20.3583232 ], [ -103.5331381, 20.3583225 ], [ -103.5330617, 20.3582948 ], [ -103.5329949, 20.3582671 ], [ -103.5329377, 20.3582395 ], [ -103.5328422, 20.3582116 ], [ -103.5327559, 20.3582199 ], [ -103.5326405, 20.3582641 ], [ -103.5325631, 20.3583448 ], [ -103.5325144, 20.3584257 ], [ -103.532485, 20.3584977 ], [ -103.5324462, 20.3585516 ], [ -103.5324074, 20.3585964 ], [ -103.5323112, 20.3586498 ], [ -103.5322441, 20.3586492 ], [ -103.5321485, 20.3586304 ], [ -103.5320814, 20.3586298 ] ] } },
{ "type": "Feature", "properties": { "ID": 6917709, "CVE_SUBC": "RH12Dc", "CLAVE50K": "f13d75", "TIPO": 101, "ENTIDAD": "CORRIENTE DE AGUA", "FC": 3271, "CONDICION": "INTERMITENTE", "EDICION": "O", "FECHA": "1994-12-31", "LENGTHM": 12.1021, "ID_DRENA": 6, "FLOWDIR": 1, "ENABLED": 1, "DESC_ENABL": null, "CALI_REPR": 0, "SEQUENCEID": 2939.0, "ORDER_1": 1, "LEVEL_1": 3, "ARBSUM_1": 674.1514, "PATHL_1": 13898.4284 }, "geometry": { "type": "LineString", "coordinates": [ [ -103.4986357, 20.3930264 ], [ -103.4985864, 20.392927 ] ] } },
{ "type": "Feature", "properties": { "ID": 6917714, "CVE_SUBC": "RH12Dc", "CLAVE50K": "f13d75", "TIPO": 101, "ENTIDAD": "CORRIENTE DE AGUA", "FC": 3271, "CONDICION": "INTERMITENTE", "EDICION": "O", "FECHA": "1994-12-31", "LENGTHM": 114.4551, "ID_DRENA": 6, "FLOWDIR": 1, "ENABLED": 1, "DESC_ENABL": null, "CALI_REPR": 0, "SEQUENCEID": 3263.0, "ORDER_1": 2, "LEVEL_1": 2, "ARBSUM_1": 541.1239, "PATHL_1": 33019.5162 }, "geometry": { "type": "LineString", "coordinates": [ [ -103.4204654, 20.3523988 ], [ -103.4203858, 20.3524245 ], [ -103.4203379, 20.352424 ], [ -103.42029, 20.3524236 ], [ -103.4201943, 20.3524137 ], [ -103.4201464, 20.3524133 ], [ -103.4200604, 20.3523944 ], [ -103.4200127, 20.3523759 ], [ -103.419965, 20.3523574 ], [ -103.4198792, 20.3523205 ], [ -103.419803, 20.3522747 ], [ -103.4197553, 20.3522562 ], [ -103.4196792, 20.3522013 ], [ -103.4196509, 20.3521649 ], [ -103.4195748, 20.35211 ], [ -103.4195086, 20.3520281 ] ] } },
{ "type": "Feature", "properties": { "ID": 6917719, "CVE_SUBC": "RH12Dc", "CLAVE50K": "f13d75", "TIPO": 101, "ENTIDAD": "CORRIENTE DE AGUA", "FC": 3271, "CONDICION": "INTERMITENTE", "EDICION": "O", "FECHA": "1994-12-31", "LENGTHM": 252.8586, "ID_DRENA": 6, "FLOWDIR": 1, "ENABLED": 1, "DESC_ENABL": null, "CALI_REPR": 0, "SEQUENCEID": 3191.0, "ORDER_1": 1, "LEVEL_1": 4, "ARBSUM_1": 252.8586, "PATHL_1": 31351.4777 }, "geometry": { "type": "LineString", "coordinates": [ [ -103.4305026, 20.3503386 ], [ -103.4305414, 20.3502847 ], [ -103.430571, 20.3502037 ], [ -103.4305906, 20.3501587 ], [ -103.4306006, 20.3501136 ], [ -103.4306398, 20.3500326 ], [ -103.4306789, 20.3499517 ], [ -103.4307466, 20.3498891 ], [ -103.4307852, 20.3498623 ], [ -103.4308237, 20.3498356 ], [ -103.4308623, 20.3498088 ], [ -103.4309104, 20.3497912 ], [ -103.4309585, 20.3497735 ], [ -103.4310261, 20.3497199 ], [ -103.4310748, 20.3496391 ], [ -103.4310853, 20.3495488 ], [ -103.4310957, 20.3494586 ], [ -103.4311058, 20.3494135 ], [ -103.4311158, 20.3493684 ], [ -103.4311454, 20.3492874 ], [ -103.431165, 20.3492424 ], [ -103.4311941, 20.3492065 ], [ -103.4312523, 20.3491348 ], [ -103.4312814, 20.3490989 ], [ -103.4313396, 20.3490272 ], [ -103.4313687, 20.3489913 ], [ -103.4314268, 20.3489195 ], [ -103.4314564, 20.3488385 ], [ -103.4314664, 20.3487934 ], [ -103.4314765, 20.3487483 ], [ -103.4314961, 20.3487033 ], [ -103.4315061, 20.3486583 ], [ -103.4315352, 20.3486224 ], [ -103.4315548, 20.3485774 ], [ -103.431613, 20.3485056 ], [ -103.4316556, 20.3484143 ] ] } },
{ "type": "Feature", "properties": { "ID": 6917721, "CVE_SUBC": "RH12Dc", "CLAVE50K": "f13d75", "TIPO": 101, "ENTIDAD": "CORRIENTE DE AGUA", "FC": 3271, "CONDICION": "INTERMITENTE", "EDICION": "O", "FECHA": "1994-12-31", "LENGTHM": 450.7629, "ID_DRENA": 6, "FLOWDIR": 1, "ENABLED": 1, "DESC_ENABL": null, "CALI_REPR": 0, "SEQUENCEID": 3021.0, "ORDER_1": 3, "LEVEL_1": 2, "ARBSUM_1": 17718.3535, "PATHL_1": 17494.4244 }, "geometry": { "type": "LineString", "coordinates": [ [ -103.4876427, 20.3345646 ], [ -103.4879537, 20.3346476 ], [ -103.4882976, 20.3347409 ], [ -103.4885939, 20.3348067 ], [ -103.4887655, 20.3348895 ], [ -103.4888797, 20.3349627 ], [ -103.4889555, 20.3350447 ], [ -103.4890124, 20.3350994 ], [ -103.4890978, 20.3351814 ], [ -103.489222, 20.3352186 ], [ -103.4892795, 20.3352191 ], [ -103.4893565, 20.3351746 ], [ -103.489424, 20.33513 ], [ -103.4895107, 20.3350766 ], [ -103.4895683, 20.335059 ], [ -103.4896833, 20.33506 ], [ -103.4897596, 20.3350878 ], [ -103.4898356, 20.3351517 ], [ -103.4899309, 20.3352067 ], [ -103.4900452, 20.3352709 ], [ -103.4901309, 20.3353168 ], [ -103.490255, 20.3353631 ], [ -103.4903501, 20.3354271 ], [ -103.4904738, 20.3355095 ], [ -103.4908647, 20.3356936 ], [ -103.4909793, 20.3357307 ], [ -103.4910842, 20.3357768 ], [ -103.4912276, 20.3358051 ], [ -103.4913233, 20.335815 ], [ -103.4914286, 20.3358159 ], [ -103.4915373, 20.3358168 ] ] } },
{ "type": "Feature", "properties": { "ID": 6917730, "CVE_SUBC": "RH12Dc", "CLAVE50K": "f13d75", "TIPO": 101, "ENTIDAD": "CORRIENTE DE AGUA", "FC": 3271, "CONDICION": "INTERMITENTE", "EDICION": "O", "FECHA": "1994-12-31", "LENGTHM": 227.9861, "ID_DRENA": 5, "FLOWDIR": 1, "ENABLED": 1, "DESC_ENABL": null, "CALI_REPR": 0, "SEQUENCEID": 2734.0, "ORDER_1": 2, "LEVEL_1": 2, "ARBSUM_1": 1079.0832, "PATHL_1": 3188.5206 }, "geometry": { "type": "LineString", "coordinates": [ [ -103.4858785, 20.3912993 ], [ -103.4862372, 20.3908688 ], [ -103.4864012, 20.3907528 ], [ -103.4865074, 20.3906634 ], [ -103.4866234, 20.390565 ], [ -103.4867392, 20.3904757 ], [ -103.4869517, 20.3903059 ], [ -103.4870482, 20.3902344 ], [ -103.4871835, 20.3901091 ], [ -103.4874054, 20.3899484 ], [ -103.487473, 20.3898948 ] ] } },
{ "type": "Feature", "properties": { "ID": 6917736, "CVE_SUBC": "RH12Dc", "CLAVE50K": "f13d75", "TIPO": 101, "ENTIDAD": "CORRIENTE DE AGUA", "FC": 3271, "CONDICION": "INTERMITENTE", "EDICION": "O", "FECHA": "1994-12-31", "LENGTHM": 149.0491, "ID_DRENA": 6, "FLOWDIR": 1, "ENABLED": 1, "DESC_ENABL": null, "CALI_REPR": 0, "SEQUENCEID": 3189.0, "ORDER_1": 2, "LEVEL_1": 3, "ARBSUM_1": 809.673, "PATHL_1": 31192.8402 }, "geometry": { "type": "LineString", "coordinates": [ [ -103.4317294, 20.3483622 ], [ -103.4318165, 20.3482726 ], [ -103.4319512, 20.3482106 ], [ -103.432038, 20.3481572 ], [ -103.4321341, 20.3481219 ], [ -103.4322591, 20.3480778 ], [ -103.4323456, 20.3480515 ], [ -103.4324704, 20.3480165 ], [ -103.4326818, 20.3479461 ], [ -103.43273, 20.3479194 ], [ -103.4328358, 20.3478752 ], [ -103.4330091, 20.3477864 ] ] } },
{ "type": "Feature", "properties": { "ID": 6917737, "CVE_SUBC": "RH12Dc", "CLAVE50K": "f13d75", "TIPO": 101, "ENTIDAD": "CORRIENTE DE AGUA", "FC": 3271, "CONDICION": "INTERMITENTE", "EDICION": "O", "FECHA": "1994-12-31", "LENGTHM": 119.2872, "ID_DRENA": 6, "FLOWDIR": 1, "ENABLED": 1, "DESC_ENABL": null, "CALI_REPR": 0, "SEQUENCEID": 2947.0, "ORDER_1": 2, "LEVEL_1": 2, "ARBSUM_1": 1992.9946, "PATHL_1": 14355.2285 }, "geometry": { "type": "LineString", "coordinates": [ [ -103.4911428, 20.3918418 ], [ -103.4911528, 20.3917967 ], [ -103.491173, 20.3916885 ], [ -103.4912406, 20.3916349 ], [ -103.4912894, 20.391545 ], [ -103.4913287, 20.3914459 ], [ -103.4913682, 20.3913198 ], [ -103.4913884, 20.3912116 ], [ -103.491399, 20.3911123 ], [ -103.4913903, 20.3910219 ], [ -103.4913627, 20.3909042 ], [ -103.4913443, 20.3908227 ] ] } },
{ "type": "Feature", "properties": { "ID": 6917742, "CVE_SUBC": "RH12Dc", "CLAVE50K": "f13d75", "TIPO": 101, "ENTIDAD": "CORRIENTE DE AGUA", "FC": 3271, "CONDICION": "INTERMITENTE", "EDICION": "O", "FECHA": "1994-12-31", "LENGTHM": 362.261, "ID_DRENA": 5, "FLOWDIR": 1, "ENABLED": 1, "DESC_ENABL": null, "CALI_REPR": 0, "SEQUENCEID": 2689.0, "ORDER_1": 1, "LEVEL_1": 2, "ARBSUM_1": 362.261, "PATHL_1": 6561.8495 }, "geometry": { "type": "LineString", "coordinates": [ [ -103.4489834, 20.3700709 ], [ -103.4489849, 20.3699173 ], [ -103.4489959, 20.3697819 ], [ -103.4489967, 20.3697006 ], [ -103.4490099, 20.3693394 ], [ -103.4490127, 20.3690593 ], [ -103.4490047, 20.3688967 ], [ -103.4489983, 20.3685804 ], [ -103.4490003, 20.3683817 ], [ -103.4490306, 20.3682194 ], [ -103.4490609, 20.368066 ], [ -103.44911, 20.367949 ], [ -103.4491592, 20.367814 ], [ -103.4493051, 20.3675985 ], [ -103.4495196, 20.3672209 ], [ -103.4496359, 20.3670865 ], [ -103.4497613, 20.3669972 ] ] } },
{ "type": "Feature", "properties": { "ID": 6917760, "CVE_SUBC": "RH12Dc", "CLAVE50K": "f13d75", "TIPO": 101, "ENTIDAD": "CORRIENTE DE AGUA", "FC": 3271, "CONDICION": "INTERMITENTE", "EDICION": "O", "FECHA": "1994-12-31", "LENGTHM": 1749.1756, "ID_DRENA": 6, "FLOWDIR": 1, "ENABLED": 1, "DESC_ENABL": null, "CALI_REPR": 0, "SEQUENCEID": 3253.0, "ORDER_1": 3, "LEVEL_1": 1, "ARBSUM_1": 9223.2502, "PATHL_1": 29784.9981 }, "geometry": { "type": "LineString", "coordinates": [ [ -103.4162274, 20.3393964 ], [ -103.4162376, 20.3393332 ], [ -103.4162478, 20.3392701 ], [ -103.4162488, 20.3391797 ], [ -103.4162602, 20.3389992 ], [ -103.4162706, 20.338918 ], [ -103.416281, 20.3388367 ], [ -103.4163009, 20.3387647 ], [ -103.4163111, 20.3387015 ], [ -103.4163213, 20.3386384 ], [ -103.4163218, 20.3385932 ], [ -103.4163419, 20.338503 ], [ -103.4163328, 20.3384488 ], [ -103.4163143, 20.3383854 ], [ -103.4162104, 20.3382489 ], [ -103.4161919, 20.3381855 ], [ -103.4161541, 20.338131 ], [ -103.4161257, 20.3380946 ], [ -103.4160879, 20.3380491 ], [ -103.4160596, 20.3380036 ], [ -103.416041, 20.3379493 ], [ -103.4160035, 20.3378676 ], [ -103.4159563, 20.337804 ], [ -103.4159281, 20.3377495 ], [ -103.4159286, 20.3377043 ], [ -103.4159292, 20.3376411 ], [ -103.4159013, 20.3375596 ], [ -103.4158634, 20.3375231 ], [ -103.4158158, 20.3374955 ], [ -103.4157683, 20.337459 ], [ -103.4157019, 20.3373951 ], [ -103.4156735, 20.3373587 ], [ -103.4156741, 20.3373046 ], [ -103.415608, 20.3372136 ], [ -103.415542, 20.3371046 ], [ -103.415514, 20.3370321 ], [ -103.4155051, 20.3369688 ], [ -103.415496, 20.3369235 ], [ -103.4154401, 20.3367694 ], [ -103.4153928, 20.3367058 ], [ -103.4153744, 20.3366333 ], [ -103.4153557, 20.336588 ], [ -103.4153286, 20.3364342 ], [ -103.4153108, 20.3362985 ], [ -103.4153116, 20.3362172 ], [ -103.4153125, 20.3361359 ], [ -103.4152939, 20.3360816 ], [ -103.4152368, 20.3360449 ], [ -103.4151415, 20.3359989 ], [ -103.4150652, 20.335962 ], [ -103.4150182, 20.3358803 ], [ -103.4149903, 20.3357988 ], [ -103.4149625, 20.3356991 ], [ -103.414954, 20.3355997 ], [ -103.4149648, 20.3354823 ], [ -103.414976, 20.3353198 ], [ -103.4149771, 20.3352114 ], [ -103.4150167, 20.3350853 ], [ -103.4150367, 20.3350042 ], [ -103.415086, 20.3348601 ], [ -103.4150961, 20.334815 ], [ -103.4150871, 20.3347517 ], [ -103.4150781, 20.3346974 ], [ -103.4150595, 20.3346431 ], [ -103.4150408, 20.3345977 ], [ -103.4150129, 20.3345162 ], [ -103.4150144, 20.3343716 ], [ -103.4150349, 20.3342363 ], [ -103.4150454, 20.3341461 ], [ -103.4150462, 20.3340648 ], [ -103.4150469, 20.3340016 ], [ -103.4150959, 20.3338936 ], [ -103.4151541, 20.3338219 ], [ -103.4152415, 20.3337052 ], [ -103.4153001, 20.3335883 ], [ -103.4153398, 20.3334532 ], [ -103.4153407, 20.3333628 ], [ -103.4153319, 20.3332905 ], [ -103.4153232, 20.3332001 ], [ -103.4153047, 20.3331367 ], [ -103.4152109, 20.3329461 ], [ -103.4151638, 20.3328644 ], [ -103.4151452, 20.33281 ], [ -103.415079, 20.3327281 ], [ -103.41507, 20.3326738 ], [ -103.415042, 20.3326013 ], [ -103.4150141, 20.3325197 ], [ -103.4149858, 20.3324833 ], [ -103.4149099, 20.3324104 ], [ -103.4148249, 20.3322922 ], [ -103.4147689, 20.3321471 ], [ -103.4147407, 20.3320927 ], [ -103.4147127, 20.3320201 ], [ -103.4146847, 20.3319476 ], [ -103.4146578, 20.3317757 ], [ -103.4146589, 20.3316673 ], [ -103.4146882, 20.3316044 ], [ -103.4147079, 20.3315504 ], [ -103.4147564, 20.3314966 ], [ -103.4147954, 20.3314247 ], [ -103.414844, 20.3313619 ], [ -103.4148828, 20.331308 ], [ -103.4149024, 20.331263 ], [ -103.4149221, 20.331209 ], [ -103.4149322, 20.3311549 ], [ -103.414952, 20.3311009 ], [ -103.4149812, 20.3310469 ], [ -103.4150105, 20.330993 ], [ -103.4150688, 20.3309122 ], [ -103.415079, 20.3308491 ], [ -103.4150704, 20.3307587 ], [ -103.4150612, 20.3307134 ], [ -103.4150331, 20.330659 ], [ -103.415024, 20.3306137 ], [ -103.4150246, 20.3305505 ], [ -103.4150447, 20.3304603 ], [ -103.4150742, 20.3303793 ], [ -103.415113, 20.3303345 ], [ -103.4151425, 20.3302625 ], [ -103.4151625, 20.3301723 ], [ -103.4151633, 20.3301 ], [ -103.4151543, 20.3300367 ], [ -103.4151263, 20.3299732 ], [ -103.4150983, 20.3299007 ], [ -103.4150896, 20.3298103 ], [ -103.4151095, 20.3297382 ], [ -103.4151292, 20.3296842 ], [ -103.415149, 20.3296211 ], [ -103.4151495, 20.329576 ], [ -103.4151503, 20.3294947 ], [ -103.4151322, 20.3293861 ], [ -103.4151137, 20.3293227 ], [ -103.4150954, 20.3292412 ], [ -103.4150963, 20.3291509 ], [ -103.4150972, 20.3290696 ], [ -103.4150982, 20.3289702 ], [ -103.4150892, 20.3289069 ], [ -103.415061, 20.3288615 ], [ -103.4150424, 20.3288071 ], [ -103.4150238, 20.3287528 ], [ -103.4149959, 20.3286712 ], [ -103.414968, 20.3285896 ], [ -103.4149686, 20.3285264 ], [ -103.4149596, 20.3284721 ], [ -103.4149413, 20.3283907 ], [ -103.4149229, 20.3283092 ], [ -103.4149236, 20.328246 ], [ -103.4149341, 20.3281557 ], [ -103.414954, 20.3280836 ], [ -103.4149641, 20.3280295 ], [ -103.4149648, 20.3279663 ], [ -103.4149368, 20.3278847 ], [ -103.4148896, 20.3278211 ], [ -103.4148421, 20.3277845 ], [ -103.414766, 20.3277386 ], [ -103.4146803, 20.3276837 ], [ -103.4146138, 20.3276289 ], [ -103.4145569, 20.3275742 ], [ -103.4145193, 20.3275106 ], [ -103.4144913, 20.327438 ], [ -103.4144441, 20.3273654 ], [ -103.4143873, 20.3273016 ], [ -103.4143304, 20.3272469 ], [ -103.4142734, 20.3272012 ], [ -103.4142547, 20.3271559 ], [ -103.4142178, 20.32702 ], [ -103.4141996, 20.3269295 ], [ -103.414153, 20.3268026 ], [ -103.414125, 20.3267301 ], [ -103.4141063, 20.3266848 ], [ -103.4140592, 20.3266121 ], [ -103.414012, 20.3265394 ], [ -103.4139937, 20.3264579 ], [ -103.4139861, 20.3262681 ], [ -103.4139773, 20.3261867 ], [ -103.4139496, 20.3260871 ], [ -103.4139408, 20.3260148 ], [ -103.4139416, 20.3259335 ], [ -103.4139616, 20.3258523 ], [ -103.4139623, 20.3257801 ], [ -103.4139343, 20.3257076 ], [ -103.413887, 20.3256529 ], [ -103.4138202, 20.3256252 ], [ -103.4136867, 20.3255698 ], [ -103.4135528, 20.3255505 ], [ -103.4133138, 20.3255122 ], [ -103.4131612, 20.3254566 ], [ -103.4131232, 20.3254202 ], [ -103.4130397, 20.3253304 ] ] } },
{ "type": "Feature", "properties": { "ID": 6917764, "CVE_SUBC": "RH12Dc", "CLAVE50K": null, "TIPO": 101, "ENTIDAD": "CORRIENTE DE AGUA", "FC": 3271, "CONDICION": "INTERMITENTE", "EDICION": "N", "FECHA": "2007-11-09", "LENGTHM": 1213.9002, "ID_DRENA": 6, "FLOWDIR": 1, "ENABLED": 1, "DESC_ENABL": null, "CALI_REPR": 1, "SEQUENCEID": 3047.0, "ORDER_1": 2, "LEVEL_1": 2, "ARBSUM_1": 3943.6105, "PATHL_1": 14902.6306 }, "geometry": { "type": "LineString", "coordinates": [ [ -103.5208771, 20.345201 ], [ -103.5203565, 20.3453233 ], [ -103.5199282, 20.3456089 ], [ -103.5198806, 20.3462751 ], [ -103.5199758, 20.3466082 ], [ -103.5179295, 20.3468938 ], [ -103.5162876, 20.3475362 ], [ -103.5160735, 20.3476314 ], [ -103.5158117, 20.3472269 ], [ -103.5157879, 20.3467986 ], [ -103.5148837, 20.3468224 ], [ -103.5139082, 20.3470365 ], [ -103.513004, 20.3473697 ], [ -103.5123853, 20.3473459 ], [ -103.512076, 20.3472507 ], [ -103.5115898, 20.3476923 ] ] } },
{ "type": "Feature", "properties": { "ID": 6917769, "CVE_SUBC": "RH12Dc", "CLAVE50K": null, "TIPO": 101, "ENTIDAD": "CORRIENTE DE AGUA", "FC": 3271, "CONDICION": "INTERMITENTE", "EDICION": "N", "FECHA": "2007-11-09", "LENGTHM": 773.9272, "ID_DRENA": 6, "FLOWDIR": 1, "ENABLED": 1, "DESC_ENABL": null, "CALI_REPR": 1, "SEQUENCEID": 3067.0, "ORDER_1": 2, "LEVEL_1": 2, "ARBSUM_1": 2325.9259, "PATHL_1": 17098.9125 }, "geometry": { "type": "LineString", "coordinates": [ [ -103.5070123, 20.3272903 ], [ -103.5068455, 20.3273545 ], [ -103.5060416, 20.3279411 ], [ -103.5054332, 20.3281367 ], [ -103.50489, 20.3284409 ], [ -103.5040644, 20.3288971 ], [ -103.5037881, 20.3291772 ], [ -103.5042402, 20.3297007 ], [ -103.5033122, 20.3302242 ], [ -103.5026935, 20.3307239 ], [ -103.5021462, 20.3310332 ], [ -103.5018253, 20.331181 ] ] } },
{ "type": "Feature", "properties": { "ID": 6917778, "CVE_SUBC": "RH12Dc", "CLAVE50K": "f13d75", "TIPO": 101, "ENTIDAD": "CORRIENTE DE AGUA", "FC": 3271, "CONDICION": "INTERMITENTE", "EDICION": "O", "FECHA": "1994-12-31", "LENGTHM": 828.9697, "ID_DRENA": 6, "FLOWDIR": 1, "ENABLED": 1, "DESC_ENABL": null, "CALI_REPR": 0, "SEQUENCEID": 3163.0, "ORDER_1": 1, "LEVEL_1": 2, "ARBSUM_1": 828.9697, "PATHL_1": 25340.2607 }, "geometry": { "type": "LineString", "coordinates": [ [ -103.4431626, 20.3008472 ], [ -103.4432657, 20.301065 ], [ -103.4433208, 20.3013003 ], [ -103.4433481, 20.3014451 ], [ -103.4433661, 20.3015627 ], [ -103.4433929, 20.3017527 ], [ -103.4434201, 20.3019065 ], [ -103.4434184, 20.3020691 ], [ -103.443445, 20.3022861 ], [ -103.4434914, 20.3024311 ], [ -103.4435474, 20.3025852 ], [ -103.4435846, 20.3026849 ], [ -103.4436221, 20.3027665 ], [ -103.4436595, 20.3028572 ], [ -103.4436871, 20.3029749 ], [ -103.443724, 20.3031107 ], [ -103.4437602, 20.3033188 ], [ -103.4437686, 20.3034453 ], [ -103.4437673, 20.3035718 ], [ -103.4437668, 20.303626 ], [ -103.4438297, 20.3040331 ], [ -103.4438564, 20.3042411 ], [ -103.4438647, 20.3043676 ], [ -103.4438635, 20.3044851 ], [ -103.4438622, 20.3046206 ], [ -103.4438799, 20.3047653 ], [ -103.4438975, 20.304919 ], [ -103.4439059, 20.3050365 ], [ -103.4438948, 20.30519 ], [ -103.4438845, 20.3052622 ], [ -103.4438634, 20.3054517 ], [ -103.4438526, 20.3055781 ], [ -103.4438225, 20.3057133 ], [ -103.4437827, 20.3058665 ], [ -103.4437429, 20.3060107 ], [ -103.4437031, 20.3061639 ], [ -103.4436536, 20.3063261 ], [ -103.4435064, 20.3066862 ], [ -103.4434752, 20.3069298 ], [ -103.4434743, 20.3070201 ], [ -103.4434831, 20.3070925 ], [ -103.4435018, 20.3071378 ], [ -103.4435475, 20.3073641 ], [ -103.4436136, 20.307455 ], [ -103.4436606, 20.3075457 ], [ -103.4436982, 20.3076093 ], [ -103.4437263, 20.3076728 ], [ -103.4440388, 20.308073 ] ] } },
{ "type": "Feature", "properties": { "ID": 6917800, "CVE_SUBC": "RH12Dc", "CLAVE50K": null, "TIPO": 101, "ENTIDAD": "CORRIENTE DE AGUA", "FC": 3271, "CONDICION": "INTERMITENTE", "EDICION": "N", "FECHA": "2007-11-09", "LENGTHM": 239.2727, "ID_DRENA": 5, "FLOWDIR": 1, "ENABLED": 1, "DESC_ENABL": null, "CALI_REPR": 1, "SEQUENCEID": 2711.0, "ORDER_1": 2, "LEVEL_1": 3, "ARBSUM_1": 5326.8897, "PATHL_1": 940.9181 }, "geometry": { "type": "LineString", "coordinates": [ [ -103.4979702, 20.3753565 ], [ -103.5001844, 20.3748416 ], [ -103.5002038, 20.3748356 ] ] } },
{ "type": "Feature", "properties": { "ID": 6917805, "CVE_SUBC": "RH12Dc", "CLAVE50K": null, "TIPO": 101, "ENTIDAD": "CORRIENTE DE AGUA", "FC": 3271, "CONDICION": "INTERMITENTE", "EDICION": "N", "FECHA": "2007-11-09", "LENGTHM": 278.9521, "ID_DRENA": 6, "FLOWDIR": 1, "ENABLED": 1, "DESC_ENABL": null, "CALI_REPR": 1, "SEQUENCEID": 2924.0, "ORDER_1": 3, "LEVEL_1": 2, "ARBSUM_1": 10088.2532, "PATHL_1": 11568.8233 }, "geometry": { "type": "LineString", "coordinates": [ [ -103.513028, 20.3861306 ], [ -103.5135049, 20.3858877 ], [ -103.5140107, 20.3857938 ], [ -103.5145161, 20.3857216 ], [ -103.5150811, 20.3855852 ], [ -103.5156099, 20.3856292 ] ] } },
{ "type": "Feature", "properties": { "ID": 6917811, "CVE_SUBC": "RH12Dc", "CLAVE50K": "f13d75", "TIPO": 101, "ENTIDAD": "CORRIENTE DE AGUA", "FC": 3271, "CONDICION": "INTERMITENTE", "EDICION": "O", "FECHA": "1994-12-31", "LENGTHM": 407.9335, "ID_DRENA": 6, "FLOWDIR": 1, "ENABLED": 1, "DESC_ENABL": null, "CALI_REPR": 0, "SEQUENCEID": 3194.0, "ORDER_1": 1, "LEVEL_1": 3, "ARBSUM_1": 407.9335, "PATHL_1": 31717.2608 }, "geometry": { "type": "LineString", "coordinates": [ [ -103.429989, 20.3547153 ], [ -103.4300861, 20.3545807 ], [ -103.4301637, 20.354491 ], [ -103.4302506, 20.3544195 ], [ -103.4303376, 20.354339 ], [ -103.4304827, 20.3542048 ], [ -103.4307342, 20.3539632 ], [ -103.4308504, 20.3538377 ], [ -103.4310341, 20.3536678 ], [ -103.4314206, 20.3533279 ], [ -103.4315366, 20.3532296 ], [ -103.4316718, 20.3531224 ], [ -103.4317684, 20.353042 ], [ -103.4318264, 20.3529883 ], [ -103.4318939, 20.3529437 ], [ -103.432058, 20.3528187 ], [ -103.4321063, 20.352774 ], [ -103.4322316, 20.3527029 ], [ -103.4322797, 20.3526762 ], [ -103.4323952, 20.352623 ], [ -103.4324625, 20.3525965 ], [ -103.4325683, 20.3525523 ], [ -103.4326548, 20.352526 ], [ -103.432722, 20.3525085 ], [ -103.4327986, 20.3525092 ], [ -103.4328948, 20.3524739 ], [ -103.4329626, 20.3524023 ] ] } },
{ "type": "Feature", "properties": { "ID": 6917816, "CVE_SUBC": "RH12Dc", "CLAVE50K": null, "TIPO": 101, "ENTIDAD": "CORRIENTE DE AGUA", "FC": 3271, "CONDICION": "INTERMITENTE", "EDICION": "N", "FECHA": "2007-11-09", "LENGTHM": 53.0807, "ID_DRENA": 6, "FLOWDIR": 1, "ENABLED": 1, "DESC_ENABL": null, "CALI_REPR": 2, "SEQUENCEID": 2955.0, "ORDER_1": 5, "LEVEL_1": 1, "ARBSUM_1": 212295.4372, "PATHL_1": 9698.7915 }, "geometry": { "type": "LineString", "coordinates": [ [ -103.5326032, 20.3875341 ], [ -103.5327605, 20.3877663 ], [ -103.5329193, 20.3879075 ] ] } },
{ "type": "Feature", "properties": { "ID": 6917817, "CVE_SUBC": "RH12Dc", "CLAVE50K": null, "TIPO": 101, "ENTIDAD": "CORRIENTE DE AGUA", "FC": 3271, "CONDICION": "INTERMITENTE", "EDICION": "N", "FECHA": "2007-11-09", "LENGTHM": 1497.6398, "ID_DRENA": 5, "FLOWDIR": 1, "ENABLED": 1, "DESC_ENABL": null, "CALI_REPR": 1, "SEQUENCEID": 2716.0, "ORDER_1": 1, "LEVEL_1": 3, "ARBSUM_1": 3049.5654, "PATHL_1": 1180.1908 }, "geometry": { "type": "LineString", "coordinates": [ [ -103.4845344, 20.3788299 ], [ -103.4849069, 20.3788111 ], [ -103.4851924, 20.378716 ], [ -103.4857635, 20.3785732 ], [ -103.486287, 20.3783828 ], [ -103.4870008, 20.3781925 ], [ -103.4877622, 20.3778356 ], [ -103.488221, 20.3769194 ], [ -103.4897839, 20.3764728 ], [ -103.4932816, 20.3758775 ], [ -103.4979702, 20.3753565 ] ] } },
{ "type": "Feature", "properties": { "ID": 6917827, "CVE_SUBC": "RH12Dc", "CLAVE50K": "f13d75", "TIPO": 101, "ENTIDAD": "CORRIENTE DE AGUA", "FC": 3271, "CONDICION": "INTERMITENTE", "EDICION": "O", "FECHA": "1994-12-31", "LENGTHM": 5.636, "ID_DRENA": 6, "FLOWDIR": 1, "ENABLED": 1, "DESC_ENABL": null, "CALI_REPR": 0, "SEQUENCEID": 3007.0, "ORDER_1": 2, "LEVEL_1": 4, "ARBSUM_1": 1299.9828, "PATHL_1": 20570.3639 }, "geometry": { "type": "LineString", "coordinates": [ [ -103.469859, 20.3563159 ], [ -103.4698977, 20.3562801 ] ] } },
{ "type": "Feature", "properties": { "ID": 6917837, "CVE_SUBC": "RH12Dc", "CLAVE50K": "f13d75", "TIPO": 102, "ENTIDAD": "CANAL", "FC": 3180, "CONDICION": "EN OPERACION", "EDICION": "O", "FECHA": "2007-11-09", "LENGTHM": 185.0321, "ID_DRENA": 6, "FLOWDIR": 1, "ENABLED": 1, "DESC_ENABL": null, "CALI_REPR": 0, "SEQUENCEID": 2998.0, "ORDER_1": 5, "LEVEL_1": 1, "ARBSUM_1": 182664.4761, "PATHL_1": 14406.1141 }, "geometry": { "type": "LineString", "coordinates": [ [ -103.5131775, 20.3500592 ], [ -103.5132247, 20.3501319 ], [ -103.5132815, 20.3502046 ], [ -103.5133381, 20.3502954 ], [ -103.5133665, 20.3503318 ], [ -103.5134138, 20.3503955 ], [ -103.5134515, 20.35045 ], [ -103.5134893, 20.3505045 ], [ -103.5134982, 20.3505769 ], [ -103.5135357, 20.3506675 ], [ -103.5135924, 20.3507493 ], [ -103.5136965, 20.3508767 ], [ -103.5137818, 20.3509768 ], [ -103.5138764, 20.351095 ], [ -103.5139332, 20.3511678 ], [ -103.5140184, 20.3512679 ], [ -103.5140753, 20.3513316 ], [ -103.5141786, 20.3514273 ] ] } },
{ "type": "Feature", "properties": { "ID": 6917841, "CVE_SUBC": "RH12Dc", "CLAVE50K": "f13d75", "TIPO": 101, "ENTIDAD": "CORRIENTE DE AGUA", "FC": 3271, "CONDICION": "INTERMITENTE", "EDICION": "O", "FECHA": "1994-12-31", "LENGTHM": 6.0418, "ID_DRENA": 6, "FLOWDIR": 1, "ENABLED": 1, "DESC_ENABL": null, "CALI_REPR": 0, "SEQUENCEID": 3079.0, "ORDER_1": 2, "LEVEL_1": 4, "ARBSUM_1": 2265.466, "PATHL_1": 19272.6942 }, "geometry": { "type": "LineString", "coordinates": [ [ -103.5022283, 20.3168029 ], [ -103.5022137, 20.316856 ] ] } },
{ "type": "Feature", "properties": { "ID": 6917844, "CVE_SUBC": "RH12Dc", "CLAVE50K": "f13d75", "TIPO": 101, "ENTIDAD": "CORRIENTE DE AGUA", "FC": 3271, "CONDICION": "INTERMITENTE", "EDICION": "O", "FECHA": "1994-12-31", "LENGTHM": 503.5153, "ID_DRENA": 6, "FLOWDIR": 1, "ENABLED": 1, "DESC_ENABL": null, "CALI_REPR": 0, "SEQUENCEID": 3086.0, "ORDER_1": 1, "LEVEL_1": 4, "ARBSUM_1": 503.5153, "PATHL_1": 19696.1621 }, "geometry": { "type": "LineString", "coordinates": [ [ -103.5084172, 20.3120848 ], [ -103.5083784, 20.3121387 ], [ -103.5083198, 20.3122556 ], [ -103.5082807, 20.3123366 ], [ -103.5082317, 20.3124536 ], [ -103.5081149, 20.3126514 ], [ -103.5080754, 20.3127775 ], [ -103.5080169, 20.3128854 ], [ -103.5079776, 20.3129844 ], [ -103.5078702, 20.3132004 ], [ -103.5077149, 20.3134158 ], [ -103.5076182, 20.3135234 ], [ -103.5074921, 20.313685 ], [ -103.5074144, 20.3138017 ], [ -103.5073561, 20.3138826 ], [ -103.5071046, 20.3141514 ], [ -103.5069303, 20.3143487 ], [ -103.5067943, 20.3145553 ], [ -103.5066968, 20.3147352 ], [ -103.5066481, 20.314816 ], [ -103.506531, 20.3150409 ], [ -103.5065114, 20.3150859 ], [ -103.5064817, 20.315194 ], [ -103.5064523, 20.3152661 ], [ -103.5064325, 20.3153291 ], [ -103.5063838, 20.31541 ], [ -103.5063159, 20.3155088 ], [ -103.5062771, 20.3155537 ], [ -103.5062477, 20.3156257 ], [ -103.5061989, 20.3157246 ], [ -103.5061696, 20.3157786 ], [ -103.5061397, 20.3159048 ], [ -103.5061201, 20.3159498 ], [ -103.5060905, 20.3160399 ] ] } },
{ "type": "Feature", "properties": { "ID": 6917853, "CVE_SUBC": "RH12Dc", "CLAVE50K": "f13d75", "TIPO": 101, "ENTIDAD": "CORRIENTE DE AGUA", "FC": 3271, "CONDICION": "INTERMITENTE", "EDICION": "O", "FECHA": "1994-12-31", "LENGTHM": 369.2792, "ID_DRENA": 6, "FLOWDIR": 1, "ENABLED": 1, "DESC_ENABL": null, "CALI_REPR": 0, "SEQUENCEID": 3075.0, "ORDER_1": 3, "LEVEL_1": 3, "ARBSUM_1": 6587.9252, "PATHL_1": 18367.7527 }, "geometry": { "type": "LineString", "coordinates": [ [ -103.5030134, 20.3213346 ], [ -103.5030224, 20.3213979 ], [ -103.5030306, 20.3215426 ], [ -103.5030298, 20.3216239 ], [ -103.503029, 20.3217052 ], [ -103.5030189, 20.3217593 ], [ -103.5029892, 20.3218584 ], [ -103.5029694, 20.3219305 ], [ -103.5029399, 20.3220025 ], [ -103.5028717, 20.3221284 ], [ -103.5028425, 20.3221733 ], [ -103.5028038, 20.3222182 ], [ -103.5027554, 20.322272 ], [ -103.5026974, 20.3223257 ], [ -103.5026297, 20.3223974 ], [ -103.5025713, 20.3224962 ], [ -103.5025515, 20.3225593 ], [ -103.5025414, 20.3226134 ], [ -103.502511, 20.3227848 ], [ -103.5024721, 20.3228477 ], [ -103.5024334, 20.3228835 ], [ -103.5023757, 20.3229101 ], [ -103.5023083, 20.3229547 ], [ -103.5020872, 20.3230341 ], [ -103.5020199, 20.3230606 ], [ -103.5018759, 20.3231046 ], [ -103.5017797, 20.3231489 ], [ -103.5016644, 20.3231841 ], [ -103.5015397, 20.3232011 ], [ -103.5013865, 20.3231998 ], [ -103.5012425, 20.3232347 ], [ -103.50106, 20.3232963 ], [ -103.5009252, 20.3233674 ], [ -103.5008037, 20.3234045 ] ] } },
{ "type": "Feature", "properties": { "ID": 6917861, "CVE_SUBC": "RH12Dc", "CLAVE50K": "f13d75", "TIPO": 101, "ENTIDAD": "CORRIENTE DE AGUA", "FC": 3271, "CONDICION": "INTERMITENTE", "EDICION": "O", "FECHA": "1994-12-31", "LENGTHM": 1955.6599, "ID_DRENA": 6, "FLOWDIR": 1, "ENABLED": 1, "DESC_ENABL": null, "CALI_REPR": 0, "SEQUENCEID": 3144.0, "ORDER_1": 1, "LEVEL_1": 2, "ARBSUM_1": 1955.6599, "PATHL_1": 27313.1618 }, "geometry": { "type": "LineString", "coordinates": [ [ -103.4397282, 20.3578018 ], [ -103.4397391, 20.3576754 ], [ -103.4397701, 20.3574499 ], [ -103.4397712, 20.3573415 ], [ -103.4397821, 20.3572061 ], [ -103.4397834, 20.3570796 ], [ -103.4397844, 20.3569802 ], [ -103.4397964, 20.3567364 ], [ -103.4397978, 20.3566009 ], [ -103.4398179, 20.3565018 ], [ -103.4398572, 20.3564027 ], [ -103.4399059, 20.3563219 ], [ -103.4399642, 20.3562411 ], [ -103.4399936, 20.3561781 ], [ -103.4400139, 20.3560608 ], [ -103.4400152, 20.3559344 ], [ -103.4400161, 20.3558441 ], [ -103.4400102, 20.3554826 ], [ -103.4400015, 20.3553922 ], [ -103.4400022, 20.35532 ], [ -103.4400031, 20.3552296 ], [ -103.4400044, 20.3551032 ], [ -103.4399968, 20.3549044 ], [ -103.4399786, 20.3548048 ], [ -103.4399702, 20.3546873 ], [ -103.4399713, 20.3545789 ], [ -103.4399722, 20.3544886 ], [ -103.4399831, 20.3543622 ], [ -103.4400033, 20.354254 ], [ -103.4400235, 20.3541548 ], [ -103.4400546, 20.3539202 ], [ -103.4400557, 20.3538118 ], [ -103.4400567, 20.3537124 ], [ -103.4400492, 20.3535046 ], [ -103.4400502, 20.3534052 ], [ -103.4400513, 20.3532968 ], [ -103.4400524, 20.3531884 ], [ -103.4400437, 20.353098 ], [ -103.4400445, 20.3530167 ], [ -103.4400272, 20.3528359 ], [ -103.4400189, 20.3527003 ], [ -103.4400012, 20.3525556 ], [ -103.4399735, 20.352456 ], [ -103.4399458, 20.3523564 ], [ -103.4399178, 20.3522748 ], [ -103.4398804, 20.3521842 ], [ -103.439853, 20.3520574 ], [ -103.4398444, 20.351958 ], [ -103.4398362, 20.3518224 ], [ -103.4398293, 20.3515514 ], [ -103.4398302, 20.351461 ], [ -103.4398312, 20.3513617 ], [ -103.4398227, 20.3512622 ], [ -103.4398047, 20.3511446 ], [ -103.4397586, 20.3509635 ], [ -103.4397501, 20.350855 ], [ -103.4397319, 20.3507645 ], [ -103.4396965, 20.3504751 ], [ -103.4397171, 20.3503308 ], [ -103.4397182, 20.3502134 ], [ -103.4397096, 20.3501229 ], [ -103.4397103, 20.3500507 ], [ -103.4397019, 20.3499332 ], [ -103.4397329, 20.3497076 ], [ -103.4397527, 20.3496445 ], [ -103.4397727, 20.3495634 ], [ -103.4398119, 20.3494734 ], [ -103.439813, 20.349365 ], [ -103.4398137, 20.3492928 ], [ -103.4398146, 20.3492024 ], [ -103.4398156, 20.3491031 ], [ -103.4398167, 20.3489947 ], [ -103.4398082, 20.3488862 ], [ -103.4398094, 20.3487688 ], [ -103.4398199, 20.3486785 ], [ -103.4398397, 20.3486155 ], [ -103.4398594, 20.3485524 ], [ -103.4399756, 20.348427 ], [ -103.4400242, 20.3483642 ], [ -103.4401595, 20.3482389 ], [ -103.4402176, 20.3481762 ], [ -103.4402758, 20.3481044 ], [ -103.4403052, 20.3480415 ], [ -103.4403252, 20.3479603 ], [ -103.4403355, 20.3478882 ], [ -103.4403467, 20.3477256 ], [ -103.4403577, 20.3475812 ], [ -103.4403591, 20.3474457 ], [ -103.44036, 20.3473464 ], [ -103.4403612, 20.3472289 ], [ -103.4403526, 20.3471295 ], [ -103.4403539, 20.347003 ], [ -103.4403453, 20.3469036 ], [ -103.4403464, 20.3467952 ], [ -103.440338, 20.3466776 ], [ -103.4403393, 20.3465512 ], [ -103.4403616, 20.3462352 ], [ -103.4403721, 20.346145 ], [ -103.4403734, 20.3460185 ], [ -103.4403458, 20.3459008 ], [ -103.4403271, 20.3458555 ], [ -103.4403086, 20.3457921 ], [ -103.4402999, 20.3457017 ], [ -103.4402817, 20.3456112 ], [ -103.4402644, 20.3454303 ], [ -103.4402746, 20.3453582 ], [ -103.4402853, 20.3452498 ], [ -103.4402863, 20.3451505 ], [ -103.440297, 20.3450422 ], [ -103.4403173, 20.3449249 ], [ -103.440347, 20.3448348 ], [ -103.4403765, 20.3447538 ], [ -103.4405807, 20.3444485 ], [ -103.4406679, 20.3443499 ], [ -103.4407358, 20.3442692 ], [ -103.4407938, 20.3442155 ], [ -103.4408518, 20.3441528 ], [ -103.4409195, 20.3440902 ], [ -103.4409774, 20.3440455 ], [ -103.4410354, 20.3439918 ], [ -103.4411706, 20.3438846 ], [ -103.4412382, 20.343831 ], [ -103.4413057, 20.3437864 ], [ -103.4413829, 20.3437329 ], [ -103.4414602, 20.3436614 ], [ -103.4416239, 20.3435725 ], [ -103.4418263, 20.3434478 ], [ -103.4419129, 20.3434124 ], [ -103.4419901, 20.3433499 ], [ -103.4421153, 20.3432787 ], [ -103.4422307, 20.3432346 ], [ -103.4422981, 20.3431991 ], [ -103.4423847, 20.3431637 ], [ -103.4424616, 20.3431373 ], [ -103.4425578, 20.343093 ], [ -103.442635, 20.3430395 ], [ -103.4427217, 20.342986 ], [ -103.4427988, 20.3429325 ], [ -103.4428759, 20.342888 ], [ -103.4429528, 20.3428616 ], [ -103.4430392, 20.3428443 ], [ -103.4430874, 20.3428086 ], [ -103.4431836, 20.3427733 ], [ -103.4432704, 20.3427109 ], [ -103.4435583, 20.3426502 ], [ -103.4437115, 20.3426606 ], [ -103.443788, 20.3426703 ], [ -103.4439024, 20.3427255 ], [ -103.44395, 20.3427531 ], [ -103.4440262, 20.3427989 ], [ -103.4440833, 20.3428356 ], [ -103.444169, 20.3428815 ] ] } },
{ "type": "Feature", "properties": { "ID": 6917869, "CVE_SUBC": "RH12Dc", "CLAVE50K": "f13d75", "TIPO": 101, "ENTIDAD": "CORRIENTE DE AGUA", "FC": 3271, "CONDICION": "INTERMITENTE", "EDICION": "O", "FECHA": "1994-12-31", "LENGTHM": 902.6233, "ID_DRENA": 6, "FLOWDIR": 1, "ENABLED": 1, "DESC_ENABL": null, "CALI_REPR": 0, "SEQUENCEID": 2964.0, "ORDER_1": 1, "LEVEL_1": 2, "ARBSUM_1": 902.6233, "PATHL_1": 11753.8224 }, "geometry": { "type": "LineString", "coordinates": [ [ -103.5355313, 20.3727068 ], [ -103.535464, 20.3727333 ], [ -103.5353869, 20.3727778 ], [ -103.5352235, 20.3728397 ], [ -103.5350987, 20.3728657 ], [ -103.5349932, 20.3728739 ], [ -103.5348973, 20.3728821 ], [ -103.534811, 20.3728904 ], [ -103.5347441, 20.3728808 ], [ -103.5346388, 20.3728709 ], [ -103.534543, 20.3728701 ], [ -103.5344184, 20.372869 ], [ -103.5343131, 20.3728682 ], [ -103.5341123, 20.3728213 ], [ -103.5339979, 20.3727661 ], [ -103.5338834, 20.37272 ], [ -103.533788, 20.372674 ], [ -103.5337308, 20.3726465 ], [ -103.5335588, 20.3725998 ], [ -103.5334062, 20.3725263 ], [ -103.5333011, 20.3724983 ], [ -103.5332057, 20.3724523 ], [ -103.5330721, 20.372397 ], [ -103.5329187, 20.3724138 ], [ -103.5327748, 20.3724306 ], [ -103.5326787, 20.372466 ], [ -103.5325248, 20.3725279 ], [ -103.532371, 20.3725808 ], [ -103.5322078, 20.3726156 ], [ -103.5319006, 20.3726853 ], [ -103.5315453, 20.3727726 ], [ -103.5314489, 20.372835 ], [ -103.5313422, 20.3729787 ], [ -103.5312261, 20.3730952 ], [ -103.5309849, 20.3732738 ], [ -103.5308404, 20.3733629 ], [ -103.5306958, 20.3734521 ], [ -103.5305318, 20.3735772 ], [ -103.5304356, 20.3736215 ], [ -103.5302913, 20.3736835 ], [ -103.5301183, 20.3737363 ], [ -103.5300128, 20.3737535 ], [ -103.5298783, 20.3737975 ], [ -103.5297341, 20.3738415 ], [ -103.5295517, 20.3738851 ], [ -103.5293982, 20.3739109 ], [ -103.5292447, 20.3739277 ], [ -103.5290912, 20.3739535 ], [ -103.5288991, 20.3740061 ], [ -103.5286974, 20.3740586 ], [ -103.5286203, 20.3741121 ], [ -103.5285431, 20.3741657 ], [ -103.5284661, 20.3742102 ], [ -103.5283696, 20.3742817 ], [ -103.5282252, 20.3743527 ], [ -103.5281098, 20.3743969 ], [ -103.5279848, 20.3744501 ], [ -103.5278212, 20.37453 ], [ -103.5277441, 20.3745745 ], [ -103.5276195, 20.3746451 ] ] } },
{ "type": "Feature", "properties": { "ID": 6917897, "CVE_SUBC": "RH12Dc", "CLAVE50K": null, "TIPO": 101, "ENTIDAD": "CORRIENTE DE AGUA", "FC": 3271, "CONDICION": "INTERMITENTE", "EDICION": "N", "FECHA": "2007-11-09", "LENGTHM": 655.6666, "ID_DRENA": 6, "FLOWDIR": 1, "ENABLED": 1, "DESC_ENABL": null, "CALI_REPR": 1, "SEQUENCEID": 3018.0, "ORDER_1": 1, "LEVEL_1": 3, "ARBSUM_1": 4092.6838, "PATHL_1": 17494.4244 }, "geometry": { "type": "LineString", "coordinates": [ [ -103.4864929, 20.3381334 ], [ -103.4867546, 20.3384713 ], [ -103.487064, 20.338733 ], [ -103.4875637, 20.3384237 ], [ -103.4884441, 20.3378526 ], [ -103.4890865, 20.3373291 ], [ -103.4899907, 20.3367581 ], [ -103.4905142, 20.3364487 ], [ -103.4911804, 20.3360204 ], [ -103.4915373, 20.3358168 ] ] } },
{ "type": "Feature", "properties": { "ID": 6917901, "CVE_SUBC": "RH12Dc", "CLAVE50K": "f13d75", "TIPO": 101, "ENTIDAD": "CORRIENTE DE AGUA", "FC": 3271, "CONDICION": "INTERMITENTE", "EDICION": "O", "FECHA": "1994-12-31", "LENGTHM": 1659.0899, "ID_DRENA": 6, "FLOWDIR": 1, "ENABLED": 1, "DESC_ENABL": null, "CALI_REPR": 0, "SEQUENCEID": 3092.0, "ORDER_1": 3, "LEVEL_1": 2, "ARBSUM_1": 14971.1105, "PATHL_1": 18001.5797 }, "geometry": { "type": "LineString", "coordinates": [ [ -103.4854518, 20.316777 ], [ -103.4855594, 20.3169293 ], [ -103.4856162, 20.3170021 ], [ -103.4857107, 20.3171294 ], [ -103.4860319, 20.3175839 ], [ -103.4861168, 20.3177111 ], [ -103.4862301, 20.3178837 ], [ -103.4862961, 20.3179836 ], [ -103.4863808, 20.318138 ], [ -103.4864087, 20.3182285 ], [ -103.4864368, 20.318292 ], [ -103.4864553, 20.3183554 ], [ -103.486474, 20.3184098 ], [ -103.4865586, 20.3185641 ], [ -103.4866713, 20.3188 ], [ -103.486699, 20.3188996 ], [ -103.4867259, 20.3190895 ], [ -103.486735, 20.3191438 ], [ -103.4867343, 20.319207 ], [ -103.4867434, 20.3192613 ], [ -103.4867523, 20.3193337 ], [ -103.486761, 20.319415 ], [ -103.4867796, 20.3194784 ], [ -103.4868359, 20.3195964 ], [ -103.4869021, 20.3196782 ], [ -103.4869592, 20.3197239 ], [ -103.4870257, 20.3197787 ], [ -103.4870827, 20.3198244 ], [ -103.4871398, 20.319861 ], [ -103.4871872, 20.3199066 ], [ -103.487273, 20.3199525 ], [ -103.4875303, 20.3200812 ], [ -103.4877117, 20.320137 ], [ -103.4880651, 20.3202303 ], [ -103.4885523, 20.320361 ], [ -103.4890206, 20.3204554 ], [ -103.4892976, 20.3205301 ], [ -103.4895359, 20.3206496 ], [ -103.4896216, 20.3206955 ], [ -103.4896977, 20.3207504 ], [ -103.48984, 20.3208871 ], [ -103.4900777, 20.3210698 ], [ -103.4901347, 20.3211155 ], [ -103.4902011, 20.3211793 ], [ -103.4904858, 20.3214437 ], [ -103.4908461, 20.3218263 ], [ -103.4913304, 20.322246 ], [ -103.4918526, 20.3227113 ], [ -103.4919571, 20.3228025 ], [ -103.4920142, 20.3228391 ], [ -103.4920712, 20.3228848 ], [ -103.4921378, 20.3229305 ], [ -103.492803, 20.3234693 ], [ -103.4932589, 20.3238617 ], [ -103.4938475, 20.3243907 ], [ -103.4944742, 20.3249472 ], [ -103.4945597, 20.3250202 ], [ -103.4946453, 20.3250842 ], [ -103.4947025, 20.3251118 ], [ -103.4947692, 20.3251394 ], [ -103.494922, 20.3251859 ], [ -103.4949794, 20.3251954 ], [ -103.495056, 20.3251961 ], [ -103.4951327, 20.3251877 ], [ -103.4952476, 20.3251887 ], [ -103.4953434, 20.3251895 ], [ -103.4954968, 20.3251728 ], [ -103.4955925, 20.3251736 ], [ -103.4958608, 20.3251579 ], [ -103.4962154, 20.3251338 ], [ -103.4965986, 20.3251281 ], [ -103.4966752, 20.3251287 ], [ -103.4968382, 20.3251121 ], [ -103.4969052, 20.3251126 ], [ -103.4969722, 20.3251132 ], [ -103.4970588, 20.3250778 ], [ -103.497107, 20.3250421 ], [ -103.4971458, 20.3249882 ], [ -103.4972324, 20.3249438 ] ] } },
{ "type": "Feature", "properties": { "ID": 6917903, "CVE_SUBC": "RH12Dc", "CLAVE50K": "f13d75", "TIPO": 101, "ENTIDAD": "CORRIENTE DE AGUA", "FC": 3271, "CONDICION": "INTERMITENTE", "EDICION": "O", "FECHA": "1994-12-31", "LENGTHM": 1196.0658, "ID_DRENA": 6, "FLOWDIR": 1, "ENABLED": 1, "DESC_ENABL": null, "CALI_REPR": 0, "SEQUENCEID": 2915.0, "ORDER_1": 1, "LEVEL_1": 4, "ARBSUM_1": 1196.0658, "PATHL_1": 11779.2136 }, "geometry": { "type": "LineString", "coordinates": [ [ -103.5182045, 20.4023997 ], [ -103.5183207, 20.4022742 ], [ -103.518408, 20.4021666 ], [ -103.5184475, 20.4020404 ], [ -103.5184773, 20.4019323 ], [ -103.5184782, 20.401842 ], [ -103.5185195, 20.4015261 ], [ -103.5185588, 20.4014271 ], [ -103.518598, 20.4013371 ], [ -103.5187054, 20.4011212 ], [ -103.5188224, 20.4009144 ], [ -103.5189099, 20.4007796 ], [ -103.5189974, 20.4006448 ], [ -103.5190463, 20.4005459 ], [ -103.5191149, 20.4003839 ], [ -103.5191738, 20.4002398 ], [ -103.5192229, 20.4001138 ], [ -103.5192627, 20.3999605 ], [ -103.5193312, 20.3998075 ], [ -103.5193992, 20.3997178 ], [ -103.5194572, 20.399655 ], [ -103.5195061, 20.399556 ], [ -103.5195645, 20.3994662 ], [ -103.5196427, 20.3992952 ], [ -103.5196434, 20.399223 ], [ -103.5196446, 20.3990965 ], [ -103.5196553, 20.3989882 ], [ -103.5197232, 20.3988984 ], [ -103.5198108, 20.3987546 ], [ -103.5198789, 20.3986468 ], [ -103.5199275, 20.3985749 ], [ -103.5199857, 20.3985032 ], [ -103.5200536, 20.3984134 ], [ -103.520141, 20.3982967 ], [ -103.5202573, 20.3981531 ], [ -103.5203829, 20.3980458 ], [ -103.5205275, 20.3979567 ], [ -103.5205953, 20.397876 ], [ -103.5206826, 20.3977683 ], [ -103.5207413, 20.3976423 ], [ -103.5207713, 20.397507 ], [ -103.520811, 20.3973628 ], [ -103.5209081, 20.3972282 ], [ -103.520995, 20.3971566 ], [ -103.5210726, 20.3970579 ], [ -103.5211791, 20.3969414 ], [ -103.5212473, 20.3968245 ], [ -103.5212582, 20.3966891 ], [ -103.5212309, 20.3965353 ], [ -103.5211743, 20.3964445 ], [ -103.5211272, 20.3963628 ], [ -103.5210896, 20.3962811 ], [ -103.521033, 20.3961903 ], [ -103.5209573, 20.3960903 ], [ -103.5209291, 20.3960268 ], [ -103.5209109, 20.3959273 ], [ -103.5208925, 20.3958549 ], [ -103.5208073, 20.3957457 ], [ -103.5207122, 20.3956726 ], [ -103.5206071, 20.3956356 ], [ -103.5204354, 20.3955529 ], [ -103.520283, 20.3954612 ], [ -103.5201592, 20.3953789 ], [ -103.5200256, 20.3953235 ], [ -103.5198632, 20.395277 ], [ -103.519701, 20.3952033 ], [ -103.5195582, 20.3951118 ], [ -103.5195011, 20.3950661 ], [ -103.5194446, 20.3949663 ], [ -103.5193979, 20.3948394 ], [ -103.5193222, 20.3947394 ], [ -103.519237, 20.3946302 ], [ -103.5191995, 20.3945396 ], [ -103.5191715, 20.3944671 ], [ -103.5191243, 20.3943854 ], [ -103.5190294, 20.3942942 ], [ -103.5189151, 20.394221 ], [ -103.5187436, 20.3941202 ], [ -103.5186197, 20.3940559 ], [ -103.5184957, 20.3939916 ], [ -103.518372, 20.3939092 ], [ -103.5182672, 20.3938451 ], [ -103.5182198, 20.3937905 ] ] } },
{ "type": "Feature", "properties": { "ID": 6917909, "CVE_SUBC": "RH12Dc", "CLAVE50K": "f13d75", "TIPO": 101, "ENTIDAD": "CORRIENTE DE AGUA", "FC": 3271, "CONDICION": "INTERMITENTE", "EDICION": "O", "FECHA": "1994-12-31", "LENGTHM": 1022.4948, "ID_DRENA": 6, "FLOWDIR": 1, "ENABLED": 1, "DESC_ENABL": null, "CALI_REPR": 0, "SEQUENCEID": 3094.0, "ORDER_1": 2, "LEVEL_1": 3, "ARBSUM_1": 2979.5744, "PATHL_1": 20134.9611 }, "geometry": { "type": "LineString", "coordinates": [ [ -103.4950213, 20.3096045 ], [ -103.4948324, 20.3097009 ], [ -103.4947555, 20.3097273 ], [ -103.4945925, 20.309753 ], [ -103.4945159, 20.3097524 ], [ -103.4942381, 20.309759 ], [ -103.4941519, 20.3097583 ], [ -103.493903, 20.3097471 ], [ -103.4937499, 20.3097368 ], [ -103.4936446, 20.3097358 ], [ -103.4934722, 20.3097344 ], [ -103.493319, 20.309733 ], [ -103.4930796, 20.309731 ], [ -103.4929743, 20.3097301 ], [ -103.4928688, 20.3097472 ], [ -103.4927538, 20.3097553 ], [ -103.4926865, 20.3097818 ], [ -103.4925713, 20.3098169 ], [ -103.4924943, 20.3098524 ], [ -103.4924079, 20.3098788 ], [ -103.4923022, 20.309914 ], [ -103.4921871, 20.3099311 ], [ -103.4920912, 20.3099483 ], [ -103.4919857, 20.3099655 ], [ -103.4918804, 20.3099646 ], [ -103.4918133, 20.309973 ], [ -103.4917078, 20.3099811 ], [ -103.4916312, 20.3099805 ], [ -103.4915451, 20.3099797 ], [ -103.4914493, 20.3099789 ], [ -103.4913727, 20.3099782 ], [ -103.4913056, 20.3099867 ], [ -103.4912574, 20.3100224 ], [ -103.4912089, 20.3100852 ], [ -103.49117, 20.3101482 ], [ -103.4911211, 20.3102471 ], [ -103.4910825, 20.3102829 ], [ -103.4909962, 20.3102912 ], [ -103.4909388, 20.3102907 ], [ -103.490891, 20.3102812 ], [ -103.4908052, 20.3102353 ], [ -103.4907574, 20.3102349 ], [ -103.4907093, 20.3102526 ], [ -103.4906515, 20.3102882 ], [ -103.4905841, 20.3103238 ], [ -103.4905073, 20.3103502 ], [ -103.4904306, 20.3103586 ], [ -103.4903634, 20.3103761 ], [ -103.490296, 20.3104116 ], [ -103.4902479, 20.3104293 ], [ -103.4901802, 20.310501 ], [ -103.4901029, 20.3105726 ], [ -103.4900159, 20.3106531 ], [ -103.4899869, 20.310689 ], [ -103.489948, 20.3107429 ], [ -103.4898996, 20.3107967 ], [ -103.4898317, 20.3108864 ], [ -103.4898026, 20.3109223 ], [ -103.4897254, 20.3109849 ], [ -103.4896676, 20.3110205 ], [ -103.489629, 20.3110563 ], [ -103.4895714, 20.3110739 ], [ -103.4894847, 20.3111183 ], [ -103.4894078, 20.3111538 ], [ -103.4893309, 20.3111802 ], [ -103.4892733, 20.3111978 ], [ -103.4891677, 20.311224 ], [ -103.4891197, 20.3112326 ], [ -103.489043, 20.31125 ], [ -103.4889757, 20.3112765 ], [ -103.4888986, 20.311321 ], [ -103.4887731, 20.3114284 ], [ -103.4886672, 20.3114907 ], [ -103.4885517, 20.3115439 ], [ -103.4884556, 20.3115792 ], [ -103.4883882, 20.3116147 ], [ -103.4883014, 20.3116772 ], [ -103.4882627, 20.3117221 ], [ -103.4882046, 20.3117848 ], [ -103.4881657, 20.3118477 ], [ -103.4881268, 20.3119106 ], [ -103.4880882, 20.3119464 ], [ -103.4880397, 20.3120092 ], [ -103.4879624, 20.3120808 ], [ -103.4878461, 20.3122153 ], [ -103.4877297, 20.3123679 ], [ -103.4876808, 20.3124759 ], [ -103.4876704, 20.3125661 ], [ -103.48765, 20.3126924 ], [ -103.4876491, 20.3127828 ], [ -103.4876482, 20.3128731 ], [ -103.4876569, 20.3129635 ], [ -103.4876657, 20.3130449 ], [ -103.4877022, 20.3132259 ], [ -103.4877109, 20.3133163 ], [ -103.4877391, 20.3133798 ], [ -103.487748, 20.3134431 ], [ -103.4877569, 20.3135154 ], [ -103.4877469, 20.3135605 ], [ -103.4877177, 20.3136054 ], [ -103.4876885, 20.3136594 ] ] } },
{ "type": "Feature", "properties": { "ID": 6917910, "CVE_SUBC": "RH12Dc", "CLAVE50K": "f13d75", "TIPO": 101, "ENTIDAD": "CORRIENTE DE AGUA", "FC": 3271, "CONDICION": "INTERMITENTE", "EDICION": "O", "FECHA": "1994-12-31", "LENGTHM": 516.8655, "ID_DRENA": 6, "FLOWDIR": 1, "ENABLED": 1, "DESC_ENABL": null, "CALI_REPR": 0, "SEQUENCEID": 3099.0, "ORDER_1": 1, "LEVEL_1": 3, "ARBSUM_1": 516.8655, "PATHL_1": 21808.3555 }, "geometry": { "type": "LineString", "coordinates": [ [ -103.5006867, 20.3033912 ], [ -103.5006378, 20.3034992 ], [ -103.5005787, 20.3036613 ], [ -103.500549, 20.3037604 ], [ -103.5005094, 20.3038956 ], [ -103.5004701, 20.3040037 ], [ -103.5004302, 20.304166 ], [ -103.5004006, 20.304256 ], [ -103.5003906, 20.3043011 ], [ -103.5003317, 20.3044542 ], [ -103.5002525, 20.3047245 ], [ -103.5002127, 20.3048778 ], [ -103.5001726, 20.3050672 ], [ -103.5001709, 20.3052388 ], [ -103.5001693, 20.3054104 ], [ -103.5002157, 20.3055644 ], [ -103.5002709, 20.3057997 ], [ -103.5002894, 20.3058631 ], [ -103.5003359, 20.3060081 ], [ -103.5004294, 20.3062438 ], [ -103.5004667, 20.3063435 ], [ -103.5005321, 20.3065157 ], [ -103.5005979, 20.3066427 ], [ -103.5006537, 20.3068148 ], [ -103.5007095, 20.306987 ], [ -103.5007656, 20.307132 ], [ -103.5008217, 20.307268 ], [ -103.5008491, 20.3074037 ], [ -103.500848, 20.3075212 ], [ -103.500847, 20.3076205 ], [ -103.5008362, 20.3077559 ], [ -103.5008163, 20.307828 ], [ -103.5007906, 20.3078942 ] ] } },
{ "type": "Feature", "properties": { "ID": 6917913, "CVE_SUBC": "RH12Dc", "CLAVE50K": "f13d75", "TIPO": 101, "ENTIDAD": "CORRIENTE DE AGUA", "FC": 3271, "CONDICION": "INTERMITENTE", "EDICION": "O", "FECHA": "1994-12-31", "LENGTHM": 1124.4424, "ID_DRENA": 6, "FLOWDIR": 1, "ENABLED": 1, "DESC_ENABL": null, "CALI_REPR": 0, "SEQUENCEID": 3128.0, "ORDER_1": 1, "LEVEL_1": 3, "ARBSUM_1": 1124.4424, "PATHL_1": 21497.8056 }, "geometry": { "type": "LineString", "coordinates": [ [ -103.4615747, 20.3339205 ], [ -103.4616431, 20.3337856 ], [ -103.4616723, 20.3337407 ], [ -103.4617598, 20.3336059 ], [ -103.461799, 20.3335159 ], [ -103.4617996, 20.3334527 ], [ -103.4617909, 20.3333623 ], [ -103.4617726, 20.3332808 ], [ -103.4617636, 20.3332175 ], [ -103.4617741, 20.3331272 ], [ -103.4618333, 20.3329561 ], [ -103.461853, 20.3329021 ], [ -103.4619016, 20.3328212 ], [ -103.4619502, 20.3327584 ], [ -103.462018, 20.3326777 ], [ -103.4620761, 20.332615 ], [ -103.462115, 20.3325521 ], [ -103.4622024, 20.3324354 ], [ -103.4623184, 20.332319 ], [ -103.4624249, 20.3322115 ], [ -103.4624638, 20.3321486 ], [ -103.462513, 20.3320136 ], [ -103.4625331, 20.3319234 ], [ -103.4625244, 20.331833 ], [ -103.4625251, 20.3317607 ], [ -103.4625451, 20.3316706 ], [ -103.4625936, 20.3316077 ], [ -103.4626421, 20.331554 ], [ -103.4626907, 20.3314821 ], [ -103.4627105, 20.33141 ], [ -103.4627018, 20.3313196 ], [ -103.4626831, 20.3312743 ], [ -103.462636, 20.3311926 ], [ -103.4625983, 20.331138 ], [ -103.4625512, 20.3310563 ], [ -103.4625423, 20.330984 ], [ -103.4625433, 20.3308846 ], [ -103.4625539, 20.3307853 ], [ -103.4625833, 20.3307133 ], [ -103.4625763, 20.3304512 ], [ -103.4625967, 20.330325 ], [ -103.4626358, 20.330253 ], [ -103.4627035, 20.3301814 ], [ -103.4627903, 20.3301189 ], [ -103.4628579, 20.3300653 ], [ -103.4629159, 20.3300116 ], [ -103.4629741, 20.3299398 ], [ -103.4630228, 20.3298589 ], [ -103.4630715, 20.329769 ], [ -103.4630925, 20.3295885 ], [ -103.4630746, 20.3294619 ], [ -103.4630372, 20.3293622 ], [ -103.4629996, 20.3292986 ], [ -103.4629618, 20.3292441 ], [ -103.4629053, 20.3291442 ], [ -103.4628776, 20.3290356 ], [ -103.4628692, 20.3289181 ], [ -103.4628794, 20.328864 ], [ -103.4629087, 20.328801 ], [ -103.4629475, 20.3287471 ], [ -103.4630056, 20.3286844 ], [ -103.4630928, 20.3285858 ], [ -103.4632095, 20.3284061 ], [ -103.4633063, 20.3282986 ], [ -103.4633738, 20.328254 ], [ -103.4634219, 20.3282364 ], [ -103.4637288, 20.3281848 ], [ -103.463844, 20.3281588 ], [ -103.4639497, 20.3281236 ], [ -103.4640171, 20.328088 ], [ -103.4640941, 20.3280526 ], [ -103.4641422, 20.3280259 ], [ -103.4642001, 20.3279812 ], [ -103.464268, 20.3279005 ], [ -103.4643457, 20.3277838 ], [ -103.4644624, 20.3276131 ], [ -103.4646372, 20.3273617 ], [ -103.4647434, 20.3272813 ], [ -103.4648107, 20.3272548 ], [ -103.4648588, 20.3272282 ], [ -103.4649263, 20.3271836 ], [ -103.4650034, 20.32713 ], [ -103.4650804, 20.3270946 ], [ -103.4651288, 20.3270408 ], [ -103.465187, 20.326969 ], [ -103.465245, 20.3269154 ], [ -103.4653221, 20.3268618 ], [ -103.465418, 20.3268536 ], [ -103.4655331, 20.3268366 ], [ -103.4656003, 20.3268191 ], [ -103.4656676, 20.3267926 ], [ -103.465716, 20.3267388 ], [ -103.4657739, 20.3266942 ], [ -103.4658126, 20.3266493 ], [ -103.4659295, 20.3264516 ], [ -103.4659685, 20.3263797 ], [ -103.4660172, 20.3262988 ], [ -103.4660754, 20.326227 ], [ -103.4661337, 20.3261462 ], [ -103.4662206, 20.3260657 ], [ -103.4663269, 20.3259763 ] ] } },
{ "type": "Feature", "properties": { "ID": 6917914, "CVE_SUBC": "RH12Dc", "CLAVE50K": "f13d75", "TIPO": 101, "ENTIDAD": "CORRIENTE DE AGUA", "FC": 3271, "CONDICION": "INTERMITENTE", "EDICION": "O", "FECHA": "1994-12-31", "LENGTHM": 573.1351, "ID_DRENA": 6, "FLOWDIR": 1, "ENABLED": 1, "DESC_ENABL": null, "CALI_REPR": 0, "SEQUENCEID": 3023.0, "ORDER_1": 1, "LEVEL_1": 3, "ARBSUM_1": 573.1351, "PATHL_1": 19196.8843 }, "geometry": { "type": "LineString", "coordinates": [ [ -103.4722587, 20.3412052 ], [ -103.4727847, 20.341282 ], [ -103.47289, 20.341292 ], [ -103.4729854, 20.3413199 ], [ -103.4731291, 20.3413212 ], [ -103.4732251, 20.341304 ], [ -103.4733788, 20.3412511 ], [ -103.4734559, 20.3412066 ], [ -103.4735427, 20.3411441 ], [ -103.4736198, 20.3410906 ], [ -103.4737063, 20.3410642 ], [ -103.4737928, 20.3410379 ], [ -103.4738408, 20.3410203 ], [ -103.4739369, 20.340994 ], [ -103.473995, 20.3409313 ], [ -103.4740915, 20.3408508 ], [ -103.4741786, 20.3407612 ], [ -103.4743329, 20.3406542 ], [ -103.4744772, 20.3405922 ], [ -103.4746214, 20.3405392 ], [ -103.4747654, 20.3405044 ], [ -103.4751399, 20.3404083 ], [ -103.475495, 20.3403301 ], [ -103.4756772, 20.3403045 ], [ -103.4760616, 20.3401814 ], [ -103.4761962, 20.3401284 ], [ -103.4762541, 20.3400837 ], [ -103.4763507, 20.3399942 ], [ -103.4764378, 20.3399046 ], [ -103.4765539, 20.3397882 ], [ -103.4766988, 20.339663 ], [ -103.4768145, 20.3395827 ], [ -103.4769687, 20.3394847 ], [ -103.4770843, 20.3394225 ], [ -103.4771566, 20.3393849 ] ] } },
{ "type": "Feature", "properties": { "ID": 6917917, "CVE_SUBC": "RH12Dc", "CLAVE50K": null, "TIPO": 101, "ENTIDAD": "CORRIENTE DE AGUA", "FC": 3271, "CONDICION": "INTERMITENTE", "EDICION": "N", "FECHA": "2007-11-09", "LENGTHM": 236.5161, "ID_DRENA": 5, "FLOWDIR": 1, "ENABLED": 1, "DESC_ENABL": null, "CALI_REPR": 1, "SEQUENCEID": 2709.0, "ORDER_1": 4, "LEVEL_1": 1, "ARBSUM_1": 23307.7947, "PATHL_1": 450.6682 }, "geometry": { "type": "LineString", "coordinates": [ [ -103.5025217, 20.3741164 ], [ -103.5047673, 20.373776 ] ] } },
{ "type": "Feature", "properties": { "ID": 6917920, "CVE_SUBC": "RH12Dc", "CLAVE50K": "f13d75", "TIPO": 101, "ENTIDAD": "CORRIENTE DE AGUA", "FC": 3271, "CONDICION": "INTERMITENTE", "EDICION": "O", "FECHA": "1994-12-31", "LENGTHM": 377.2266, "ID_DRENA": 6, "FLOWDIR": 1, "ENABLED": 1, "DESC_ENABL": null, "CALI_REPR": 0, "SEQUENCEID": 3209.0, "ORDER_1": 2, "LEVEL_1": 3, "ARBSUM_1": 2640.2299, "PATHL_1": 28083.5631 }, "geometry": { "type": "LineString", "coordinates": [ [ -103.4172563, 20.3126388 ], [ -103.417718, 20.3124442 ], [ -103.418045, 20.3123026 ], [ -103.4181507, 20.3122674 ], [ -103.4184388, 20.3121887 ], [ -103.4187843, 20.3121106 ], [ -103.4190241, 20.3120676 ], [ -103.4192258, 20.3120061 ], [ -103.4193796, 20.3119533 ], [ -103.4194763, 20.3118639 ], [ -103.4196116, 20.3117386 ], [ -103.4196601, 20.3116758 ], [ -103.4197183, 20.3116041 ], [ -103.4197476, 20.3115501 ], [ -103.4198152, 20.3114875 ], [ -103.4198925, 20.311425 ], [ -103.4199597, 20.3114075 ], [ -103.4201321, 20.3114 ], [ -103.4202279, 20.3114009 ], [ -103.4203618, 20.3114111 ], [ -103.4204956, 20.3114394 ] ] } },
{ "type": "Feature", "properties": { "ID": 6917922, "CVE_SUBC": "RH12Dc", "CLAVE50K": "f13d75", "TIPO": 101, "ENTIDAD": "CORRIENTE DE AGUA", "FC": 3271, "CONDICION": "INTERMITENTE", "EDICION": "O", "FECHA": "1994-12-31", "LENGTHM": 391.6856, "ID_DRENA": 6, "FLOWDIR": 1, "ENABLED": 1, "DESC_ENABL": null, "CALI_REPR": 0, "SEQUENCEID": 3221.0, "ORDER_1": 3, "LEVEL_1": 1, "ARBSUM_1": 33382.1239, "PATHL_1": 27195.8868 }, "geometry": { "type": "LineString", "coordinates": [ [ -103.4255915, 20.3131837 ], [ -103.4256397, 20.3131571 ], [ -103.4257169, 20.3130945 ], [ -103.4257943, 20.313023 ], [ -103.4258907, 20.3129516 ], [ -103.4259684, 20.3128438 ], [ -103.4259981, 20.3127538 ], [ -103.4259895, 20.3126543 ], [ -103.4259615, 20.3125818 ], [ -103.4259143, 20.3125181 ], [ -103.4258958, 20.3124547 ], [ -103.4258678, 20.3123822 ], [ -103.4258687, 20.3122919 ], [ -103.425898, 20.3122289 ], [ -103.4259663, 20.3121121 ], [ -103.42613, 20.3120232 ], [ -103.4262356, 20.311988 ], [ -103.4263126, 20.3119526 ], [ -103.4264374, 20.3119176 ], [ -103.4265527, 20.3118825 ], [ -103.4266587, 20.3118202 ], [ -103.4267935, 20.3117492 ], [ -103.4269188, 20.311669 ], [ -103.4270057, 20.3115975 ], [ -103.4271796, 20.3114455 ], [ -103.4272668, 20.3113379 ], [ -103.4273252, 20.311248 ], [ -103.4273745, 20.3111039 ], [ -103.4274141, 20.3109778 ], [ -103.4274633, 20.3108518 ], [ -103.4275124, 20.3107258 ], [ -103.4275712, 20.3105998 ] ] } },
{ "type": "Feature", "properties": { "ID": 6917928, "CVE_SUBC": "RH12Dc", "CLAVE50K": "f13d75", "TIPO": 101, "ENTIDAD": "CORRIENTE DE AGUA", "FC": 3271, "CONDICION": "INTERMITENTE", "EDICION": "O", "FECHA": "1994-12-31", "LENGTHM": 833.7755, "ID_DRENA": 6, "FLOWDIR": 1, "ENABLED": 1, "DESC_ENABL": null, "CALI_REPR": 0, "SEQUENCEID": 3138.0, "ORDER_1": 2, "LEVEL_1": 2, "ARBSUM_1": 5405.6962, "PATHL_1": 25992.575 }, "geometry": { "type": "LineString", "coordinates": [ [ -103.4480156, 20.3413348 ], [ -103.4481122, 20.3412543 ], [ -103.4481891, 20.3412279 ], [ -103.4482658, 20.3412196 ], [ -103.4483425, 20.3412112 ], [ -103.4485053, 20.3412127 ], [ -103.4486876, 20.3411872 ], [ -103.4487741, 20.3411518 ], [ -103.4488224, 20.3411161 ], [ -103.4489475, 20.341054 ], [ -103.4490054, 20.3410093 ], [ -103.4490632, 20.3409737 ], [ -103.4493328, 20.3408316 ], [ -103.4494773, 20.3407515 ], [ -103.449574, 20.3406621 ], [ -103.4496705, 20.3405906 ], [ -103.449738, 20.340537 ], [ -103.4498156, 20.3404474 ], [ -103.4498736, 20.3403847 ], [ -103.449951, 20.3403131 ], [ -103.4500571, 20.3402327 ], [ -103.4501345, 20.3401611 ], [ -103.4502021, 20.3401075 ], [ -103.4502993, 20.3399638 ], [ -103.4503574, 20.3399011 ], [ -103.450406, 20.3398293 ], [ -103.4504647, 20.3397033 ], [ -103.4505227, 20.3396496 ], [ -103.4505903, 20.339596 ], [ -103.450696, 20.3395608 ], [ -103.4508017, 20.3395256 ], [ -103.4508788, 20.3394812 ], [ -103.4509175, 20.3394363 ], [ -103.4509467, 20.3393914 ], [ -103.4509568, 20.3393373 ], [ -103.4510062, 20.3391842 ], [ -103.4510452, 20.3391123 ], [ -103.4510648, 20.3390673 ], [ -103.4510941, 20.3390133 ], [ -103.4511528, 20.3388964 ], [ -103.4511727, 20.3388153 ], [ -103.4512023, 20.3387342 ], [ -103.4512222, 20.3386531 ], [ -103.4512421, 20.338581 ], [ -103.4513015, 20.3383828 ], [ -103.4513407, 20.3383018 ], [ -103.4513698, 20.3382569 ], [ -103.4513989, 20.338221 ], [ -103.451428, 20.3381852 ], [ -103.4514669, 20.3381313 ], [ -103.4515057, 20.3380774 ], [ -103.4515639, 20.3380057 ], [ -103.4516316, 20.337934 ], [ -103.4516702, 20.3379073 ], [ -103.4517565, 20.337899 ], [ -103.4518235, 20.3378996 ], [ -103.451881, 20.3379001 ], [ -103.4519289, 20.3379005 ], [ -103.4519959, 20.3379011 ], [ -103.4520438, 20.3379015 ], [ -103.4520918, 20.3378929 ], [ -103.4521494, 20.3378754 ], [ -103.4522072, 20.3378488 ], [ -103.4522648, 20.3378312 ], [ -103.452313, 20.3377955 ], [ -103.4523808, 20.3377238 ], [ -103.4524099, 20.337688 ], [ -103.4524976, 20.3375352 ], [ -103.4525178, 20.337436 ], [ -103.4525283, 20.3373367 ], [ -103.4525389, 20.3372374 ], [ -103.4525494, 20.3371381 ], [ -103.4525409, 20.3370387 ], [ -103.452532, 20.3369663 ], [ -103.4524854, 20.3368395 ], [ -103.4524576, 20.3367489 ], [ -103.4524583, 20.3366766 ], [ -103.4524594, 20.3365682 ], [ -103.4524503, 20.3365139 ], [ -103.4524317, 20.3364596 ], [ -103.4523846, 20.3363778 ], [ -103.4523469, 20.3363143 ], [ -103.4523092, 20.3362597 ], [ -103.4522042, 20.3362227 ] ] } },
{ "type": "Feature", "properties": { "ID": 6917929, "CVE_SUBC": "RH12Dc", "CLAVE50K": "f13d75", "TIPO": 101, "ENTIDAD": "CORRIENTE DE AGUA", "FC": 3271, "CONDICION": "INTERMITENTE", "EDICION": "O", "FECHA": "1994-12-31", "LENGTHM": 1516.8739, "ID_DRENA": 6, "FLOWDIR": 1, "ENABLED": 1, "DESC_ENABL": null, "CALI_REPR": 0, "SEQUENCEID": 3131.0, "ORDER_1": 1, "LEVEL_1": 2, "ARBSUM_1": 1516.8739, "PATHL_1": 21905.5453 }, "geometry": { "type": "LineString", "coordinates": [ [ -103.4549387, 20.323202 ], [ -103.455006, 20.3231755 ], [ -103.4550733, 20.323149 ], [ -103.4551216, 20.3231042 ], [ -103.4551607, 20.3230233 ], [ -103.4551708, 20.3229692 ], [ -103.4552004, 20.3228791 ], [ -103.4552296, 20.3228342 ], [ -103.4552492, 20.3227892 ], [ -103.4552787, 20.3227172 ], [ -103.4552984, 20.3226541 ], [ -103.4553661, 20.3225915 ], [ -103.4554718, 20.3225563 ], [ -103.4555198, 20.3225477 ], [ -103.4555677, 20.322539 ], [ -103.4556349, 20.3225216 ], [ -103.455731, 20.3224953 ], [ -103.4557886, 20.3224778 ], [ -103.4558462, 20.3224602 ], [ -103.4559139, 20.3223976 ], [ -103.4559432, 20.3223436 ], [ -103.4559918, 20.3222628 ], [ -103.4561367, 20.3221466 ], [ -103.456223, 20.3221293 ], [ -103.4563384, 20.3220851 ], [ -103.4564346, 20.3220408 ], [ -103.4565115, 20.3220144 ], [ -103.4565884, 20.3219789 ], [ -103.4566558, 20.3219434 ], [ -103.4567521, 20.32189 ], [ -103.4568003, 20.3218634 ], [ -103.4568964, 20.3218281 ], [ -103.4569637, 20.3218016 ], [ -103.4570884, 20.3217756 ], [ -103.4572322, 20.3217588 ], [ -103.4572897, 20.3217593 ], [ -103.4574046, 20.3217603 ], [ -103.4575006, 20.3217431 ], [ -103.4575772, 20.3217437 ], [ -103.4577114, 20.3217269 ], [ -103.4578649, 20.3217011 ], [ -103.4580088, 20.3216753 ], [ -103.4581334, 20.3216673 ], [ -103.4582963, 20.3216507 ], [ -103.458373, 20.3216424 ], [ -103.4584307, 20.3216248 ], [ -103.4585365, 20.3215715 ], [ -103.4586328, 20.3215182 ], [ -103.4587289, 20.3214919 ], [ -103.4588248, 20.3214747 ], [ -103.459093, 20.321468 ], [ -103.4592462, 20.3214694 ], [ -103.4593994, 20.3214707 ], [ -103.4594856, 20.3214715 ], [ -103.4595719, 20.3214632 ], [ -103.4596774, 20.3214461 ], [ -103.4597254, 20.3214375 ], [ -103.4598021, 20.3214291 ], [ -103.4600032, 20.3214309 ], [ -103.4600702, 20.3214315 ], [ -103.4601946, 20.3214416 ], [ -103.4604145, 20.3214797 ], [ -103.4605005, 20.3214985 ], [ -103.4606633, 20.3214999 ], [ -103.4607783, 20.3214919 ], [ -103.4608935, 20.3214568 ], [ -103.4609796, 20.3214666 ], [ -103.4610656, 20.3214944 ], [ -103.4611228, 20.321513 ], [ -103.4611898, 20.3215226 ], [ -103.461257, 20.3215052 ], [ -103.4614203, 20.3214524 ], [ -103.4615166, 20.321399 ], [ -103.461584, 20.3213635 ], [ -103.4616226, 20.3213367 ], [ -103.4616802, 20.3213192 ], [ -103.4617475, 20.3212926 ], [ -103.4618148, 20.3212661 ], [ -103.4619203, 20.321249 ], [ -103.4620256, 20.3212499 ], [ -103.4621599, 20.321233 ], [ -103.4622366, 20.3212247 ], [ -103.4623324, 20.3212165 ], [ -103.4623996, 20.321199 ], [ -103.4624763, 20.3211907 ], [ -103.4625437, 20.3211551 ], [ -103.4625924, 20.3210742 ], [ -103.4626024, 20.3210292 ], [ -103.4626414, 20.3209572 ], [ -103.4626612, 20.3208942 ], [ -103.4627096, 20.3208404 ], [ -103.4627867, 20.3207959 ], [ -103.4628441, 20.3207964 ], [ -103.4629112, 20.320797 ], [ -103.4629684, 20.3208156 ], [ -103.4630354, 20.3208252 ], [ -103.4630928, 20.3208347 ], [ -103.4631889, 20.3207994 ], [ -103.4632275, 20.3207636 ], [ -103.4632569, 20.3207007 ], [ -103.4632962, 20.3206016 ], [ -103.4633062, 20.3205566 ], [ -103.4633355, 20.3204936 ], [ -103.4634032, 20.3204309 ], [ -103.4634419, 20.3203951 ], [ -103.4635473, 20.320387 ], [ -103.4636046, 20.3203966 ], [ -103.463662, 20.3204061 ], [ -103.4637195, 20.3204066 ], [ -103.4638155, 20.3203803 ], [ -103.4638733, 20.3203447 ], [ -103.4639121, 20.3202909 ], [ -103.4639605, 20.3202461 ], [ -103.464028, 20.3201925 ], [ -103.464115, 20.320112 ], [ -103.4641826, 20.3200584 ], [ -103.4642311, 20.3199955 ], [ -103.4642697, 20.3199597 ], [ -103.4643373, 20.3199061 ], [ -103.4644238, 20.3198708 ], [ -103.4645196, 20.3198716 ], [ -103.4645771, 20.3198721 ], [ -103.4646248, 20.3198906 ], [ -103.4646725, 20.3199091 ], [ -103.4647104, 20.3199455 ], [ -103.4647676, 20.3199732 ], [ -103.4648441, 20.3199829 ], [ -103.4649303, 20.3199836 ], [ -103.4650069, 20.3199843 ], [ -103.4651606, 20.3199405 ], [ -103.4652372, 20.3199411 ], [ -103.4653042, 20.3199417 ], [ -103.4653713, 20.3199333 ], [ -103.4654289, 20.3199248 ], [ -103.4654864, 20.3199162 ], [ -103.4655728, 20.3198989 ], [ -103.4656686, 20.3198907 ], [ -103.465774, 20.3198916 ], [ -103.4658603, 20.3198743 ], [ -103.4659851, 20.3198483 ], [ -103.4661005, 20.3197951 ], [ -103.4661872, 20.3197417 ], [ -103.4663604, 20.3196619 ], [ -103.466572, 20.3195644 ], [ -103.466649, 20.3195289 ], [ -103.4667261, 20.3194754 ], [ -103.466784, 20.3194398 ], [ -103.466861, 20.3193953 ], [ -103.4671785, 20.3192445 ], [ -103.4672458, 20.319218 ], [ -103.467313, 20.3192005 ], [ -103.4673899, 20.3191741 ], [ -103.4674473, 20.3191746 ], [ -103.4675145, 20.3191661 ], [ -103.4677733, 20.3191413 ] ] } },
{ "type": "Feature", "properties": { "ID": 6917943, "CVE_SUBC": "RH12Dc", "CLAVE50K": "f13d75", "TIPO": 101, "ENTIDAD": "CORRIENTE DE AGUA", "FC": 3271, "CONDICION": "INTERMITENTE", "EDICION": "O", "FECHA": "1994-12-31", "LENGTHM": 550.1121, "ID_DRENA": 5, "FLOWDIR": 1, "ENABLED": 1, "DESC_ENABL": null, "CALI_REPR": 0, "SEQUENCEID": 2706.0, "ORDER_1": 1, "LEVEL_1": 3, "ARBSUM_1": 550.1121, "PATHL_1": 3263.7375 }, "geometry": { "type": "LineString", "coordinates": [ [ -103.4738509, 20.3741114 ], [ -103.4739179, 20.374121 ], [ -103.4741571, 20.3741502 ], [ -103.474329, 20.3741969 ], [ -103.4744627, 20.3742433 ], [ -103.4745965, 20.3742806 ], [ -103.4748167, 20.3742915 ], [ -103.4750752, 20.3743118 ], [ -103.4752094, 20.374295 ], [ -103.475363, 20.3742692 ], [ -103.4756122, 20.3742533 ], [ -103.4759486, 20.3741478 ], [ -103.4761215, 20.3740951 ], [ -103.4763328, 20.3740428 ], [ -103.4766492, 20.3740184 ], [ -103.4768981, 20.3740296 ], [ -103.4771665, 20.3740139 ], [ -103.4772815, 20.3740149 ], [ -103.477406, 20.374016 ], [ -103.477521, 20.374008 ], [ -103.4776362, 20.3739909 ], [ -103.4777513, 20.3739739 ], [ -103.4778568, 20.3739567 ], [ -103.4779722, 20.3739216 ], [ -103.4780777, 20.3739044 ], [ -103.4782023, 20.3738965 ], [ -103.4782981, 20.3738973 ], [ -103.4784517, 20.3738625 ], [ -103.4785287, 20.3738271 ], [ -103.4785963, 20.3737734 ], [ -103.4786736, 20.3737019 ], [ -103.4787415, 20.3736211 ], [ -103.4788188, 20.3735495 ], [ -103.4789151, 20.3735052 ] ] } },
{ "type": "Feature", "properties": { "ID": 6917946, "CVE_SUBC": "RH12Dc", "CLAVE50K": "f13d75", "TIPO": 101, "ENTIDAD": "CORRIENTE DE AGUA", "FC": 3271, "CONDICION": "INTERMITENTE", "EDICION": "O", "FECHA": "1994-12-31", "LENGTHM": 438.0909, "ID_DRENA": 5, "FLOWDIR": 1, "ENABLED": 1, "DESC_ENABL": null, "CALI_REPR": 0, "SEQUENCEID": 2705.0, "ORDER_1": 1, "LEVEL_1": 4, "ARBSUM_1": 438.0909, "PATHL_1": 3263.7375 }, "geometry": { "type": "LineString", "coordinates": [ [ -103.4750863, 20.372207 ], [ -103.4755066, 20.3723282 ], [ -103.4756597, 20.3723476 ], [ -103.4757744, 20.3723666 ], [ -103.4759944, 20.3724047 ], [ -103.4761762, 20.3724244 ], [ -103.4764347, 20.3724447 ], [ -103.4765586, 20.372509 ], [ -103.476625, 20.3725818 ], [ -103.4766626, 20.3726544 ], [ -103.4767002, 20.372727 ], [ -103.476738, 20.3727725 ], [ -103.476843, 20.3728096 ], [ -103.4769004, 20.3728282 ], [ -103.4770339, 20.3728835 ], [ -103.4771291, 20.3729476 ], [ -103.4772244, 20.3730026 ], [ -103.4773101, 20.3730486 ], [ -103.4775488, 20.3731319 ], [ -103.4778358, 20.3731706 ], [ -103.4779412, 20.3731715 ], [ -103.4780465, 20.3731814 ], [ -103.478171, 20.3731825 ], [ -103.4782954, 20.3731927 ], [ -103.478391, 20.3732206 ], [ -103.4784578, 20.3732483 ], [ -103.4785436, 20.3732852 ], [ -103.4786677, 20.3733314 ], [ -103.4787819, 20.3734047 ], [ -103.4789151, 20.3735052 ] ] } },
{ "type": "Feature", "properties": { "ID": 6917952, "CVE_SUBC": "RH12Dc", "CLAVE50K": "f13d75", "TIPO": 101, "ENTIDAD": "CORRIENTE DE AGUA", "FC": 3271, "CONDICION": "INTERMITENTE", "EDICION": "O", "FECHA": "1994-12-31", "LENGTHM": 957.12, "ID_DRENA": 6, "FLOWDIR": 1, "ENABLED": 1, "DESC_ENABL": null, "CALI_REPR": 0, "SEQUENCEID": 2848.0, "ORDER_1": 1, "LEVEL_1": 3, "ARBSUM_1": 957.12, "PATHL_1": 9911.0974 }, "geometry": { "type": "LineString", "coordinates": [ [ -103.5244544, 20.4071685 ], [ -103.5245596, 20.4071875 ], [ -103.5247707, 20.4071621 ], [ -103.5251255, 20.407138 ], [ -103.5253555, 20.407131 ], [ -103.5254993, 20.4071231 ], [ -103.525691, 20.4071248 ], [ -103.5258634, 20.4071262 ], [ -103.5260645, 20.407146 ], [ -103.5262364, 20.4072016 ], [ -103.5263798, 20.407239 ], [ -103.5264946, 20.407258 ], [ -103.5267334, 20.4073323 ], [ -103.5269432, 20.4074425 ], [ -103.5271434, 20.4075526 ], [ -103.5272194, 20.4076165 ], [ -103.5274098, 20.4077536 ], [ -103.5275617, 20.4078994 ], [ -103.5277136, 20.4080453 ], [ -103.5278466, 20.4081729 ], [ -103.5279604, 20.4082913 ], [ -103.5280839, 20.4084098 ], [ -103.5282459, 20.4085015 ], [ -103.5284082, 20.4085661 ], [ -103.5285992, 20.4086309 ], [ -103.5289341, 20.4086789 ], [ -103.5291638, 20.408717 ], [ -103.5293455, 20.4087547 ], [ -103.529575, 20.4088018 ], [ -103.5297568, 20.4088304 ], [ -103.5301209, 20.4088335 ], [ -103.53037, 20.4088356 ], [ -103.5305714, 20.4088192 ], [ -103.5307921, 20.4087849 ], [ -103.5309556, 20.4087231 ], [ -103.5311289, 20.4086342 ], [ -103.5312156, 20.4085898 ], [ -103.5314181, 20.408456 ], [ -103.5315534, 20.4083306 ], [ -103.5318433, 20.4080801 ], [ -103.5319586, 20.4080449 ], [ -103.5320932, 20.4080009 ], [ -103.5321987, 20.4079837 ], [ -103.53241, 20.4079313 ], [ -103.5325831, 20.4078695 ], [ -103.5328045, 20.407763 ] ] } },
{ "type": "Feature", "properties": { "ID": 6917960, "CVE_SUBC": "RH12Dc", "CLAVE50K": "f13d75", "TIPO": 101, "ENTIDAD": "CORRIENTE DE AGUA", "FC": 3271, "CONDICION": "INTERMITENTE", "EDICION": "O", "FECHA": "1994-12-31", "LENGTHM": 540.4512, "ID_DRENA": 6, "FLOWDIR": 1, "ENABLED": 1, "DESC_ENABL": null, "CALI_REPR": 0, "SEQUENCEID": 3069.0, "ORDER_1": 1, "LEVEL_1": 3, "ARBSUM_1": 540.4512, "PATHL_1": 17973.6149 }, "geometry": { "type": "LineString", "coordinates": [ [ -103.5112774, 20.3234198 ], [ -103.5110617, 20.3239419 ], [ -103.5109642, 20.3241218 ], [ -103.5108959, 20.3242567 ], [ -103.5108762, 20.3243107 ], [ -103.5108082, 20.3244095 ], [ -103.510643, 20.3246611 ], [ -103.5105653, 20.3247778 ], [ -103.5104491, 20.3249124 ], [ -103.5103814, 20.3249841 ], [ -103.5102848, 20.3250645 ], [ -103.5101787, 20.3251449 ], [ -103.5100439, 20.3252161 ], [ -103.5098803, 20.325305 ], [ -103.5096974, 20.3254028 ], [ -103.5096105, 20.3254744 ], [ -103.5095622, 20.3255191 ], [ -103.5094372, 20.3255723 ], [ -103.5093793, 20.3256169 ], [ -103.5092445, 20.3256881 ], [ -103.5091288, 20.3257684 ], [ -103.5089939, 20.3258576 ], [ -103.5088688, 20.3259197 ], [ -103.5087628, 20.3259821 ], [ -103.5086185, 20.3260531 ], [ -103.5084835, 20.3261513 ], [ -103.5082525, 20.3262668 ], [ -103.508118, 20.3263108 ], [ -103.5078584, 20.326417 ], [ -103.5077335, 20.3264611 ], [ -103.5076085, 20.3265143 ], [ -103.5075585, 20.3265528 ] ] } },
{ "type": "Feature", "properties": { "ID": 6917961, "CVE_SUBC": "RH12Dc", "CLAVE50K": null, "TIPO": 101, "ENTIDAD": "CORRIENTE DE AGUA", "FC": 3271, "CONDICION": "INTERMITENTE", "EDICION": "N", "FECHA": "2007-11-09", "LENGTHM": 1001.2753, "ID_DRENA": 6, "FLOWDIR": 1, "ENABLED": 1, "DESC_ENABL": null, "CALI_REPR": 1, "SEQUENCEID": 3105.0, "ORDER_1": 1, "LEVEL_1": 3, "ARBSUM_1": 2435.2992, "PATHL_1": 20800.7262 }, "geometry": { "type": "LineString", "coordinates": [ [ -103.4725124, 20.3036625 ], [ -103.4722845, 20.3038054 ], [ -103.4719275, 20.3040195 ], [ -103.4719989, 20.3043051 ], [ -103.4722845, 20.3048761 ], [ -103.4723796, 20.3050427 ], [ -103.4746639, 20.308017 ], [ -103.4757585, 20.3095399 ], [ -103.4768353, 20.3110202 ] ] } },
{ "type": "Feature", "properties": { "ID": 6917962, "CVE_SUBC": "RH12Dc", "CLAVE50K": null, "TIPO": 101, "ENTIDAD": "CORRIENTE DE AGUA", "FC": 3271, "CONDICION": "INTERMITENTE", "EDICION": "N", "FECHA": "2007-11-09", "LENGTHM": 960.7941, "ID_DRENA": 5, "FLOWDIR": 1, "ENABLED": 1, "DESC_ENABL": null, "CALI_REPR": 1, "SEQUENCEID": 2738.0, "ORDER_1": 1, "LEVEL_1": 2, "ARBSUM_1": 2200.9926, "PATHL_1": 1259.5547 }, "geometry": { "type": "LineString", "coordinates": [ [ -103.4926456, 20.3830035 ], [ -103.4958579, 20.3819526 ], [ -103.4984244, 20.3810823 ], [ -103.4995543, 20.3793182 ], [ -103.4998403, 20.3784867 ] ] } },
{ "type": "Feature", "properties": { "ID": 6917969, "CVE_SUBC": "RH12Dc", "CLAVE50K": null, "TIPO": 101, "ENTIDAD": "CORRIENTE DE AGUA", "FC": 3271, "CONDICION": "INTERMITENTE", "EDICION": "N", "FECHA": "2007-11-09", "LENGTHM": 316.0409, "ID_DRENA": 5, "FLOWDIR": 1, "ENABLED": 1, "DESC_ENABL": null, "CALI_REPR": 1, "SEQUENCEID": 2650.0, "ORDER_1": 2, "LEVEL_1": 1, "ARBSUM_1": 5423.1277, "PATHL_1": 1746.1159 }, "geometry": { "type": "LineString", "coordinates": [ [ -103.4970272, 20.3556719 ], [ -103.4974367, 20.356027 ], [ -103.498103, 20.3567647 ], [ -103.4989358, 20.3575975 ], [ -103.4991044, 20.3577603 ] ] } },
{ "type": "Feature", "properties": { "ID": 6917973, "CVE_SUBC": "RH12Dc", "CLAVE50K": null, "TIPO": 101, "ENTIDAD": "CORRIENTE DE AGUA", "FC": 3271, "CONDICION": "INTERMITENTE", "EDICION": "N", "FECHA": "2007-11-09", "LENGTHM": 266.8779, "ID_DRENA": 5, "FLOWDIR": 1, "ENABLED": 1, "DESC_ENABL": null, "CALI_REPR": 1, "SEQUENCEID": 2718.0, "ORDER_1": 2, "LEVEL_1": 2, "ARBSUM_1": 5545.6016, "PATHL_1": 940.9181 }, "geometry": { "type": "LineString", "coordinates": [ [ -103.4983299, 20.3764893 ], [ -103.5002038, 20.3748356 ] ] } },
{ "type": "Feature", "properties": { "ID": 6917989, "CVE_SUBC": "RH12Dc", "CLAVE50K": null, "TIPO": 101, "ENTIDAD": "CORRIENTE DE AGUA", "FC": 3271, "CONDICION": "INTERMITENTE", "EDICION": "N", "FECHA": "2007-11-09", "LENGTHM": 588.5819, "ID_DRENA": 6, "FLOWDIR": 1, "ENABLED": 1, "DESC_ENABL": null, "CALI_REPR": 1, "SEQUENCEID": 2946.0, "ORDER_1": 2, "LEVEL_1": 2, "ARBSUM_1": 2581.5765, "PATHL_1": 13766.6466 }, "geometry": { "type": "LineString", "coordinates": [ [ -103.4913443, 20.3908227 ], [ -103.4914355, 20.3906162 ], [ -103.4917448, 20.3902355 ], [ -103.4920066, 20.3898072 ], [ -103.4924349, 20.3894741 ], [ -103.4928156, 20.389141 ], [ -103.4931963, 20.388903 ], [ -103.493815, 20.3885699 ], [ -103.494386, 20.3881654 ], [ -103.4948144, 20.3880226 ], [ -103.4953378, 20.3878085 ], [ -103.4957378, 20.3877339 ] ] } },
{ "type": "Feature", "properties": { "ID": 6918003, "CVE_SUBC": "RH12Dc", "CLAVE50K": "f13d75", "TIPO": 101, "ENTIDAD": "CORRIENTE DE AGUA", "FC": 3271, "CONDICION": "INTERMITENTE", "EDICION": "O", "FECHA": "1994-12-31", "LENGTHM": 4064.1699, "ID_DRENA": 6, "FLOWDIR": 1, "ENABLED": 1, "DESC_ENABL": null, "CALI_REPR": 0, "SEQUENCEID": 3117.0, "ORDER_1": 2, "LEVEL_1": 2, "ARBSUM_1": 7262.3806, "PATHL_1": 17892.3925 }, "geometry": { "type": "LineString", "coordinates": [ [ -103.4651682, 20.3121078 ], [ -103.4652473, 20.3121179 ], [ -103.4653333, 20.3121367 ], [ -103.4654095, 20.3121735 ], [ -103.4654667, 20.3122011 ], [ -103.465562, 20.3122471 ], [ -103.4656572, 20.3123022 ], [ -103.4657429, 20.3123571 ], [ -103.4658379, 20.3124302 ], [ -103.4659141, 20.312476 ], [ -103.466, 20.3125039 ], [ -103.4661051, 20.3125229 ], [ -103.4661913, 20.3125236 ], [ -103.4663732, 20.3125252 ], [ -103.4665743, 20.312527 ], [ -103.4666415, 20.3125095 ], [ -103.4667469, 20.3125104 ], [ -103.4668042, 20.31252 ], [ -103.4669763, 20.3125486 ], [ -103.4671288, 20.3126222 ], [ -103.4677302, 20.3128172 ], [ -103.4680642, 20.3129376 ], [ -103.4681883, 20.3129748 ], [ -103.4682646, 20.3130026 ], [ -103.4684937, 20.3130768 ], [ -103.4685797, 20.3130956 ], [ -103.4686947, 20.3130876 ], [ -103.4687905, 20.3130885 ], [ -103.4688673, 20.3130711 ], [ -103.4689826, 20.3130269 ], [ -103.469098, 20.3129827 ], [ -103.4691751, 20.3129292 ], [ -103.4692906, 20.312867 ], [ -103.4694151, 20.3128681 ], [ -103.4695107, 20.312887 ], [ -103.4696635, 20.3129244 ], [ -103.4700176, 20.3129456 ], [ -103.4702666, 20.3129478 ], [ -103.4704487, 20.3129313 ], [ -103.4705734, 20.3129143 ], [ -103.4706983, 20.3128703 ], [ -103.470823, 20.3128533 ], [ -103.4710145, 20.312855 ], [ -103.471139, 20.312847 ], [ -103.4712735, 20.312803 ], [ -103.4713698, 20.3127497 ], [ -103.4714658, 20.3127234 ], [ -103.4715712, 20.3127243 ], [ -103.4716956, 20.3127254 ], [ -103.4718008, 20.3127444 ], [ -103.471906, 20.3127543 ], [ -103.4720303, 20.3127735 ], [ -103.4721166, 20.3127652 ], [ -103.4722029, 20.3127569 ], [ -103.4722893, 20.3127306 ], [ -103.472347, 20.312713 ], [ -103.4724046, 20.3126955 ], [ -103.4724812, 20.3126961 ], [ -103.472519, 20.3127507 ], [ -103.4725558, 20.3129046 ], [ -103.4725742, 20.312977 ], [ -103.4725833, 20.3130222 ], [ -103.4726018, 20.3130856 ], [ -103.4726199, 20.3131942 ], [ -103.4726288, 20.3132666 ], [ -103.4726378, 20.3133299 ], [ -103.4726464, 20.3134203 ], [ -103.4726919, 20.3136646 ], [ -103.4727008, 20.313737 ], [ -103.4727094, 20.3138364 ], [ -103.4727275, 20.313945 ], [ -103.4727547, 20.3140988 ], [ -103.4728016, 20.3141986 ], [ -103.4728487, 20.3142803 ], [ -103.4729245, 20.3143622 ], [ -103.4730288, 20.3144625 ], [ -103.4731427, 20.3145719 ], [ -103.473228, 20.314663 ], [ -103.4733134, 20.3147451 ], [ -103.4734754, 20.3148188 ], [ -103.4735994, 20.314874 ], [ -103.473714, 20.3149112 ], [ -103.4738094, 20.3149391 ], [ -103.4740104, 20.3149499 ], [ -103.4740969, 20.3149235 ], [ -103.4741834, 20.3148882 ], [ -103.4742891, 20.314853 ], [ -103.4743756, 20.3148176 ], [ -103.4744621, 20.3147912 ], [ -103.4745772, 20.3147651 ], [ -103.4746826, 20.314766 ], [ -103.4747686, 20.3147849 ], [ -103.4749023, 20.3148222 ], [ -103.4750936, 20.3148419 ], [ -103.4752852, 20.3148345 ], [ -103.4753524, 20.314817 ], [ -103.4754294, 20.3147816 ], [ -103.4754775, 20.3147549 ], [ -103.4755643, 20.3146924 ], [ -103.4756607, 20.31463 ], [ -103.4757379, 20.3145675 ], [ -103.4758245, 20.314523 ], [ -103.4759208, 20.3144697 ], [ -103.4759879, 20.3144703 ], [ -103.4760644, 20.31448 ], [ -103.4761785, 20.3145623 ], [ -103.4762451, 20.314608 ], [ -103.476321, 20.314681 ], [ -103.4763969, 20.3147539 ], [ -103.4764348, 20.3147904 ], [ -103.4765491, 20.3148546 ], [ -103.4766445, 20.3148916 ], [ -103.4767496, 20.3149196 ], [ -103.4768641, 20.3149567 ], [ -103.4769598, 20.3149666 ], [ -103.4770364, 20.3149672 ], [ -103.4771033, 20.3149768 ], [ -103.4772948, 20.3149876 ], [ -103.4774957, 20.3150074 ], [ -103.4776676, 20.315054 ], [ -103.4777532, 20.315109 ], [ -103.4778578, 20.3151912 ], [ -103.4779242, 20.315255 ], [ -103.4780479, 20.3153374 ], [ -103.4781621, 20.3154107 ], [ -103.4782286, 20.3154654 ], [ -103.4783238, 20.3155205 ], [ -103.4784477, 20.3155758 ], [ -103.4785333, 20.3156397 ], [ -103.478638, 20.3157039 ], [ -103.4787237, 20.3157588 ], [ -103.4791142, 20.31597 ], [ -103.4796953, 20.3162912 ], [ -103.4802379, 20.3166212 ], [ -103.4803808, 20.3166947 ], [ -103.4804284, 20.3167312 ], [ -103.4804759, 20.3167678 ], [ -103.4805233, 20.3168134 ], [ -103.4805708, 20.3168499 ], [ -103.4805991, 20.3168954 ], [ -103.4806273, 20.3169498 ], [ -103.4806745, 20.3170225 ], [ -103.4807122, 20.317086 ], [ -103.4807309, 20.3171314 ], [ -103.4807593, 20.3171678 ], [ -103.4808065, 20.3172314 ], [ -103.4809394, 20.31735 ], [ -103.4810061, 20.3173867 ], [ -103.4813491, 20.3175704 ], [ -103.4814636, 20.3176075 ], [ -103.4815399, 20.3176443 ], [ -103.4817022, 20.3176909 ], [ -103.4817788, 20.3177006 ], [ -103.4818837, 20.3177376 ], [ -103.4819409, 20.3177652 ], [ -103.4821125, 20.317848 ], [ -103.4822075, 20.3179302 ], [ -103.482388, 20.3180763 ], [ -103.4827399, 20.3183232 ], [ -103.4827779, 20.3183597 ], [ -103.4829204, 20.3184784 ], [ -103.4829964, 20.3185423 ], [ -103.48312, 20.3186337 ], [ -103.4831865, 20.3186885 ], [ -103.4834049, 20.3188801 ], [ -103.483528, 20.3190166 ], [ -103.4836704, 20.3191444 ], [ -103.4838126, 20.3192992 ], [ -103.4839074, 20.3193994 ], [ -103.4839832, 20.3194813 ], [ -103.4840778, 20.3195996 ], [ -103.4841441, 20.3196724 ], [ -103.4842296, 20.3197454 ], [ -103.4842769, 20.3198001 ], [ -103.4843246, 20.3198276 ], [ -103.4843816, 20.3198732 ], [ -103.4844384, 20.319937 ], [ -103.4845142, 20.3200189 ], [ -103.48459, 20.3201009 ], [ -103.4846754, 20.3201829 ], [ -103.4847324, 20.3202376 ], [ -103.4847798, 20.3202832 ], [ -103.4851973, 20.3206843 ], [ -103.4852636, 20.3207572 ], [ -103.4853299, 20.32083 ], [ -103.4853963, 20.3209029 ], [ -103.4855294, 20.3209944 ], [ -103.4857391, 20.3211046 ], [ -103.4859487, 20.3212148 ], [ -103.48633, 20.3213988 ], [ -103.4863872, 20.3214264 ], [ -103.4864633, 20.3214722 ], [ -103.48653, 20.3215089 ], [ -103.4865776, 20.3215364 ], [ -103.4866728, 20.3216005 ], [ -103.4867393, 20.3216553 ], [ -103.4867961, 20.321719 ], [ -103.4868339, 20.3217735 ], [ -103.4868717, 20.3218281 ], [ -103.4868904, 20.3218734 ], [ -103.486909, 20.3219278 ], [ -103.4869848, 20.3220097 ], [ -103.4870418, 20.3220554 ], [ -103.4870987, 20.3221191 ], [ -103.4871365, 20.3221646 ], [ -103.4874584, 20.3225559 ], [ -103.4875437, 20.3226469 ], [ -103.4875909, 20.3227106 ], [ -103.4877145, 20.322802 ], [ -103.4877619, 20.3228566 ], [ -103.4879428, 20.3229666 ], [ -103.4880188, 20.3230305 ], [ -103.4881137, 20.3231216 ], [ -103.4882275, 20.323231 ], [ -103.4883127, 20.3233311 ], [ -103.488379, 20.323413 ], [ -103.488455, 20.3234769 ], [ -103.4885405, 20.3235409 ], [ -103.4885786, 20.3235683 ], [ -103.488645, 20.3236321 ], [ -103.4887209, 20.323705 ], [ -103.4887873, 20.3237689 ], [ -103.4888537, 20.3238327 ], [ -103.4889392, 20.3239057 ], [ -103.4890816, 20.3240334 ], [ -103.4894051, 20.324253 ], [ -103.4894812, 20.3243079 ], [ -103.489567, 20.3243538 ], [ -103.4896719, 20.3243998 ], [ -103.4897672, 20.3244458 ], [ -103.4898625, 20.3244918 ], [ -103.4899578, 20.3245378 ], [ -103.4902441, 20.3246487 ], [ -103.4905974, 20.3247511 ], [ -103.4906832, 20.324797 ], [ -103.4907785, 20.324843 ], [ -103.4908451, 20.3248888 ], [ -103.4909212, 20.3249436 ], [ -103.490978, 20.3250074 ], [ -103.4910343, 20.3251253 ], [ -103.4910242, 20.3251794 ], [ -103.4909655, 20.3253054 ], [ -103.4909363, 20.3253593 ], [ -103.4908972, 20.3254403 ], [ -103.4908584, 20.3254851 ], [ -103.4908196, 20.325539 ], [ -103.4907903, 20.325602 ], [ -103.4907609, 20.325665 ], [ -103.4907316, 20.325728 ], [ -103.4906924, 20.325818 ], [ -103.4906632, 20.3258629 ], [ -103.4906531, 20.325926 ], [ -103.4906526, 20.3259712 ], [ -103.4906618, 20.3260164 ], [ -103.4906899, 20.3260799 ], [ -103.490737, 20.3261616 ], [ -103.4909531, 20.3265881 ], [ -103.4912633, 20.327187 ], [ -103.4912914, 20.3272505 ], [ -103.4913387, 20.3273141 ], [ -103.4913954, 20.3273959 ], [ -103.4916423, 20.3276149 ], [ -103.4920695, 20.327998 ], [ -103.4928098, 20.3287 ], [ -103.4928763, 20.3287548 ], [ -103.4929427, 20.3288186 ], [ -103.4929901, 20.3288642 ], [ -103.4930663, 20.32891 ], [ -103.4931139, 20.3289375 ], [ -103.4932474, 20.3290019 ], [ -103.493677, 20.3291411 ], [ -103.4937819, 20.3291872 ], [ -103.4938869, 20.3292242 ], [ -103.493944, 20.3292608 ], [ -103.4940203, 20.3292976 ], [ -103.4943546, 20.3293909 ], [ -103.494813, 20.3295213 ] ] } },
{ "type": "Feature", "properties": { "ID": 6918007, "CVE_SUBC": "RH12Dc", "CLAVE50K": "f13d75", "TIPO": 101, "ENTIDAD": "CORRIENTE DE AGUA", "FC": 3271, "CONDICION": "INTERMITENTE", "EDICION": "O", "FECHA": "1994-12-31", "LENGTHM": 480.3808, "ID_DRENA": 6, "FLOWDIR": 1, "ENABLED": 1, "DESC_ENABL": null, "CALI_REPR": 0, "SEQUENCEID": 3073.0, "ORDER_1": 4, "LEVEL_1": 2, "ARBSUM_1": 23371.0659, "PATHL_1": 17472.6924 }, "geometry": { "type": "LineString", "coordinates": [ [ -103.4974818, 20.3253134 ], [ -103.4975154, 20.3253979 ], [ -103.497553, 20.3254705 ], [ -103.4975907, 20.3255341 ], [ -103.4976754, 20.3256884 ], [ -103.497751, 20.3257884 ], [ -103.4977791, 20.3258519 ], [ -103.4978169, 20.3259064 ], [ -103.4978546, 20.32597 ], [ -103.4981658, 20.3264695 ], [ -103.4982127, 20.3265783 ], [ -103.4982882, 20.3266874 ], [ -103.4983728, 20.3268598 ], [ -103.4984388, 20.3269597 ], [ -103.4984671, 20.3270051 ], [ -103.498599, 20.3272321 ], [ -103.4986177, 20.3272774 ], [ -103.4986647, 20.3273682 ], [ -103.4986927, 20.3274497 ], [ -103.4987291, 20.3276488 ], [ -103.4987559, 20.3278478 ], [ -103.4987554, 20.327902 ], [ -103.4987548, 20.3279562 ], [ -103.4987541, 20.3280284 ], [ -103.4987342, 20.3281096 ], [ -103.4987145, 20.3281636 ], [ -103.4986949, 20.3282176 ], [ -103.4986652, 20.3283077 ], [ -103.4986359, 20.3283707 ], [ -103.4986162, 20.3284338 ], [ -103.4986055, 20.3285421 ], [ -103.4986145, 20.3286054 ], [ -103.4986892, 20.3288048 ], [ -103.4987171, 20.3288863 ], [ -103.4987642, 20.328968 ], [ -103.4987828, 20.3290314 ], [ -103.4988015, 20.3290768 ], [ -103.4988294, 20.3291583 ], [ -103.4988386, 20.3292036 ], [ -103.4988375, 20.329312 ] ] } },
{ "type": "Feature", "properties": { "ID": 6918012, "CVE_SUBC": "RH12Dc", "CLAVE50K": null, "TIPO": 101, "ENTIDAD": "CORRIENTE DE AGUA", "FC": 3271, "CONDICION": "INTERMITENTE", "EDICION": "N", "FECHA": "2007-11-09", "LENGTHM": 221.2462, "ID_DRENA": 6, "FLOWDIR": 1, "ENABLED": 1, "DESC_ENABL": null, "CALI_REPR": 1, "SEQUENCEID": 2934.0, "ORDER_1": 2, "LEVEL_1": 3, "ARBSUM_1": 2201.2624, "PATHL_1": 13179.76 }, "geometry": { "type": "LineString", "coordinates": [ [ -103.4997846, 20.3888917 ], [ -103.5000492, 20.3886075 ], [ -103.5002318, 20.3882852 ], [ -103.5005541, 20.3878662 ], [ -103.5009086, 20.3872002 ] ] } },
{ "type": "Feature", "properties": { "ID": 6918016, "CVE_SUBC": "RH12Dc", "CLAVE50K": "f13d75", "TIPO": 101, "ENTIDAD": "CORRIENTE DE AGUA", "FC": 3271, "CONDICION": "INTERMITENTE", "EDICION": "O", "FECHA": "1994-12-31", "LENGTHM": 121.9674, "ID_DRENA": 6, "FLOWDIR": 1, "ENABLED": 1, "DESC_ENABL": null, "CALI_REPR": 0, "SEQUENCEID": 3150.0, "ORDER_1": 2, "LEVEL_1": 3, "ARBSUM_1": 2476.3889, "PATHL_1": 25542.3512 }, "geometry": { "type": "LineString", "coordinates": [ [ -103.441699, 20.3217475 ], [ -103.4418238, 20.3217125 ], [ -103.4419867, 20.3217049 ], [ -103.4422165, 20.3217069 ], [ -103.4424272, 20.3217088 ], [ -103.4425612, 20.32171 ], [ -103.4426474, 20.3217108 ], [ -103.4428586, 20.3216585 ] ] } },
{ "type": "Feature", "properties": { "ID": 6918020, "CVE_SUBC": "RH12Dc", "CLAVE50K": "f13d75", "TIPO": 101, "ENTIDAD": "CORRIENTE DE AGUA", "FC": 3271, "CONDICION": "INTERMITENTE", "EDICION": "O", "FECHA": "1994-12-31", "LENGTHM": 76.3694, "ID_DRENA": 6, "FLOWDIR": 1, "ENABLED": 1, "DESC_ENABL": null, "CALI_REPR": 0, "SEQUENCEID": 3228.0, "ORDER_1": 2, "LEVEL_1": 2, "ARBSUM_1": 2082.0071, "PATHL_1": 31975.2777 }, "geometry": { "type": "LineString", "coordinates": [ [ -103.4248179, 20.3508023 ], [ -103.4248481, 20.350658 ], [ -103.4248489, 20.3505767 ], [ -103.4248497, 20.3504954 ], [ -103.4248508, 20.350387 ], [ -103.4248228, 20.3503145 ], [ -103.4247852, 20.350251 ], [ -103.424757, 20.3501965 ], [ -103.4247096, 20.3501509 ] ] } },
{ "type": "Feature", "properties": { "ID": 6918022, "CVE_SUBC": "RH12Dc", "CLAVE50K": "f13d75", "TIPO": 101, "ENTIDAD": "CORRIENTE DE AGUA", "FC": 3271, "CONDICION": "INTERMITENTE", "EDICION": "O", "FECHA": "1994-12-31", "LENGTHM": 132.6482, "ID_DRENA": 6, "FLOWDIR": 1, "ENABLED": 1, "DESC_ENABL": null, "CALI_REPR": 0, "SEQUENCEID": 3188.0, "ORDER_1": 3, "LEVEL_1": 2, "ARBSUM_1": 3637.1664, "PATHL_1": 31060.192 }, "geometry": { "type": "LineString", "coordinates": [ [ -103.4330091, 20.3477864 ], [ -103.43301, 20.3476961 ], [ -103.4330012, 20.3476238 ], [ -103.4329925, 20.3475334 ], [ -103.4330133, 20.3473709 ], [ -103.4330522, 20.3473171 ], [ -103.43312, 20.3472364 ], [ -103.4331784, 20.3471466 ], [ -103.4332654, 20.347066 ], [ -103.4333235, 20.3470033 ], [ -103.4334106, 20.3469138 ], [ -103.4334687, 20.3468511 ], [ -103.4335462, 20.3467704 ] ] } },
{ "type": "Feature", "properties": { "ID": 6918024, "CVE_SUBC": "RH12Dc", "CLAVE50K": "f13d75", "TIPO": 101, "ENTIDAD": "CORRIENTE DE AGUA", "FC": 3271, "CONDICION": "INTERMITENTE", "EDICION": "O", "FECHA": "1994-12-31", "LENGTHM": 657.7236, "ID_DRENA": 6, "FLOWDIR": 1, "ENABLED": 1, "DESC_ENABL": null, "CALI_REPR": 0, "SEQUENCEID": 2919.0, "ORDER_1": 1, "LEVEL_1": 4, "ARBSUM_1": 657.7236, "PATHL_1": 12769.0528 }, "geometry": { "type": "LineString", "coordinates": [ [ -103.509931, 20.4038559 ], [ -103.5102186, 20.4038403 ], [ -103.5103437, 20.4037782 ], [ -103.5104209, 20.4037246 ], [ -103.510517, 20.4036893 ], [ -103.5107092, 20.4036367 ], [ -103.5108055, 20.4035834 ], [ -103.5109114, 20.40353 ], [ -103.5110459, 20.4034951 ], [ -103.511161, 20.403487 ], [ -103.5114198, 20.4034712 ], [ -103.5116214, 20.4034367 ], [ -103.5117558, 20.4034108 ], [ -103.5119381, 20.4033852 ], [ -103.5120343, 20.4033499 ], [ -103.5121208, 20.4033236 ], [ -103.5123226, 20.403253 ], [ -103.5124095, 20.4031905 ], [ -103.5125924, 20.4031017 ], [ -103.5128143, 20.402941 ], [ -103.5128918, 20.4028513 ], [ -103.512989, 20.4027167 ], [ -103.5130764, 20.4025909 ], [ -103.5131158, 20.4024829 ], [ -103.513155, 20.4023838 ], [ -103.5132133, 20.402303 ], [ -103.5132812, 20.4022133 ], [ -103.5133588, 20.4021236 ], [ -103.5134747, 20.4020252 ], [ -103.5136379, 20.4019904 ], [ -103.5137244, 20.4019641 ], [ -103.5138015, 20.4019196 ], [ -103.5138501, 20.4018477 ], [ -103.5139276, 20.401758 ], [ -103.5139954, 20.4016863 ], [ -103.5140822, 20.4016238 ], [ -103.5141785, 20.4015705 ], [ -103.514246, 20.4015259 ], [ -103.514294, 20.4015172 ], [ -103.5143901, 20.401491 ], [ -103.5145348, 20.4013928 ], [ -103.5145928, 20.4013391 ], [ -103.5146699, 20.4012856 ], [ -103.5147569, 20.401205 ], [ -103.5147959, 20.4011421 ], [ -103.5149023, 20.4010346 ], [ -103.5150758, 20.4009277 ] ] } },
{ "type": "Feature", "properties": { "ID": 6918025, "CVE_SUBC": "RH12Dc", "CLAVE50K": "f13d75", "TIPO": 101, "ENTIDAD": "CORRIENTE DE AGUA", "FC": 3271, "CONDICION": "INTERMITENTE", "EDICION": "O", "FECHA": "1994-12-31", "LENGTHM": 1196.2808, "ID_DRENA": 6, "FLOWDIR": 1, "ENABLED": 1, "DESC_ENABL": null, "CALI_REPR": 0, "SEQUENCEID": 3147.0, "ORDER_1": 3, "LEVEL_1": 2, "ARBSUM_1": 9458.2635, "PATHL_1": 23529.0709 }, "geometry": { "type": "LineString", "coordinates": [ [ -103.4475056, 20.3166318 ], [ -103.4475734, 20.3165511 ], [ -103.4476609, 20.3164254 ], [ -103.4477576, 20.3163269 ], [ -103.4478544, 20.3162284 ], [ -103.4480572, 20.3160585 ], [ -103.448134, 20.3160411 ], [ -103.4482391, 20.3160601 ], [ -103.4483059, 20.3160878 ], [ -103.448391, 20.316197 ], [ -103.4485709, 20.3163973 ], [ -103.4486944, 20.3164978 ], [ -103.4487706, 20.3165436 ], [ -103.4488663, 20.3165445 ], [ -103.4489429, 20.3165452 ], [ -103.4490972, 20.3164381 ], [ -103.4491457, 20.3163753 ], [ -103.4492328, 20.3162858 ], [ -103.4493005, 20.3162141 ], [ -103.4493773, 20.3161967 ], [ -103.4494921, 20.3162068 ], [ -103.4495398, 20.3162253 ], [ -103.4497403, 20.3162903 ], [ -103.449826, 20.3163362 ], [ -103.4499122, 20.316337 ], [ -103.4499602, 20.3163284 ], [ -103.4500274, 20.3163109 ], [ -103.4501044, 20.3162664 ], [ -103.4501718, 20.3162309 ], [ -103.4502201, 20.3161952 ], [ -103.4503741, 20.3161152 ], [ -103.4504128, 20.3160704 ], [ -103.450519, 20.31599 ], [ -103.4505672, 20.3159543 ], [ -103.450663, 20.3159461 ], [ -103.4507396, 20.3159558 ], [ -103.4508544, 20.3159659 ], [ -103.4510647, 20.3160039 ], [ -103.451179, 20.3160591 ], [ -103.4512552, 20.316105 ], [ -103.4513502, 20.3161781 ], [ -103.4514265, 20.3162149 ], [ -103.4515123, 20.3162518 ], [ -103.4515985, 20.3162525 ], [ -103.4516945, 20.3162263 ], [ -103.4517904, 20.3162181 ], [ -103.4519153, 20.316174 ], [ -103.4519922, 20.3161386 ], [ -103.4522134, 20.3160502 ], [ -103.4523193, 20.3159879 ], [ -103.4524833, 20.3158719 ], [ -103.4525412, 20.3158272 ], [ -103.452619, 20.3157015 ], [ -103.453008, 20.3151087 ], [ -103.4531234, 20.3150645 ], [ -103.453248, 20.3150476 ], [ -103.4534602, 20.3148959 ], [ -103.453557, 20.3147883 ], [ -103.4535964, 20.3146802 ], [ -103.4536837, 20.3145726 ], [ -103.4537512, 20.314519 ], [ -103.4538568, 20.3144928 ], [ -103.4540581, 20.3144766 ], [ -103.4541827, 20.3144686 ], [ -103.4542497, 20.3144692 ], [ -103.4543739, 20.3144974 ], [ -103.4544979, 20.3145437 ], [ -103.454565, 20.3145443 ], [ -103.4546802, 20.3145092 ], [ -103.4547671, 20.3144376 ], [ -103.4548543, 20.314339 ], [ -103.4548645, 20.3142759 ], [ -103.4548745, 20.3142308 ], [ -103.4549134, 20.3141679 ], [ -103.4551246, 20.3141246 ], [ -103.4553825, 20.3141811 ], [ -103.4555159, 20.3142546 ], [ -103.4556014, 20.3143185 ], [ -103.4556871, 20.3143735 ], [ -103.4557824, 20.3144195 ], [ -103.4558973, 20.3144205 ], [ -103.4559551, 20.3143849 ], [ -103.4560516, 20.3143135 ], [ -103.4561096, 20.3142598 ], [ -103.4561581, 20.314197 ], [ -103.4562447, 20.3141526 ], [ -103.4563882, 20.3141629 ], [ -103.4565795, 20.3141917 ], [ -103.4567135, 20.3141928 ], [ -103.4568763, 20.3141943 ] ] } },
{ "type": "Feature", "properties": { "ID": 6918040, "CVE_SUBC": "RH12Dc", "CLAVE50K": "f13d75", "TIPO": 101, "ENTIDAD": "CORRIENTE DE AGUA", "FC": 3271, "CONDICION": "INTERMITENTE", "EDICION": "O", "FECHA": "1994-12-31", "LENGTHM": 96.8918, "ID_DRENA": 6, "FLOWDIR": 1, "ENABLED": 1, "DESC_ENABL": null, "CALI_REPR": 0, "SEQUENCEID": 2900.0, "ORDER_1": 5, "LEVEL_1": 1, "ARBSUM_1": 234870.9531, "PATHL_1": 8137.7466 }, "geometry": { "type": "LineString", "coordinates": [ [ -103.5435919, 20.3947541 ], [ -103.5436876, 20.3947639 ], [ -103.5437451, 20.3947644 ], [ -103.54387, 20.3947293 ], [ -103.5439059, 20.3947248 ] ] } },
{ "type": "Feature", "properties": { "ID": 6918045, "CVE_SUBC": "RH12Dc", "CLAVE50K": null, "TIPO": 101, "ENTIDAD": "CORRIENTE DE AGUA", "FC": 3271, "CONDICION": "INTERMITENTE", "EDICION": "N", "FECHA": "2007-11-09", "LENGTHM": 857.6526, "ID_DRENA": 6, "FLOWDIR": 1, "ENABLED": 1, "DESC_ENABL": null, "CALI_REPR": 2, "SEQUENCEID": 2923.0, "ORDER_1": 3, "LEVEL_1": 2, "ARBSUM_1": 10945.9058, "PATHL_1": 10711.1707 }, "geometry": { "type": "LineString", "coordinates": [ [ -103.5156099, 20.3856292 ], [ -103.518353, 20.3855295 ], [ -103.5212431, 20.386788 ], [ -103.523385, 20.3876286 ] ] } },
{ "type": "Feature", "properties": { "ID": 6918048, "CVE_SUBC": "RH12Dc", "CLAVE50K": null, "TIPO": 101, "ENTIDAD": "CORRIENTE DE AGUA", "FC": 3271, "CONDICION": "INTERMITENTE", "EDICION": "N", "FECHA": "2007-11-09", "LENGTHM": 951.311, "ID_DRENA": 5, "FLOWDIR": 1, "ENABLED": 1, "DESC_ENABL": null, "CALI_REPR": 1, "SEQUENCEID": 2726.0, "ORDER_1": 1, "LEVEL_1": 3, "ARBSUM_1": 2136.4426, "PATHL_1": 1410.628 }, "geometry": { "type": "LineString", "coordinates": [ [ -103.4945645, 20.3866782 ], [ -103.4954134, 20.3856273 ], [ -103.4963266, 20.3844968 ], [ -103.4975264, 20.383808 ], [ -103.4982559, 20.3832754 ], [ -103.4989517, 20.3827864 ], [ -103.5004872, 20.380306 ] ] } },
{ "type": "Feature", "properties": { "ID": 6918096, "CVE_SUBC": "RH12Dc", "CLAVE50K": "f13d75", "TIPO": 101, "ENTIDAD": "CORRIENTE DE AGUA", "FC": 3271, "CONDICION": "INTERMITENTE", "EDICION": "O", "FECHA": "1994-12-31", "LENGTHM": 292.5567, "ID_DRENA": 6, "FLOWDIR": 1, "ENABLED": 1, "DESC_ENABL": null, "CALI_REPR": 0, "SEQUENCEID": 3258.0, "ORDER_1": 1, "LEVEL_1": 2, "ARBSUM_1": 292.5567, "PATHL_1": 32601.5518 }, "geometry": { "type": "LineString", "coordinates": [ [ -103.4168108, 20.3498175 ], [ -103.4168209, 20.3497724 ], [ -103.416879, 20.3497097 ], [ -103.4169373, 20.3496289 ], [ -103.4169859, 20.3495571 ], [ -103.417015, 20.3495212 ], [ -103.4170733, 20.3494405 ], [ -103.4171409, 20.3493869 ], [ -103.4172181, 20.3493243 ], [ -103.4172567, 20.3492976 ], [ -103.4172953, 20.3492708 ], [ -103.4173535, 20.3491991 ], [ -103.4173826, 20.3491632 ], [ -103.4174503, 20.3491006 ], [ -103.4174794, 20.3490647 ], [ -103.4175471, 20.3490021 ], [ -103.4175762, 20.3489662 ], [ -103.4176244, 20.3489396 ], [ -103.4176919, 20.348886 ], [ -103.41774, 20.3488683 ], [ -103.4177786, 20.3488416 ], [ -103.4178266, 20.348833 ], [ -103.4178746, 20.3488244 ], [ -103.417961, 20.3487981 ], [ -103.418009, 20.3487895 ], [ -103.418057, 20.3487809 ], [ -103.418105, 20.3487723 ], [ -103.4182008, 20.3487641 ], [ -103.4182488, 20.3487555 ], [ -103.4183353, 20.3487292 ], [ -103.4183834, 20.3487025 ], [ -103.4184605, 20.3486581 ], [ -103.4184991, 20.3486313 ], [ -103.4185472, 20.3486137 ], [ -103.4185858, 20.3485869 ], [ -103.4186244, 20.3485602 ], [ -103.4187014, 20.3485157 ], [ -103.4187881, 20.3484713 ], [ -103.4188362, 20.3484446 ], [ -103.4189132, 20.3484092 ], [ -103.4189614, 20.3483826 ], [ -103.4190287, 20.3483561 ] ] } },
{ "type": "Feature", "properties": { "ID": 6918099, "CVE_SUBC": "RH12Dc", "CLAVE50K": "f13d75", "TIPO": 101, "ENTIDAD": "CORRIENTE DE AGUA", "FC": 3271, "CONDICION": "INTERMITENTE", "EDICION": "O", "FECHA": "1994-12-31", "LENGTHM": 132.6525, "ID_DRENA": 6, "FLOWDIR": 1, "ENABLED": 1, "DESC_ENABL": null, "CALI_REPR": 0, "SEQUENCEID": 2990.0, "ORDER_1": 2, "LEVEL_1": 2, "ARBSUM_1": 4236.9007, "PATHL_1": 15059.7632 }, "geometry": { "type": "LineString", "coordinates": [ [ -103.5317884, 20.3602444 ], [ -103.5317215, 20.3602258 ], [ -103.5316258, 20.360216 ], [ -103.5315782, 20.3601885 ], [ -103.5315111, 20.3601879 ], [ -103.5314345, 20.3601873 ], [ -103.5313579, 20.3601866 ], [ -103.5313004, 20.3601861 ], [ -103.5311854, 20.3601852 ], [ -103.5311184, 20.3601846 ], [ -103.5310228, 20.3601657 ], [ -103.5309272, 20.3601469 ], [ -103.5307837, 20.3601186 ], [ -103.5306402, 20.3601083 ], [ -103.5305324, 20.3601014 ] ] } },
{ "type": "Feature", "properties": { "ID": 6918105, "CVE_SUBC": "RH12Dc", "CLAVE50K": null, "TIPO": 101, "ENTIDAD": "CORRIENTE DE AGUA", "FC": 3271, "CONDICION": "INTERMITENTE", "EDICION": "N", "FECHA": "2007-11-09", "LENGTHM": 618.7589, "ID_DRENA": 6, "FLOWDIR": 1, "ENABLED": 1, "DESC_ENABL": null, "CALI_REPR": 2, "SEQUENCEID": 3124.0, "ORDER_1": 4, "LEVEL_1": 1, "ARBSUM_1": 99476.726, "PATHL_1": 19585.4525 }, "geometry": { "type": "LineString", "coordinates": [ [ -103.4754402, 20.325695 ], [ -103.4754402, 20.3258664 ], [ -103.4756344, 20.3260849 ], [ -103.4757436, 20.3262305 ], [ -103.4761077, 20.3264975 ], [ -103.4766174, 20.3265946 ], [ -103.4768723, 20.3266917 ], [ -103.4771514, 20.3267645 ], [ -103.4774548, 20.3269344 ], [ -103.4777582, 20.32708 ], [ -103.4779767, 20.32708 ], [ -103.4782315, 20.3270193 ], [ -103.4784621, 20.3268737 ], [ -103.4786927, 20.3266553 ], [ -103.4788383, 20.3263761 ], [ -103.4790568, 20.3260121 ], [ -103.4792146, 20.3256965 ], [ -103.4793481, 20.3254052 ], [ -103.4795665, 20.3253567 ], [ -103.4798073, 20.3254075 ] ] } },
{ "type": "Feature", "properties": { "ID": 6918127, "CVE_SUBC": "RH12Dc", "CLAVE50K": "f13d75", "TIPO": 101, "ENTIDAD": "CORRIENTE DE AGUA", "FC": 3271, "CONDICION": "INTERMITENTE", "EDICION": "O", "FECHA": "1994-12-31", "LENGTHM": 536.3492, "ID_DRENA": 6, "FLOWDIR": 1, "ENABLED": 1, "DESC_ENABL": null, "CALI_REPR": 0, "SEQUENCEID": 3017.0, "ORDER_1": 3, "LEVEL_1": 2, "ARBSUM_1": 22347.3865, "PATHL_1": 16958.0752 }, "geometry": { "type": "LineString", "coordinates": [ [ -103.4915373, 20.3358168 ], [ -103.4916106, 20.3358174 ], [ -103.4919838, 20.3358568 ], [ -103.4921079, 20.335894 ], [ -103.4922319, 20.3359493 ], [ -103.4923175, 20.3360042 ], [ -103.4924031, 20.3360682 ], [ -103.4924888, 20.3361231 ], [ -103.4925837, 20.3362143 ], [ -103.4926311, 20.3362599 ], [ -103.4932872, 20.3367534 ], [ -103.4938959, 20.3371922 ], [ -103.4946189, 20.3377044 ], [ -103.4947238, 20.3377504 ], [ -103.4947905, 20.3377872 ], [ -103.4948856, 20.3378512 ], [ -103.4950096, 20.3379065 ], [ -103.4951145, 20.3379526 ], [ -103.495439, 20.3380728 ], [ -103.4958207, 20.3382206 ], [ -103.495904, 20.3382454 ] ] } },
{ "type": "Feature", "properties": { "ID": 6918129, "CVE_SUBC": "RH12Dc", "CLAVE50K": null, "TIPO": 101, "ENTIDAD": "CORRIENTE DE AGUA", "FC": 3271, "CONDICION": "INTERMITENTE", "EDICION": "N", "FECHA": "2007-11-09", "LENGTHM": 138.3799, "ID_DRENA": 6, "FLOWDIR": 1, "ENABLED": 1, "DESC_ENABL": null, "CALI_REPR": 1, "SEQUENCEID": 2928.0, "ORDER_1": 1, "LEVEL_1": 3, "ARBSUM_1": 1011.3267, "PATHL_1": 12142.3825 }, "geometry": { "type": "LineString", "coordinates": [ [ -103.5099855, 20.3876398 ], [ -103.5099855, 20.3873305 ], [ -103.5099855, 20.3870925 ], [ -103.5099855, 20.386807 ], [ -103.5102175, 20.386446 ] ] } },
{ "type": "Feature", "properties": { "ID": 6918132, "CVE_SUBC": "RH12Dc", "CLAVE50K": null, "TIPO": 101, "ENTIDAD": "CORRIENTE DE AGUA", "FC": 3271, "CONDICION": "INTERMITENTE", "EDICION": "N", "FECHA": "2007-11-09", "LENGTHM": 977.2217, "ID_DRENA": 5, "FLOWDIR": 1, "ENABLED": 1, "DESC_ENABL": null, "CALI_REPR": 1, "SEQUENCEID": 2712.0, "ORDER_1": 1, "LEVEL_1": 4, "ARBSUM_1": 2038.0516, "PATHL_1": 1180.1908 }, "geometry": { "type": "LineString", "coordinates": [ [ -103.4891506, 20.3747814 ], [ -103.4894992, 20.3745995 ], [ -103.4903558, 20.3744567 ], [ -103.4922398, 20.3738681 ], [ -103.4941003, 20.3737193 ], [ -103.4960549, 20.374321 ], [ -103.4974555, 20.374956 ], [ -103.4979702, 20.3753565 ] ] } },
{ "type": "Feature", "properties": { "ID": 6918135, "CVE_SUBC": "RH12Dc", "CLAVE50K": "f13d75", "TIPO": 101, "ENTIDAD": "CORRIENTE DE AGUA", "FC": 3271, "CONDICION": "INTERMITENTE", "EDICION": "O", "FECHA": "1994-12-31", "LENGTHM": 712.4138, "ID_DRENA": 6, "FLOWDIR": 1, "ENABLED": 1, "DESC_ENABL": null, "CALI_REPR": 0, "SEQUENCEID": 2926.0, "ORDER_1": 1, "LEVEL_1": 3, "ARBSUM_1": 712.4138, "PATHL_1": 12232.5003 }, "geometry": { "type": "LineString", "coordinates": [ [ -103.5083072, 20.3943564 ], [ -103.508519, 20.3942588 ], [ -103.5087982, 20.3941167 ], [ -103.5090972, 20.3939114 ], [ -103.5091938, 20.393831 ], [ -103.5093386, 20.3937148 ], [ -103.5095313, 20.393608 ], [ -103.5096855, 20.39351 ], [ -103.5098013, 20.3934296 ], [ -103.5099458, 20.3933405 ], [ -103.510177, 20.393216 ], [ -103.5103311, 20.393127 ], [ -103.5106014, 20.3929215 ], [ -103.5107944, 20.3927786 ], [ -103.5109684, 20.3926175 ], [ -103.5111038, 20.3924832 ], [ -103.5112307, 20.3922403 ], [ -103.5113189, 20.3920333 ], [ -103.5114077, 20.3917721 ], [ -103.5114981, 20.3913392 ], [ -103.5115095, 20.3911496 ], [ -103.5115012, 20.391014 ], [ -103.5115029, 20.3908334 ], [ -103.5115361, 20.3903729 ], [ -103.511566, 20.3902467 ], [ -103.5115797, 20.3899479 ], [ -103.5117225, 20.3897813 ], [ -103.5118891, 20.3894244 ] ] } },
{ "type": "Feature", "properties": { "ID": 6918145, "CVE_SUBC": "RH12Dc", "CLAVE50K": null, "TIPO": 101, "ENTIDAD": "CORRIENTE DE AGUA", "FC": 3271, "CONDICION": "INTERMITENTE", "EDICION": "N", "FECHA": "2007-11-09", "LENGTHM": 423.7071, "ID_DRENA": 6, "FLOWDIR": 1, "ENABLED": 1, "DESC_ENABL": null, "CALI_REPR": 1, "SEQUENCEID": 3003.0, "ORDER_1": 3, "LEVEL_1": 3, "ARBSUM_1": 7414.8771, "PATHL_1": 18845.4212 }, "geometry": { "type": "LineString", "coordinates": [ [ -103.4786561, 20.3489205 ], [ -103.4790032, 20.3487432 ], [ -103.4797579, 20.3482788 ], [ -103.4803966, 20.3478724 ], [ -103.4808417, 20.3474273 ], [ -103.4809578, 20.3469241 ], [ -103.4812481, 20.346208 ] ] } },
{ "type": "Feature", "properties": { "ID": 6918146, "CVE_SUBC": "RH12Dc", "CLAVE50K": "f13d75", "TIPO": 101, "ENTIDAD": "CORRIENTE DE AGUA", "FC": 3271, "CONDICION": "INTERMITENTE", "EDICION": "O", "FECHA": "1994-12-31", "LENGTHM": 556.1483, "ID_DRENA": 5, "FLOWDIR": 1, "ENABLED": 1, "DESC_ENABL": null, "CALI_REPR": 0, "SEQUENCEID": 2745.0, "ORDER_1": 1, "LEVEL_1": 1, "ARBSUM_1": 556.1483, "PATHL_1": 3559.311 }, "geometry": { "type": "LineString", "coordinates": [ [ -103.4757006, 20.388654 ], [ -103.4758543, 20.3886102 ], [ -103.4761135, 20.3885583 ], [ -103.4764011, 20.3885427 ], [ -103.476794, 20.3885371 ], [ -103.4769664, 20.3885386 ], [ -103.4770622, 20.3885395 ], [ -103.4771771, 20.3885495 ], [ -103.4772729, 20.3885503 ], [ -103.4773784, 20.3885422 ], [ -103.4774838, 20.3885341 ], [ -103.4776849, 20.3885449 ], [ -103.47779, 20.3885729 ], [ -103.4779333, 20.3886193 ], [ -103.4784793, 20.3886331 ], [ -103.4786231, 20.3886254 ], [ -103.4788244, 20.388609 ], [ -103.478978, 20.3885833 ], [ -103.4791604, 20.3885397 ], [ -103.4796974, 20.3884992 ], [ -103.4799276, 20.3884741 ], [ -103.480196, 20.3884584 ], [ -103.4803689, 20.3884147 ], [ -103.4805512, 20.3883892 ], [ -103.4808677, 20.3883468 ], [ -103.4809926, 20.3883118 ] ] } },
{ "type": "Feature", "properties": { "ID": 6918156, "CVE_SUBC": "RH12Dc", "CLAVE50K": "f13d75", "TIPO": 101, "ENTIDAD": "CORRIENTE DE AGUA", "FC": 3271, "CONDICION": "INTERMITENTE", "EDICION": "O", "FECHA": "1994-12-31", "LENGTHM": 885.2536, "ID_DRENA": 6, "FLOWDIR": 1, "ENABLED": 1, "DESC_ENABL": null, "CALI_REPR": 0, "SEQUENCEID": 3009.0, "ORDER_1": 1, "LEVEL_1": 4, "ARBSUM_1": 885.2536, "PATHL_1": 20575.9999 }, "geometry": { "type": "LineString", "coordinates": [ [ -103.4624981, 20.359657 ], [ -103.4625846, 20.3596307 ], [ -103.4626903, 20.3595955 ], [ -103.4629112, 20.3595342 ], [ -103.463036, 20.3595082 ], [ -103.4632568, 20.3594559 ], [ -103.4633432, 20.3594386 ], [ -103.4634586, 20.3593944 ], [ -103.463536, 20.3593229 ], [ -103.4636515, 20.3592606 ], [ -103.4637476, 20.3592344 ], [ -103.4638244, 20.359217 ], [ -103.4639106, 20.3592177 ], [ -103.463968, 20.3592273 ], [ -103.4640446, 20.359228 ], [ -103.4641978, 20.3592293 ], [ -103.464332, 20.3592214 ], [ -103.464409, 20.359186 ], [ -103.4644955, 20.3591597 ], [ -103.4646587, 20.3591159 ], [ -103.4647642, 20.3591078 ], [ -103.4649176, 20.3590911 ], [ -103.4650041, 20.3590648 ], [ -103.4651097, 20.3590386 ], [ -103.4652256, 20.3589493 ], [ -103.4652836, 20.3588865 ], [ -103.4653514, 20.3588149 ], [ -103.4654774, 20.3586714 ], [ -103.465526, 20.3585996 ], [ -103.4656036, 20.3585009 ], [ -103.4656716, 20.3584021 ], [ -103.465749, 20.3583215 ], [ -103.465865, 20.3582141 ], [ -103.4660102, 20.3580618 ], [ -103.4660972, 20.3579813 ], [ -103.4662417, 20.3579012 ], [ -103.4663187, 20.3578658 ], [ -103.4663955, 20.3578484 ], [ -103.4664626, 20.3578399 ], [ -103.4665874, 20.3578139 ], [ -103.4667123, 20.3577789 ], [ -103.4668276, 20.3577438 ], [ -103.4669523, 20.3577268 ], [ -103.467077, 20.3577098 ], [ -103.4672018, 20.3576838 ], [ -103.4673167, 20.3576848 ], [ -103.4674316, 20.3576858 ], [ -103.4675275, 20.3576776 ], [ -103.4675947, 20.3576602 ], [ -103.4676719, 20.3576066 ], [ -103.4677203, 20.3575529 ], [ -103.4677976, 20.3574903 ], [ -103.4678939, 20.3574369 ], [ -103.4680766, 20.3573663 ], [ -103.4682014, 20.3573312 ], [ -103.468336, 20.3572872 ], [ -103.4684801, 20.3572433 ], [ -103.4685859, 20.3571991 ], [ -103.4687301, 20.3571462 ], [ -103.4688264, 20.3570928 ], [ -103.4690096, 20.3569679 ], [ -103.469164, 20.3568609 ], [ -103.4692413, 20.3567893 ], [ -103.469309, 20.3567266 ], [ -103.4693671, 20.3566639 ], [ -103.4694443, 20.3566014 ], [ -103.4695412, 20.3564938 ], [ -103.4696856, 20.3564228 ], [ -103.4697818, 20.3563785 ], [ -103.469859, 20.3563159 ] ] } },
{ "type": "Feature", "properties": { "ID": 6918158, "CVE_SUBC": "RH12Dc", "CLAVE50K": "f13d75", "TIPO": 101, "ENTIDAD": "CORRIENTE DE AGUA", "FC": 3271, "CONDICION": "INTERMITENTE", "EDICION": "O", "FECHA": "1994-12-31", "LENGTHM": 243.9107, "ID_DRENA": 6, "FLOWDIR": 1, "ENABLED": 1, "DESC_ENABL": null, "CALI_REPR": 0, "SEQUENCEID": 3104.0, "ORDER_1": 1, "LEVEL_1": 3, "ARBSUM_1": 2679.2099, "PATHL_1": 20556.8155 }, "geometry": { "type": "LineString", "coordinates": [ [ -103.4768353, 20.3110202 ], [ -103.4768834, 20.3110271 ], [ -103.4771601, 20.3111289 ], [ -103.4772651, 20.3111659 ], [ -103.4773507, 20.3112299 ], [ -103.4774649, 20.3113032 ], [ -103.4775409, 20.311358 ], [ -103.4776456, 20.3114312 ], [ -103.4777214, 20.3115042 ], [ -103.4778634, 20.311677 ], [ -103.4779584, 20.3117592 ], [ -103.4780631, 20.3118233 ], [ -103.4781109, 20.3118328 ], [ -103.478197, 20.3118426 ], [ -103.4782736, 20.3118342 ], [ -103.4783695, 20.311826 ], [ -103.4784843, 20.311836 ], [ -103.4785799, 20.3118549 ], [ -103.4786847, 20.31191 ], [ -103.4788196, 20.3120193 ] ] } },
{ "type": "Feature", "properties": { "ID": 6918167, "CVE_SUBC": "RH12Dc", "CLAVE50K": "f13d75", "TIPO": 101, "ENTIDAD": "CORRIENTE DE AGUA", "FC": 3271, "CONDICION": "INTERMITENTE", "EDICION": "O", "FECHA": "1994-12-31", "LENGTHM": 967.7048, "ID_DRENA": 6, "FLOWDIR": 1, "ENABLED": 1, "DESC_ENABL": null, "CALI_REPR": 0, "SEQUENCEID": 3134.0, "ORDER_1": 1, "LEVEL_1": 3, "ARBSUM_1": 967.7048, "PATHL_1": 24786.157 }, "geometry": { "type": "LineString", "coordinates": [ [ -103.4457131, 20.332136 ], [ -103.4459255, 20.3319662 ], [ -103.4459838, 20.3318854 ], [ -103.4460228, 20.3318135 ], [ -103.4461106, 20.3316517 ], [ -103.4461496, 20.3315888 ], [ -103.4461887, 20.3315078 ], [ -103.4463344, 20.3313014 ], [ -103.4464025, 20.3312026 ], [ -103.4464412, 20.3311578 ], [ -103.4465864, 20.3310055 ], [ -103.4466543, 20.3309157 ], [ -103.4466931, 20.3308709 ], [ -103.4467319, 20.3308171 ], [ -103.4467804, 20.3307633 ], [ -103.4468192, 20.3307094 ], [ -103.4468678, 20.3306376 ], [ -103.4469259, 20.3305749 ], [ -103.4469744, 20.3305121 ], [ -103.4470231, 20.3304312 ], [ -103.4470526, 20.3303592 ], [ -103.4470918, 20.3302602 ], [ -103.447131, 20.3301792 ], [ -103.4471895, 20.3300713 ], [ -103.4472575, 20.3299726 ], [ -103.4473743, 20.3297929 ], [ -103.4474422, 20.3297032 ], [ -103.4474908, 20.3296313 ], [ -103.4475492, 20.3295415 ], [ -103.4475978, 20.3294697 ], [ -103.4476847, 20.3293982 ], [ -103.4477621, 20.3293176 ], [ -103.4478585, 20.3292552 ], [ -103.4479357, 20.3291926 ], [ -103.4480034, 20.32913 ], [ -103.4480523, 20.3290311 ], [ -103.4481106, 20.3289412 ], [ -103.4481497, 20.3288603 ], [ -103.4482852, 20.328726 ], [ -103.4483816, 20.3286546 ], [ -103.4484973, 20.3285833 ], [ -103.4485843, 20.3285028 ], [ -103.4486614, 20.3284493 ], [ -103.4487388, 20.3283777 ], [ -103.4487969, 20.3283059 ], [ -103.4488647, 20.3282343 ], [ -103.4489514, 20.3281808 ], [ -103.4490092, 20.3281452 ], [ -103.4490669, 20.3281276 ], [ -103.4491628, 20.3281104 ], [ -103.4492301, 20.3280839 ], [ -103.4492784, 20.3280482 ], [ -103.4493074, 20.3280123 ], [ -103.4493175, 20.3279673 ], [ -103.4493756, 20.3278955 ], [ -103.4494239, 20.3278598 ], [ -103.4496161, 20.3277892 ], [ -103.4496932, 20.3277448 ], [ -103.4497798, 20.3277004 ], [ -103.4498569, 20.3276559 ], [ -103.4499148, 20.3276112 ], [ -103.4499825, 20.3275486 ], [ -103.450012, 20.3274675 ], [ -103.4500222, 20.3274044 ], [ -103.4500231, 20.327314 ], [ -103.4500342, 20.3271606 ], [ -103.4501407, 20.3270441 ], [ -103.450189, 20.3270084 ], [ -103.4502853, 20.326955 ], [ -103.4504007, 20.3269018 ], [ -103.4504968, 20.3268756 ], [ -103.4505735, 20.3268582 ], [ -103.4506789, 20.3268591 ], [ -103.4509284, 20.3268072 ], [ -103.4511497, 20.3267007 ], [ -103.4512077, 20.326647 ], [ -103.4512752, 20.3266024 ], [ -103.4513617, 20.3265761 ], [ -103.4514192, 20.3265676 ], [ -103.4515341, 20.3265686 ], [ -103.4516396, 20.3265605 ], [ -103.451726, 20.3265342 ], [ -103.4518126, 20.3264988 ], [ -103.451861, 20.326445 ], [ -103.4519098, 20.3263551 ], [ -103.4519297, 20.326274 ] ] } },
{ "type": "Feature", "properties": { "ID": 6918170, "CVE_SUBC": "RH12Dc", "CLAVE50K": "f13d75", "TIPO": 101, "ENTIDAD": "CORRIENTE DE AGUA", "FC": 3271, "CONDICION": "INTERMITENTE", "EDICION": "O", "FECHA": "1994-12-31", "LENGTHM": 325.9273, "ID_DRENA": 6, "FLOWDIR": 1, "ENABLED": 1, "DESC_ENABL": null, "CALI_REPR": 0, "SEQUENCEID": 3169.0, "ORDER_1": 3, "LEVEL_1": 2, "ARBSUM_1": 16972.9535, "PATHL_1": 26406.7877 }, "geometry": { "type": "LineString", "coordinates": [ [ -103.4326028, 20.3120723 ], [ -103.4326617, 20.3119373 ], [ -103.4326911, 20.3118653 ], [ -103.4327202, 20.3118295 ], [ -103.4327786, 20.3117396 ], [ -103.4328083, 20.3116405 ], [ -103.4328188, 20.3115503 ], [ -103.4328291, 20.3114781 ], [ -103.4328401, 20.3113337 ], [ -103.4328604, 20.3112254 ], [ -103.4328998, 20.3111084 ], [ -103.4330166, 20.3109287 ], [ -103.4332682, 20.31066 ], [ -103.4334617, 20.310463 ], [ -103.4335305, 20.3102919 ], [ -103.4335512, 20.3101386 ], [ -103.4335427, 20.3100301 ], [ -103.4335244, 20.3099396 ], [ -103.4334874, 20.3098128 ], [ -103.4334598, 20.3097041 ], [ -103.4334698, 20.309659 ], [ -103.4335187, 20.3095601 ], [ -103.4336632, 20.309471 ] ] } },
{ "type": "Feature", "properties": { "ID": 6918177, "CVE_SUBC": "RH12Dc", "CLAVE50K": "f13d75", "TIPO": 101, "ENTIDAD": "CORRIENTE DE AGUA", "FC": 3271, "CONDICION": "INTERMITENTE", "EDICION": "O", "FECHA": "1994-12-31", "LENGTHM": 427.8815, "ID_DRENA": 5, "FLOWDIR": 1, "ENABLED": 1, "DESC_ENABL": null, "CALI_REPR": 0, "SEQUENCEID": 2733.0, "ORDER_1": 1, "LEVEL_1": 3, "ARBSUM_1": 427.8815, "PATHL_1": 3188.5206 }, "geometry": { "type": "LineString", "coordinates": [ [ -103.486622, 20.3936546 ], [ -103.4866924, 20.3933029 ], [ -103.4867224, 20.3931766 ], [ -103.4867912, 20.3930056 ], [ -103.4869486, 20.3925824 ], [ -103.486979, 20.392411 ], [ -103.4870186, 20.3922849 ], [ -103.4871065, 20.392114 ], [ -103.4871559, 20.3919608 ], [ -103.4872054, 20.3917896 ], [ -103.4872361, 20.3915911 ], [ -103.4872572, 20.3913926 ], [ -103.4872589, 20.391221 ], [ -103.4872896, 20.3910225 ], [ -103.4873198, 20.3908692 ], [ -103.4873791, 20.390689 ], [ -103.4874189, 20.3905358 ], [ -103.487478, 20.3903646 ], [ -103.4875085, 20.3901842 ], [ -103.4874911, 20.3900034 ], [ -103.487473, 20.3898948 ] ] } },
{ "type": "Feature", "properties": { "ID": 6918184, "CVE_SUBC": "RH12Dc", "CLAVE50K": "f13d75", "TIPO": 101, "ENTIDAD": "CORRIENTE DE AGUA", "FC": 3271, "CONDICION": "INTERMITENTE", "EDICION": "O", "FECHA": "1994-12-31", "LENGTHM": 509.9995, "ID_DRENA": 5, "FLOWDIR": 1, "ENABLED": 1, "DESC_ENABL": null, "CALI_REPR": 0, "SEQUENCEID": 2685.0, "ORDER_1": 1, "LEVEL_1": 2, "ARBSUM_1": 509.9995, "PATHL_1": 6300.5128 }, "geometry": { "type": "LineString", "coordinates": [ [ -103.451223, 20.3731532 ], [ -103.4513302, 20.3729735 ], [ -103.4515052, 20.372713 ], [ -103.451554, 20.3726232 ], [ -103.4516127, 20.3724972 ], [ -103.4517002, 20.3723715 ], [ -103.4517778, 20.3722818 ], [ -103.4518746, 20.3721743 ], [ -103.451952, 20.3721027 ], [ -103.4520195, 20.3720582 ], [ -103.4520967, 20.3719956 ], [ -103.4521549, 20.3719238 ], [ -103.4521841, 20.3718789 ], [ -103.4522905, 20.3717805 ], [ -103.4523489, 20.3716907 ], [ -103.4524456, 20.3715922 ], [ -103.4525037, 20.3715294 ], [ -103.4525712, 20.3714849 ], [ -103.4527838, 20.3713061 ], [ -103.4528997, 20.3712077 ], [ -103.4530349, 20.3711005 ], [ -103.4531508, 20.3710022 ], [ -103.4533344, 20.3708502 ], [ -103.4534116, 20.3707877 ], [ -103.4535181, 20.3706802 ], [ -103.4536053, 20.3705816 ], [ -103.4536734, 20.3704738 ], [ -103.453722, 20.370402 ], [ -103.4537999, 20.3702762 ], [ -103.4538875, 20.3701415 ], [ -103.4539458, 20.3700607 ], [ -103.4540141, 20.3699348 ], [ -103.4540917, 20.3698361 ], [ -103.454131, 20.3697371 ], [ -103.4541998, 20.369557 ] ] } },
{ "type": "Feature", "properties": { "ID": 6918187, "CVE_SUBC": "RH12Dc", "CLAVE50K": "f13d75", "TIPO": 101, "ENTIDAD": "CORRIENTE DE AGUA", "FC": 3271, "CONDICION": "INTERMITENTE", "EDICION": "O", "FECHA": "1994-12-31", "LENGTHM": 749.3071, "ID_DRENA": 6, "FLOWDIR": 1, "ENABLED": 1, "DESC_ENABL": null, "CALI_REPR": 0, "SEQUENCEID": 3178.0, "ORDER_1": 1, "LEVEL_1": 4, "ARBSUM_1": 749.3071, "PATHL_1": 29964.5832 }, "geometry": { "type": "LineString", "coordinates": [ [ -103.4298214, 20.3428615 ], [ -103.4298127, 20.3427802 ], [ -103.4298134, 20.3427079 ], [ -103.4298049, 20.3425994 ], [ -103.4298058, 20.3425091 ], [ -103.4297971, 20.3424277 ], [ -103.4297884, 20.3423373 ], [ -103.429761, 20.3422106 ], [ -103.4297426, 20.3421291 ], [ -103.4297147, 20.3420475 ], [ -103.4296773, 20.3419569 ], [ -103.4296496, 20.3418572 ], [ -103.4296027, 20.3417574 ], [ -103.4295558, 20.3416667 ], [ -103.4295184, 20.341576 ], [ -103.429481, 20.3414853 ], [ -103.4294433, 20.3414218 ], [ -103.4293681, 20.3412766 ], [ -103.429283, 20.3411764 ], [ -103.4292261, 20.3411127 ], [ -103.429198, 20.3410582 ], [ -103.4291604, 20.3409856 ], [ -103.4290846, 20.3409036 ], [ -103.4290278, 20.3408308 ], [ -103.4289432, 20.3406765 ], [ -103.4288771, 20.3405856 ], [ -103.4288013, 20.3405036 ], [ -103.4287156, 20.3404486 ], [ -103.42863, 20.3403936 ], [ -103.4285828, 20.34033 ], [ -103.4285357, 20.3402482 ], [ -103.428498, 20.3401847 ], [ -103.4284508, 20.340121 ], [ -103.428423, 20.3400304 ], [ -103.4284237, 20.3399582 ], [ -103.428434, 20.339886 ], [ -103.4284449, 20.3397596 ], [ -103.4284647, 20.3396875 ], [ -103.4284467, 20.339579 ], [ -103.4284384, 20.3394524 ], [ -103.4284397, 20.3393259 ], [ -103.4284504, 20.3392086 ], [ -103.4284709, 20.3390823 ], [ -103.4284913, 20.338956 ], [ -103.4285211, 20.3388479 ], [ -103.428541, 20.3387758 ], [ -103.4285516, 20.3386765 ], [ -103.428563, 20.338496 ], [ -103.4285751, 20.3382431 ], [ -103.4285955, 20.3381259 ], [ -103.428606, 20.3380356 ], [ -103.4286263, 20.3379184 ], [ -103.4286471, 20.3377559 ], [ -103.428658, 20.3376205 ], [ -103.4286686, 20.3375213 ], [ -103.4287283, 20.337305 ], [ -103.4287865, 20.3372332 ], [ -103.4289124, 20.3370898 ], [ -103.4289611, 20.337009 ], [ -103.4290196, 20.3369101 ], [ -103.4290687, 20.3367841 ], [ -103.4291273, 20.3366762 ], [ -103.4291473, 20.3365951 ] ] } },
{ "type": "Feature", "properties": { "ID": 6918188, "CVE_SUBC": "RH12Dc", "CLAVE50K": "f13d75", "TIPO": 101, "ENTIDAD": "CORRIENTE DE AGUA", "FC": 3271, "CONDICION": "INTERMITENTE", "EDICION": "O", "FECHA": "1994-12-31", "LENGTHM": 98.7911, "ID_DRENA": 6, "FLOWDIR": 1, "ENABLED": 1, "DESC_ENABL": null, "CALI_REPR": 0, "SEQUENCEID": 2972.0, "ORDER_1": 2, "LEVEL_1": 2, "ARBSUM_1": 1541.1908, "PATHL_1": 15316.6871 }, "geometry": { "type": "LineString", "coordinates": [ [ -103.5375845, 20.3683154 ], [ -103.5375174, 20.3683238 ], [ -103.5373639, 20.3683406 ], [ -103.537268, 20.3683488 ], [ -103.5371722, 20.368348 ], [ -103.5370766, 20.3683292 ], [ -103.5368565, 20.3683092 ], [ -103.5367222, 20.3683262 ], [ -103.5366491, 20.3683599 ] ] } },
{ "type": "Feature", "properties": { "ID": 6918194, "CVE_SUBC": "RH12Dc", "CLAVE50K": null, "TIPO": 101, "ENTIDAD": "CORRIENTE DE AGUA", "FC": 3271, "CONDICION": "INTERMITENTE", "EDICION": "N", "FECHA": "2007-11-09", "LENGTHM": 228.453, "ID_DRENA": 5, "FLOWDIR": 1, "ENABLED": 1, "DESC_ENABL": null, "CALI_REPR": 1, "SEQUENCEID": 2713.0, "ORDER_1": 1, "LEVEL_1": 4, "ARBSUM_1": 1060.8299, "PATHL_1": 2157.4125 }, "geometry": { "type": "LineString", "coordinates": [ [ -103.4870722, 20.3754323 ], [ -103.4875481, 20.3753133 ], [ -103.4885237, 20.3750516 ], [ -103.488952, 20.374885 ], [ -103.4891506, 20.3747814 ] ] } },
{ "type": "Feature", "properties": { "ID": 6918198, "CVE_SUBC": "RH12Dc", "CLAVE50K": null, "TIPO": 101, "ENTIDAD": "CORRIENTE DE AGUA", "FC": 3271, "CONDICION": "INTERMITENTE", "EDICION": "N", "FECHA": "2007-11-09", "LENGTHM": 1152.5414, "ID_DRENA": 6, "FLOWDIR": 1, "ENABLED": 1, "DESC_ENABL": null, "CALI_REPR": 1, "SEQUENCEID": 2967.0, "ORDER_1": 2, "LEVEL_1": 2, "ARBSUM_1": 5019.895, "PATHL_1": 13006.5533 }, "geometry": { "type": "LineString", "coordinates": [ [ -103.5271293, 20.3645863 ], [ -103.5264075, 20.3645732 ], [ -103.5252415, 20.3645018 ], [ -103.5245515, 20.3645732 ], [ -103.5234807, 20.3648587 ], [ -103.5226003, 20.3647397 ], [ -103.5218151, 20.3648349 ], [ -103.5210061, 20.3649063 ], [ -103.5201733, 20.364478 ], [ -103.5186504, 20.3637404 ], [ -103.5175083, 20.3633359 ], [ -103.5165209, 20.3631298 ] ] } },
{ "type": "Feature", "properties": { "ID": 6918200, "CVE_SUBC": "RH12Dc", "CLAVE50K": "f13d75", "TIPO": 101, "ENTIDAD": "CORRIENTE DE AGUA", "FC": 3271, "CONDICION": "INTERMITENTE", "EDICION": "O", "FECHA": "1994-12-31", "LENGTHM": 527.9619, "ID_DRENA": 6, "FLOWDIR": 1, "ENABLED": 1, "DESC_ENABL": null, "CALI_REPR": 0, "SEQUENCEID": 3044.0, "ORDER_1": 1, "LEVEL_1": 3, "ARBSUM_1": 527.9619, "PATHL_1": 24758.7141 }, "geometry": { "type": "LineString", "coordinates": [ [ -103.4389333, 20.3587432 ], [ -103.4390095, 20.3587891 ], [ -103.4391329, 20.3588986 ], [ -103.43918, 20.3589803 ], [ -103.439256, 20.3590442 ], [ -103.4393034, 20.3590898 ], [ -103.4393412, 20.3591444 ], [ -103.4394173, 20.3591902 ], [ -103.4394937, 20.359218 ], [ -103.4395509, 20.3592456 ], [ -103.4396656, 20.3592647 ], [ -103.4397612, 20.3592836 ], [ -103.439847, 20.3593296 ], [ -103.4400378, 20.3594036 ], [ -103.4401619, 20.3594498 ], [ -103.4403817, 20.359497 ], [ -103.4405345, 20.3595435 ], [ -103.4407541, 20.3596177 ], [ -103.4408781, 20.359673 ], [ -103.4410019, 20.3597374 ], [ -103.4411349, 20.359856 ], [ -103.4412296, 20.3599562 ], [ -103.4413627, 20.3600568 ], [ -103.4414958, 20.3601664 ], [ -103.4419344, 20.36036 ], [ -103.4422209, 20.3604529 ], [ -103.4423542, 20.3605264 ], [ -103.4425161, 20.3606272 ], [ -103.4426592, 20.3606826 ], [ -103.4427832, 20.360738 ], [ -103.4429359, 20.3607935 ], [ -103.4430506, 20.3608216 ], [ -103.4432132, 20.3608412 ], [ -103.4433566, 20.3608696 ] ] } },
{ "type": "Feature", "properties": { "ID": 6918204, "CVE_SUBC": "RH12Dc", "CLAVE50K": "f13d75", "TIPO": 101, "ENTIDAD": "CORRIENTE DE AGUA", "FC": 3271, "CONDICION": "INTERMITENTE", "EDICION": "O", "FECHA": "1994-12-31", "LENGTHM": 991.0188, "ID_DRENA": 6, "FLOWDIR": 1, "ENABLED": 1, "DESC_ENABL": null, "CALI_REPR": 0, "SEQUENCEID": 3217.0, "ORDER_1": 1, "LEVEL_1": 3, "ARBSUM_1": 991.0188, "PATHL_1": 29039.294 }, "geometry": { "type": "LineString", "coordinates": [ [ -103.4053045, 20.3052581 ], [ -103.4056692, 20.3051711 ], [ -103.4057748, 20.3051449 ], [ -103.4058806, 20.3051007 ], [ -103.4060538, 20.305021 ], [ -103.4061977, 20.3049952 ], [ -103.4063034, 20.30496 ], [ -103.4065045, 20.3049528 ], [ -103.4067059, 20.3049276 ], [ -103.4069265, 20.3048934 ], [ -103.406984, 20.3048849 ], [ -103.4072426, 20.3048782 ], [ -103.4074632, 20.3048441 ], [ -103.4075496, 20.3048268 ], [ -103.4078274, 20.3048113 ], [ -103.4080568, 20.3048495 ], [ -103.4082094, 20.3049141 ], [ -103.4084482, 20.3049705 ], [ -103.4089355, 20.3050743 ], [ -103.4091162, 20.3051934 ], [ -103.4092492, 20.305294 ], [ -103.4094483, 20.3054945 ], [ -103.4095428, 20.3056128 ], [ -103.4096084, 20.3057489 ], [ -103.4096452, 20.3059028 ], [ -103.4096538, 20.3059933 ], [ -103.4096526, 20.3061107 ], [ -103.4096516, 20.30621 ], [ -103.4096696, 20.3063276 ], [ -103.4097644, 20.3064188 ], [ -103.4099353, 20.3065649 ], [ -103.4100397, 20.3066562 ], [ -103.4102007, 20.3068293 ], [ -103.410313, 20.3070833 ], [ -103.4104543, 20.3073104 ], [ -103.410558, 20.307474 ], [ -103.4107847, 20.3077741 ], [ -103.4108131, 20.3078105 ], [ -103.4109171, 20.307938 ], [ -103.4109931, 20.3080019 ], [ -103.4110979, 20.308048 ], [ -103.4113271, 20.3081133 ], [ -103.4115083, 20.3081872 ], [ -103.4116132, 20.3082243 ], [ -103.4117565, 20.3082618 ], [ -103.4118329, 20.3082805 ], [ -103.4119186, 20.3083265 ], [ -103.4120039, 20.3084176 ], [ -103.4120604, 20.3085084 ], [ -103.4121362, 20.3085904 ], [ -103.4121835, 20.308645 ], [ -103.4122883, 20.3086912 ], [ -103.4124124, 20.3087375 ], [ -103.4125361, 20.3088109 ], [ -103.4126118, 20.3089019 ] ] } },
{ "type": "Feature", "properties": { "ID": 6918205, "CVE_SUBC": "RH12Dc", "CLAVE50K": "f13d75", "TIPO": 101, "ENTIDAD": "CORRIENTE DE AGUA", "FC": 3271, "CONDICION": "INTERMITENTE", "EDICION": "O", "FECHA": "1994-12-31", "LENGTHM": 1962.161, "ID_DRENA": 5, "FLOWDIR": 1, "ENABLED": 1, "DESC_ENABL": null, "CALI_REPR": 0, "SEQUENCEID": 2669.0, "ORDER_1": 1, "LEVEL_1": 3, "ARBSUM_1": 1962.161, "PATHL_1": 3053.323 }, "geometry": { "type": "LineString", "coordinates": [ [ -103.4648776, 20.3718556 ], [ -103.4650032, 20.3717483 ], [ -103.4651, 20.3716497 ], [ -103.4652162, 20.3715243 ], [ -103.4654099, 20.3713092 ], [ -103.4655452, 20.3711839 ], [ -103.4656419, 20.3710944 ], [ -103.465777, 20.3709962 ], [ -103.4659605, 20.3708443 ], [ -103.4660281, 20.3707906 ], [ -103.4660669, 20.3707458 ], [ -103.466221, 20.3706568 ], [ -103.4663561, 20.3705586 ], [ -103.4664333, 20.3705051 ], [ -103.46652, 20.3704517 ], [ -103.466597, 20.3704162 ], [ -103.4666645, 20.3703716 ], [ -103.4667899, 20.3702914 ], [ -103.4668959, 20.3702201 ], [ -103.4670405, 20.370131 ], [ -103.4671561, 20.3700688 ], [ -103.467262, 20.3700156 ], [ -103.467387, 20.3699715 ], [ -103.4675314, 20.3699005 ], [ -103.4676565, 20.3698383 ], [ -103.4677912, 20.3697763 ], [ -103.4678971, 20.369732 ], [ -103.4681093, 20.3695803 ], [ -103.4682249, 20.3695181 ], [ -103.4683404, 20.3694649 ], [ -103.4684368, 20.3694025 ], [ -103.468562, 20.3693314 ], [ -103.4686966, 20.3692783 ], [ -103.468812, 20.3692432 ], [ -103.4689367, 20.3692262 ], [ -103.4691867, 20.3691291 ], [ -103.4692923, 20.3691029 ], [ -103.469369, 20.3691036 ], [ -103.4694548, 20.3691404 ], [ -103.4696652, 20.3691784 ], [ -103.4698854, 20.3691894 ], [ -103.4699813, 20.3691812 ], [ -103.4701439, 20.3692097 ], [ -103.470297, 20.3692201 ], [ -103.4703734, 20.3692479 ], [ -103.4704309, 20.3692484 ], [ -103.4706608, 20.3692504 ], [ -103.4707661, 20.3692513 ], [ -103.470862, 20.3692431 ], [ -103.4709386, 20.3692438 ], [ -103.4711016, 20.3692362 ], [ -103.471188, 20.3692189 ], [ -103.4712649, 20.3691834 ], [ -103.4713324, 20.3691479 ], [ -103.4714382, 20.3691036 ], [ -103.4715053, 20.3690952 ], [ -103.4715917, 20.3690779 ], [ -103.4716781, 20.3690606 ], [ -103.4718412, 20.3690349 ], [ -103.4719084, 20.3690174 ], [ -103.4720234, 20.3690184 ], [ -103.4721577, 20.3689925 ], [ -103.4723301, 20.369003 ], [ -103.4724067, 20.3690037 ], [ -103.4726174, 20.3690055 ], [ -103.4727326, 20.3689885 ], [ -103.4728286, 20.3689622 ], [ -103.4729438, 20.3689361 ], [ -103.4730301, 20.3689278 ], [ -103.4731645, 20.3689019 ], [ -103.473347, 20.3688493 ], [ -103.4734623, 20.3688142 ], [ -103.4735393, 20.3687787 ], [ -103.473645, 20.3687435 ], [ -103.4738564, 20.3686821 ], [ -103.4739526, 20.3686378 ], [ -103.4740298, 20.3685843 ], [ -103.4740975, 20.3685216 ], [ -103.4741461, 20.3684498 ], [ -103.4741948, 20.3683599 ], [ -103.4742915, 20.3682704 ], [ -103.4743781, 20.368235 ], [ -103.474474, 20.3682178 ], [ -103.4745891, 20.3682097 ], [ -103.4747232, 20.3682109 ], [ -103.4748571, 20.3682302 ], [ -103.4751728, 20.3682781 ], [ -103.4752875, 20.3682972 ], [ -103.4754692, 20.3683349 ], [ -103.4756506, 20.3683907 ], [ -103.4757844, 20.368428 ], [ -103.4759182, 20.3684653 ], [ -103.476119, 20.3684941 ], [ -103.4762436, 20.3684952 ], [ -103.4763585, 20.3684962 ], [ -103.4764929, 20.3684703 ], [ -103.4765507, 20.3684346 ], [ -103.4766374, 20.3683902 ], [ -103.4767341, 20.3682917 ], [ -103.476792, 20.368247 ], [ -103.4768693, 20.3681845 ], [ -103.4769944, 20.3681223 ], [ -103.4771862, 20.3681059 ], [ -103.4773011, 20.368107 ], [ -103.4773778, 20.3680986 ], [ -103.4774737, 20.3680904 ], [ -103.4775218, 20.3680727 ], [ -103.4776182, 20.3680103 ], [ -103.4777536, 20.367885 ], [ -103.4778309, 20.3678134 ], [ -103.477908, 20.3677599 ], [ -103.4779852, 20.3677064 ], [ -103.4782451, 20.3675822 ], [ -103.4783511, 20.3675199 ], [ -103.4784281, 20.3674754 ], [ -103.4784862, 20.3674217 ], [ -103.4785442, 20.367368 ], [ -103.4785832, 20.367296 ], [ -103.4786417, 20.3671882 ], [ -103.4786711, 20.3671252 ], [ -103.4787199, 20.3670262 ], [ -103.47874, 20.3669361 ], [ -103.4787502, 20.3668729 ], [ -103.4787506, 20.3668277 ], [ -103.4787609, 20.3667556 ], [ -103.4787805, 20.3667106 ], [ -103.4788111, 20.3665211 ], [ -103.4788121, 20.3664218 ], [ -103.4788128, 20.3663495 ], [ -103.4788231, 20.3662773 ], [ -103.478862, 20.3662144 ], [ -103.4789006, 20.3661876 ], [ -103.4789487, 20.366161 ], [ -103.4790839, 20.3660537 ], [ -103.4791418, 20.3660091 ], [ -103.4791902, 20.3659553 ], [ -103.4792486, 20.3658655 ], [ -103.479278, 20.3658025 ], [ -103.4793074, 20.3657305 ], [ -103.4793273, 20.3656584 ], [ -103.4793472, 20.3655772 ], [ -103.479396, 20.3654873 ], [ -103.4794541, 20.3654246 ], [ -103.4795696, 20.3653714 ], [ -103.4796946, 20.3653183 ], [ -103.4798195, 20.3652832 ], [ -103.479906, 20.3652569 ], [ -103.4799926, 20.3652125 ], [ -103.4800895, 20.3651049 ], [ -103.4801379, 20.3650511 ], [ -103.480186, 20.3650244 ], [ -103.4802532, 20.365016 ], [ -103.4804646, 20.3649456 ] ] } },
{ "type": "Feature", "properties": { "ID": 6918212, "CVE_SUBC": "RH12Dc", "CLAVE50K": "f13d75", "TIPO": 101, "ENTIDAD": "CORRIENTE DE AGUA", "FC": 3271, "CONDICION": "INTERMITENTE", "EDICION": "O", "FECHA": "1994-12-31", "LENGTHM": 1043.7661, "ID_DRENA": 6, "FLOWDIR": 1, "ENABLED": 1, "DESC_ENABL": null, "CALI_REPR": 0, "SEQUENCEID": 2974.0, "ORDER_1": 1, "LEVEL_1": 2, "ARBSUM_1": 1043.7661, "PATHL_1": 15415.4782 }, "geometry": { "type": "LineString", "coordinates": [ [ -103.5468532, 20.3685619 ], [ -103.5468459, 20.3685644 ], [ -103.5465674, 20.3686343 ], [ -103.5464615, 20.3686876 ], [ -103.5459522, 20.368855 ], [ -103.545837, 20.3688902 ], [ -103.5456352, 20.3689518 ], [ -103.5455008, 20.3689868 ], [ -103.5453566, 20.3690308 ], [ -103.545174, 20.3690925 ], [ -103.5450398, 20.3691094 ], [ -103.5449056, 20.3691173 ], [ -103.5447139, 20.3691248 ], [ -103.544551, 20.3691324 ], [ -103.5443977, 20.3691312 ], [ -103.5442252, 20.3691388 ], [ -103.5440528, 20.3691373 ], [ -103.5438995, 20.369136 ], [ -103.5437177, 20.3691165 ], [ -103.5435451, 20.3691331 ], [ -103.5433917, 20.3691408 ], [ -103.543219, 20.3691755 ], [ -103.5431038, 20.3692017 ], [ -103.5429115, 20.3692723 ], [ -103.542758, 20.3692982 ], [ -103.5426718, 20.3692974 ], [ -103.5423939, 20.3693042 ], [ -103.5422023, 20.3693026 ], [ -103.5420684, 20.3692834 ], [ -103.541944, 20.3692643 ], [ -103.5418003, 20.3692631 ], [ -103.5416854, 20.3692531 ], [ -103.5415802, 20.3692341 ], [ -103.5414751, 20.3692061 ], [ -103.5413702, 20.3691601 ], [ -103.541265, 20.3691412 ], [ -103.5411404, 20.3691491 ], [ -103.5410346, 20.3691844 ], [ -103.5409385, 20.3692197 ], [ -103.5408902, 20.3692645 ], [ -103.5408133, 20.369291 ], [ -103.5407365, 20.3693084 ], [ -103.5406503, 20.3693077 ], [ -103.5405641, 20.3693069 ], [ -103.5404493, 20.3692879 ], [ -103.540277, 20.3692684 ], [ -103.5401717, 20.3692675 ], [ -103.5400474, 20.3692394 ], [ -103.539866, 20.3691746 ], [ -103.5397324, 20.3691193 ], [ -103.5396274, 20.3690732 ], [ -103.5394841, 20.3690359 ], [ -103.5393218, 20.3689713 ], [ -103.539198, 20.368898 ], [ -103.5391123, 20.3688431 ], [ -103.5390363, 20.3687792 ], [ -103.53896, 20.3687334 ], [ -103.538865, 20.3686513 ], [ -103.5388082, 20.3685786 ], [ -103.5387798, 20.3685422 ], [ -103.5387228, 20.3684965 ], [ -103.5386468, 20.3684326 ], [ -103.5383887, 20.3683673 ], [ -103.5382931, 20.3683484 ], [ -103.5382454, 20.3683209 ], [ -103.5381692, 20.3682841 ], [ -103.5380545, 20.368247 ], [ -103.5380068, 20.3682285 ], [ -103.5379493, 20.3682371 ], [ -103.5378055, 20.3682449 ], [ -103.5376517, 20.3682978 ], [ -103.5375845, 20.3683154 ] ] } },
{ "type": "Feature", "properties": { "ID": 6918218, "CVE_SUBC": "RH12Dc", "CLAVE50K": "f13d75", "TIPO": 101, "ENTIDAD": "CORRIENTE DE AGUA", "FC": 3271, "CONDICION": "INTERMITENTE", "EDICION": "O", "FECHA": "1994-12-31", "LENGTHM": 1391.8155, "ID_DRENA": 6, "FLOWDIR": 1, "ENABLED": 1, "DESC_ENABL": null, "CALI_REPR": 0, "SEQUENCEID": 3081.0, "ORDER_1": 1, "LEVEL_1": 4, "ARBSUM_1": 1391.8155, "PATHL_1": 19278.736 }, "geometry": { "type": "LineString", "coordinates": [ [ -103.5077497, 20.3057914 ], [ -103.507717, 20.3062067 ], [ -103.5077063, 20.3063241 ], [ -103.5076855, 20.3064955 ], [ -103.5076847, 20.3065768 ], [ -103.5076444, 20.3067933 ], [ -103.5076439, 20.3068385 ], [ -103.5076133, 20.307037 ], [ -103.5076031, 20.3071001 ], [ -103.5075046, 20.3073884 ], [ -103.5073781, 20.3075951 ], [ -103.5073391, 20.307667 ], [ -103.50728, 20.3078381 ], [ -103.5072412, 20.307892 ], [ -103.5071536, 20.3080358 ], [ -103.5070278, 20.3081793 ], [ -103.5069215, 20.3082777 ], [ -103.5068154, 20.3083581 ], [ -103.5067096, 20.3084114 ], [ -103.5066325, 20.308456 ], [ -103.5065555, 20.3085005 ], [ -103.5064594, 20.3085358 ], [ -103.5063919, 20.3085804 ], [ -103.5063533, 20.3086162 ], [ -103.5061889, 20.3087774 ], [ -103.5061502, 20.3088222 ], [ -103.5060052, 20.3089655 ], [ -103.5059373, 20.3090553 ], [ -103.5058502, 20.3091449 ], [ -103.5057823, 20.3092437 ], [ -103.5057531, 20.3092886 ], [ -103.5056849, 20.3094055 ], [ -103.5055587, 20.3095851 ], [ -103.5055005, 20.3096659 ], [ -103.5054616, 20.3097288 ], [ -103.5054227, 20.3097917 ], [ -103.5053835, 20.3098817 ], [ -103.5051796, 20.3101781 ], [ -103.505121, 20.310295 ], [ -103.5050428, 20.310457 ], [ -103.5050135, 20.31052 ], [ -103.5049346, 20.3107632 ], [ -103.5049245, 20.3108083 ], [ -103.5049042, 20.3109346 ], [ -103.5048839, 20.3110519 ], [ -103.5048638, 20.3111511 ], [ -103.5048433, 20.3112864 ], [ -103.5048234, 20.3113675 ], [ -103.5047838, 20.3115027 ], [ -103.5046769, 20.3116644 ], [ -103.5046186, 20.3117542 ], [ -103.50456, 20.3118712 ], [ -103.5045016, 20.3119701 ], [ -103.5044625, 20.312051 ], [ -103.5044234, 20.312132 ], [ -103.5043842, 20.312231 ], [ -103.5042964, 20.3123929 ], [ -103.5042569, 20.312519 ], [ -103.5042263, 20.3127175 ], [ -103.5041958, 20.3128979 ], [ -103.5041761, 20.312961 ], [ -103.5040955, 20.3133759 ], [ -103.5040851, 20.3134571 ], [ -103.5040257, 20.3136554 ], [ -103.503996, 20.3137635 ], [ -103.5039565, 20.3138896 ], [ -103.5039269, 20.3139797 ], [ -103.503888, 20.3140426 ], [ -103.5038395, 20.3141055 ], [ -103.5037716, 20.3141952 ], [ -103.5037323, 20.3142942 ], [ -103.5037026, 20.3143934 ], [ -103.503673, 20.3144925 ], [ -103.5036244, 20.3145644 ], [ -103.5035554, 20.3147715 ], [ -103.5035349, 20.3149069 ], [ -103.503515, 20.314979 ], [ -103.503495, 20.3150692 ], [ -103.5034751, 20.3151503 ], [ -103.5034648, 20.3152225 ], [ -103.5034351, 20.3153216 ], [ -103.5034249, 20.3153938 ], [ -103.5033954, 20.3154748 ], [ -103.5033658, 20.3155559 ], [ -103.5033268, 20.3156368 ], [ -103.5032588, 20.3157356 ], [ -103.5032102, 20.3158075 ], [ -103.503152, 20.3158883 ], [ -103.5030649, 20.3159779 ], [ -103.5029972, 20.3160496 ], [ -103.5029586, 20.3160854 ], [ -103.5028526, 20.3161477 ], [ -103.5027566, 20.316174 ], [ -103.502689, 20.3162367 ], [ -103.5026213, 20.3162993 ], [ -103.5025632, 20.3163711 ], [ -103.5025243, 20.316425 ], [ -103.5024664, 20.3164696 ], [ -103.5023891, 20.3165503 ], [ -103.5023407, 20.3166041 ], [ -103.5023017, 20.316676 ], [ -103.5022435, 20.3167478 ], [ -103.5022283, 20.3168029 ] ] } },
{ "type": "Feature", "properties": { "ID": 6918224, "CVE_SUBC": "RH12Dc", "CLAVE50K": null, "TIPO": 101, "ENTIDAD": "CORRIENTE DE AGUA", "FC": 3271, "CONDICION": "INTERMITENTE", "EDICION": "N", "FECHA": "2007-11-09", "LENGTHM": 679.5194, "ID_DRENA": 6, "FLOWDIR": 1, "ENABLED": 1, "DESC_ENABL": null, "CALI_REPR": 1, "SEQUENCEID": 3064.0, "ORDER_1": 1, "LEVEL_1": 2, "ARBSUM_1": 927.6315, "PATHL_1": 16394.5739 }, "geometry": { "type": "LineString", "coordinates": [ [ -103.512502, 20.3325636 ], [ -103.5116092, 20.3325825 ], [ -103.5111095, 20.332416 ], [ -103.5098484, 20.3333678 ], [ -103.5085397, 20.3344147 ], [ -103.5083493, 20.3345575 ], [ -103.5080876, 20.3345337 ], [ -103.5070237, 20.3351921 ] ] } },
{ "type": "Feature", "properties": { "ID": 6918227, "CVE_SUBC": "RH12Dc", "CLAVE50K": "f13d75", "TIPO": 101, "ENTIDAD": "CORRIENTE DE AGUA", "FC": 3271, "CONDICION": "INTERMITENTE", "EDICION": "O", "FECHA": "1994-12-31", "LENGTHM": 212.965, "ID_DRENA": 6, "FLOWDIR": 1, "ENABLED": 1, "DESC_ENABL": null, "CALI_REPR": 0, "SEQUENCEID": 3164.0, "ORDER_1": 4, "LEVEL_1": 1, "ARBSUM_1": 66816.2372, "PATHL_1": 25137.3497 }, "geometry": { "type": "LineString", "coordinates": [ [ -103.442492, 20.3094957 ], [ -103.4426734, 20.3095425 ], [ -103.4427974, 20.3095978 ], [ -103.4429307, 20.3096712 ], [ -103.44314, 20.3098086 ], [ -103.4432348, 20.3098998 ], [ -103.4433587, 20.3099641 ], [ -103.4434728, 20.3100464 ], [ -103.4436158, 20.3101019 ], [ -103.44374, 20.3101392 ], [ -103.4438454, 20.3101311 ], [ -103.4439417, 20.3100777 ], [ -103.4439899, 20.310042 ], [ -103.4440382, 20.3099973 ], [ -103.444125, 20.3099438 ], [ -103.4442503, 20.3098546 ] ] } },
{ "type": "Feature", "properties": { "ID": 6918230, "CVE_SUBC": "RH12Dc", "CLAVE50K": "f13d75", "TIPO": 101, "ENTIDAD": "CORRIENTE DE AGUA", "FC": 3271, "CONDICION": "INTERMITENTE", "EDICION": "O", "FECHA": "1994-12-31", "LENGTHM": 1333.6631, "ID_DRENA": 6, "FLOWDIR": 1, "ENABLED": 1, "DESC_ENABL": null, "CALI_REPR": 0, "SEQUENCEID": 2981.0, "ORDER_1": 1, "LEVEL_1": 3, "ARBSUM_1": 1333.6631, "PATHL_1": 14977.7442 }, "geometry": { "type": "LineString", "coordinates": [ [ -103.5373299, 20.3505974 ], [ -103.5371759, 20.3506774 ], [ -103.5370796, 20.3507308 ], [ -103.5369546, 20.3507749 ], [ -103.5368009, 20.3508278 ], [ -103.5367528, 20.3508455 ], [ -103.5367048, 20.3508632 ], [ -103.5366087, 20.3508895 ], [ -103.5364262, 20.3509422 ], [ -103.5361768, 20.3509852 ], [ -103.5360137, 20.351011 ], [ -103.5358796, 20.3510098 ], [ -103.5356595, 20.3509899 ], [ -103.5355639, 20.3509711 ], [ -103.5354299, 20.3509519 ], [ -103.5352864, 20.3509416 ], [ -103.5351905, 20.3509499 ], [ -103.5350178, 20.3509755 ], [ -103.5348737, 20.3510285 ], [ -103.5347487, 20.3510726 ], [ -103.5346333, 20.3511259 ], [ -103.5345081, 20.3511971 ], [ -103.5344117, 20.3512595 ], [ -103.534344, 20.3513312 ], [ -103.5342954, 20.3514031 ], [ -103.5342175, 20.351538 ], [ -103.5341687, 20.3516369 ], [ -103.5341198, 20.3517359 ], [ -103.534071, 20.3518348 ], [ -103.5340224, 20.3519157 ], [ -103.5339351, 20.3520234 ], [ -103.5338382, 20.35214 ], [ -103.5337512, 20.3522297 ], [ -103.5336643, 20.3523012 ], [ -103.5335677, 20.3523817 ], [ -103.5333848, 20.3524795 ], [ -103.5332307, 20.3525686 ], [ -103.5331346, 20.3526039 ], [ -103.5330097, 20.352648 ], [ -103.5327409, 20.352709 ], [ -103.5326929, 20.3527176 ], [ -103.5325486, 20.3527797 ], [ -103.5324333, 20.3528239 ], [ -103.5321451, 20.3529118 ], [ -103.5318858, 20.3529819 ], [ -103.5317323, 20.3530077 ], [ -103.5315405, 20.3530242 ], [ -103.531416, 20.3530231 ], [ -103.5312819, 20.353022 ], [ -103.5311672, 20.3530029 ], [ -103.5310138, 20.3530107 ], [ -103.5308987, 20.3530278 ], [ -103.530793, 20.353063 ], [ -103.5306874, 20.3530892 ], [ -103.5305818, 20.3531155 ], [ -103.5304572, 20.3531234 ], [ -103.5303517, 20.3531316 ], [ -103.5302847, 20.353131 ], [ -103.5301888, 20.3531393 ], [ -103.5300548, 20.3531291 ], [ -103.52994, 20.3531101 ], [ -103.5298254, 20.353073 ], [ -103.5297107, 20.3530539 ], [ -103.5296151, 20.353035 ], [ -103.5294905, 20.353043 ], [ -103.5293657, 20.3530691 ], [ -103.5292311, 20.3531222 ], [ -103.5291062, 20.3531663 ], [ -103.5289232, 20.3532641 ], [ -103.5288367, 20.3532995 ], [ -103.5286732, 20.3533614 ], [ -103.5285867, 20.3533968 ], [ -103.5284518, 20.353477 ], [ -103.5283264, 20.3535753 ], [ -103.5282876, 20.3536201 ], [ -103.52822, 20.3536828 ], [ -103.5280268, 20.3538528 ], [ -103.5279016, 20.353924 ], [ -103.5277672, 20.353959 ], [ -103.5274989, 20.3539658 ], [ -103.5273265, 20.3539643 ], [ -103.5272021, 20.3539543 ], [ -103.527116, 20.3539355 ], [ -103.5270207, 20.3538895 ], [ -103.5269539, 20.3538618 ], [ -103.5268679, 20.353834 ], [ -103.5267916, 20.3538062 ], [ -103.5266385, 20.3537869 ], [ -103.5265521, 20.3538042 ], [ -103.5264562, 20.3538215 ], [ -103.5263695, 20.3538659 ], [ -103.526302, 20.3539196 ], [ -103.5262632, 20.3539644 ], [ -103.5262246, 20.3540002 ], [ -103.5261572, 20.3540358 ], [ -103.526109, 20.3540625 ], [ -103.526061, 20.3540801 ], [ -103.5260032, 20.3541158 ], [ -103.5258974, 20.3541601 ] ] } },
{ "type": "Feature", "properties": { "ID": 6918256, "CVE_SUBC": "RH12Dc", "CLAVE50K": "f13d75", "TIPO": 101, "ENTIDAD": "CORRIENTE DE AGUA", "FC": 3271, "CONDICION": "INTERMITENTE", "EDICION": "O", "FECHA": "1994-12-31", "LENGTHM": 126.5349, "ID_DRENA": 5, "FLOWDIR": 1, "ENABLED": 1, "DESC_ENABL": null, "CALI_REPR": 0, "SEQUENCEID": 2682.0, "ORDER_1": 3, "LEVEL_1": 1, "ARBSUM_1": 5289.1321, "PATHL_1": 5700.9448 }, "geometry": { "type": "LineString", "coordinates": [ [ -103.4565426, 20.3661359 ], [ -103.4566389, 20.3660826 ], [ -103.4567351, 20.3660382 ], [ -103.4569562, 20.3659679 ], [ -103.4571293, 20.3658972 ], [ -103.4572255, 20.3658529 ], [ -103.457322, 20.3657814 ], [ -103.4574088, 20.365728 ], [ -103.4575144, 20.3657018 ], [ -103.4576394, 20.3656578 ] ] } },
{ "type": "Feature", "properties": { "ID": 6918259, "CVE_SUBC": "RH12Dc", "CLAVE50K": "f13d75", "TIPO": 101, "ENTIDAD": "CORRIENTE DE AGUA", "FC": 3271, "CONDICION": "INTERMITENTE", "EDICION": "O", "FECHA": "1994-12-31", "LENGTHM": 1598.6003, "ID_DRENA": 5, "FLOWDIR": 1, "ENABLED": 1, "DESC_ENABL": null, "CALI_REPR": 0, "SEQUENCEID": 2675.0, "ORDER_1": 3, "LEVEL_1": 1, "ARBSUM_1": 10753.365, "PATHL_1": 2707.5978 }, "geometry": { "type": "LineString", "coordinates": [ [ -103.4695308, 20.3614352 ], [ -103.4696934, 20.3614547 ], [ -103.4698367, 20.3615012 ], [ -103.4699605, 20.3615745 ], [ -103.470075, 20.3616207 ], [ -103.4701514, 20.3616394 ], [ -103.4703046, 20.3616498 ], [ -103.4703906, 20.3616686 ], [ -103.4704385, 20.361669 ], [ -103.4706013, 20.3616705 ], [ -103.4706493, 20.3616618 ], [ -103.4706975, 20.3616352 ], [ -103.4707649, 20.3615996 ], [ -103.470919, 20.3615106 ], [ -103.4709862, 20.3614932 ], [ -103.4710725, 20.3614849 ], [ -103.4712066, 20.361486 ], [ -103.4712834, 20.3614777 ], [ -103.4713601, 20.3614693 ], [ -103.4714465, 20.361443 ], [ -103.4715138, 20.3614255 ], [ -103.4717252, 20.3613551 ], [ -103.4717734, 20.3613284 ], [ -103.4718311, 20.3613018 ], [ -103.4718888, 20.3612842 ], [ -103.4719464, 20.3612667 ], [ -103.4720041, 20.3612401 ], [ -103.472062, 20.3612045 ], [ -103.4721199, 20.3611598 ], [ -103.4722068, 20.3610883 ], [ -103.4722745, 20.3610256 ], [ -103.472371, 20.3609542 ], [ -103.4724673, 20.3609008 ], [ -103.4725635, 20.3608565 ], [ -103.4726886, 20.3608034 ], [ -103.4727656, 20.3607589 ], [ -103.4728329, 20.3607324 ], [ -103.4729195, 20.360697 ], [ -103.473064, 20.360617 ], [ -103.47317, 20.3605547 ], [ -103.473218, 20.360537 ], [ -103.4732852, 20.3605286 ], [ -103.4733522, 20.3605292 ], [ -103.4734097, 20.3605297 ], [ -103.4734575, 20.3605391 ], [ -103.4735436, 20.3605489 ], [ -103.47362, 20.3605676 ], [ -103.4736774, 20.3605772 ], [ -103.4737444, 20.3605868 ], [ -103.4738114, 20.3605874 ], [ -103.4738976, 20.3605881 ], [ -103.4739934, 20.360589 ], [ -103.4740891, 20.3605988 ], [ -103.4742423, 20.3606092 ], [ -103.474338, 20.3606191 ], [ -103.4744336, 20.360638 ], [ -103.4745579, 20.3606572 ], [ -103.4746918, 20.3606854 ], [ -103.4747683, 20.3606951 ], [ -103.4748449, 20.3606958 ], [ -103.474912, 20.3606964 ], [ -103.4750266, 20.3607245 ], [ -103.4751703, 20.3607257 ], [ -103.4752948, 20.3607268 ], [ -103.4753905, 20.3607367 ], [ -103.4754574, 20.3607553 ], [ -103.4755626, 20.3607743 ], [ -103.4756488, 20.3607751 ], [ -103.4757924, 20.3607854 ], [ -103.4758879, 20.3608133 ], [ -103.4759738, 20.3608412 ], [ -103.4760504, 20.3608509 ], [ -103.4761269, 20.3608606 ], [ -103.4762035, 20.3608612 ], [ -103.4762802, 20.3608619 ], [ -103.4763665, 20.3608536 ], [ -103.4764813, 20.3608637 ], [ -103.4765386, 20.3608822 ], [ -103.4765862, 20.3609097 ], [ -103.4766339, 20.3609373 ], [ -103.4767007, 20.3609559 ], [ -103.4767486, 20.3609563 ], [ -103.4768446, 20.3609391 ], [ -103.4769116, 20.3609397 ], [ -103.4769688, 20.3609673 ], [ -103.4770642, 20.3610133 ], [ -103.4771502, 20.3610321 ], [ -103.4772074, 20.3610597 ], [ -103.477255, 20.3610872 ], [ -103.4773505, 20.3611242 ], [ -103.4774078, 20.3611428 ], [ -103.4774651, 20.3611613 ], [ -103.4775321, 20.3611619 ], [ -103.47758, 20.3611623 ], [ -103.4776759, 20.3611541 ], [ -103.4778197, 20.3611373 ], [ -103.4778774, 20.3611198 ], [ -103.4779637, 20.3611115 ], [ -103.4780213, 20.3610939 ], [ -103.4781171, 20.3610947 ], [ -103.4782223, 20.3611137 ], [ -103.4783559, 20.3611601 ], [ -103.4784323, 20.3611878 ], [ -103.4784991, 20.3612155 ], [ -103.4785563, 20.3612431 ], [ -103.4786996, 20.3612805 ], [ -103.478795, 20.3613265 ], [ -103.4788807, 20.3613724 ], [ -103.4789569, 20.3614182 ], [ -103.4790617, 20.3614734 ], [ -103.4791094, 20.3614918 ], [ -103.479176, 20.3615466 ], [ -103.4792232, 20.3616103 ], [ -103.4792514, 20.3616647 ], [ -103.4792702, 20.3617101 ], [ -103.4792793, 20.3617553 ], [ -103.4792882, 20.3618277 ], [ -103.4792972, 20.3618819 ], [ -103.4792968, 20.3619271 ], [ -103.4793055, 20.3620085 ], [ -103.4793434, 20.362054 ], [ -103.4794003, 20.3621177 ], [ -103.479448, 20.3621362 ], [ -103.4795054, 20.3621457 ], [ -103.4795627, 20.3621643 ], [ -103.47962, 20.3621829 ], [ -103.4796676, 20.3622104 ], [ -103.4797243, 20.3622922 ], [ -103.4797622, 20.3623286 ], [ -103.4798098, 20.3623652 ], [ -103.479886, 20.362402 ], [ -103.4799722, 20.3624028 ], [ -103.4800391, 20.3624214 ], [ -103.4800867, 20.3624489 ], [ -103.4801629, 20.3624948 ], [ -103.4802105, 20.3625313 ], [ -103.4802581, 20.3625588 ], [ -103.4803058, 20.3625773 ], [ -103.4803633, 20.3625778 ], [ -103.4804207, 20.3625783 ], [ -103.4804782, 20.3625788 ], [ -103.480526, 20.3625882 ], [ -103.4805737, 20.3626067 ], [ -103.4806502, 20.3626255 ], [ -103.4807171, 20.3626441 ], [ -103.4807744, 20.3626627 ], [ -103.480822, 20.3626902 ], [ -103.4808792, 20.3627178 ], [ -103.4809171, 20.3627633 ], [ -103.4809548, 20.3628178 ], [ -103.4810117, 20.3628816 ], [ -103.481059, 20.3629452 ], [ -103.4811065, 20.3629818 ], [ -103.4812018, 20.3630278 ], [ -103.481259, 20.3630644 ], [ -103.4813066, 20.3630919 ], [ -103.4813638, 20.3631195 ], [ -103.4814113, 20.363156 ], [ -103.4814686, 20.3631836 ], [ -103.4815258, 20.3632112 ], [ -103.4815828, 20.3632569 ], [ -103.481678, 20.363312 ], [ -103.4817641, 20.3633308 ], [ -103.4818502, 20.3633406 ], [ -103.4819268, 20.3633412 ], [ -103.4820034, 20.3633419 ], [ -103.4820608, 20.3633514 ], [ -103.4821277, 20.3633701 ], [ -103.4821945, 20.3633977 ], [ -103.4822518, 20.3634163 ], [ -103.4823566, 20.3634714 ], [ -103.4824137, 20.3635081 ], [ -103.4825094, 20.3635179 ], [ -103.4825572, 20.3635274 ], [ -103.4826529, 20.3635372 ], [ -103.4827389, 20.3635651 ], [ -103.4827867, 20.3635745 ], [ -103.4828724, 20.3636204 ], [ -103.4829105, 20.3636479 ], [ -103.4829866, 20.3637028 ], [ -103.4830246, 20.3637302 ], [ -103.4830911, 20.363794 ], [ -103.4831575, 20.3638578 ], [ -103.4832332, 20.3639488 ] ] } },
{ "type": "Feature", "properties": { "ID": 6918263, "CVE_SUBC": "RH12Dc", "CLAVE50K": "f13d75", "TIPO": 101, "ENTIDAD": "CORRIENTE DE AGUA", "FC": 3271, "CONDICION": "INTERMITENTE", "EDICION": "O", "FECHA": "1994-12-31", "LENGTHM": 898.372, "ID_DRENA": 6, "FLOWDIR": 1, "ENABLED": 1, "DESC_ENABL": null, "CALI_REPR": 0, "SEQUENCEID": 3028.0, "ORDER_1": 3, "LEVEL_1": 2, "ARBSUM_1": 12441.6863, "PATHL_1": 19585.9896 }, "geometry": { "type": "LineString", "coordinates": [ [ -103.4691285, 20.3407493 ], [ -103.4692273, 20.3407089 ], [ -103.4693233, 20.3406916 ], [ -103.4694382, 20.3406927 ], [ -103.469592, 20.3406398 ], [ -103.469669, 20.3405953 ], [ -103.4697464, 20.3405237 ], [ -103.4698236, 20.3404612 ], [ -103.4701604, 20.3403015 ], [ -103.4705266, 20.3400788 ], [ -103.4706036, 20.3400344 ], [ -103.4706711, 20.3399898 ], [ -103.4707481, 20.3399543 ], [ -103.4708057, 20.3399368 ], [ -103.4708729, 20.3399193 ], [ -103.4709212, 20.3398836 ], [ -103.4709883, 20.3398751 ], [ -103.4710649, 20.3398758 ], [ -103.4711513, 20.3398585 ], [ -103.4711899, 20.3398317 ], [ -103.4712286, 20.3397869 ], [ -103.4712863, 20.3397603 ], [ -103.4713441, 20.3397337 ], [ -103.4714209, 20.3397163 ], [ -103.471488, 20.3397078 ], [ -103.4715648, 20.3396904 ], [ -103.4716228, 20.3396368 ], [ -103.4716424, 20.3395918 ], [ -103.4716621, 20.3395377 ], [ -103.4716913, 20.3394838 ], [ -103.4718094, 20.3391596 ], [ -103.4718869, 20.339079 ], [ -103.4719352, 20.3390342 ], [ -103.4720028, 20.3389806 ], [ -103.4720702, 20.3389451 ], [ -103.4721565, 20.3389277 ], [ -103.4722431, 20.3388924 ], [ -103.4723294, 20.3388841 ], [ -103.4724828, 20.3388674 ], [ -103.472569, 20.3388591 ], [ -103.4726841, 20.338851 ], [ -103.4728088, 20.338825 ], [ -103.4728568, 20.3388164 ], [ -103.4729051, 20.3387717 ], [ -103.4729631, 20.338718 ], [ -103.4730209, 20.3386824 ], [ -103.4730885, 20.3386287 ], [ -103.4732139, 20.3385395 ], [ -103.4732814, 20.3384949 ], [ -103.473368, 20.3384505 ], [ -103.473426, 20.3383968 ], [ -103.4734839, 20.3383521 ], [ -103.4735323, 20.3382984 ], [ -103.473581, 20.3382175 ], [ -103.4736395, 20.3381186 ], [ -103.4737264, 20.3380471 ], [ -103.4738031, 20.3380387 ], [ -103.4738799, 20.3380123 ], [ -103.4738997, 20.3379492 ], [ -103.4739003, 20.337886 ], [ -103.4739105, 20.3378229 ], [ -103.4739112, 20.3377506 ], [ -103.4739214, 20.3376965 ], [ -103.473941, 20.3376515 ], [ -103.4740088, 20.3375708 ], [ -103.4740667, 20.3375261 ], [ -103.474192, 20.3374459 ], [ -103.4742981, 20.3373655 ], [ -103.4743464, 20.3373298 ], [ -103.4744235, 20.3372763 ], [ -103.4745681, 20.3371872 ], [ -103.4746838, 20.3371069 ], [ -103.4747609, 20.3370534 ], [ -103.4748477, 20.3369909 ], [ -103.4749249, 20.3369374 ], [ -103.4749826, 20.3369108 ], [ -103.47506, 20.3368301 ], [ -103.4750894, 20.3367672 ], [ -103.4750805, 20.3366948 ], [ -103.4750619, 20.3366404 ], [ -103.4750434, 20.336577 ], [ -103.4750343, 20.3365228 ], [ -103.475016, 20.3364323 ], [ -103.4749885, 20.3363146 ], [ -103.4749794, 20.3362603 ], [ -103.4749514, 20.3361878 ], [ -103.4749329, 20.3361244 ], [ -103.4749241, 20.336043 ], [ -103.4749248, 20.3359707 ] ] } },
{ "type": "Feature", "properties": { "ID": 6918268, "CVE_SUBC": "RH12Dc", "CLAVE50K": null, "TIPO": 101, "ENTIDAD": "CORRIENTE DE AGUA", "FC": 3271, "CONDICION": "INTERMITENTE", "EDICION": "N", "FECHA": "2007-11-09", "LENGTHM": 266.7375, "ID_DRENA": 6, "FLOWDIR": 1, "ENABLED": 1, "DESC_ENABL": null, "CALI_REPR": 1, "SEQUENCEID": 3070.0, "ORDER_1": 1, "LEVEL_1": 2, "ARBSUM_1": 910.7723, "PATHL_1": 17872.8397 }, "geometry": { "type": "LineString", "coordinates": [ [ -103.5094028, 20.3277175 ], [ -103.5091269, 20.3277673 ], [ -103.5083882, 20.3277456 ], [ -103.5079536, 20.3277239 ], [ -103.5074756, 20.3273545 ], [ -103.507128, 20.3272458 ], [ -103.5070123, 20.3272903 ] ] } },
{ "type": "Feature", "properties": { "ID": 6918278, "CVE_SUBC": "RH12Dc", "CLAVE50K": "f13d75", "TIPO": 101, "ENTIDAD": "CORRIENTE DE AGUA", "FC": 3271, "CONDICION": "INTERMITENTE", "EDICION": "O", "FECHA": "1994-12-31", "LENGTHM": 378.4272, "ID_DRENA": 5, "FLOWDIR": 1, "ENABLED": 1, "DESC_ENABL": null, "CALI_REPR": 0, "SEQUENCEID": 2715.0, "ORDER_1": 1, "LEVEL_1": 4, "ARBSUM_1": 378.4272, "PATHL_1": 2839.8152 }, "geometry": { "type": "LineString", "coordinates": [ [ -103.4805171, 20.3779772 ], [ -103.4806343, 20.3779468 ], [ -103.4809121, 20.3779492 ], [ -103.4811228, 20.377951 ], [ -103.4812667, 20.3779342 ], [ -103.481401, 20.3779173 ], [ -103.4815734, 20.3779188 ], [ -103.4817173, 20.377902 ], [ -103.4818806, 20.3778583 ], [ -103.4821201, 20.3778604 ], [ -103.4822924, 20.3778709 ], [ -103.4825028, 20.3779088 ], [ -103.4826371, 20.377892 ], [ -103.4827427, 20.3778748 ], [ -103.4828002, 20.3778663 ], [ -103.4829916, 20.377886 ], [ -103.4831732, 20.3779328 ], [ -103.4832496, 20.3779605 ], [ -103.4833931, 20.3779798 ], [ -103.4835176, 20.3779809 ], [ -103.483652, 20.377955 ], [ -103.483729, 20.3779195 ], [ -103.4838348, 20.3778753 ], [ -103.483912, 20.3778217 ], [ -103.4839796, 20.3777591 ], [ -103.484009, 20.3776961 ] ] } },
{ "type": "Feature", "properties": { "ID": 6918284, "CVE_SUBC": "RH12Dc", "CLAVE50K": "f13d75", "TIPO": 102, "ENTIDAD": "CANAL", "FC": 3180, "CONDICION": "EN OPERACION", "EDICION": "O", "FECHA": "2007-11-09", "LENGTHM": 696.4057, "ID_DRENA": 6, "FLOWDIR": 1, "ENABLED": 1, "DESC_ENABL": null, "CALI_REPR": 0, "SEQUENCEID": 2966.0, "ORDER_1": 5, "LEVEL_1": 1, "ARBSUM_1": 205506.0741, "PATHL_1": 12310.1476 }, "geometry": { "type": "LineString", "coordinates": [ [ -103.5165209, 20.3631298 ], [ -103.5167192, 20.3633512 ], [ -103.5178282, 20.3645893 ], [ -103.5201044, 20.3669845 ], [ -103.5209679, 20.3678501 ] ] } },
{ "type": "Feature", "properties": { "ID": 6918293, "CVE_SUBC": "RH12Dc", "CLAVE50K": "f13d75", "TIPO": 101, "ENTIDAD": "CORRIENTE DE AGUA", "FC": 3271, "CONDICION": "INTERMITENTE", "EDICION": "O", "FECHA": "1994-12-31", "LENGTHM": 638.2116, "ID_DRENA": 6, "FLOWDIR": 1, "ENABLED": 1, "DESC_ENABL": null, "CALI_REPR": 0, "SEQUENCEID": 3083.0, "ORDER_1": 1, "LEVEL_1": 4, "ARBSUM_1": 638.2116, "PATHL_1": 19435.0595 }, "geometry": { "type": "LineString", "coordinates": [ [ -103.5065654, 20.3114547 ], [ -103.5064108, 20.3115979 ], [ -103.5063332, 20.3117056 ], [ -103.5061884, 20.3118309 ], [ -103.5061303, 20.3118936 ], [ -103.5060334, 20.3120102 ], [ -103.505927, 20.3121178 ], [ -103.5058786, 20.3121715 ], [ -103.5058108, 20.3122523 ], [ -103.5057042, 20.3123869 ], [ -103.5056556, 20.3124678 ], [ -103.5054715, 20.312683 ], [ -103.5053263, 20.3128534 ], [ -103.5052576, 20.3130245 ], [ -103.5051986, 20.3131775 ], [ -103.5050524, 20.3134473 ], [ -103.5050135, 20.3135102 ], [ -103.5049352, 20.3136812 ], [ -103.504886, 20.3138253 ], [ -103.504876, 20.3138704 ], [ -103.5048458, 20.3140237 ], [ -103.5048162, 20.3141138 ], [ -103.5047378, 20.3143028 ], [ -103.504689, 20.3143928 ], [ -103.5046018, 20.3145004 ], [ -103.5045436, 20.3145722 ], [ -103.5045143, 20.3146352 ], [ -103.5045033, 20.3147796 ], [ -103.5044734, 20.3149059 ], [ -103.5044338, 20.315041 ], [ -103.5043558, 20.3151849 ], [ -103.5042782, 20.3152927 ], [ -103.5042582, 20.3153738 ], [ -103.5042767, 20.3154462 ], [ -103.5042951, 20.3155187 ], [ -103.5042945, 20.3155819 ], [ -103.5042844, 20.315636 ], [ -103.5042359, 20.3156988 ], [ -103.5041875, 20.3157526 ], [ -103.5041389, 20.3158335 ], [ -103.5040999, 20.3159054 ], [ -103.5040897, 20.3159686 ], [ -103.5040793, 20.3160498 ], [ -103.5040785, 20.3161402 ], [ -103.5040584, 20.3162303 ], [ -103.5039616, 20.3163469 ], [ -103.5039133, 20.3163917 ], [ -103.5038268, 20.3164181 ] ] } },
{ "type": "Feature", "properties": { "ID": 6918300, "CVE_SUBC": "RH12Dc", "CLAVE50K": "f13d75", "TIPO": 101, "ENTIDAD": "CORRIENTE DE AGUA", "FC": 3271, "CONDICION": "INTERMITENTE", "EDICION": "O", "FECHA": "1994-12-31", "LENGTHM": 421.7203, "ID_DRENA": 6, "FLOWDIR": 1, "ENABLED": 1, "DESC_ENABL": null, "CALI_REPR": 0, "SEQUENCEID": 3013.0, "ORDER_1": 1, "LEVEL_1": 4, "ARBSUM_1": 421.7203, "PATHL_1": 21743.2703 }, "geometry": { "type": "LineString", "coordinates": [ [ -103.457435, 20.3544733 ], [ -103.4575398, 20.3545833 ], [ -103.4575998, 20.3546343 ], [ -103.4576838, 20.3547663 ], [ -103.4577752, 20.3548726 ], [ -103.4578417, 20.3549364 ], [ -103.4579268, 20.3550456 ], [ -103.4579741, 20.3551002 ], [ -103.4580311, 20.3551549 ], [ -103.4580785, 20.3552005 ], [ -103.4582405, 20.3552832 ], [ -103.4583265, 20.3553111 ], [ -103.4584316, 20.3553391 ], [ -103.4585368, 20.3553491 ], [ -103.4587186, 20.3553688 ], [ -103.458824, 20.3553697 ], [ -103.4589676, 20.3553709 ], [ -103.4590731, 20.3553628 ], [ -103.4591882, 20.3553458 ], [ -103.4593036, 20.3553016 ], [ -103.4593805, 20.3552752 ], [ -103.4594766, 20.3552399 ], [ -103.4595823, 20.3552047 ], [ -103.4596882, 20.3551515 ], [ -103.4597555, 20.355134 ], [ -103.4598707, 20.3551079 ], [ -103.4599859, 20.3550818 ], [ -103.4601202, 20.3550559 ], [ -103.4603027, 20.3550033 ], [ -103.4603988, 20.354977 ], [ -103.4604854, 20.3549417 ], [ -103.4606006, 20.3549156 ], [ -103.4608306, 20.3548996 ], [ -103.4609072, 20.3549002 ], [ -103.4610125, 20.3549102 ] ] } },
{ "type": "Feature", "properties": { "ID": 6918315, "CVE_SUBC": "RH12Dc", "CLAVE50K": null, "TIPO": 101, "ENTIDAD": "CORRIENTE DE AGUA", "FC": 3271, "CONDICION": "INTERMITENTE", "EDICION": "N", "FECHA": "2007-11-09", "LENGTHM": 1251.697, "ID_DRENA": 6, "FLOWDIR": 1, "ENABLED": 1, "DESC_ENABL": null, "CALI_REPR": 1, "SEQUENCEID": 3022.0, "ORDER_1": 1, "LEVEL_1": 3, "ARBSUM_1": 1824.8321, "PATHL_1": 17945.1873 }, "geometry": { "type": "LineString", "coordinates": [ [ -103.4771566, 20.3393849 ], [ -103.4774827, 20.3394173 ], [ -103.4777207, 20.3394173 ], [ -103.4787676, 20.3387273 ], [ -103.4802191, 20.3378469 ], [ -103.4816706, 20.3368951 ], [ -103.4831697, 20.3359195 ], [ -103.4845735, 20.3349201 ], [ -103.4854539, 20.3348963 ], [ -103.4867388, 20.3345632 ], [ -103.4876427, 20.3345646 ] ] } },
{ "type": "Feature", "properties": { "ID": 6918316, "CVE_SUBC": "RH12Dc", "CLAVE50K": "f13d75", "TIPO": 101, "ENTIDAD": "CORRIENTE DE AGUA", "FC": 3271, "CONDICION": "INTERMITENTE", "EDICION": "O", "FECHA": "1994-12-31", "LENGTHM": 488.7457, "ID_DRENA": 6, "FLOWDIR": 1, "ENABLED": 1, "DESC_ENABL": null, "CALI_REPR": 0, "SEQUENCEID": 2841.0, "ORDER_1": 1, "LEVEL_1": 3, "ARBSUM_1": 488.7457, "PATHL_1": 9097.4924 }, "geometry": { "type": "LineString", "coordinates": [ [ -103.5382844, 20.4028132 ], [ -103.5383509, 20.402868 ], [ -103.5384077, 20.4029407 ], [ -103.5385213, 20.4030953 ], [ -103.5386624, 20.4033675 ], [ -103.5387648, 20.4036845 ], [ -103.53883, 20.4038838 ], [ -103.5388578, 20.4039834 ], [ -103.5389865, 20.4045627 ], [ -103.5390983, 20.4048979 ], [ -103.539145, 20.4050338 ], [ -103.539181, 20.4051459 ] ] } },
{ "type": "Feature", "properties": { "ID": 6918329, "CVE_SUBC": "RH12Dc", "CLAVE50K": "f13d75", "TIPO": 101, "ENTIDAD": "CORRIENTE DE AGUA", "FC": 3271, "CONDICION": "INTERMITENTE", "EDICION": "O", "FECHA": "1994-12-31", "LENGTHM": 608.2931, "ID_DRENA": 6, "FLOWDIR": 1, "ENABLED": 1, "DESC_ENABL": null, "CALI_REPR": 0, "SEQUENCEID": 3223.0, "ORDER_1": 1, "LEVEL_1": 3, "ARBSUM_1": 608.2931, "PATHL_1": 31646.8527 }, "geometry": { "type": "LineString", "coordinates": [ [ -103.4276844, 20.3514966 ], [ -103.4276372, 20.3514239 ], [ -103.4275999, 20.3513242 ], [ -103.4275151, 20.351188 ], [ -103.4274772, 20.3511424 ], [ -103.4274301, 20.3510698 ], [ -103.4273923, 20.3510152 ], [ -103.427336, 20.3509063 ], [ -103.4272614, 20.3507069 ], [ -103.4272144, 20.3506161 ], [ -103.4271768, 20.3505435 ], [ -103.4271583, 20.3504801 ], [ -103.4271589, 20.3504169 ], [ -103.4270827, 20.3503801 ], [ -103.4270163, 20.3503162 ], [ -103.4269791, 20.3502075 ], [ -103.4269318, 20.3501438 ], [ -103.426894, 20.3500983 ], [ -103.426856, 20.3500618 ], [ -103.4267799, 20.350007 ], [ -103.4267049, 20.3498527 ], [ -103.4266865, 20.3497803 ], [ -103.4266297, 20.3497075 ], [ -103.4265636, 20.3496166 ], [ -103.4264781, 20.3495435 ], [ -103.4263928, 20.3494524 ], [ -103.4263078, 20.3493432 ], [ -103.4262322, 20.3492342 ], [ -103.4261662, 20.3491342 ], [ -103.4260904, 20.3490522 ], [ -103.4260338, 20.3489704 ], [ -103.4259295, 20.348861 ], [ -103.4258441, 20.348779 ], [ -103.4257205, 20.3486875 ], [ -103.4255589, 20.3485686 ], [ -103.4254163, 20.348468 ], [ -103.4253308, 20.3483949 ], [ -103.4252549, 20.348322 ], [ -103.425198, 20.3482672 ], [ -103.4251508, 20.3482036 ], [ -103.4250279, 20.3480399 ], [ -103.4249425, 20.3479578 ], [ -103.4248763, 20.3478759 ], [ -103.424791, 20.3477848 ], [ -103.4246673, 20.3477024 ], [ -103.4246006, 20.3476747 ], [ -103.4244958, 20.3476195 ], [ -103.4244292, 20.3475738 ], [ -103.4243722, 20.3475281 ], [ -103.4242963, 20.3474551 ], [ -103.4242299, 20.3473913 ], [ -103.424192, 20.3473458 ], [ -103.4241256, 20.3472819 ] ] } },
{ "type": "Feature", "properties": { "ID": 6918330, "CVE_SUBC": "RH12Dc", "CLAVE50K": "f13d75", "TIPO": 101, "ENTIDAD": "CORRIENTE DE AGUA", "FC": 3271, "CONDICION": "INTERMITENTE", "EDICION": "O", "FECHA": "1994-12-31", "LENGTHM": 184.0532, "ID_DRENA": 6, "FLOWDIR": 1, "ENABLED": 1, "DESC_ENABL": null, "CALI_REPR": 0, "SEQUENCEID": 2952.0, "ORDER_1": 2, "LEVEL_1": 2, "ARBSUM_1": 831.1395, "PATHL_1": 14630.2775 }, "geometry": { "type": "LineString", "coordinates": [ [ -103.491545, 20.3948174 ], [ -103.4915263, 20.3947721 ], [ -103.4915171, 20.3947269 ], [ -103.4914984, 20.3946815 ], [ -103.4914893, 20.3946363 ], [ -103.4914801, 20.394591 ], [ -103.4914713, 20.3945096 ], [ -103.4914622, 20.3944644 ], [ -103.4914626, 20.3944192 ], [ -103.4914535, 20.394374 ], [ -103.4914443, 20.3943287 ], [ -103.4914448, 20.3942836 ], [ -103.4914356, 20.3942383 ], [ -103.4914265, 20.3941931 ], [ -103.4914174, 20.3941478 ], [ -103.4914082, 20.3941026 ], [ -103.4913991, 20.3940573 ], [ -103.4913995, 20.3940122 ], [ -103.4914195, 20.393931 ], [ -103.4914295, 20.3938859 ], [ -103.4914395, 20.3938409 ], [ -103.4914591, 20.3937959 ], [ -103.4914596, 20.3937507 ], [ -103.4914696, 20.3937056 ], [ -103.4914796, 20.3936605 ], [ -103.4914896, 20.3936154 ], [ -103.49149, 20.3935703 ], [ -103.4915001, 20.3935252 ], [ -103.4915101, 20.3934801 ], [ -103.4915105, 20.393435 ], [ -103.491511, 20.3933898 ], [ -103.491521, 20.3933447 ], [ -103.4915314, 20.3932635 ], [ -103.4915198, 20.3931793 ] ] } },
{ "type": "Feature", "properties": { "ID": 6918333, "CVE_SUBC": "RH12Dc", "CLAVE50K": "f13d75", "TIPO": 101, "ENTIDAD": "CORRIENTE DE AGUA", "FC": 3271, "CONDICION": "INTERMITENTE", "EDICION": "O", "FECHA": "1994-12-31", "LENGTHM": 325.062, "ID_DRENA": 6, "FLOWDIR": 1, "ENABLED": 1, "DESC_ENABL": null, "CALI_REPR": 0, "SEQUENCEID": 3087.0, "ORDER_1": 2, "LEVEL_1": 3, "ARBSUM_1": 1354.8496, "PATHL_1": 19696.1621 }, "geometry": { "type": "LineString", "coordinates": [ [ -103.5090937, 20.3164359 ], [ -103.5089216, 20.3164074 ], [ -103.5088357, 20.3163795 ], [ -103.5087594, 20.3163518 ], [ -103.5086165, 20.3162692 ], [ -103.5085307, 20.3162324 ], [ -103.5084259, 20.3161773 ], [ -103.5083401, 20.3161314 ], [ -103.5082542, 20.3161036 ], [ -103.5081589, 20.3160576 ], [ -103.5080444, 20.3160114 ], [ -103.5079489, 20.3159835 ], [ -103.5076811, 20.3159451 ], [ -103.5075088, 20.3159346 ], [ -103.5073844, 20.3159245 ], [ -103.5072791, 20.3159236 ], [ -103.5071068, 20.3159131 ], [ -103.5068768, 20.3159292 ], [ -103.5067618, 20.3159372 ], [ -103.5065988, 20.3159629 ], [ -103.506474, 20.315998 ], [ -103.5063302, 20.3160058 ], [ -103.5062439, 20.3160232 ], [ -103.5060905, 20.3160399 ] ] } },
{ "type": "Feature", "properties": { "ID": 6918354, "CVE_SUBC": "RH12Dc", "CLAVE50K": "f13d75", "TIPO": 102, "ENTIDAD": "CANAL", "FC": 3180, "CONDICION": "EN OPERACION", "EDICION": "O", "FECHA": "2007-11-09", "LENGTHM": 955.1408, "ID_DRENA": 6, "FLOWDIR": 1, "ENABLED": 1, "DESC_ENABL": null, "CALI_REPR": 0, "SEQUENCEID": 2995.0, "ORDER_1": 5, "LEVEL_1": 1, "ARBSUM_1": 185584.9408, "PATHL_1": 13450.9733 }, "geometry": { "type": "LineString", "coordinates": [ [ -103.5141786, 20.3514273 ], [ -103.514217, 20.3515406 ], [ -103.5151137, 20.3529304 ], [ -103.5161604, 20.3546648 ], [ -103.5162349, 20.3548823 ], [ -103.5162536, 20.3549276 ], [ -103.5162722, 20.354991 ], [ -103.5162717, 20.3550452 ], [ -103.5162896, 20.3551718 ], [ -103.5162888, 20.3552621 ], [ -103.5162781, 20.3553705 ], [ -103.5155671, 20.3576048 ], [ -103.5155474, 20.3576589 ], [ -103.5155368, 20.3577672 ], [ -103.5155262, 20.3578755 ], [ -103.5155057, 20.3580199 ], [ -103.5154842, 20.3582636 ], [ -103.5154642, 20.3594617 ] ] } },
{ "type": "Feature", "properties": { "ID": 6918363, "CVE_SUBC": "RH12Dc", "CLAVE50K": "f13d75", "TIPO": 101, "ENTIDAD": "CORRIENTE DE AGUA", "FC": 3271, "CONDICION": "INTERMITENTE", "EDICION": "O", "FECHA": "1994-12-31", "LENGTHM": 413.2683, "ID_DRENA": 6, "FLOWDIR": 1, "ENABLED": 1, "DESC_ENABL": null, "CALI_REPR": 0, "SEQUENCEID": 2847.0, "ORDER_1": 1, "LEVEL_1": 4, "ARBSUM_1": 413.2683, "PATHL_1": 9911.0974 }, "geometry": { "type": "LineString", "coordinates": [ [ -103.5294292, 20.405991 ], [ -103.5295437, 20.4060461 ], [ -103.5296964, 20.4061107 ], [ -103.5300207, 20.406267 ], [ -103.5300873, 20.4063127 ], [ -103.5303353, 20.4064322 ], [ -103.5305169, 20.4064789 ], [ -103.5306888, 20.4065436 ], [ -103.5308794, 20.4066536 ], [ -103.5310702, 20.4067456 ], [ -103.53128, 20.4068467 ], [ -103.5316048, 20.4069579 ], [ -103.5318248, 20.4069959 ], [ -103.5320829, 20.4070613 ], [ -103.5323022, 20.4071715 ], [ -103.532483, 20.4073086 ], [ -103.5326349, 20.4074544 ], [ -103.5327391, 20.4075818 ], [ -103.5328045, 20.407763 ] ] } },
{ "type": "Feature", "properties": { "ID": 6918372, "CVE_SUBC": "RH12Dc", "CLAVE50K": "f13d75", "TIPO": 101, "ENTIDAD": "CORRIENTE DE AGUA", "FC": 3271, "CONDICION": "INTERMITENTE", "EDICION": "O", "FECHA": "1994-12-31", "LENGTHM": 1031.731, "ID_DRENA": 6, "FLOWDIR": 1, "ENABLED": 1, "DESC_ENABL": null, "CALI_REPR": 0, "SEQUENCEID": 3035.0, "ORDER_1": 1, "LEVEL_1": 3, "ARBSUM_1": 1031.731, "PATHL_1": 22116.5491 }, "geometry": { "type": "LineString", "coordinates": [ [ -103.4507781, 20.3534194 ], [ -103.4508559, 20.3533027 ], [ -103.4509045, 20.3532309 ], [ -103.4509436, 20.3531499 ], [ -103.4509831, 20.3530328 ], [ -103.4510126, 20.3529518 ], [ -103.4510716, 20.3528078 ], [ -103.4511493, 20.3527 ], [ -103.4512557, 20.3525926 ], [ -103.4513236, 20.3525119 ], [ -103.4514107, 20.3524133 ], [ -103.4514783, 20.3523597 ], [ -103.4515557, 20.3522881 ], [ -103.4516329, 20.3522255 ], [ -103.451691, 20.3521628 ], [ -103.4517588, 20.3520911 ], [ -103.4517975, 20.3520463 ], [ -103.4518556, 20.3519836 ], [ -103.4519232, 20.35193 ], [ -103.4519716, 20.3518762 ], [ -103.4520395, 20.3517955 ], [ -103.4520784, 20.3517326 ], [ -103.4521271, 20.3516518 ], [ -103.4521469, 20.3515887 ], [ -103.4522433, 20.3515263 ], [ -103.4523299, 20.3514909 ], [ -103.4524362, 20.3514015 ], [ -103.4524846, 20.3513478 ], [ -103.4525427, 20.351285 ], [ -103.45262, 20.3512135 ], [ -103.4526778, 20.3511778 ], [ -103.4527452, 20.3511423 ], [ -103.4528129, 20.3510797 ], [ -103.4529482, 20.3509634 ], [ -103.4529964, 20.3509277 ], [ -103.4530544, 20.350874 ], [ -103.4531124, 20.3508203 ], [ -103.4531608, 20.3507756 ], [ -103.453209, 20.3507399 ], [ -103.4532479, 20.350686 ], [ -103.4532771, 20.3506321 ], [ -103.4532968, 20.350578 ], [ -103.4533261, 20.3505241 ], [ -103.4533554, 20.3504702 ], [ -103.4534038, 20.3504164 ], [ -103.4535297, 20.350282 ], [ -103.4536266, 20.3501654 ], [ -103.453734, 20.3499586 ], [ -103.4538411, 20.3497879 ], [ -103.4539381, 20.3496623 ], [ -103.4539965, 20.3495725 ], [ -103.4540834, 20.349501 ], [ -103.4542476, 20.3493669 ], [ -103.4543442, 20.3492865 ], [ -103.4544311, 20.349215 ], [ -103.4545082, 20.3491614 ], [ -103.4545758, 20.3491078 ], [ -103.4546817, 20.3490546 ], [ -103.4547492, 20.34901 ], [ -103.4548367, 20.3488843 ], [ -103.4549338, 20.3487496 ], [ -103.4549729, 20.3486687 ], [ -103.4550216, 20.3485878 ], [ -103.4551477, 20.3484263 ], [ -103.4552059, 20.3483546 ], [ -103.4552736, 20.3482919 ], [ -103.455322, 20.3482382 ], [ -103.4553799, 20.3481935 ], [ -103.4554283, 20.3481397 ], [ -103.4554674, 20.3480678 ], [ -103.4555351, 20.3479961 ], [ -103.4556127, 20.3478974 ], [ -103.4557292, 20.3477449 ], [ -103.4557873, 20.3476822 ], [ -103.4558358, 20.3476194 ], [ -103.4558844, 20.3475475 ], [ -103.4559137, 20.3474936 ], [ -103.4559538, 20.3473132 ], [ -103.4559836, 20.3472051 ], [ -103.456013, 20.3471421 ], [ -103.4560518, 20.3470883 ], [ -103.4561004, 20.3470164 ], [ -103.4561779, 20.3469268 ], [ -103.4562268, 20.3468278 ], [ -103.4562661, 20.3467288 ], [ -103.456286, 20.3466567 ], [ -103.4562872, 20.3465303 ], [ -103.456288, 20.346458 ], [ -103.4563174, 20.346386 ], [ -103.4563563, 20.3463231 ], [ -103.4564238, 20.3462785 ], [ -103.456491, 20.346261 ], [ -103.4565583, 20.3462436 ], [ -103.4566637, 20.3462355 ] ] } },
{ "type": "Feature", "properties": { "ID": 6918382, "CVE_SUBC": "RH12Dc", "CLAVE50K": "f13d75", "TIPO": 101, "ENTIDAD": "CORRIENTE DE AGUA", "FC": 3271, "CONDICION": "INTERMITENTE", "EDICION": "O", "FECHA": "1994-12-31", "LENGTHM": 1335.2029, "ID_DRENA": 6, "FLOWDIR": 1, "ENABLED": 1, "DESC_ENABL": null, "CALI_REPR": 0, "SEQUENCEID": 2843.0, "ORDER_1": 1, "LEVEL_1": 3, "ARBSUM_1": 1335.2029, "PATHL_1": 9324.7325 }, "geometry": { "type": "LineString", "coordinates": [ [ -103.5281362, 20.4039113 ], [ -103.5282344, 20.4036591 ], [ -103.5283118, 20.4035785 ], [ -103.5285624, 20.403427 ], [ -103.5287551, 20.4033202 ], [ -103.5288704, 20.4032851 ], [ -103.5290049, 20.4032501 ], [ -103.5290915, 20.4032056 ], [ -103.5291494, 20.403161 ], [ -103.5292075, 20.4030982 ], [ -103.5292941, 20.4030628 ], [ -103.5294485, 20.4029467 ], [ -103.5296792, 20.4028763 ], [ -103.5299955, 20.4028609 ], [ -103.5301393, 20.4028531 ], [ -103.530647, 20.4028664 ], [ -103.5309056, 20.4028776 ], [ -103.5312697, 20.4028807 ], [ -103.5314518, 20.4028732 ], [ -103.5316821, 20.4028481 ], [ -103.531874, 20.4028135 ], [ -103.5320278, 20.4027697 ], [ -103.5322197, 20.4027351 ], [ -103.532402, 20.4027096 ], [ -103.5325266, 20.4027106 ], [ -103.5328233, 20.4027402 ], [ -103.5331672, 20.4028515 ], [ -103.5333294, 20.4029252 ], [ -103.5334627, 20.4030166 ], [ -103.5336053, 20.4031353 ], [ -103.5337574, 20.403263 ], [ -103.5338809, 20.4033815 ], [ -103.5340235, 20.4035002 ], [ -103.5342235, 20.4036283 ], [ -103.5345193, 20.4037573 ], [ -103.5347194, 20.4038764 ], [ -103.5349762, 20.4040773 ], [ -103.5351853, 20.4042597 ], [ -103.5353747, 20.4044962 ], [ -103.5355165, 20.4046962 ], [ -103.5356584, 20.4048961 ], [ -103.5357721, 20.4050326 ], [ -103.5358857, 20.4051781 ], [ -103.5359989, 20.4053687 ], [ -103.5361311, 20.4055686 ], [ -103.536207, 20.4056505 ], [ -103.5363993, 20.4058912 ] ] } },
{ "type": "Feature", "properties": { "ID": 6918410, "CVE_SUBC": "RH12Dc", "CLAVE50K": "f13d75", "TIPO": 101, "ENTIDAD": "CORRIENTE DE AGUA", "FC": 3271, "CONDICION": "INTERMITENTE", "EDICION": "O", "FECHA": "1994-12-31", "LENGTHM": 837.7422, "ID_DRENA": 6, "FLOWDIR": 1, "ENABLED": 1, "DESC_ENABL": null, "CALI_REPR": 0, "SEQUENCEID": 3170.0, "ORDER_1": 1, "LEVEL_1": 3, "ARBSUM_1": 837.7422, "PATHL_1": 26732.715 }, "geometry": { "type": "LineString", "coordinates": [ [ -103.4283605, 20.3177797 ], [ -103.4284669, 20.3176723 ], [ -103.4286892, 20.3174665 ], [ -103.428786, 20.317368 ], [ -103.4288825, 20.3172966 ], [ -103.4289882, 20.3172614 ], [ -103.4290746, 20.3172441 ], [ -103.4291512, 20.3172358 ], [ -103.4292478, 20.3171553 ], [ -103.429277, 20.3171104 ], [ -103.429316, 20.3170385 ], [ -103.4293646, 20.3169667 ], [ -103.4294129, 20.316931 ], [ -103.4294899, 20.3168865 ], [ -103.4295959, 20.3168242 ], [ -103.4296442, 20.3167885 ], [ -103.4296829, 20.3167437 ], [ -103.4297219, 20.3166718 ], [ -103.429801, 20.3164286 ], [ -103.429831, 20.3163024 ], [ -103.4298513, 20.3161851 ], [ -103.4298926, 20.3158964 ], [ -103.4299129, 20.3157791 ], [ -103.4299141, 20.3156617 ], [ -103.4299154, 20.3155352 ], [ -103.429917, 20.3153727 ], [ -103.4299469, 20.3152555 ], [ -103.4300148, 20.3151658 ], [ -103.4300632, 20.315121 ], [ -103.4301596, 20.3150587 ], [ -103.4302558, 20.3150144 ], [ -103.4303616, 20.3149611 ], [ -103.430429, 20.3149256 ], [ -103.4305255, 20.3148542 ], [ -103.4305644, 20.3148003 ], [ -103.4305649, 20.3147461 ], [ -103.4305655, 20.3146919 ], [ -103.4305564, 20.3146467 ], [ -103.430557, 20.3145834 ], [ -103.4305771, 20.3144842 ], [ -103.430664, 20.3144218 ], [ -103.4307026, 20.314386 ], [ -103.4308087, 20.3143147 ], [ -103.4308953, 20.3142703 ], [ -103.4309726, 20.3142077 ], [ -103.4310309, 20.3141179 ], [ -103.4310419, 20.3139735 ], [ -103.4310332, 20.3138921 ], [ -103.4310053, 20.3138106 ], [ -103.4310058, 20.3137564 ], [ -103.4310162, 20.3136751 ], [ -103.4310938, 20.3135765 ], [ -103.4311517, 20.3135318 ], [ -103.4312573, 20.3135057 ], [ -103.4313821, 20.3134797 ], [ -103.4314685, 20.3134534 ], [ -103.4315746, 20.313382 ], [ -103.4316327, 20.3133193 ], [ -103.4316909, 20.3132476 ], [ -103.4317205, 20.3131575 ], [ -103.4317404, 20.3130854 ], [ -103.4317508, 20.3130042 ], [ -103.4317805, 20.3129051 ], [ -103.4318102, 20.312806 ], [ -103.4319365, 20.3126264 ], [ -103.4319848, 20.3125817 ], [ -103.432062, 20.3125282 ], [ -103.4321392, 20.3124656 ], [ -103.4322261, 20.3123942 ], [ -103.4323036, 20.3123045 ], [ -103.4323522, 20.3122417 ], [ -103.4324102, 20.312188 ], [ -103.4324584, 20.3121523 ], [ -103.4325258, 20.3121168 ], [ -103.4326028, 20.3120723 ] ] } },
{ "type": "Feature", "properties": { "ID": 6918418, "CVE_SUBC": "RH12Dc", "CLAVE50K": "f13d75", "TIPO": 101, "ENTIDAD": "CORRIENTE DE AGUA", "FC": 3271, "CONDICION": "INTERMITENTE", "EDICION": "O", "FECHA": "1994-12-31", "LENGTHM": 196.2116, "ID_DRENA": 6, "FLOWDIR": 1, "ENABLED": 1, "DESC_ENABL": null, "CALI_REPR": 0, "SEQUENCEID": 3166.0, "ORDER_1": 4, "LEVEL_1": 1, "ARBSUM_1": 65680.1912, "PATHL_1": 25350.3147 }, "geometry": { "type": "LineString", "coordinates": [ [ -103.4408231, 20.3088033 ], [ -103.4408996, 20.308813 ], [ -103.4410426, 20.3088775 ], [ -103.4411378, 20.3089326 ], [ -103.4412233, 20.3090056 ], [ -103.4412801, 20.3090693 ], [ -103.4413463, 20.3091512 ], [ -103.4414222, 20.3092242 ], [ -103.4414983, 20.30927 ], [ -103.4415364, 20.3092975 ], [ -103.4417848, 20.3093539 ], [ -103.442081, 20.3094197 ], [ -103.4423009, 20.3094488 ], [ -103.442492, 20.3094957 ] ] } },
{ "type": "Feature", "properties": { "ID": 6918421, "CVE_SUBC": "RH12Dc", "CLAVE50K": "f13d75", "TIPO": 101, "ENTIDAD": "CORRIENTE DE AGUA", "FC": 3271, "CONDICION": "INTERMITENTE", "EDICION": "O", "FECHA": "1994-12-31", "LENGTHM": 162.8163, "ID_DRENA": 6, "FLOWDIR": 1, "ENABLED": 1, "DESC_ENABL": null, "CALI_REPR": 0, "SEQUENCEID": 3183.0, "ORDER_1": 2, "LEVEL_1": 3, "ARBSUM_1": 690.2921, "PATHL_1": 30953.7112 }, "geometry": { "type": "LineString", "coordinates": [ [ -103.4323921, 20.3462813 ], [ -103.4327467, 20.3462664 ], [ -103.4329479, 20.3462592 ], [ -103.4330534, 20.3462421 ], [ -103.4331493, 20.3462339 ], [ -103.4332261, 20.3462165 ], [ -103.4334759, 20.3461375 ], [ -103.4335435, 20.3460839 ], [ -103.4336304, 20.3460124 ], [ -103.4336787, 20.3459767 ], [ -103.433727, 20.3459319 ], [ -103.4337849, 20.3458873 ], [ -103.4338331, 20.3458606 ] ] } },
{ "type": "Feature", "properties": { "ID": 6918430, "CVE_SUBC": "RH12Dc", "CLAVE50K": "f13d75", "TIPO": 101, "ENTIDAD": "CORRIENTE DE AGUA", "FC": 3271, "CONDICION": "INTERMITENTE", "EDICION": "O", "FECHA": "1994-12-31", "LENGTHM": 29.614, "ID_DRENA": 6, "FLOWDIR": 1, "ENABLED": 1, "DESC_ENABL": null, "CALI_REPR": 0, "SEQUENCEID": 3078.0, "ORDER_1": 2, "LEVEL_1": 4, "ARBSUM_1": 2295.08, "PATHL_1": 19243.0802 }, "geometry": { "type": "LineString", "coordinates": [ [ -103.5022137, 20.316856 ], [ -103.5022225, 20.3169373 ], [ -103.5022597, 20.3170551 ], [ -103.5022687, 20.3171184 ] ] } },
{ "type": "Feature", "properties": { "ID": 6918436, "CVE_SUBC": "RH12Dc", "CLAVE50K": "f13d75", "TIPO": 101, "ENTIDAD": "CORRIENTE DE AGUA", "FC": 3271, "CONDICION": "INTERMITENTE", "EDICION": "O", "FECHA": "1994-12-31", "LENGTHM": 9.5884, "ID_DRENA": 6, "FLOWDIR": 1, "ENABLED": 1, "DESC_ENABL": null, "CALI_REPR": 0, "SEQUENCEID": 3190.0, "ORDER_1": 2, "LEVEL_1": 3, "ARBSUM_1": 660.6239, "PATHL_1": 31341.8893 }, "geometry": { "type": "LineString", "coordinates": [ [ -103.4316556, 20.3484143 ], [ -103.4317294, 20.3483622 ] ] } },
{ "type": "Feature", "properties": { "ID": 6918437, "CVE_SUBC": "RH12Dc", "CLAVE50K": null, "TIPO": 101, "ENTIDAD": "CORRIENTE DE AGUA", "FC": 3271, "CONDICION": "INTERMITENTE", "EDICION": "N", "FECHA": "2007-11-09", "LENGTHM": 435.0895, "ID_DRENA": 6, "FLOWDIR": 1, "ENABLED": 1, "DESC_ENABL": null, "CALI_REPR": 1, "SEQUENCEID": 3102.0, "ORDER_1": 1, "LEVEL_1": 4, "ARBSUM_1": 1280.8082, "PATHL_1": 20556.8155 }, "geometry": { "type": "LineString", "coordinates": [ [ -103.4796932, 20.3096423 ], [ -103.4794942, 20.3098492 ], [ -103.4799463, 20.3103489 ], [ -103.4805412, 20.3107058 ], [ -103.480684, 20.3109676 ], [ -103.4795418, 20.3116338 ], [ -103.4788196, 20.3120193 ] ] } },
{ "type": "Feature", "properties": { "ID": 6918442, "CVE_SUBC": "RH12Dc", "CLAVE50K": "f13d75", "TIPO": 101, "ENTIDAD": "CORRIENTE DE AGUA", "FC": 3271, "CONDICION": "INTERMITENTE", "EDICION": "O", "FECHA": "1994-12-31", "LENGTHM": 543.3263, "ID_DRENA": 6, "FLOWDIR": 1, "ENABLED": 1, "DESC_ENABL": null, "CALI_REPR": 0, "SEQUENCEID": 3037.0, "ORDER_1": 1, "LEVEL_1": 3, "ARBSUM_1": 543.3263, "PATHL_1": 23696.4957 }, "geometry": { "type": "LineString", "coordinates": [ [ -103.4419847, 20.352483 ], [ -103.4421285, 20.3524752 ], [ -103.4423775, 20.3524775 ], [ -103.4425019, 20.3524876 ], [ -103.4427602, 20.352517 ], [ -103.4430568, 20.3525558 ], [ -103.4433247, 20.3525853 ], [ -103.4434871, 20.3526319 ], [ -103.4437069, 20.352679 ], [ -103.4440126, 20.3527631 ], [ -103.4442035, 20.352828 ], [ -103.4444609, 20.3529477 ], [ -103.444604, 20.3530032 ], [ -103.444785, 20.3531042 ], [ -103.444928, 20.3531777 ], [ -103.4451858, 20.3532613 ], [ -103.4453002, 20.3533166 ], [ -103.445424, 20.3533809 ], [ -103.4455289, 20.353427 ], [ -103.4457393, 20.353465 ], [ -103.4458638, 20.3534661 ], [ -103.4459598, 20.3534489 ], [ -103.4460654, 20.3534227 ], [ -103.4461136, 20.353387 ], [ -103.4462193, 20.3533518 ], [ -103.4463922, 20.3533082 ], [ -103.4467, 20.3531754 ], [ -103.4467771, 20.353131 ], [ -103.4468541, 20.3530955 ], [ -103.446912, 20.3530508 ] ] } },
{ "type": "Feature", "properties": { "ID": 6918446, "CVE_SUBC": "RH12Dc", "CLAVE50K": "f13d75", "TIPO": 101, "ENTIDAD": "CORRIENTE DE AGUA", "FC": 3271, "CONDICION": "INTERMITENTE", "EDICION": "O", "FECHA": "1994-12-31", "LENGTHM": 1845.4775, "ID_DRENA": 6, "FLOWDIR": 1, "ENABLED": 1, "DESC_ENABL": null, "CALI_REPR": 0, "SEQUENCEID": 3032.0, "ORDER_1": 1, "LEVEL_1": 4, "ARBSUM_1": 1845.4775, "PATHL_1": 21518.9812 }, "geometry": { "type": "LineString", "coordinates": [ [ -103.4508845, 20.358118 ], [ -103.4509807, 20.3580736 ], [ -103.4510867, 20.3580114 ], [ -103.4511638, 20.3579669 ], [ -103.4512216, 20.3579312 ], [ -103.4513085, 20.3578598 ], [ -103.4514343, 20.3577344 ], [ -103.4516082, 20.3575914 ], [ -103.4516952, 20.3575109 ], [ -103.451995, 20.3572244 ], [ -103.452082, 20.3571439 ], [ -103.4521691, 20.3570543 ], [ -103.4523048, 20.3568929 ], [ -103.4523726, 20.3568213 ], [ -103.4524401, 20.3567767 ], [ -103.4525272, 20.3566871 ], [ -103.4526141, 20.3566156 ], [ -103.4526723, 20.3565439 ], [ -103.4527592, 20.3564724 ], [ -103.4528269, 20.3564097 ], [ -103.4529427, 20.3563204 ], [ -103.4530201, 20.3562488 ], [ -103.4530878, 20.3561772 ], [ -103.4531462, 20.3560873 ], [ -103.4531854, 20.3559974 ], [ -103.4532147, 20.3559434 ], [ -103.4532828, 20.3558356 ], [ -103.4533703, 20.3557099 ], [ -103.4534092, 20.355647 ], [ -103.4535158, 20.3555215 ], [ -103.4535834, 20.3554679 ], [ -103.4536703, 20.3553964 ], [ -103.4537285, 20.3553246 ], [ -103.4538254, 20.3552171 ], [ -103.453922, 20.3551276 ], [ -103.4539994, 20.355056 ], [ -103.4540576, 20.3549843 ], [ -103.4541252, 20.3549216 ], [ -103.4541834, 20.3548499 ], [ -103.454261, 20.3547602 ], [ -103.4543771, 20.3546438 ], [ -103.4545326, 20.3544103 ], [ -103.4546203, 20.3542665 ], [ -103.4546594, 20.3541856 ], [ -103.4546794, 20.3541044 ], [ -103.454709, 20.3540144 ], [ -103.4547481, 20.3539334 ], [ -103.4547872, 20.3538615 ], [ -103.4548454, 20.3537807 ], [ -103.454923, 20.353682 ], [ -103.4549907, 20.3536194 ], [ -103.4550493, 20.3535115 ], [ -103.455098, 20.3534306 ], [ -103.4551372, 20.3533406 ], [ -103.4552636, 20.353152 ], [ -103.4552832, 20.353107 ], [ -103.45538, 20.3529995 ], [ -103.4554478, 20.3529278 ], [ -103.4554961, 20.3528831 ], [ -103.4555351, 20.3528202 ], [ -103.4556419, 20.3526766 ], [ -103.4556905, 20.3526047 ], [ -103.4557586, 20.3524969 ], [ -103.4558074, 20.352407 ], [ -103.4558657, 20.3523172 ], [ -103.4559144, 20.3522454 ], [ -103.4560212, 20.3520927 ], [ -103.4560892, 20.352003 ], [ -103.4561668, 20.3519043 ], [ -103.456254, 20.3518057 ], [ -103.456389, 20.3517166 ], [ -103.4564951, 20.3516362 ], [ -103.4566109, 20.3515469 ], [ -103.4567073, 20.3514935 ], [ -103.4567847, 20.3514129 ], [ -103.4568524, 20.3513503 ], [ -103.45692, 20.3512876 ], [ -103.456988, 20.3511979 ], [ -103.4570653, 20.3511263 ], [ -103.4571139, 20.3510545 ], [ -103.4571816, 20.3509918 ], [ -103.4572396, 20.3509381 ], [ -103.4573072, 20.3508845 ], [ -103.4573845, 20.350813 ], [ -103.4574426, 20.3507502 ], [ -103.4575006, 20.3506965 ], [ -103.4576267, 20.350535 ], [ -103.4576945, 20.3504634 ], [ -103.4577528, 20.3503826 ], [ -103.4577921, 20.3502836 ], [ -103.4578216, 20.3502025 ], [ -103.4578609, 20.3501035 ], [ -103.4579, 20.3500225 ], [ -103.4579681, 20.3499238 ], [ -103.4580262, 20.349861 ], [ -103.4580842, 20.3497983 ], [ -103.458152, 20.3497266 ], [ -103.4582102, 20.3496549 ], [ -103.4582682, 20.3496012 ], [ -103.4583358, 20.3495476 ], [ -103.4584035, 20.3494759 ], [ -103.4585099, 20.3493775 ], [ -103.4585873, 20.3492968 ], [ -103.4586165, 20.3492519 ], [ -103.4586653, 20.349162 ], [ -103.4588112, 20.3489284 ], [ -103.4588695, 20.3488476 ], [ -103.4589565, 20.3487671 ], [ -103.4590435, 20.3486866 ], [ -103.4591304, 20.3486151 ], [ -103.4592078, 20.3485435 ], [ -103.4593141, 20.348445 ], [ -103.4594015, 20.3483284 ], [ -103.4594696, 20.3482206 ], [ -103.4595182, 20.3481487 ], [ -103.4595767, 20.3480499 ], [ -103.4596446, 20.3479601 ], [ -103.4597221, 20.3478705 ], [ -103.4597995, 20.3477899 ], [ -103.4598864, 20.3477274 ], [ -103.4599635, 20.3476739 ], [ -103.4600501, 20.3476385 ], [ -103.4601077, 20.3476209 ], [ -103.4601848, 20.3475764 ], [ -103.4603396, 20.3474152 ], [ -103.4604556, 20.3473078 ], [ -103.4605616, 20.3472455 ], [ -103.4606389, 20.347183 ], [ -103.4607067, 20.3471022 ], [ -103.4607459, 20.3470123 ], [ -103.460795, 20.3468952 ], [ -103.4608151, 20.3467961 ], [ -103.4608638, 20.3467152 ], [ -103.460941, 20.3466526 ], [ -103.4610278, 20.3465992 ], [ -103.4611047, 20.3465728 ], [ -103.4611912, 20.3465374 ], [ -103.4612682, 20.3465019 ], [ -103.4613262, 20.3464482 ], [ -103.4613841, 20.3464036 ], [ -103.4614907, 20.346278 ], [ -103.4615876, 20.3461705 ], [ -103.4616262, 20.3461347 ], [ -103.4616841, 20.34609 ], [ -103.4617419, 20.3460634 ], [ -103.4617999, 20.3460098 ], [ -103.4618486, 20.3459289 ], [ -103.4619069, 20.345839 ], [ -103.4619459, 20.3457762 ], [ -103.4620053, 20.3455779 ], [ -103.4620253, 20.3454878 ] ] } },
{ "type": "Feature", "properties": { "ID": 6918453, "CVE_SUBC": "RH12Dc", "CLAVE50K": "f13d75", "TIPO": 101, "ENTIDAD": "CORRIENTE DE AGUA", "FC": 3271, "CONDICION": "INTERMITENTE", "EDICION": "O", "FECHA": "1994-12-31", "LENGTHM": 2223.9524, "ID_DRENA": 6, "FLOWDIR": 1, "ENABLED": 1, "DESC_ENABL": null, "CALI_REPR": 0, "SEQUENCEID": 3036.0, "ORDER_1": 2, "LEVEL_1": 2, "ARBSUM_1": 6286.8111, "PATHL_1": 21472.5433 }, "geometry": { "type": "LineString", "coordinates": [ [ -103.446912, 20.3530508 ], [ -103.4469423, 20.3528976 ], [ -103.4469624, 20.3527984 ], [ -103.4470114, 20.3526904 ], [ -103.4470505, 20.3526094 ], [ -103.4470991, 20.3525376 ], [ -103.4471959, 20.3524391 ], [ -103.447235, 20.3523581 ], [ -103.4472457, 20.3522498 ], [ -103.4472563, 20.3521505 ], [ -103.4472668, 20.3520513 ], [ -103.4472968, 20.351925 ], [ -103.4473362, 20.351817 ], [ -103.4473949, 20.3517001 ], [ -103.4474534, 20.3515922 ], [ -103.4475115, 20.3515295 ], [ -103.4475599, 20.3514757 ], [ -103.4475991, 20.3513947 ], [ -103.4476096, 20.3513045 ], [ -103.4476488, 20.3512055 ], [ -103.4476688, 20.3511244 ], [ -103.4476791, 20.3510522 ], [ -103.4476989, 20.3509891 ], [ -103.4477677, 20.3508181 ], [ -103.4477973, 20.350728 ], [ -103.4478267, 20.350665 ], [ -103.4478659, 20.350575 ], [ -103.4478859, 20.3504849 ], [ -103.4478963, 20.3504037 ], [ -103.4479161, 20.3503406 ], [ -103.4479461, 20.3502144 ], [ -103.4479851, 20.3501425 ], [ -103.448044, 20.3500075 ], [ -103.4481134, 20.3497642 ], [ -103.4481529, 20.3496471 ], [ -103.4481921, 20.3495571 ], [ -103.4482124, 20.3494489 ], [ -103.4482229, 20.3493496 ], [ -103.4482238, 20.3492593 ], [ -103.4482342, 20.3491781 ], [ -103.4482736, 20.34907 ], [ -103.4483128, 20.34898 ], [ -103.4483422, 20.348917 ], [ -103.4483814, 20.3488271 ], [ -103.4483923, 20.3487007 ], [ -103.4483832, 20.3486464 ], [ -103.4483651, 20.3485378 ], [ -103.4483759, 20.3484205 ], [ -103.4483958, 20.3483484 ], [ -103.4484155, 20.3482944 ], [ -103.4484351, 20.3482494 ], [ -103.4484742, 20.3481684 ], [ -103.4485035, 20.3481145 ], [ -103.4485332, 20.3480154 ], [ -103.4485531, 20.3479433 ], [ -103.448573, 20.3478712 ], [ -103.4486222, 20.3477361 ], [ -103.4486616, 20.3476281 ], [ -103.4487105, 20.3475291 ], [ -103.4487496, 20.3474482 ], [ -103.4487885, 20.3473853 ], [ -103.4488466, 20.3473226 ], [ -103.4489046, 20.3472689 ], [ -103.4489627, 20.3472061 ], [ -103.4490209, 20.3471344 ], [ -103.4490312, 20.3470622 ], [ -103.4490412, 20.3470171 ], [ -103.4490514, 20.346954 ], [ -103.449091, 20.3468279 ], [ -103.44913, 20.3467559 ], [ -103.4492749, 20.3466398 ], [ -103.4493326, 20.3466132 ], [ -103.4493903, 20.3465866 ], [ -103.4494578, 20.3465511 ], [ -103.449506, 20.3465154 ], [ -103.4495639, 20.3464707 ], [ -103.4496412, 20.3464082 ], [ -103.4497089, 20.3463365 ], [ -103.4497574, 20.3462827 ], [ -103.4498058, 20.3462289 ], [ -103.4498542, 20.3461752 ], [ -103.4499122, 20.3461215 ], [ -103.4499606, 20.3460677 ], [ -103.4500283, 20.3460051 ], [ -103.4500863, 20.3459514 ], [ -103.4502503, 20.3458354 ], [ -103.4503563, 20.3457731 ], [ -103.4505106, 20.3456661 ], [ -103.450607, 20.3456037 ], [ -103.4507321, 20.3455416 ], [ -103.4508381, 20.3454793 ], [ -103.4509248, 20.3454349 ], [ -103.4510307, 20.3453816 ], [ -103.4511076, 20.3453461 ], [ -103.4512423, 20.3452841 ], [ -103.4513482, 20.3452308 ], [ -103.4516556, 20.3451432 ], [ -103.4517132, 20.3451347 ], [ -103.4517802, 20.3451353 ], [ -103.4518568, 20.345136 ], [ -103.4519526, 20.3451368 ], [ -103.4520291, 20.3451465 ], [ -103.4521248, 20.3451564 ], [ -103.4522012, 20.3451752 ], [ -103.4523543, 20.3451946 ], [ -103.4524787, 20.3452047 ], [ -103.4525363, 20.3451962 ], [ -103.4526035, 20.3451787 ], [ -103.4527094, 20.3451255 ], [ -103.4527673, 20.3450808 ], [ -103.4528158, 20.345018 ], [ -103.4528547, 20.3449641 ], [ -103.4528935, 20.3449103 ], [ -103.4529418, 20.3448746 ], [ -103.4529898, 20.3448569 ], [ -103.4530379, 20.3448393 ], [ -103.4531149, 20.3448038 ], [ -103.4532497, 20.3447328 ], [ -103.4532978, 20.3447061 ], [ -103.4533941, 20.3446527 ], [ -103.4534904, 20.3445994 ], [ -103.4535961, 20.3445732 ], [ -103.4536728, 20.3445649 ], [ -103.4537496, 20.3445475 ], [ -103.4538457, 20.3445122 ], [ -103.4540377, 20.3444687 ], [ -103.4541626, 20.3444337 ], [ -103.4542775, 20.3444347 ], [ -103.4543828, 20.3444356 ], [ -103.4544497, 20.3444543 ], [ -103.4545454, 20.3444642 ], [ -103.4550713, 20.3445501 ], [ -103.455215, 20.3445514 ], [ -103.4553012, 20.3445522 ], [ -103.4554259, 20.3445352 ], [ -103.4555218, 20.344518 ], [ -103.4556274, 20.3444918 ], [ -103.4557235, 20.3444656 ], [ -103.4558098, 20.3444483 ], [ -103.4559249, 20.3444402 ], [ -103.4560496, 20.3444233 ], [ -103.456155, 20.3444152 ], [ -103.4562603, 20.3444161 ], [ -103.4563082, 20.3444165 ], [ -103.4565188, 20.3444274 ], [ -103.4566624, 20.3444377 ], [ -103.4568823, 20.3444758 ], [ -103.456997, 20.3445039 ], [ -103.4570828, 20.3445408 ], [ -103.4571305, 20.3445593 ], [ -103.4572163, 20.3446052 ], [ -103.4574168, 20.3446702 ], [ -103.4576071, 20.3447984 ], [ -103.4577119, 20.3448535 ], [ -103.4578072, 20.3448995 ], [ -103.4579312, 20.3449548 ], [ -103.4580648, 20.3450012 ], [ -103.4582081, 20.3450386 ], [ -103.4584278, 20.3450947 ], [ -103.4585521, 20.3451229 ], [ -103.4586764, 20.3451421 ], [ -103.4587815, 20.3451701 ], [ -103.4588768, 20.3452161 ], [ -103.4590009, 20.3452624 ], [ -103.4591344, 20.3453178 ], [ -103.4592492, 20.3453278 ], [ -103.4593164, 20.3453194 ], [ -103.4594219, 20.3453022 ], [ -103.459489, 20.3452938 ], [ -103.4595561, 20.3452944 ], [ -103.4596327, 20.345295 ], [ -103.4598535, 20.3452428 ], [ -103.4600745, 20.3451725 ], [ -103.4601322, 20.3451459 ], [ -103.4603626, 20.3451027 ], [ -103.4604393, 20.3450944 ], [ -103.4605161, 20.345077 ], [ -103.4605831, 20.3450776 ], [ -103.4606694, 20.3450693 ], [ -103.4607269, 20.3450608 ], [ -103.4608036, 20.3450615 ], [ -103.4608802, 20.3450621 ], [ -103.4610332, 20.3450816 ], [ -103.461263, 20.3450926 ], [ -103.4613684, 20.3450935 ], [ -103.4614833, 20.3450946 ], [ -103.4615695, 20.3450953 ], [ -103.4616365, 20.3450959 ], [ -103.4617323, 20.3450967 ], [ -103.4617992, 20.3451064 ], [ -103.4618661, 20.345125 ], [ -103.4619233, 20.3451526 ], [ -103.462019, 20.3451625 ], [ -103.4620859, 20.3451721 ], [ -103.4621531, 20.3451637 ], [ -103.4622681, 20.3451557 ] ] } },
{ "type": "Feature", "properties": { "ID": 6918457, "CVE_SUBC": "RH12Dc", "CLAVE50K": null, "TIPO": 101, "ENTIDAD": "CORRIENTE DE AGUA", "FC": 3271, "CONDICION": "INTERMITENTE", "EDICION": "N", "FECHA": "2007-11-09", "LENGTHM": 518.0331, "ID_DRENA": 5, "FLOWDIR": 1, "ENABLED": 1, "DESC_ENABL": null, "CALI_REPR": 1, "SEQUENCEID": 2727.0, "ORDER_1": 1, "LEVEL_1": 3, "ARBSUM_1": 1185.1316, "PATHL_1": 2361.939 }, "geometry": { "type": "LineString", "coordinates": [ [ -103.4906227, 20.3891723 ], [ -103.4907693, 20.3889506 ], [ -103.4910072, 20.3886889 ], [ -103.4912452, 20.3884509 ], [ -103.4913879, 20.3882368 ], [ -103.4916973, 20.3879988 ], [ -103.4919352, 20.3877133 ], [ -103.4920066, 20.3877133 ], [ -103.4921731, 20.3875943 ], [ -103.4923873, 20.3875943 ], [ -103.4925777, 20.3875943 ], [ -103.4928156, 20.3874754 ], [ -103.4930535, 20.387285 ], [ -103.4932201, 20.3871422 ], [ -103.4934819, 20.3871184 ], [ -103.4939102, 20.3868805 ], [ -103.4943147, 20.3867615 ], [ -103.4945645, 20.3866782 ] ] } },
{ "type": "Feature", "properties": { "ID": 6918464, "CVE_SUBC": "RH12Dc", "CLAVE50K": "f13d75", "TIPO": 101, "ENTIDAD": "CORRIENTE DE AGUA", "FC": 3271, "CONDICION": "INTERMITENTE", "EDICION": "O", "FECHA": "1994-12-31", "LENGTHM": 530.167, "ID_DRENA": 6, "FLOWDIR": 1, "ENABLED": 1, "DESC_ENABL": null, "CALI_REPR": 0, "SEQUENCEID": 3137.0, "ORDER_1": 1, "LEVEL_1": 3, "ARBSUM_1": 530.167, "PATHL_1": 25992.575 }, "geometry": { "type": "LineString", "coordinates": [ [ -103.4478648, 20.3382168 ], [ -103.4479513, 20.3381904 ], [ -103.4480186, 20.338164 ], [ -103.4481143, 20.3381648 ], [ -103.4482006, 20.3381565 ], [ -103.4482773, 20.3381482 ], [ -103.4483446, 20.3381217 ], [ -103.44846, 20.3380775 ], [ -103.4485658, 20.3380333 ], [ -103.4486618, 20.3380161 ], [ -103.4488054, 20.3380174 ], [ -103.4489203, 20.3380184 ], [ -103.4489779, 20.3380099 ], [ -103.4490354, 20.3380013 ], [ -103.4490931, 20.3379838 ], [ -103.4493917, 20.3378148 ], [ -103.4494877, 20.3377885 ], [ -103.4496029, 20.3377625 ], [ -103.4496606, 20.3377359 ], [ -103.449728, 20.3377003 ], [ -103.4497861, 20.3376376 ], [ -103.4498728, 20.3375842 ], [ -103.4499594, 20.3375488 ], [ -103.450046, 20.3375134 ], [ -103.4501326, 20.337469 ], [ -103.4502, 20.3374335 ], [ -103.4502769, 20.3374071 ], [ -103.4503538, 20.3373807 ], [ -103.4504305, 20.3373723 ], [ -103.450517, 20.3373369 ], [ -103.4505842, 20.3373195 ], [ -103.4506803, 20.3372932 ], [ -103.4507763, 20.337267 ], [ -103.4510161, 20.337233 ], [ -103.4511024, 20.3372247 ], [ -103.4512559, 20.337199 ], [ -103.4513135, 20.3371814 ], [ -103.4514289, 20.3371372 ], [ -103.451477, 20.3371106 ], [ -103.4515734, 20.3370482 ], [ -103.4516219, 20.3369854 ], [ -103.451709, 20.3368958 ], [ -103.4517865, 20.3368152 ], [ -103.4518156, 20.3367703 ], [ -103.4518352, 20.3367253 ], [ -103.4518453, 20.3366802 ], [ -103.451865, 20.3366262 ], [ -103.4518846, 20.3365722 ], [ -103.4519618, 20.3365186 ], [ -103.452058, 20.3364743 ], [ -103.4521161, 20.3364116 ], [ -103.4521456, 20.3363396 ], [ -103.4521653, 20.3362856 ], [ -103.4522042, 20.3362227 ] ] } },
{ "type": "Feature", "properties": { "ID": 6918468, "CVE_SUBC": "RH12Dc", "CLAVE50K": "f13d75", "TIPO": 101, "ENTIDAD": "CORRIENTE DE AGUA", "FC": 3271, "CONDICION": "INTERMITENTE", "EDICION": "O", "FECHA": "1994-12-31", "LENGTHM": 710.9621, "ID_DRENA": 6, "FLOWDIR": 1, "ENABLED": 1, "DESC_ENABL": null, "CALI_REPR": 0, "SEQUENCEID": 3214.0, "ORDER_1": 2, "LEVEL_1": 2, "ARBSUM_1": 4730.0309, "PATHL_1": 28083.5631 }, "geometry": { "type": "LineString", "coordinates": [ [ -103.4149036, 20.3085884 ], [ -103.4149705, 20.308598 ], [ -103.4151995, 20.3086814 ], [ -103.415352, 20.308746 ], [ -103.4154664, 20.3088013 ], [ -103.4155331, 20.308829 ], [ -103.4158102, 20.3088857 ], [ -103.4159441, 20.308905 ], [ -103.4160398, 20.3089058 ], [ -103.4161548, 20.3089069 ], [ -103.4162698, 20.3088899 ], [ -103.4163942, 20.3089 ], [ -103.4164992, 20.3089371 ], [ -103.416604, 20.3089832 ], [ -103.4167181, 20.3090656 ], [ -103.4168321, 20.3091569 ], [ -103.4169271, 20.3092301 ], [ -103.4170701, 20.3092946 ], [ -103.4171844, 20.3093498 ], [ -103.4172987, 20.3094141 ], [ -103.4173942, 20.3094421 ], [ -103.4174516, 20.3094426 ], [ -103.4175282, 20.3094433 ], [ -103.4176048, 20.309444 ], [ -103.4177291, 20.3094632 ], [ -103.4178436, 20.3095003 ], [ -103.4179579, 20.3095646 ], [ -103.4180623, 20.3096559 ], [ -103.4181285, 20.3097378 ], [ -103.4182041, 20.3098378 ], [ -103.4182892, 20.309938 ], [ -103.418584, 20.3101484 ], [ -103.418641, 20.3101851 ], [ -103.418727, 20.3102039 ], [ -103.4188992, 20.3102235 ], [ -103.4189757, 20.3102333 ], [ -103.4190904, 20.3102524 ], [ -103.4192144, 20.3102987 ], [ -103.4192906, 20.3103445 ], [ -103.4193858, 20.3103996 ], [ -103.4194618, 20.3104545 ], [ -103.4195475, 20.3105094 ], [ -103.4196334, 20.3105373 ], [ -103.4197483, 20.3105384 ], [ -103.4198726, 20.3105485 ], [ -103.4201685, 20.3106506 ], [ -103.4202824, 20.3107419 ], [ -103.4203486, 20.3108329 ], [ -103.4203954, 20.3109327 ], [ -103.4204328, 20.3110233 ], [ -103.4204416, 20.3111047 ], [ -103.4204596, 20.3112133 ], [ -103.4204583, 20.3113397 ], [ -103.4204956, 20.3114394 ] ] } },
{ "type": "Feature", "properties": { "ID": 6918478, "CVE_SUBC": "RH12Dc", "CLAVE50K": null, "TIPO": 101, "ENTIDAD": "CORRIENTE DE AGUA", "FC": 3271, "CONDICION": "INTERMITENTE", "EDICION": "N", "FECHA": "2007-11-09", "LENGTHM": 844.0662, "ID_DRENA": 6, "FLOWDIR": 1, "ENABLED": 1, "DESC_ENABL": null, "CALI_REPR": 2, "SEQUENCEID": 2912.0, "ORDER_1": 4, "LEVEL_1": 2, "ARBSUM_1": 17847.7783, "PATHL_1": 9867.1045 }, "geometry": { "type": "LineString", "coordinates": [ [ -103.523385, 20.3876286 ], [ -103.523558, 20.3876969 ], [ -103.5246525, 20.3880776 ], [ -103.5257471, 20.3884108 ], [ -103.5271747, 20.3884346 ], [ -103.5284121, 20.3884346 ], [ -103.529578, 20.3882918 ], [ -103.5306012, 20.3881966 ], [ -103.5313388, 20.3881014 ] ] } },
{ "type": "Feature", "properties": { "ID": 6918487, "CVE_SUBC": "RH12Dc", "CLAVE50K": "f13d75", "TIPO": 101, "ENTIDAD": "CORRIENTE DE AGUA", "FC": 3271, "CONDICION": "INTERMITENTE", "EDICION": "O", "FECHA": "1994-12-31", "LENGTHM": 6.6389, "ID_DRENA": 6, "FLOWDIR": 1, "ENABLED": 1, "DESC_ENABL": null, "CALI_REPR": 0, "SEQUENCEID": 3151.0, "ORDER_1": 2, "LEVEL_1": 3, "ARBSUM_1": 2354.4215, "PATHL_1": 25664.3186 }, "geometry": { "type": "LineString", "coordinates": [ [ -103.4416358, 20.3217388 ], [ -103.441699, 20.3217475 ] ] } },
{ "type": "Feature", "properties": { "ID": 6918492, "CVE_SUBC": "RH12Dc", "CLAVE50K": "f13d75", "TIPO": 101, "ENTIDAD": "CORRIENTE DE AGUA", "FC": 3271, "CONDICION": "INTERMITENTE", "EDICION": "O", "FECHA": "1994-12-31", "LENGTHM": 986.1796, "ID_DRENA": 6, "FLOWDIR": 1, "ENABLED": 1, "DESC_ENABL": null, "CALI_REPR": 0, "SEQUENCEID": 3141.0, "ORDER_1": 1, "LEVEL_1": 3, "ARBSUM_1": 986.1796, "PATHL_1": 27164.5496 }, "geometry": { "type": "LineString", "coordinates": [ [ -103.4425629, 20.3511873 ], [ -103.4426598, 20.3510707 ], [ -103.4427092, 20.3509176 ], [ -103.4427024, 20.3506465 ], [ -103.4427033, 20.3505562 ], [ -103.4427146, 20.3503846 ], [ -103.4427346, 20.3503035 ], [ -103.4427643, 20.3502044 ], [ -103.442834, 20.349943 ], [ -103.4428737, 20.3497989 ], [ -103.4428744, 20.3497266 ], [ -103.4428655, 20.3496633 ], [ -103.4428762, 20.3495459 ], [ -103.4429062, 20.3494197 ], [ -103.4429267, 20.3492934 ], [ -103.4430047, 20.3491496 ], [ -103.4431127, 20.3488886 ], [ -103.4431329, 20.3487894 ], [ -103.4431532, 20.3486721 ], [ -103.4431832, 20.3485459 ], [ -103.443194, 20.3484196 ], [ -103.4432241, 20.3482843 ], [ -103.4432445, 20.3481671 ], [ -103.4432455, 20.3480587 ], [ -103.4432573, 20.347842 ], [ -103.4432967, 20.3477339 ], [ -103.4433359, 20.3476439 ], [ -103.4433748, 20.347581 ], [ -103.4434332, 20.3474912 ], [ -103.4435108, 20.3473925 ], [ -103.4437439, 20.3470784 ], [ -103.4438117, 20.3469977 ], [ -103.4438987, 20.3469172 ], [ -103.4439664, 20.3468546 ], [ -103.4440436, 20.346792 ], [ -103.4440921, 20.3467382 ], [ -103.4441795, 20.3466125 ], [ -103.444209, 20.3465405 ], [ -103.4442194, 20.3464593 ], [ -103.4442202, 20.346378 ], [ -103.4442211, 20.3462877 ], [ -103.4442314, 20.3462155 ], [ -103.4442512, 20.3461525 ], [ -103.4442996, 20.3460987 ], [ -103.4443288, 20.3460538 ], [ -103.4444163, 20.3459281 ], [ -103.444571, 20.3457759 ], [ -103.4447642, 20.345615 ], [ -103.4448416, 20.3455434 ], [ -103.4448997, 20.3454717 ], [ -103.4449484, 20.3453908 ], [ -103.4450074, 20.3452377 ], [ -103.4450857, 20.3450758 ], [ -103.4451251, 20.3449678 ], [ -103.4451741, 20.3448598 ], [ -103.4452039, 20.3447517 ], [ -103.4452434, 20.3446255 ], [ -103.4452541, 20.3445172 ], [ -103.4452645, 20.344436 ], [ -103.445275, 20.3443458 ], [ -103.445334, 20.3441927 ], [ -103.445373, 20.3441208 ], [ -103.4454026, 20.3440307 ], [ -103.4454418, 20.3439498 ], [ -103.4455008, 20.3437967 ], [ -103.4456182, 20.3435448 ], [ -103.4456574, 20.3434548 ], [ -103.4456582, 20.3433826 ], [ -103.445659, 20.3433013 ], [ -103.4456404, 20.3432379 ], [ -103.4456313, 20.3431926 ], [ -103.4455936, 20.3431381 ], [ -103.4455078, 20.3430922 ] ] } },
{ "type": "Feature", "properties": { "ID": 6918500, "CVE_SUBC": "RH12Dc", "CLAVE50K": "f13d75", "TIPO": 101, "ENTIDAD": "CORRIENTE DE AGUA", "FC": 3271, "CONDICION": "INTERMITENTE", "EDICION": "O", "FECHA": "1994-12-31", "LENGTHM": 597.5679, "ID_DRENA": 6, "FLOWDIR": 1, "ENABLED": 1, "DESC_ENABL": null, "CALI_REPR": 0, "SEQUENCEID": 3033.0, "ORDER_1": 2, "LEVEL_1": 3, "ARBSUM_1": 2376.4061, "PATHL_1": 21518.9812 }, "geometry": { "type": "LineString", "coordinates": [ [ -103.4566637, 20.3462355 ], [ -103.4567404, 20.3462271 ], [ -103.4568459, 20.346219 ], [ -103.4569512, 20.3462199 ], [ -103.4571427, 20.3462307 ], [ -103.4573725, 20.3462327 ], [ -103.4575449, 20.3462342 ], [ -103.4576694, 20.3462353 ], [ -103.4577366, 20.3462269 ], [ -103.4578039, 20.3462004 ], [ -103.4578521, 20.3461647 ], [ -103.4579387, 20.3461293 ], [ -103.4580057, 20.3461299 ], [ -103.4581014, 20.3461398 ], [ -103.4581681, 20.3461765 ], [ -103.4582443, 20.3462133 ], [ -103.4583209, 20.346223 ], [ -103.4584069, 20.3462418 ], [ -103.4584639, 20.3462875 ], [ -103.4585693, 20.3462794 ], [ -103.4586366, 20.3462619 ], [ -103.4588187, 20.3462455 ], [ -103.4589048, 20.3462552 ], [ -103.4589908, 20.3462741 ], [ -103.4590673, 20.3462928 ], [ -103.4591535, 20.3462936 ], [ -103.4592493, 20.3462854 ], [ -103.4593645, 20.3462593 ], [ -103.4594126, 20.3462417 ], [ -103.4594801, 20.3461971 ], [ -103.4595477, 20.3461435 ], [ -103.4596246, 20.3461171 ], [ -103.4597206, 20.3460908 ], [ -103.4598452, 20.3460829 ], [ -103.4599601, 20.3460839 ], [ -103.4600176, 20.3460844 ], [ -103.4600942, 20.3460851 ], [ -103.4601805, 20.3460768 ], [ -103.4602381, 20.3460592 ], [ -103.4603148, 20.3460509 ], [ -103.4603819, 20.3460515 ], [ -103.4604197, 20.346097 ], [ -103.4604776, 20.3460613 ], [ -103.4605162, 20.3460256 ], [ -103.4605548, 20.3459988 ], [ -103.4606503, 20.3460267 ], [ -103.460708, 20.3460092 ], [ -103.4607753, 20.3459827 ], [ -103.4608619, 20.3459383 ], [ -103.4609102, 20.3459025 ], [ -103.4609583, 20.3458759 ], [ -103.4610163, 20.3458222 ], [ -103.4610455, 20.3457773 ], [ -103.4610651, 20.3457323 ], [ -103.4611328, 20.3456696 ], [ -103.4612288, 20.3456434 ], [ -103.461296, 20.3456259 ], [ -103.4613918, 20.3456267 ], [ -103.461478, 20.3456275 ], [ -103.4615547, 20.3456191 ], [ -103.4616219, 20.3456017 ], [ -103.4616893, 20.3455661 ], [ -103.4617375, 20.3455394 ], [ -103.4618528, 20.3455043 ], [ -103.461939, 20.3455051 ], [ -103.4620253, 20.3454878 ] ] } },
{ "type": "Feature", "properties": { "ID": 6918501, "CVE_SUBC": "RH12Dc", "CLAVE50K": "f13d75", "TIPO": 101, "ENTIDAD": "CORRIENTE DE AGUA", "FC": 3271, "CONDICION": "INTERMITENTE", "EDICION": "O", "FECHA": "1994-12-31", "LENGTHM": 487.2954, "ID_DRENA": 6, "FLOWDIR": 1, "ENABLED": 1, "DESC_ENABL": null, "CALI_REPR": 0, "SEQUENCEID": 3247.0, "ORDER_1": 1, "LEVEL_1": 3, "ARBSUM_1": 487.2954, "PATHL_1": 32470.7383 }, "geometry": { "type": "LineString", "coordinates": [ [ -103.4110337, 20.3518337 ], [ -103.4110446, 20.3516983 ], [ -103.411008, 20.3515354 ], [ -103.4109702, 20.3514808 ], [ -103.4108466, 20.3513894 ], [ -103.410809, 20.3513258 ], [ -103.4107732, 20.3510725 ], [ -103.4107935, 20.3509643 ], [ -103.4108045, 20.3508289 ], [ -103.4108054, 20.3507386 ], [ -103.4107689, 20.3505576 ], [ -103.4107706, 20.350395 ], [ -103.4107621, 20.3502865 ], [ -103.4107542, 20.3501238 ], [ -103.4107361, 20.3500243 ], [ -103.4106715, 20.3497798 ], [ -103.4106633, 20.3496442 ], [ -103.4106644, 20.3495449 ], [ -103.4106847, 20.3494276 ], [ -103.4106953, 20.3493283 ], [ -103.4107663, 20.3489405 ], [ -103.4108157, 20.3487964 ], [ -103.4109041, 20.3485804 ], [ -103.410954, 20.3483822 ], [ -103.4110327, 20.3481841 ], [ -103.4111007, 20.3480854 ], [ -103.411227, 20.3479149 ], [ -103.4112952, 20.3477981 ], [ -103.4113543, 20.347645 ] ] } },
{ "type": "Feature", "properties": { "ID": 6918505, "CVE_SUBC": "RH12Dc", "CLAVE50K": null, "TIPO": 101, "ENTIDAD": "CORRIENTE DE AGUA", "FC": 3271, "CONDICION": "INTERMITENTE", "EDICION": "N", "FECHA": "2007-11-09", "LENGTHM": 466.6838, "ID_DRENA": 5, "FLOWDIR": 1, "ENABLED": 1, "DESC_ENABL": null, "CALI_REPR": 2, "SEQUENCEID": 2649.0, "ORDER_1": 1, "LEVEL_1": 2, "ARBSUM_1": 466.6838, "PATHL_1": 3287.4127 }, "geometry": { "type": "LineString", "coordinates": [ [ -103.4834003, 20.3559096 ], [ -103.4833531, 20.3557014 ], [ -103.4831873, 20.3555632 ], [ -103.4830215, 20.3553007 ], [ -103.4831597, 20.355204 ], [ -103.4834498, 20.3550105 ], [ -103.4841959, 20.3544579 ], [ -103.4848453, 20.354071 ], [ -103.4852736, 20.3536565 ], [ -103.4855361, 20.3534493 ], [ -103.4859419, 20.3531486 ] ] } },
{ "type": "Feature", "properties": { "ID": 6918507, "CVE_SUBC": "RH12Dc", "CLAVE50K": "f13d75", "TIPO": 101, "ENTIDAD": "CORRIENTE DE AGUA", "FC": 3271, "CONDICION": "INTERMITENTE", "EDICION": "O", "FECHA": "1994-12-31", "LENGTHM": 269.7046, "ID_DRENA": 6, "FLOWDIR": 1, "ENABLED": 1, "DESC_ENABL": null, "CALI_REPR": 0, "SEQUENCEID": 3177.0, "ORDER_1": 2, "LEVEL_1": 3, "ARBSUM_1": 2354.6785, "PATHL_1": 29694.8786 }, "geometry": { "type": "LineString", "coordinates": [ [ -103.4291473, 20.3365951 ], [ -103.4292916, 20.3365331 ], [ -103.4294266, 20.336444 ], [ -103.4295429, 20.3363005 ], [ -103.4296308, 20.3361387 ], [ -103.4296801, 20.3359946 ], [ -103.4297105, 20.3358323 ], [ -103.4297212, 20.3357149 ], [ -103.4297613, 20.3355436 ], [ -103.4298197, 20.3354448 ], [ -103.4298587, 20.3353819 ], [ -103.4299746, 20.3352836 ], [ -103.4300712, 20.3352032 ], [ -103.4301779, 20.3350686 ], [ -103.4302648, 20.3349971 ], [ -103.430342, 20.3349436 ], [ -103.4304096, 20.33489 ], [ -103.4304678, 20.3348183 ], [ -103.4305642, 20.3347469 ], [ -103.430603, 20.334702 ] ] } },
{ "type": "Feature", "properties": { "ID": 6918508, "CVE_SUBC": "RH12Dc", "CLAVE50K": "f13d75", "TIPO": 101, "ENTIDAD": "CORRIENTE DE AGUA", "FC": 3271, "CONDICION": "INTERMITENTE", "EDICION": "O", "FECHA": "1994-12-31", "LENGTHM": 471.1366, "ID_DRENA": 6, "FLOWDIR": 1, "ENABLED": 1, "DESC_ENABL": null, "CALI_REPR": 0, "SEQUENCEID": 2960.0, "ORDER_1": 1, "LEVEL_1": 3, "ARBSUM_1": 471.1366, "PATHL_1": 11851.7452 }, "geometry": { "type": "LineString", "coordinates": [ [ -103.5381877, 20.377499 ], [ -103.538139, 20.3775889 ], [ -103.5379841, 20.3777593 ], [ -103.5379067, 20.37784 ], [ -103.5378101, 20.3779204 ], [ -103.5377041, 20.3779918 ], [ -103.5375982, 20.3780451 ], [ -103.5374445, 20.378089 ], [ -103.5373389, 20.3781062 ], [ -103.5371951, 20.378114 ], [ -103.5369458, 20.378139 ], [ -103.5366296, 20.3781454 ], [ -103.5364091, 20.3781616 ], [ -103.5362748, 20.3781786 ], [ -103.535757, 20.3782284 ], [ -103.5355264, 20.3782988 ], [ -103.5353446, 20.3782792 ], [ -103.5352396, 20.3782331 ], [ -103.535144, 20.3782143 ], [ -103.535029, 20.3782133 ], [ -103.534914, 20.3782214 ], [ -103.534818, 20.3782386 ], [ -103.5347032, 20.3782196 ], [ -103.5345598, 20.3781913 ], [ -103.5344647, 20.3781182 ], [ -103.534341, 20.3780268 ], [ -103.5342554, 20.3779538 ], [ -103.5341792, 20.3779171 ], [ -103.5340646, 20.3778709 ] ] } },
{ "type": "Feature", "properties": { "ID": 6918520, "CVE_SUBC": "RH12Dc", "CLAVE50K": "f13d75", "TIPO": 101, "ENTIDAD": "CORRIENTE DE AGUA", "FC": 3271, "CONDICION": "INTERMITENTE", "EDICION": "O", "FECHA": "1994-12-31", "LENGTHM": 409.4961, "ID_DRENA": 6, "FLOWDIR": 1, "ENABLED": 1, "DESC_ENABL": null, "CALI_REPR": 0, "SEQUENCEID": 2936.0, "ORDER_1": 1, "LEVEL_1": 4, "ARBSUM_1": 409.4961, "PATHL_1": 13799.9527 }, "geometry": { "type": "LineString", "coordinates": [ [ -103.5043476, 20.3946206 ], [ -103.5042054, 20.3944568 ], [ -103.5040917, 20.3943293 ], [ -103.5039969, 20.3942201 ], [ -103.5039021, 20.3941199 ], [ -103.5037981, 20.3939745 ], [ -103.5037416, 20.3938746 ], [ -103.5036562, 20.3937835 ], [ -103.5034952, 20.3935924 ], [ -103.5033625, 20.3934377 ], [ -103.5033058, 20.393365 ], [ -103.503183, 20.3931832 ], [ -103.5031264, 20.3930834 ], [ -103.502852, 20.3927287 ], [ -103.5026816, 20.3925194 ], [ -103.5026438, 20.3924649 ], [ -103.5024647, 20.3921562 ], [ -103.5023615, 20.3919295 ], [ -103.5023338, 20.3918208 ], [ -103.5022785, 20.3915945 ], [ -103.5022505, 20.391522 ] ] } },
{ "type": "Feature", "properties": { "ID": 6918528, "CVE_SUBC": "RH12Dc", "CLAVE50K": "f13d75", "TIPO": 101, "ENTIDAD": "CORRIENTE DE AGUA", "FC": 3271, "CONDICION": "INTERMITENTE", "EDICION": "O", "FECHA": "1994-12-31", "LENGTHM": 542.1102, "ID_DRENA": 5, "FLOWDIR": 1, "ENABLED": 1, "DESC_ENABL": null, "CALI_REPR": 0, "SEQUENCEID": 2655.0, "ORDER_1": 1, "LEVEL_1": 2, "ARBSUM_1": 542.1102, "PATHL_1": 3994.7561 }, "geometry": { "type": "LineString", "coordinates": [ [ -103.4766222, 20.3513883 ], [ -103.4766796, 20.3513888 ], [ -103.4767277, 20.3513712 ], [ -103.4768428, 20.3513541 ], [ -103.4769194, 20.3513548 ], [ -103.4770634, 20.3513199 ], [ -103.4771115, 20.3513023 ], [ -103.4771692, 20.3512847 ], [ -103.4772651, 20.3512675 ], [ -103.4773418, 20.3512591 ], [ -103.4774281, 20.3512508 ], [ -103.4775336, 20.3512337 ], [ -103.4776008, 20.3512252 ], [ -103.4776776, 20.3512078 ], [ -103.4777734, 20.3511996 ], [ -103.4778502, 20.3511822 ], [ -103.4779367, 20.3511559 ], [ -103.4780041, 20.3511203 ], [ -103.4780716, 20.3510758 ], [ -103.4782164, 20.3509596 ], [ -103.4784378, 20.3508531 ], [ -103.4785147, 20.3508176 ], [ -103.4785726, 20.350782 ], [ -103.4786591, 20.3507466 ], [ -103.4787362, 20.3507021 ], [ -103.4788226, 20.3506758 ], [ -103.4788898, 20.3506673 ], [ -103.4789761, 20.350659 ], [ -103.4790528, 20.3506507 ], [ -103.4791585, 20.3506155 ], [ -103.4792065, 20.3505978 ], [ -103.4792737, 20.3505894 ], [ -103.4793503, 20.35059 ], [ -103.4795607, 20.350619 ], [ -103.479618, 20.3506375 ], [ -103.4797039, 20.3506744 ], [ -103.479761, 20.350711 ], [ -103.4798182, 20.3507386 ], [ -103.4798848, 20.3507844 ], [ -103.4799416, 20.3508481 ], [ -103.4799604, 20.3508935 ], [ -103.4800074, 20.3509752 ], [ -103.4800646, 20.3510118 ], [ -103.4801411, 20.3510215 ], [ -103.480189, 20.3510219 ], [ -103.4802368, 20.3510314 ], [ -103.4802846, 20.3510408 ], [ -103.4803609, 20.3510776 ], [ -103.4805609, 20.3511878 ], [ -103.4806183, 20.3511973 ], [ -103.48081, 20.3511809 ], [ -103.4809344, 20.3512001 ], [ -103.48102, 20.351255 ], [ -103.4811247, 20.3513282 ], [ -103.4811911, 20.351392 ], [ -103.4812576, 20.3514468 ], [ -103.4813147, 20.3514924 ] ] } },
{ "type": "Feature", "properties": { "ID": 6918530, "CVE_SUBC": "RH12Dc", "CLAVE50K": null, "TIPO": 101, "ENTIDAD": "CORRIENTE DE AGUA", "FC": 3271, "CONDICION": "INTERMITENTE", "EDICION": "N", "FECHA": "2007-11-09", "LENGTHM": 348.4887, "ID_DRENA": 6, "FLOWDIR": 1, "ENABLED": 1, "DESC_ENABL": null, "CALI_REPR": 1, "SEQUENCEID": 2933.0, "ORDER_1": 3, "LEVEL_1": 2, "ARBSUM_1": 6717.3398, "PATHL_1": 12831.2713 }, "geometry": { "type": "LineString", "coordinates": [ [ -103.5009086, 20.3872002 ], [ -103.5016385, 20.3874787 ], [ -103.5021921, 20.3877194 ], [ -103.5026976, 20.3876953 ], [ -103.5034679, 20.387575 ], [ -103.5041178, 20.3877194 ] ] } },
{ "type": "Feature", "properties": { "ID": 6918538, "CVE_SUBC": "RH12Dc", "CLAVE50K": null, "TIPO": 101, "ENTIDAD": "CORRIENTE DE AGUA", "FC": 3271, "CONDICION": "INTERMITENTE", "EDICION": "N", "FECHA": "2007-11-09", "LENGTHM": 36.9663, "ID_DRENA": 6, "FLOWDIR": 1, "ENABLED": 1, "DESC_ENABL": null, "CALI_REPR": 1, "SEQUENCEID": 2943.0, "ORDER_1": 1, "LEVEL_1": 3, "ARBSUM_1": 999.1256, "PATHL_1": 13677.7416 }, "geometry": { "type": "LineString", "coordinates": [ [ -103.4966903, 20.3878877 ], [ -103.4965752, 20.3875705 ] ] } },
{ "type": "Feature", "properties": { "ID": 6918542, "CVE_SUBC": "RH12Dc", "CLAVE50K": "f13d75", "TIPO": 101, "ENTIDAD": "CORRIENTE DE AGUA", "FC": 3271, "CONDICION": "INTERMITENTE", "EDICION": "O", "FECHA": "1994-12-31", "LENGTHM": 740.8327, "ID_DRENA": 6, "FLOWDIR": 1, "ENABLED": 1, "DESC_ENABL": null, "CALI_REPR": 0, "SEQUENCEID": 3233.0, "ORDER_1": 3, "LEVEL_1": 1, "ARBSUM_1": 25374.9706, "PATHL_1": 27587.5724 }, "geometry": { "type": "LineString", "coordinates": [ [ -103.4208608, 20.3169714 ], [ -103.4208996, 20.3169266 ], [ -103.4209771, 20.3168369 ], [ -103.421045, 20.3167562 ], [ -103.4211221, 20.3167028 ], [ -103.4211895, 20.3166672 ], [ -103.4212666, 20.3166228 ], [ -103.4214298, 20.316579 ], [ -103.4215832, 20.3165624 ], [ -103.4217941, 20.3165372 ], [ -103.4218612, 20.3165378 ], [ -103.4220528, 20.3165305 ], [ -103.4221488, 20.3165042 ], [ -103.4222161, 20.3164777 ], [ -103.4222837, 20.3164242 ], [ -103.4223322, 20.3163614 ], [ -103.4223807, 20.3162986 ], [ -103.4224102, 20.3162266 ], [ -103.4224395, 20.3161636 ], [ -103.4225658, 20.315984 ], [ -103.4226527, 20.3159216 ], [ -103.4227008, 20.3158949 ], [ -103.4228735, 20.3158603 ], [ -103.4231323, 20.3158446 ], [ -103.4234492, 20.3157571 ], [ -103.4235263, 20.3157036 ], [ -103.423594, 20.315641 ], [ -103.4236522, 20.3155692 ], [ -103.4236915, 20.3154702 ], [ -103.4237309, 20.3153622 ], [ -103.4237512, 20.3152449 ], [ -103.423762, 20.3151276 ], [ -103.4237726, 20.3150193 ], [ -103.423783, 20.3149471 ], [ -103.4238412, 20.3148663 ], [ -103.4238896, 20.3148216 ], [ -103.4239377, 20.3147949 ], [ -103.4240528, 20.3147779 ], [ -103.4241102, 20.3147784 ], [ -103.4242158, 20.3147523 ], [ -103.4243021, 20.314744 ], [ -103.4243598, 20.3147264 ], [ -103.4244562, 20.3146641 ], [ -103.4245236, 20.3146195 ], [ -103.4245815, 20.3145749 ], [ -103.424775, 20.3143869 ], [ -103.4249102, 20.3142707 ], [ -103.4249492, 20.3142078 ], [ -103.4249689, 20.3141447 ], [ -103.4249988, 20.3140366 ], [ -103.425019, 20.3139284 ], [ -103.4250198, 20.3138471 ], [ -103.4250107, 20.3138018 ], [ -103.4249825, 20.3137474 ], [ -103.4249352, 20.3136928 ], [ -103.4248793, 20.3135387 ], [ -103.424909, 20.3134486 ], [ -103.425015, 20.3133773 ], [ -103.425207, 20.3133338 ], [ -103.4253414, 20.3132989 ], [ -103.4254376, 20.3132546 ], [ -103.4255434, 20.3132104 ], [ -103.4255915, 20.3131837 ] ] } },
{ "type": "Feature", "properties": { "ID": 6918545, "CVE_SUBC": "RH12Dc", "CLAVE50K": "f13d75", "TIPO": 101, "ENTIDAD": "CORRIENTE DE AGUA", "FC": 3271, "CONDICION": "INTERMITENTE", "EDICION": "O", "FECHA": "1994-12-31", "LENGTHM": 202.911, "ID_DRENA": 6, "FLOWDIR": 1, "ENABLED": 1, "DESC_ENABL": null, "CALI_REPR": 0, "SEQUENCEID": 3162.0, "ORDER_1": 1, "LEVEL_1": 2, "ARBSUM_1": 1031.8807, "PATHL_1": 25137.3497 }, "geometry": { "type": "LineString", "coordinates": [ [ -103.4440388, 20.308073 ], [ -103.4441422, 20.3082185 ], [ -103.4441798, 20.3082911 ], [ -103.4441682, 20.3084898 ], [ -103.444158, 20.3085529 ], [ -103.4441177, 20.3087513 ], [ -103.4440978, 20.3088234 ], [ -103.444096, 20.3090131 ], [ -103.4441139, 20.3091307 ], [ -103.4441503, 20.3093207 ], [ -103.4441966, 20.3094837 ], [ -103.4442324, 20.309728 ], [ -103.4442503, 20.3098546 ] ] } },
{ "type": "Feature", "properties": { "ID": 6918546, "CVE_SUBC": "RH12Dc", "CLAVE50K": "f13d75", "TIPO": 101, "ENTIDAD": "CORRIENTE DE AGUA", "FC": 3271, "CONDICION": "INTERMITENTE", "EDICION": "O", "FECHA": "1994-12-31", "LENGTHM": 925.8848, "ID_DRENA": 5, "FLOWDIR": 1, "ENABLED": 1, "DESC_ENABL": null, "CALI_REPR": 0, "SEQUENCEID": 2664.0, "ORDER_1": 1, "LEVEL_1": 2, "ARBSUM_1": 925.8848, "PATHL_1": 4457.9517 }, "geometry": { "type": "LineString", "coordinates": [ [ -103.4594821, 20.3730276 ], [ -103.4596735, 20.3730473 ], [ -103.4597213, 20.3730568 ], [ -103.459798, 20.3730575 ], [ -103.4598937, 20.3730583 ], [ -103.4599797, 20.3730862 ], [ -103.4600656, 20.373114 ], [ -103.4601896, 20.3731693 ], [ -103.4602754, 20.3732152 ], [ -103.4603799, 20.3732975 ], [ -103.4604655, 20.3733615 ], [ -103.4605035, 20.3733979 ], [ -103.4605698, 20.3734708 ], [ -103.4606555, 20.3735258 ], [ -103.4607219, 20.3735896 ], [ -103.4608077, 20.3736355 ], [ -103.4609504, 20.3737361 ], [ -103.4610835, 20.3738367 ], [ -103.4611216, 20.3738641 ], [ -103.4612833, 20.373974 ], [ -103.4613787, 20.37402 ], [ -103.4614738, 20.374084 ], [ -103.4617214, 20.3742308 ], [ -103.4618164, 20.3743129 ], [ -103.4618639, 20.3743585 ], [ -103.4619684, 20.3744407 ], [ -103.4620158, 20.3744953 ], [ -103.4621195, 20.3746679 ], [ -103.4621666, 20.3747496 ], [ -103.4622137, 20.3748313 ], [ -103.4622419, 20.3748858 ], [ -103.4622796, 20.3749403 ], [ -103.4623748, 20.3750044 ], [ -103.4625081, 20.3750869 ], [ -103.4625841, 20.3751508 ], [ -103.4627078, 20.3752332 ], [ -103.4628128, 20.3752793 ], [ -103.4628894, 20.3752799 ], [ -103.4630811, 20.3752726 ], [ -103.4633973, 20.3752664 ], [ -103.4635026, 20.3752673 ], [ -103.4636174, 20.3752864 ], [ -103.4636937, 20.3753232 ], [ -103.4637985, 20.3753783 ], [ -103.4638556, 20.375424 ], [ -103.4639701, 20.3754611 ], [ -103.4640945, 20.3754803 ], [ -103.4642094, 20.3754903 ], [ -103.4642859, 20.3755 ], [ -103.4644297, 20.3754922 ], [ -103.4645257, 20.375466 ], [ -103.4646122, 20.3754397 ], [ -103.4648328, 20.3754145 ], [ -103.4650052, 20.375416 ], [ -103.4651008, 20.375444 ], [ -103.4652633, 20.3754725 ], [ -103.4654066, 20.3755189 ], [ -103.4655214, 20.375538 ], [ -103.4656746, 20.3755393 ], [ -103.465828, 20.3755316 ], [ -103.4659241, 20.3754964 ], [ -103.4660202, 20.3754701 ], [ -103.4661356, 20.375426 ], [ -103.4662126, 20.3753905 ], [ -103.4665012, 20.3752666 ], [ -103.4666452, 20.3752317 ], [ -103.4668663, 20.3751614 ], [ -103.4670775, 20.375118 ], [ -103.4672216, 20.3750741 ], [ -103.4673081, 20.3750478 ] ] } },
{ "type": "Feature", "properties": { "ID": 6918550, "CVE_SUBC": "RH12Dc", "CLAVE50K": "f13d75", "TIPO": 101, "ENTIDAD": "CORRIENTE DE AGUA", "FC": 3271, "CONDICION": "INTERMITENTE", "EDICION": "O", "FECHA": "1994-12-31", "LENGTHM": 1066.8179, "ID_DRENA": 6, "FLOWDIR": 1, "ENABLED": 1, "DESC_ENABL": null, "CALI_REPR": 0, "SEQUENCEID": 3201.0, "ORDER_1": 1, "LEVEL_1": 2, "ARBSUM_1": 1066.8179, "PATHL_1": 26632.4958 }, "geometry": { "type": "LineString", "coordinates": [ [ -103.4276607, 20.3017295 ], [ -103.4277359, 20.3018747 ], [ -103.4278868, 20.3021019 ], [ -103.4280091, 20.3023198 ], [ -103.4281219, 20.3025195 ], [ -103.4281875, 20.3026647 ], [ -103.4282819, 20.302801 ], [ -103.4283949, 20.3029918 ], [ -103.428527, 20.3031826 ], [ -103.4286119, 20.3033099 ], [ -103.4287248, 20.3035096 ], [ -103.428838, 20.3036823 ], [ -103.4289134, 20.3038004 ], [ -103.4290073, 20.3039819 ], [ -103.4292136, 20.3044174 ], [ -103.4292699, 20.3045263 ], [ -103.4293254, 20.3047165 ], [ -103.429419, 20.3049342 ], [ -103.429551, 20.3051341 ], [ -103.4295883, 20.3052338 ], [ -103.4296731, 20.3053791 ], [ -103.4297952, 20.305606 ], [ -103.4298798, 20.3057694 ], [ -103.4299646, 20.3059057 ], [ -103.4300304, 20.3060237 ], [ -103.430087, 20.3061146 ], [ -103.4302076, 20.3064951 ], [ -103.4303269, 20.3070111 ], [ -103.4304205, 20.3072287 ], [ -103.4304657, 20.3074911 ], [ -103.4305024, 20.307645 ], [ -103.4305393, 20.3077899 ], [ -103.4306041, 20.3080073 ], [ -103.4306787, 20.3082067 ], [ -103.4307913, 20.3084426 ], [ -103.4309888, 20.3087966 ], [ -103.4311015, 20.3090145 ], [ -103.431186, 20.3091778 ], [ -103.4317335, 20.3099687 ], [ -103.4318568, 20.3100872 ], [ -103.4319232, 20.310142 ], [ -103.4319994, 20.3101879 ], [ -103.4321709, 20.3102707 ] ] } },
{ "type": "Feature", "properties": { "ID": 6918573, "CVE_SUBC": "RH12Dc", "CLAVE50K": "f13d75", "TIPO": 101, "ENTIDAD": "CORRIENTE DE AGUA", "FC": 3271, "CONDICION": "INTERMITENTE", "EDICION": "O", "FECHA": "1994-12-31", "LENGTHM": 359.5491, "ID_DRENA": 6, "FLOWDIR": 1, "ENABLED": 1, "DESC_ENABL": null, "CALI_REPR": 0, "SEQUENCEID": 2920.0, "ORDER_1": 2, "LEVEL_1": 3, "ARBSUM_1": 1654.9567, "PATHL_1": 12651.2771 }, "geometry": { "type": "LineString", "coordinates": [ [ -103.5129063, 20.3993463 ], [ -103.5131458, 20.3993574 ], [ -103.5135576, 20.3993699 ], [ -103.5137682, 20.3993988 ], [ -103.5138635, 20.3994538 ], [ -103.5140444, 20.3995638 ], [ -103.5141687, 20.3995919 ], [ -103.5143125, 20.3995841 ], [ -103.5144371, 20.3995852 ], [ -103.5146189, 20.3996138 ], [ -103.5148766, 20.3997154 ], [ -103.5149816, 20.3997615 ], [ -103.5151534, 20.3998262 ], [ -103.515316, 20.3998637 ], [ -103.5154495, 20.3999281 ], [ -103.5155731, 20.4000285 ], [ -103.515763, 20.4002018 ], [ -103.5158674, 20.4003111 ], [ -103.5159816, 20.4003933 ], [ -103.5160292, 20.4004299 ] ] } },
{ "type": "Feature", "properties": { "ID": 6918574, "CVE_SUBC": "RH12Dc", "CLAVE50K": "f13d75", "TIPO": 101, "ENTIDAD": "CORRIENTE DE AGUA", "FC": 3271, "CONDICION": "INTERMITENTE", "EDICION": "O", "FECHA": "1994-12-31", "LENGTHM": 190.0214, "ID_DRENA": 6, "FLOWDIR": 1, "ENABLED": 1, "DESC_ENABL": null, "CALI_REPR": 0, "SEQUENCEID": 2938.0, "ORDER_1": 1, "LEVEL_1": 3, "ARBSUM_1": 864.1728, "PATHL_1": 13708.407 }, "geometry": { "type": "LineString", "coordinates": [ [ -103.4985864, 20.392927 ], [ -103.4985874, 20.3928275 ], [ -103.4985884, 20.3927282 ], [ -103.498552, 20.3925291 ], [ -103.4985243, 20.3924205 ], [ -103.4985155, 20.3923391 ], [ -103.4984974, 20.3922305 ], [ -103.4984979, 20.3921763 ], [ -103.4984794, 20.3921039 ], [ -103.4984415, 20.3920584 ], [ -103.4984133, 20.3920039 ], [ -103.498395, 20.3919225 ], [ -103.4984536, 20.3918055 ], [ -103.4985023, 20.3917247 ], [ -103.4985222, 20.3916435 ], [ -103.498523, 20.3915622 ], [ -103.4985142, 20.3914808 ], [ -103.4985055, 20.3913904 ], [ -103.498487, 20.391327 ], [ -103.4984876, 20.3912638 ] ] } },
{ "type": "Feature", "properties": { "ID": 6918596, "CVE_SUBC": "RH12Dc", "CLAVE50K": "f13d75", "TIPO": 101, "ENTIDAD": "CORRIENTE DE AGUA", "FC": 3271, "CONDICION": "INTERMITENTE", "EDICION": "O", "FECHA": "1994-12-31", "LENGTHM": 818.1302, "ID_DRENA": 6, "FLOWDIR": 1, "ENABLED": 1, "DESC_ENABL": null, "CALI_REPR": 0, "SEQUENCEID": 2989.0, "ORDER_1": 1, "LEVEL_1": 3, "ARBSUM_1": 818.1302, "PATHL_1": 16017.2808 }, "geometry": { "type": "LineString", "coordinates": [ [ -103.5439972, 20.3623005 ], [ -103.5439447, 20.3622796 ], [ -103.5438397, 20.3622335 ], [ -103.5437156, 20.3621873 ], [ -103.5436393, 20.3621505 ], [ -103.5435057, 20.3620952 ], [ -103.543458, 20.3620767 ], [ -103.5433433, 20.3620487 ], [ -103.5432478, 20.3620208 ], [ -103.5431428, 20.3619838 ], [ -103.5430474, 20.3619378 ], [ -103.5429426, 20.3618737 ], [ -103.542876, 20.361828 ], [ -103.5427807, 20.361773 ], [ -103.5426568, 20.3617087 ], [ -103.5425328, 20.3616444 ], [ -103.5424184, 20.3615893 ], [ -103.5421901, 20.3614247 ], [ -103.5421043, 20.3613788 ], [ -103.5419519, 20.3612782 ], [ -103.5418187, 20.3611868 ], [ -103.5417046, 20.3610955 ], [ -103.5415904, 20.3610132 ], [ -103.5414764, 20.3609129 ], [ -103.5413721, 20.3607946 ], [ -103.5412868, 20.3607035 ], [ -103.5412108, 20.3606396 ], [ -103.5410964, 20.3605754 ], [ -103.5409056, 20.3604925 ], [ -103.5408006, 20.3604465 ], [ -103.5407435, 20.3604099 ], [ -103.5406484, 20.3603368 ], [ -103.5405916, 20.360264 ], [ -103.5405252, 20.3602003 ], [ -103.5404783, 20.3600915 ], [ -103.540412, 20.3600096 ], [ -103.5403457, 20.3599277 ], [ -103.5402508, 20.3598366 ], [ -103.5401843, 20.3597728 ], [ -103.540089, 20.3597178 ], [ -103.5400415, 20.3596813 ], [ -103.5399749, 20.3596355 ], [ -103.5398989, 20.3595626 ], [ -103.5397559, 20.3594892 ], [ -103.5396606, 20.3594342 ], [ -103.5393455, 20.3593322 ], [ -103.5392882, 20.3593136 ], [ -103.5392119, 20.3592768 ], [ -103.5391452, 20.3592401 ], [ -103.5390499, 20.3591851 ], [ -103.538983, 20.3591665 ], [ -103.5388494, 20.3591112 ], [ -103.5386778, 20.3590284 ], [ -103.5385923, 20.3589555 ], [ -103.538545, 20.3588918 ], [ -103.5385072, 20.3588283 ] ] } },
{ "type": "Feature", "properties": { "ID": 6918604, "CVE_SUBC": "RH12Dc", "CLAVE50K": "f13d75", "TIPO": 101, "ENTIDAD": "CORRIENTE DE AGUA", "FC": 3271, "CONDICION": "INTERMITENTE", "EDICION": "O", "FECHA": "1994-12-31", "LENGTHM": 7.2521, "ID_DRENA": 6, "FLOWDIR": 1, "ENABLED": 1, "DESC_ENABL": null, "CALI_REPR": 0, "SEQUENCEID": 3085.0, "ORDER_1": 2, "LEVEL_1": 3, "ARBSUM_1": 1865.617, "PATHL_1": 19688.91 }, "geometry": { "type": "LineString", "coordinates": [ [ -103.5060905, 20.3160399 ], [ -103.5060233, 20.3160574 ] ] } },
{ "type": "Feature", "properties": { "ID": 6918628, "CVE_SUBC": "RH12Dc", "CLAVE50K": "f13d75", "TIPO": 101, "ENTIDAD": "CORRIENTE DE AGUA", "FC": 3271, "CONDICION": "INTERMITENTE", "EDICION": "O", "FECHA": "1994-12-31", "LENGTHM": 912.4358, "ID_DRENA": 6, "FLOWDIR": 1, "ENABLED": 1, "DESC_ENABL": null, "CALI_REPR": 0, "SEQUENCEID": 3213.0, "ORDER_1": 1, "LEVEL_1": 3, "ARBSUM_1": 912.4358, "PATHL_1": 28707.3835 }, "geometry": { "type": "LineString", "coordinates": [ [ -103.4093499, 20.3179331 ], [ -103.4094366, 20.3178796 ], [ -103.4095235, 20.3178172 ], [ -103.4096196, 20.3177819 ], [ -103.4097635, 20.3177561 ], [ -103.409869, 20.317739 ], [ -103.4099361, 20.3177306 ], [ -103.410023, 20.3176591 ], [ -103.4100718, 20.3175783 ], [ -103.4101878, 20.3174709 ], [ -103.410265, 20.3174084 ], [ -103.4103227, 20.3173818 ], [ -103.4104187, 20.3173646 ], [ -103.4105808, 20.3174293 ], [ -103.4106379, 20.317466 ], [ -103.4107237, 20.3175029 ], [ -103.4107906, 20.3175216 ], [ -103.4109534, 20.317514 ], [ -103.4110397, 20.3175058 ], [ -103.4111263, 20.3174614 ], [ -103.4111842, 20.3174258 ], [ -103.4113282, 20.317391 ], [ -103.4114048, 20.3173826 ], [ -103.4115198, 20.3173746 ], [ -103.4116062, 20.3173573 ], [ -103.4116734, 20.3173399 ], [ -103.4117696, 20.3173046 ], [ -103.4118753, 20.3172604 ], [ -103.4121445, 20.3171635 ], [ -103.4122306, 20.3171643 ], [ -103.4123358, 20.3171833 ], [ -103.4124123, 20.317193 ], [ -103.4124698, 20.3171935 ], [ -103.4126325, 20.317195 ], [ -103.412719, 20.3171687 ], [ -103.4127768, 20.3171331 ], [ -103.4129504, 20.3170172 ], [ -103.413066, 20.316946 ], [ -103.4131334, 20.3169105 ], [ -103.4132198, 20.3168932 ], [ -103.4133059, 20.316894 ], [ -103.4133633, 20.3169035 ], [ -103.4134301, 20.3169222 ], [ -103.4134971, 20.3169318 ], [ -103.4136216, 20.316933 ], [ -103.4138898, 20.3169264 ], [ -103.4140628, 20.3168647 ], [ -103.4141494, 20.3168203 ], [ -103.4142169, 20.3167758 ], [ -103.4142749, 20.3167221 ], [ -103.4143332, 20.3166413 ], [ -103.4144018, 20.3164884 ], [ -103.4144124, 20.3163891 ], [ -103.4144038, 20.3162896 ], [ -103.4143854, 20.3162172 ], [ -103.4143479, 20.3161356 ], [ -103.4143195, 20.3160992 ], [ -103.4142914, 20.3160447 ], [ -103.4142919, 20.3159905 ], [ -103.4142928, 20.3159092 ], [ -103.4142939, 20.3158008 ], [ -103.4143425, 20.315729 ], [ -103.414391, 20.3156662 ], [ -103.4144586, 20.3156126 ], [ -103.4145355, 20.3155772 ], [ -103.414651, 20.315524 ], [ -103.4147183, 20.3154975 ], [ -103.414795, 20.3154892 ], [ -103.4148525, 20.3154807 ], [ -103.4149103, 20.3154541 ], [ -103.4150067, 20.3153917 ], [ -103.4150266, 20.3153106 ], [ -103.415037, 20.3152384 ], [ -103.4150856, 20.3151666 ], [ -103.4151631, 20.315077 ], [ -103.4152113, 20.3150413 ], [ -103.4153078, 20.3149699 ], [ -103.4154329, 20.3149078 ], [ -103.4155771, 20.3148549 ], [ -103.4157023, 20.3147838 ], [ -103.4157986, 20.3147304 ], [ -103.4158666, 20.3146407 ], [ -103.4159345, 20.314551 ], [ -103.416012, 20.3144613 ] ] } },
{ "type": "Feature", "properties": { "ID": 6918630, "CVE_SUBC": "RH12Dc", "CLAVE50K": null, "TIPO": 101, "ENTIDAD": "CORRIENTE DE AGUA", "FC": 3271, "CONDICION": "INTERMITENTE", "EDICION": "N", "FECHA": "2007-11-09", "LENGTHM": 698.8536, "ID_DRENA": 5, "FLOWDIR": 1, "ENABLED": 1, "DESC_ENABL": null, "CALI_REPR": 1, "SEQUENCEID": 2739.0, "ORDER_1": 1, "LEVEL_1": 2, "ARBSUM_1": 1240.1985, "PATHL_1": 2220.3488 }, "geometry": { "type": "LineString", "coordinates": [ [ -103.4867925, 20.3859429 ], [ -103.4871287, 20.385548 ], [ -103.4874618, 20.3852863 ], [ -103.4878425, 20.3850245 ], [ -103.4881757, 20.3848104 ], [ -103.4887943, 20.3845486 ], [ -103.4893654, 20.3843107 ], [ -103.4900792, 20.3840251 ], [ -103.4907693, 20.3838348 ], [ -103.4912452, 20.383573 ], [ -103.4916973, 20.3834303 ], [ -103.4923397, 20.3831209 ], [ -103.4926456, 20.3830035 ] ] } },
{ "type": "Feature", "properties": { "ID": 6918634, "CVE_SUBC": "RH12Dc", "CLAVE50K": "f13d75", "TIPO": 101, "ENTIDAD": "CORRIENTE DE AGUA", "FC": 3271, "CONDICION": "INTERMITENTE", "EDICION": "O", "FECHA": "1994-12-31", "LENGTHM": 278.0684, "ID_DRENA": 6, "FLOWDIR": 1, "ENABLED": 1, "DESC_ENABL": null, "CALI_REPR": 0, "SEQUENCEID": 3270.0, "ORDER_1": 2, "LEVEL_1": 1, "ARBSUM_1": 1184.529, "PATHL_1": 33623.9276 }, "geometry": { "type": "LineString", "coordinates": [ [ -103.4206168, 20.3598432 ], [ -103.4205703, 20.3597073 ], [ -103.4205712, 20.359626 ], [ -103.4205722, 20.3595266 ], [ -103.4205925, 20.3594094 ], [ -103.4206125, 20.3593283 ], [ -103.4206231, 20.359229 ], [ -103.4206241, 20.3591296 ], [ -103.4206056, 20.3590662 ], [ -103.4205965, 20.359021 ], [ -103.420597, 20.3589668 ], [ -103.4205975, 20.3589216 ], [ -103.4205985, 20.3588223 ], [ -103.4205707, 20.3587317 ], [ -103.4205524, 20.3586412 ], [ -103.4205247, 20.3585415 ], [ -103.420506, 20.3584962 ], [ -103.4204501, 20.3583421 ], [ -103.420394, 20.3582061 ], [ -103.4203567, 20.3581064 ], [ -103.4203482, 20.3579979 ], [ -103.4203398, 20.3578804 ], [ -103.4203314, 20.3577719 ], [ -103.4203232, 20.3576364 ], [ -103.4203343, 20.3574829 ], [ -103.4203258, 20.3573744 ] ] } },
{ "type": "Feature", "properties": { "ID": 6918643, "CVE_SUBC": "RH12Dc", "CLAVE50K": "f13d75", "TIPO": 101, "ENTIDAD": "CORRIENTE DE AGUA", "FC": 3271, "CONDICION": "INTERMITENTE", "EDICION": "O", "FECHA": "1994-12-31", "LENGTHM": 576.0851, "ID_DRENA": 6, "FLOWDIR": 1, "ENABLED": 1, "DESC_ENABL": null, "CALI_REPR": 0, "SEQUENCEID": 3143.0, "ORDER_1": 1, "LEVEL_1": 3, "ARBSUM_1": 576.0851, "PATHL_1": 27313.1618 }, "geometry": { "type": "LineString", "coordinates": [ [ -103.4415894, 20.347014 ], [ -103.4416666, 20.3469605 ], [ -103.4417822, 20.3468893 ], [ -103.4421378, 20.346766 ], [ -103.442253, 20.3467399 ], [ -103.44233, 20.3467045 ], [ -103.4424363, 20.3466151 ], [ -103.4425234, 20.3465255 ], [ -103.4426689, 20.3463371 ], [ -103.4428047, 20.3461757 ], [ -103.4429117, 20.346005 ], [ -103.4429999, 20.3458071 ], [ -103.443107, 20.3456364 ], [ -103.4431753, 20.3455105 ], [ -103.4432244, 20.3453845 ], [ -103.4432834, 20.3452405 ], [ -103.4433721, 20.3449883 ], [ -103.4434311, 20.3448352 ], [ -103.4435778, 20.3445294 ], [ -103.4436745, 20.3444399 ], [ -103.4438097, 20.3443327 ], [ -103.4439252, 20.3442705 ], [ -103.4440411, 20.3441812 ], [ -103.4441281, 20.3441007 ], [ -103.4442154, 20.343984 ], [ -103.4442643, 20.3438851 ], [ -103.444285, 20.3437317 ], [ -103.4443057, 20.3435783 ], [ -103.4443066, 20.343488 ], [ -103.444289, 20.3433342 ], [ -103.4442711, 20.3432076 ], [ -103.4442528, 20.3431171 ], [ -103.4442248, 20.3430446 ], [ -103.444216, 20.3429722 ], [ -103.444169, 20.3428815 ] ] } },
{ "type": "Feature", "properties": { "ID": 6918665, "CVE_SUBC": "RH12Dc", "CLAVE50K": "f13d75", "TIPO": 101, "ENTIDAD": "CORRIENTE DE AGUA", "FC": 3271, "CONDICION": "INTERMITENTE", "EDICION": "O", "FECHA": "1994-12-31", "LENGTHM": 1643.7826, "ID_DRENA": 6, "FLOWDIR": 1, "ENABLED": 1, "DESC_ENABL": null, "CALI_REPR": 0, "SEQUENCEID": 2961.0, "ORDER_1": 1, "LEVEL_1": 2, "ARBSUM_1": 1643.7826, "PATHL_1": 11851.7452 }, "geometry": { "type": "LineString", "coordinates": [ [ -103.545981, 20.3729477 ], [ -103.5451102, 20.3728411 ], [ -103.5449668, 20.3728038 ], [ -103.5448333, 20.3727394 ], [ -103.5446713, 20.3726477 ], [ -103.5446238, 20.3726021 ], [ -103.5445093, 20.372556 ], [ -103.5443658, 20.3725277 ], [ -103.544117, 20.3725076 ], [ -103.5440019, 20.3725156 ], [ -103.5437139, 20.3725765 ], [ -103.5435506, 20.3726293 ], [ -103.543406, 20.3727185 ], [ -103.5433096, 20.3727809 ], [ -103.5432033, 20.3728884 ], [ -103.5431354, 20.3729782 ], [ -103.5429911, 20.3730402 ], [ -103.5428469, 20.3730932 ], [ -103.5425976, 20.3731092 ], [ -103.542454, 20.373099 ], [ -103.5423776, 20.3730803 ], [ -103.5423204, 20.3730436 ], [ -103.5422631, 20.3730251 ], [ -103.542063, 20.372915 ], [ -103.5419292, 20.3728778 ], [ -103.5416241, 20.3727216 ], [ -103.5414233, 20.3726838 ], [ -103.5412892, 20.3726737 ], [ -103.5410786, 20.3726629 ], [ -103.5410022, 20.3726351 ], [ -103.5409356, 20.3725894 ], [ -103.5408693, 20.3725076 ], [ -103.5407355, 20.3724703 ], [ -103.5406112, 20.3724422 ], [ -103.5404772, 20.372432 ], [ -103.5403241, 20.3724126 ], [ -103.5402091, 20.3724207 ], [ -103.539979, 20.3724369 ], [ -103.5397965, 20.3724895 ], [ -103.5396331, 20.3725424 ], [ -103.5394602, 20.3725951 ], [ -103.5393255, 20.3726572 ], [ -103.5391907, 20.3727284 ], [ -103.5390656, 20.3727906 ], [ -103.5389309, 20.3728437 ], [ -103.5386426, 20.3729406 ], [ -103.5384983, 20.3730026 ], [ -103.5384404, 20.3730473 ], [ -103.5383729, 20.373101 ], [ -103.5383148, 20.3731637 ], [ -103.5382086, 20.3732532 ], [ -103.5380066, 20.3733328 ], [ -103.5378626, 20.3733677 ], [ -103.5376806, 20.3733662 ], [ -103.5375561, 20.3733652 ], [ -103.537422, 20.373355 ], [ -103.5373074, 20.3733179 ], [ -103.5372407, 20.3732812 ], [ -103.5370972, 20.3732619 ], [ -103.5369632, 20.3732427 ], [ -103.5367619, 20.3732591 ], [ -103.5366372, 20.3732761 ], [ -103.5365602, 20.3733116 ], [ -103.5363, 20.3734811 ], [ -103.535991, 20.3737405 ], [ -103.5359036, 20.3738572 ], [ -103.5357676, 20.3740548 ], [ -103.5356607, 20.3742165 ], [ -103.5355731, 20.3743694 ], [ -103.5354659, 20.3745582 ], [ -103.5353877, 20.3747201 ], [ -103.5353003, 20.3748459 ], [ -103.5351935, 20.3749986 ], [ -103.5351352, 20.3750884 ], [ -103.535048, 20.3751871 ], [ -103.5349799, 20.3752949 ], [ -103.5349019, 20.3754388 ], [ -103.5348818, 20.375547 ], [ -103.5348901, 20.3756736 ], [ -103.5349078, 20.3758273 ], [ -103.5349072, 20.3758996 ], [ -103.5348765, 20.3761071 ], [ -103.5348748, 20.3762878 ], [ -103.5348641, 20.3764051 ], [ -103.5348628, 20.3765406 ], [ -103.5348127, 20.3767751 ], [ -103.5346477, 20.3769995 ], [ -103.5346184, 20.3770535 ], [ -103.5344727, 20.3772691 ], [ -103.5344044, 20.377395 ], [ -103.5342976, 20.3775477 ], [ -103.534191, 20.3776823 ], [ -103.5340646, 20.3778709 ] ] } },
{ "type": "Feature", "properties": { "ID": 6918683, "CVE_SUBC": "RH12Dc", "CLAVE50K": "f13d75", "TIPO": 101, "ENTIDAD": "CORRIENTE DE AGUA", "FC": 3271, "CONDICION": "INTERMITENTE", "EDICION": "O", "FECHA": "1994-12-31", "LENGTHM": 1233.0071, "ID_DRENA": 6, "FLOWDIR": 1, "ENABLED": 1, "DESC_ENABL": null, "CALI_REPR": 0, "SEQUENCEID": 2986.0, "ORDER_1": 1, "LEVEL_1": 4, "ARBSUM_1": 1233.0071, "PATHL_1": 15294.8689 }, "geometry": { "type": "LineString", "coordinates": [ [ -103.5399473, 20.3513601 ], [ -103.5399169, 20.3515405 ], [ -103.5399062, 20.3516579 ], [ -103.5398664, 20.3518111 ], [ -103.5398368, 20.3519012 ], [ -103.5397973, 20.3520274 ], [ -103.5397387, 20.3521534 ], [ -103.5396801, 20.3522703 ], [ -103.539641, 20.3523603 ], [ -103.539553, 20.3525493 ], [ -103.5394369, 20.3526658 ], [ -103.5391373, 20.3529524 ], [ -103.5390697, 20.353006 ], [ -103.5388962, 20.353122 ], [ -103.5388094, 20.3531845 ], [ -103.5387035, 20.3532468 ], [ -103.5386264, 20.3532914 ], [ -103.5385204, 20.3533537 ], [ -103.5384531, 20.3533893 ], [ -103.5383279, 20.3534605 ], [ -103.5382316, 20.3535139 ], [ -103.538116, 20.3535852 ], [ -103.5380292, 20.3536387 ], [ -103.5379617, 20.3536923 ], [ -103.5378844, 20.353764 ], [ -103.5377976, 20.3538265 ], [ -103.5376624, 20.3539428 ], [ -103.5375564, 20.3540051 ], [ -103.5374504, 20.3540765 ], [ -103.5373827, 20.3541482 ], [ -103.5372958, 20.3542198 ], [ -103.5372475, 20.3542645 ], [ -103.5369682, 20.3544248 ], [ -103.5368714, 20.3545324 ], [ -103.5367648, 20.354658 ], [ -103.5366295, 20.3547833 ], [ -103.536494, 20.3549358 ], [ -103.5363778, 20.3550703 ], [ -103.5362521, 20.3551867 ], [ -103.5361651, 20.3552763 ], [ -103.5360784, 20.3553208 ], [ -103.5359727, 20.355365 ], [ -103.5358959, 20.3553825 ], [ -103.5357424, 20.3553993 ], [ -103.5356274, 20.3554073 ], [ -103.5353588, 20.3554502 ], [ -103.5352433, 20.3555125 ], [ -103.535185, 20.3555933 ], [ -103.535098, 20.3556739 ], [ -103.5350113, 20.3557274 ], [ -103.5348574, 20.3557984 ], [ -103.534742, 20.3558426 ], [ -103.5346363, 20.3558778 ], [ -103.5345208, 20.3559401 ], [ -103.5344149, 20.3559934 ], [ -103.5342994, 20.3560557 ], [ -103.5342126, 20.3561182 ], [ -103.533818, 20.3563136 ], [ -103.5336926, 20.3564029 ], [ -103.5335097, 20.3565007 ], [ -103.5332784, 20.3566524 ], [ -103.5331724, 20.3567147 ], [ -103.5329705, 20.3567943 ], [ -103.5327783, 20.356856 ], [ -103.5325092, 20.3569531 ], [ -103.5323933, 20.3570515 ], [ -103.5322962, 20.3571862 ], [ -103.5321693, 20.3574471 ], [ -103.5321396, 20.3575462 ], [ -103.5321477, 20.3576999 ], [ -103.5321564, 20.3577993 ], [ -103.5321745, 20.3579079 ], [ -103.5321736, 20.3579982 ], [ -103.5321533, 20.3581245 ], [ -103.5321333, 20.3582147 ], [ -103.532084, 20.3583588 ], [ -103.5320736, 20.3584491 ], [ -103.5320729, 20.3585213 ], [ -103.5320814, 20.3586298 ] ] } },
{ "type": "Feature", "properties": { "ID": 6918690, "CVE_SUBC": "RH12Dc", "CLAVE50K": "f13d75", "TIPO": 101, "ENTIDAD": "CORRIENTE DE AGUA", "FC": 3271, "CONDICION": "INTERMITENTE", "EDICION": "O", "FECHA": "1994-12-31", "LENGTHM": 415.5654, "ID_DRENA": 6, "FLOWDIR": 1, "ENABLED": 1, "DESC_ENABL": null, "CALI_REPR": 0, "SEQUENCEID": 3156.0, "ORDER_1": 2, "LEVEL_1": 2, "ARBSUM_1": 1958.6409, "PATHL_1": 26617.0632 }, "geometry": { "type": "LineString", "coordinates": [ [ -103.441407, 20.3336785 ], [ -103.441398, 20.3336243 ], [ -103.4414179, 20.3335522 ], [ -103.4414762, 20.3334624 ], [ -103.4415631, 20.3333999 ], [ -103.4416402, 20.3333464 ], [ -103.4416794, 20.3332654 ], [ -103.4416897, 20.3331842 ], [ -103.4416808, 20.3331209 ], [ -103.4416636, 20.332931 ], [ -103.4416549, 20.3328406 ], [ -103.4416556, 20.3327683 ], [ -103.4416286, 20.3325965 ], [ -103.4416101, 20.3325331 ], [ -103.4416112, 20.3324247 ], [ -103.4416122, 20.3323163 ], [ -103.4416419, 20.3322262 ], [ -103.4416814, 20.3321001 ], [ -103.4417788, 20.3319474 ], [ -103.441789, 20.3318842 ], [ -103.4417995, 20.3317849 ], [ -103.44181, 20.3316947 ], [ -103.4418205, 20.3316045 ], [ -103.4418596, 20.3315235 ], [ -103.4418984, 20.3314787 ], [ -103.4419564, 20.331425 ], [ -103.4420241, 20.3313533 ], [ -103.4420916, 20.3313088 ], [ -103.442121, 20.3312458 ], [ -103.4422089, 20.3310749 ], [ -103.4422384, 20.3309939 ], [ -103.4422584, 20.3309128 ], [ -103.4422786, 20.3308045 ], [ -103.4422984, 20.3307415 ], [ -103.4423375, 20.3306696 ], [ -103.4423668, 20.3306066 ], [ -103.4424449, 20.3304627 ], [ -103.4424742, 20.3304088 ], [ -103.4425421, 20.3303191 ], [ -103.4425523, 20.3302559 ] ] } },
{ "type": "Feature", "properties": { "ID": 6918693, "CVE_SUBC": "RH12Dc", "CLAVE50K": "f13d75", "TIPO": 101, "ENTIDAD": "CORRIENTE DE AGUA", "FC": 3271, "CONDICION": "INTERMITENTE", "EDICION": "O", "FECHA": "1994-12-31", "LENGTHM": 395.111, "ID_DRENA": 5, "FLOWDIR": 1, "ENABLED": 1, "DESC_ENABL": null, "CALI_REPR": 0, "SEQUENCEID": 2673.0, "ORDER_1": 1, "LEVEL_1": 3, "ARBSUM_1": 395.111, "PATHL_1": 3800.7086 }, "geometry": { "type": "LineString", "coordinates": [ [ -103.470351, 20.3647127 ], [ -103.4704466, 20.3647316 ], [ -103.4705133, 20.3647683 ], [ -103.4705707, 20.3647778 ], [ -103.4706378, 20.3647784 ], [ -103.4707621, 20.3647976 ], [ -103.4709151, 20.364826 ], [ -103.4709915, 20.3648538 ], [ -103.471087, 20.3648817 ], [ -103.4712498, 20.3648832 ], [ -103.4713265, 20.3648748 ], [ -103.4714033, 20.3648574 ], [ -103.4714608, 20.3648579 ], [ -103.4717574, 20.3648966 ], [ -103.4720541, 20.3649263 ], [ -103.4721497, 20.3649452 ], [ -103.4722739, 20.3649734 ], [ -103.4723983, 20.3649926 ], [ -103.4724842, 20.3650204 ], [ -103.4726943, 20.3650855 ], [ -103.4728087, 20.3651407 ], [ -103.472904, 20.3651958 ], [ -103.4729992, 20.3652598 ], [ -103.4730848, 20.3653148 ], [ -103.4733614, 20.3654346 ], [ -103.4735617, 20.3655267 ], [ -103.4736569, 20.3655908 ], [ -103.4737522, 20.3656368 ], [ -103.4738476, 20.3656738 ], [ -103.4739143, 20.3657195 ] ] } },
{ "type": "Feature", "properties": { "ID": 6918695, "CVE_SUBC": "RH12Dc", "CLAVE50K": "f13d75", "TIPO": 102, "ENTIDAD": "CANAL", "FC": 3180, "CONDICION": "EN OPERACION", "EDICION": "O", "FECHA": "2007-11-09", "LENGTHM": 316.3045, "ID_DRENA": 6, "FLOWDIR": 1, "ENABLED": 1, "DESC_ENABL": null, "CALI_REPR": 0, "SEQUENCEID": 2975.0, "ORDER_1": 5, "LEVEL_1": 1, "ARBSUM_1": 199789.7734, "PATHL_1": 13006.5533 }, "geometry": { "type": "LineString", "coordinates": [ [ -103.5154419, 20.3606233 ], [ -103.5154225, 20.3617051 ], [ -103.5154407, 20.3618046 ], [ -103.5154497, 20.3618679 ], [ -103.5154684, 20.3619223 ], [ -103.5155061, 20.3619768 ], [ -103.5155534, 20.3620495 ], [ -103.5165209, 20.3631298 ] ] } },
{ "type": "Feature", "properties": { "ID": 6918703, "CVE_SUBC": "RH12Dc", "CLAVE50K": "f13d75", "TIPO": 101, "ENTIDAD": "CORRIENTE DE AGUA", "FC": 3271, "CONDICION": "INTERMITENTE", "EDICION": "O", "FECHA": "1994-12-31", "LENGTHM": 268.4852, "ID_DRENA": 6, "FLOWDIR": 1, "ENABLED": 1, "DESC_ENABL": null, "CALI_REPR": 0, "SEQUENCEID": 2953.0, "ORDER_1": 1, "LEVEL_1": 3, "ARBSUM_1": 268.4852, "PATHL_1": 14814.3307 }, "geometry": { "type": "LineString", "coordinates": [ [ -103.4924919, 20.3969576 ], [ -103.4925115, 20.3969126 ], [ -103.4925311, 20.3968676 ], [ -103.4925415, 20.3967774 ], [ -103.492542, 20.3967322 ], [ -103.4925424, 20.396687 ], [ -103.4925333, 20.3966418 ], [ -103.4925245, 20.3965604 ], [ -103.4925153, 20.3965152 ], [ -103.4925158, 20.39647 ], [ -103.4925066, 20.3964248 ], [ -103.4924975, 20.3963795 ], [ -103.4924788, 20.3963342 ], [ -103.4924696, 20.3962889 ], [ -103.4924605, 20.3962437 ], [ -103.4924514, 20.3961984 ], [ -103.4924422, 20.3961532 ], [ -103.492395, 20.3960805 ], [ -103.4923478, 20.3960078 ], [ -103.4923098, 20.3959714 ], [ -103.4922626, 20.3958987 ], [ -103.4922342, 20.3958623 ], [ -103.492206, 20.3958169 ], [ -103.4921395, 20.3957531 ], [ -103.4921111, 20.3957167 ], [ -103.492073, 20.3956893 ], [ -103.4920066, 20.3956254 ], [ -103.4919685, 20.395598 ], [ -103.4919021, 20.3955342 ], [ -103.4918356, 20.3954704 ], [ -103.4917981, 20.3953888 ], [ -103.4917986, 20.3953436 ], [ -103.4917514, 20.3952709 ], [ -103.4917138, 20.3951893 ], [ -103.4916951, 20.395144 ], [ -103.4916667, 20.3951076 ], [ -103.4916388, 20.395026 ], [ -103.49162, 20.3949807 ], [ -103.4915825, 20.3948991 ], [ -103.491545, 20.3948174 ] ] } },
{ "type": "Feature", "properties": { "ID": 6918708, "CVE_SUBC": "RH12Dc", "CLAVE50K": "f13d75", "TIPO": 101, "ENTIDAD": "CORRIENTE DE AGUA", "FC": 3271, "CONDICION": "INTERMITENTE", "EDICION": "O", "FECHA": "1994-12-31", "LENGTHM": 264.1364, "ID_DRENA": 6, "FLOWDIR": 1, "ENABLED": 1, "DESC_ENABL": null, "CALI_REPR": 0, "SEQUENCEID": 3206.0, "ORDER_1": 3, "LEVEL_1": 2, "ARBSUM_1": 8659.442, "PATHL_1": 27546.3241 }, "geometry": { "type": "LineString", "coordinates": [ [ -103.4224776, 20.3114664 ], [ -103.4225542, 20.3114671 ], [ -103.4226593, 20.3114861 ], [ -103.4227449, 20.311541 ], [ -103.4227827, 20.3115956 ], [ -103.4228206, 20.3116321 ], [ -103.4228584, 20.3116866 ], [ -103.4229629, 20.3117689 ], [ -103.423049, 20.3117696 ], [ -103.4231936, 20.3116806 ], [ -103.4232516, 20.3116269 ], [ -103.4233098, 20.3115552 ], [ -103.4233487, 20.3114923 ], [ -103.4233973, 20.3114205 ], [ -103.4234938, 20.3113491 ], [ -103.4235421, 20.3113043 ], [ -103.423629, 20.3112419 ], [ -103.423706, 20.3111974 ], [ -103.4238022, 20.3111531 ], [ -103.4238599, 20.3111265 ], [ -103.4239467, 20.3110731 ], [ -103.4240145, 20.3109924 ], [ -103.4241209, 20.310885 ], [ -103.4241791, 20.3108132 ], [ -103.4242662, 20.3107237 ], [ -103.4244176, 20.3106603 ] ] } },
{ "type": "Feature", "properties": { "ID": 6918709, "CVE_SUBC": "RH12Dc", "CLAVE50K": "f13d75", "TIPO": 101, "ENTIDAD": "CORRIENTE DE AGUA", "FC": 3271, "CONDICION": "INTERMITENTE", "EDICION": "O", "FECHA": "1994-12-31", "LENGTHM": 519.2196, "ID_DRENA": 6, "FLOWDIR": 1, "ENABLED": 1, "DESC_ENABL": null, "CALI_REPR": 0, "SEQUENCEID": 3196.0, "ORDER_1": 1, "LEVEL_1": 3, "ARBSUM_1": 519.2196, "PATHL_1": 32327.9262 }, "geometry": { "type": "LineString", "coordinates": [ [ -103.4366559, 20.3613607 ], [ -103.436648, 20.361189 ], [ -103.436575, 20.360836 ], [ -103.4364816, 20.3606003 ], [ -103.4362272, 20.3601735 ], [ -103.4360666, 20.3599552 ], [ -103.4359434, 20.3598186 ], [ -103.4357632, 20.3596454 ], [ -103.4355733, 20.359472 ], [ -103.4353638, 20.3593527 ], [ -103.4352591, 20.3592885 ], [ -103.4350968, 20.3592329 ], [ -103.4349728, 20.3591776 ], [ -103.4348298, 20.359113 ], [ -103.4347441, 20.3590581 ], [ -103.4346112, 20.3589394 ], [ -103.4344879, 20.3588209 ], [ -103.4343552, 20.3586842 ], [ -103.4342603, 20.358593 ], [ -103.434156, 20.3584837 ], [ -103.4340992, 20.3584199 ], [ -103.4340709, 20.3583745 ], [ -103.4340141, 20.3583107 ], [ -103.4339858, 20.3582653 ], [ -103.4339483, 20.3581837 ], [ -103.4339012, 20.358111 ], [ -103.4338444, 20.3580382 ], [ -103.4338161, 20.3579928 ], [ -103.433769, 20.3579201 ], [ -103.4337128, 20.3577931 ] ] } },
{ "type": "Feature", "properties": { "ID": 6918717, "CVE_SUBC": "RH12Dc", "CLAVE50K": null, "TIPO": 101, "ENTIDAD": "CORRIENTE DE AGUA", "FC": 3271, "CONDICION": "INTERMITENTE", "EDICION": "N", "FECHA": "2007-11-09", "LENGTHM": 475.6535, "ID_DRENA": 6, "FLOWDIR": 1, "ENABLED": 1, "DESC_ENABL": null, "CALI_REPR": 1, "SEQUENCEID": 3108.0, "ORDER_1": 2, "LEVEL_1": 2, "ARBSUM_1": 5001.9907, "PATHL_1": 20338.91 }, "geometry": { "type": "LineString", "coordinates": [ [ -103.4838969, 20.3106454 ], [ -103.4838415, 20.3108724 ], [ -103.4834608, 20.3111817 ], [ -103.4828183, 20.3114434 ], [ -103.4824138, 20.3117528 ], [ -103.4821997, 20.3120145 ], [ -103.4821997, 20.3122525 ], [ -103.480653, 20.3130853 ], [ -103.4804708, 20.3131993 ] ] } },
{ "type": "Feature", "properties": { "ID": 6918727, "CVE_SUBC": "RH12Dc", "CLAVE50K": "f13d75", "TIPO": 101, "ENTIDAD": "CORRIENTE DE AGUA", "FC": 3271, "CONDICION": "INTERMITENTE", "EDICION": "O", "FECHA": "1994-12-31", "LENGTHM": 524.4206, "ID_DRENA": 6, "FLOWDIR": 1, "ENABLED": 1, "DESC_ENABL": null, "CALI_REPR": 0, "SEQUENCEID": 3193.0, "ORDER_1": 2, "LEVEL_1": 2, "ARBSUM_1": 2694.8452, "PATHL_1": 31192.8402 }, "geometry": { "type": "LineString", "coordinates": [ [ -103.4329626, 20.3524023 ], [ -103.4329921, 20.3523212 ], [ -103.4330312, 20.3522403 ], [ -103.433013, 20.3521498 ], [ -103.4329757, 20.3520501 ], [ -103.4330155, 20.3519059 ], [ -103.4330066, 20.3518335 ], [ -103.432979, 20.3517249 ], [ -103.4329129, 20.3516249 ], [ -103.4328661, 20.3515161 ], [ -103.4328001, 20.3514161 ], [ -103.4327342, 20.3512981 ], [ -103.4326875, 20.3511802 ], [ -103.4326892, 20.3510177 ], [ -103.4326906, 20.3508731 ], [ -103.432673, 20.3507194 ], [ -103.4326741, 20.350611 ], [ -103.4326856, 20.3504214 ], [ -103.4326773, 20.3502948 ], [ -103.4326593, 20.3501772 ], [ -103.4326797, 20.35006 ], [ -103.4326709, 20.3499786 ], [ -103.4326817, 20.3498613 ], [ -103.4326729, 20.3497799 ], [ -103.4326644, 20.3496804 ], [ -103.4326753, 20.349545 ], [ -103.4327251, 20.3493558 ], [ -103.4327455, 20.3492295 ], [ -103.4327952, 20.3490492 ], [ -103.4328249, 20.3489592 ], [ -103.432845, 20.34886 ], [ -103.4328653, 20.3487518 ], [ -103.4328853, 20.3486706 ], [ -103.4329052, 20.3485895 ], [ -103.4329251, 20.3485174 ], [ -103.4329548, 20.3484274 ], [ -103.4329846, 20.3483192 ], [ -103.432995, 20.348238 ], [ -103.4330055, 20.3481478 ], [ -103.433016, 20.3480575 ], [ -103.4330168, 20.3479762 ], [ -103.4330091, 20.3477864 ] ] } },
{ "type": "Feature", "properties": { "ID": 6918733, "CVE_SUBC": "RH12Dc", "CLAVE50K": "f13d75", "TIPO": 101, "ENTIDAD": "CORRIENTE DE AGUA", "FC": 3271, "CONDICION": "INTERMITENTE", "EDICION": "O", "FECHA": "1994-12-31", "LENGTHM": 629.5951, "ID_DRENA": 6, "FLOWDIR": 1, "ENABLED": 1, "DESC_ENABL": null, "CALI_REPR": 0, "SEQUENCEID": 3005.0, "ORDER_1": 3, "LEVEL_1": 3, "ARBSUM_1": 6975.8025, "PATHL_1": 19284.4958 }, "geometry": { "type": "LineString", "coordinates": [ [ -103.4733998, 20.3518063 ], [ -103.4735053, 20.3517767 ], [ -103.4735917, 20.3517594 ], [ -103.4736396, 20.3517508 ], [ -103.473726, 20.3517334 ], [ -103.4739281, 20.3516358 ], [ -103.474034, 20.3515826 ], [ -103.4741498, 20.3514932 ], [ -103.4742559, 20.3514219 ], [ -103.4743525, 20.3513414 ], [ -103.47443, 20.3512518 ], [ -103.4745074, 20.3511711 ], [ -103.474604, 20.3510907 ], [ -103.4746906, 20.3510553 ], [ -103.4748824, 20.3510299 ], [ -103.4749686, 20.3510306 ], [ -103.4750739, 20.3510315 ], [ -103.4751415, 20.3509779 ], [ -103.4751898, 20.3509332 ], [ -103.4752866, 20.3508346 ], [ -103.4753731, 20.3507993 ], [ -103.4754888, 20.350728 ], [ -103.4756329, 20.3506841 ], [ -103.4757484, 20.3506309 ], [ -103.4758831, 20.3505688 ], [ -103.4760178, 20.3505068 ], [ -103.4761238, 20.3504445 ], [ -103.4762492, 20.3503462 ], [ -103.4764227, 20.3502393 ], [ -103.4765962, 20.3501234 ], [ -103.4767508, 20.3499892 ], [ -103.4769436, 20.3498644 ], [ -103.4770785, 20.3497843 ], [ -103.4772324, 20.3497224 ], [ -103.4775788, 20.3495538 ], [ -103.4777135, 20.3495007 ], [ -103.4778674, 20.3494298 ], [ -103.4779925, 20.3493677 ], [ -103.47807, 20.349287 ], [ -103.4781667, 20.3491885 ], [ -103.478244, 20.3491259 ], [ -103.4783594, 20.3490727 ], [ -103.478475, 20.3490105 ], [ -103.4785262, 20.3489869 ] ] } },
{ "type": "Feature", "properties": { "ID": 6918734, "CVE_SUBC": "RH12Dc", "CLAVE50K": "f13d75", "TIPO": 101, "ENTIDAD": "CORRIENTE DE AGUA", "FC": 3271, "CONDICION": "INTERMITENTE", "EDICION": "O", "FECHA": "1994-12-31", "LENGTHM": 10.2569, "ID_DRENA": 6, "FLOWDIR": 1, "ENABLED": 1, "DESC_ENABL": null, "CALI_REPR": 0, "SEQUENCEID": 3246.0, "ORDER_1": 2, "LEVEL_1": 2, "ARBSUM_1": 2734.1597, "PATHL_1": 32460.4814 }, "geometry": { "type": "LineString", "coordinates": [ [ -103.4113543, 20.347645 ], [ -103.4113072, 20.3475633 ] ] } },
{ "type": "Feature", "properties": { "ID": 6918738, "CVE_SUBC": "RH12Dc", "CLAVE50K": "f13d75", "TIPO": 101, "ENTIDAD": "CORRIENTE DE AGUA", "FC": 3271, "CONDICION": "INTERMITENTE", "EDICION": "O", "FECHA": "1994-12-31", "LENGTHM": 1140.9958, "ID_DRENA": 6, "FLOWDIR": 1, "ENABLED": 1, "DESC_ENABL": null, "CALI_REPR": 0, "SEQUENCEID": 3158.0, "ORDER_1": 1, "LEVEL_1": 2, "ARBSUM_1": 1140.9958, "PATHL_1": 27032.6286 }, "geometry": { "type": "LineString", "coordinates": [ [ -103.4379865, 20.3424017 ], [ -103.438054, 20.3423481 ], [ -103.4381313, 20.3422856 ], [ -103.4383331, 20.3422151 ], [ -103.4384866, 20.3421984 ], [ -103.4386975, 20.3421732 ], [ -103.4387648, 20.3421557 ], [ -103.438861, 20.3421114 ], [ -103.4389286, 20.3420488 ], [ -103.4389867, 20.3419861 ], [ -103.4391413, 20.341852 ], [ -103.4391994, 20.3417892 ], [ -103.4392478, 20.3417445 ], [ -103.4393154, 20.3416819 ], [ -103.4393735, 20.3416192 ], [ -103.4394218, 20.3415834 ], [ -103.4394895, 20.3415208 ], [ -103.4395378, 20.3414761 ], [ -103.4395864, 20.3414042 ], [ -103.4396255, 20.3413233 ], [ -103.4396551, 20.3412422 ], [ -103.4397037, 20.3411704 ], [ -103.4397618, 20.3411077 ], [ -103.4398105, 20.3410268 ], [ -103.4398784, 20.3409461 ], [ -103.4399465, 20.3408383 ], [ -103.440121, 20.3406231 ], [ -103.4402666, 20.3404347 ], [ -103.4403539, 20.340327 ], [ -103.4404317, 20.3402103 ], [ -103.4404613, 20.3401202 ], [ -103.440491, 20.3400211 ], [ -103.4404918, 20.3399489 ], [ -103.4404827, 20.3398946 ], [ -103.4404833, 20.3398404 ], [ -103.4404938, 20.3397501 ], [ -103.4405134, 20.3396961 ], [ -103.4405817, 20.3395793 ], [ -103.4406111, 20.3395073 ], [ -103.4406118, 20.339444 ], [ -103.4406028, 20.3393807 ], [ -103.4405841, 20.3393354 ], [ -103.4405847, 20.3392812 ], [ -103.4405853, 20.339218 ], [ -103.4405862, 20.3391276 ], [ -103.4406063, 20.3390375 ], [ -103.4407521, 20.338822 ], [ -103.4408299, 20.3387052 ], [ -103.4408783, 20.3386514 ], [ -103.4409368, 20.3385526 ], [ -103.4409661, 20.3384896 ], [ -103.4410055, 20.3383816 ], [ -103.441045, 20.3382645 ], [ -103.4411034, 20.3381747 ], [ -103.4411616, 20.3381029 ], [ -103.441201, 20.3379858 ], [ -103.441202, 20.3378955 ], [ -103.4411933, 20.3378051 ], [ -103.4411653, 20.3377326 ], [ -103.4411564, 20.3376602 ], [ -103.4411765, 20.33757 ], [ -103.4412058, 20.3375071 ], [ -103.4412446, 20.3374622 ], [ -103.441284, 20.3373542 ], [ -103.4412945, 20.337264 ], [ -103.4412952, 20.3371917 ], [ -103.4412676, 20.337074 ], [ -103.4412201, 20.3370374 ], [ -103.4410311, 20.3367828 ], [ -103.4409747, 20.3366829 ], [ -103.4409373, 20.3365923 ], [ -103.4409189, 20.3365108 ], [ -103.4409197, 20.3364295 ], [ -103.4409206, 20.3363392 ], [ -103.4409406, 20.336258 ], [ -103.4409897, 20.336141 ], [ -103.4410675, 20.3360243 ], [ -103.441136, 20.3358713 ], [ -103.4411657, 20.3357813 ], [ -103.4412051, 20.3356732 ], [ -103.4412734, 20.3355473 ], [ -103.4413123, 20.3354845 ], [ -103.4413898, 20.3353948 ], [ -103.441429, 20.3353139 ], [ -103.441449, 20.3352237 ], [ -103.4414502, 20.3351063 ], [ -103.4414222, 20.3350338 ], [ -103.4413844, 20.3349792 ], [ -103.4413563, 20.3349157 ], [ -103.4413476, 20.3348343 ], [ -103.4413487, 20.3347259 ], [ -103.4413589, 20.3346628 ], [ -103.4413785, 20.3346178 ], [ -103.4414175, 20.3345459 ], [ -103.4414567, 20.3344559 ], [ -103.4414767, 20.3343748 ], [ -103.4414779, 20.3342573 ], [ -103.4414696, 20.3341308 ], [ -103.4414425, 20.3339589 ], [ -103.4414334, 20.3339137 ], [ -103.4414157, 20.333769 ], [ -103.441407, 20.3336785 ] ] } },
{ "type": "Feature", "properties": { "ID": 6918744, "CVE_SUBC": "RH12Dc", "CLAVE50K": null, "TIPO": 101, "ENTIDAD": "CORRIENTE DE AGUA", "FC": 3271, "CONDICION": "INTERMITENTE", "EDICION": "N", "FECHA": "2007-11-09", "LENGTHM": 450.6682, "ID_DRENA": 5, "FLOWDIR": 1, "ENABLED": 1, "DESC_ENABL": null, "CALI_REPR": 1, "SEQUENCEID": 2699.0, "ORDER_1": 4, "LEVEL_1": 1, "ARBSUM_1": 29615.8475, "PATHL_1": 0.0 }, "geometry": { "type": "LineString", "coordinates": [ [ -103.5047673, 20.373776 ], [ -103.5069623, 20.3721298 ], [ -103.5075659, 20.3710323 ], [ -103.5074853, 20.3708409 ] ] } },
{ "type": "Feature", "properties": { "ID": 6918745, "CVE_SUBC": "RH12Dc", "CLAVE50K": "f13d75", "TIPO": 101, "ENTIDAD": "CORRIENTE DE AGUA", "FC": 3271, "CONDICION": "INTERMITENTE", "EDICION": "O", "FECHA": "1994-12-31", "LENGTHM": 246.5938, "ID_DRENA": 6, "FLOWDIR": 1, "ENABLED": 1, "DESC_ENABL": null, "CALI_REPR": 0, "SEQUENCEID": 3211.0, "ORDER_1": 2, "LEVEL_1": 3, "ARBSUM_1": 1611.6086, "PATHL_1": 28460.7897 }, "geometry": { "type": "LineString", "coordinates": [ [ -103.416012, 20.3144613 ], [ -103.4161087, 20.3143719 ], [ -103.4163592, 20.3142296 ], [ -103.4164365, 20.314158 ], [ -103.4165816, 20.3140148 ], [ -103.4166591, 20.3139252 ], [ -103.4167079, 20.3138353 ], [ -103.4167571, 20.3137093 ], [ -103.4167964, 20.3136102 ], [ -103.4168358, 20.3135022 ], [ -103.4168753, 20.3133851 ], [ -103.4168951, 20.313322 ], [ -103.4169537, 20.3132051 ], [ -103.4169833, 20.3131241 ], [ -103.4170226, 20.3130251 ], [ -103.4170426, 20.3129349 ], [ -103.4170816, 20.3128721 ], [ -103.4171205, 20.3128092 ], [ -103.4171789, 20.3127194 ], [ -103.4172563, 20.3126388 ] ] } },
{ "type": "Feature", "properties": { "ID": 6918753, "CVE_SUBC": "RH12Dc", "CLAVE50K": "f13d75", "TIPO": 101, "ENTIDAD": "CORRIENTE DE AGUA", "FC": 3271, "CONDICION": "INTERMITENTE", "EDICION": "O", "FECHA": "1994-12-31", "LENGTHM": 1177.6225, "ID_DRENA": 6, "FLOWDIR": 1, "ENABLED": 1, "DESC_ENABL": null, "CALI_REPR": 0, "SEQUENCEID": 3148.0, "ORDER_1": 1, "LEVEL_1": 3, "ARBSUM_1": 1177.6225, "PATHL_1": 24725.3517 }, "geometry": { "type": "LineString", "coordinates": [ [ -103.4378605, 20.3215687 ], [ -103.437928, 20.3215241 ], [ -103.4380821, 20.3214352 ], [ -103.4382651, 20.3213374 ], [ -103.4383517, 20.321293 ], [ -103.4384481, 20.3212307 ], [ -103.438506, 20.321186 ], [ -103.4385832, 20.3211235 ], [ -103.4386413, 20.3210608 ], [ -103.4387768, 20.3209265 ], [ -103.4388732, 20.320855 ], [ -103.4389791, 20.3208018 ], [ -103.4390752, 20.3207665 ], [ -103.4391808, 20.3207404 ], [ -103.4392577, 20.3207139 ], [ -103.4393347, 20.3206785 ], [ -103.4393925, 20.3206429 ], [ -103.4394697, 20.3205803 ], [ -103.4395662, 20.3205089 ], [ -103.439749, 20.3204292 ], [ -103.4399027, 20.3203764 ], [ -103.4400277, 20.3203324 ], [ -103.4402294, 20.3202709 ], [ -103.440422, 20.3201642 ], [ -103.4405475, 20.320066 ], [ -103.4406247, 20.3200034 ], [ -103.4407503, 20.3198961 ], [ -103.4409236, 20.3198074 ], [ -103.441087, 20.3197456 ], [ -103.441231, 20.3197107 ], [ -103.4413654, 20.3196758 ], [ -103.4415098, 20.3196048 ], [ -103.4416351, 20.3195156 ], [ -103.4417412, 20.3194442 ], [ -103.4418377, 20.3193728 ], [ -103.4419628, 20.3193107 ], [ -103.4420588, 20.3192845 ], [ -103.4421261, 20.319258 ], [ -103.4422894, 20.3192052 ], [ -103.44252, 20.319135 ], [ -103.442626, 20.3190727 ], [ -103.4427225, 20.3189923 ], [ -103.4427998, 20.3189297 ], [ -103.442935, 20.3188135 ], [ -103.4430412, 20.3187241 ], [ -103.443109, 20.3186524 ], [ -103.4431671, 20.3185897 ], [ -103.4433892, 20.318402 ], [ -103.443428, 20.3183481 ], [ -103.4434958, 20.3182764 ], [ -103.4435439, 20.3182588 ], [ -103.4436397, 20.3182506 ], [ -103.4437451, 20.3182425 ], [ -103.4438123, 20.3182251 ], [ -103.4438991, 20.3181716 ], [ -103.443976, 20.3181362 ], [ -103.4440337, 20.3181186 ], [ -103.4441294, 20.3181195 ], [ -103.4441774, 20.3181109 ], [ -103.4442831, 20.3180757 ], [ -103.4443891, 20.3180044 ], [ -103.4444564, 20.3179778 ], [ -103.4445236, 20.3179694 ], [ -103.4446002, 20.3179611 ], [ -103.4447831, 20.3178724 ], [ -103.4448984, 20.3178282 ], [ -103.4449753, 20.3178018 ], [ -103.4450808, 20.3177847 ], [ -103.4451769, 20.3177584 ], [ -103.4452345, 20.3177408 ], [ -103.4453209, 20.3177145 ], [ -103.4454075, 20.3176792 ], [ -103.4454556, 20.3176525 ], [ -103.4455229, 20.317626 ], [ -103.4455901, 20.3176085 ], [ -103.445686, 20.3176003 ], [ -103.4457724, 20.317574 ], [ -103.4458396, 20.3175656 ], [ -103.445936, 20.3174941 ], [ -103.4459747, 20.3174584 ], [ -103.4460231, 20.3174046 ], [ -103.4460714, 20.3173689 ], [ -103.446129, 20.3173513 ], [ -103.446206, 20.3173159 ], [ -103.4462638, 20.3172802 ], [ -103.4463024, 20.3172444 ], [ -103.4463796, 20.3171909 ], [ -103.4464851, 20.3171738 ], [ -103.4465427, 20.3171562 ], [ -103.4466101, 20.3171207 ], [ -103.4466583, 20.317094 ], [ -103.4467742, 20.3169957 ], [ -103.4468231, 20.3168877 ], [ -103.4468525, 20.3168247 ], [ -103.4468816, 20.3167889 ], [ -103.44693, 20.3167351 ], [ -103.447026, 20.3167088 ], [ -103.4471022, 20.3167457 ], [ -103.4471596, 20.3167552 ], [ -103.4472172, 20.3167467 ], [ -103.4472655, 20.3167019 ], [ -103.4473811, 20.3166307 ], [ -103.4475056, 20.3166318 ] ] } },
{ "type": "Feature", "properties": { "ID": 6918768, "CVE_SUBC": "RH12Dc", "CLAVE50K": "f13d75", "TIPO": 101, "ENTIDAD": "CORRIENTE DE AGUA", "FC": 3271, "CONDICION": "INTERMITENTE", "EDICION": "O", "FECHA": "1994-12-31", "LENGTHM": 75.7484, "ID_DRENA": 6, "FLOWDIR": 1, "ENABLED": 1, "DESC_ENABL": null, "CALI_REPR": 0, "SEQUENCEID": 2983.0, "ORDER_1": 3, "LEVEL_1": 2, "ARBSUM_1": 7831.2218, "PATHL_1": 14978.2817 }, "geometry": { "type": "LineString", "coordinates": [ [ -103.5304774, 20.3600979 ], [ -103.5304008, 20.3600973 ], [ -103.5302379, 20.3600959 ], [ -103.5301133, 20.3601039 ], [ -103.530008, 20.360103 ], [ -103.529893, 20.360102 ], [ -103.5297493, 20.3601008 ] ] } },
{ "type": "Feature", "properties": { "ID": 6918772, "CVE_SUBC": "RH12Dc", "CLAVE50K": "f13d75", "TIPO": 101, "ENTIDAD": "CORRIENTE DE AGUA", "FC": 3271, "CONDICION": "INTERMITENTE", "EDICION": "O", "FECHA": "1994-12-31", "LENGTHM": 248.1121, "ID_DRENA": 6, "FLOWDIR": 1, "ENABLED": 1, "DESC_ENABL": null, "CALI_REPR": 0, "SEQUENCEID": 3065.0, "ORDER_1": 1, "LEVEL_1": 2, "ARBSUM_1": 248.1121, "PATHL_1": 17074.0933 }, "geometry": { "type": "LineString", "coordinates": [ [ -103.513527, 20.3305397 ], [ -103.5134398, 20.3306473 ], [ -103.513362, 20.3307731 ], [ -103.5132548, 20.3309619 ], [ -103.5131672, 20.3311148 ], [ -103.5130891, 20.3312677 ], [ -103.5130013, 20.3314296 ], [ -103.5129427, 20.3315555 ], [ -103.5128352, 20.3317805 ], [ -103.5127465, 20.3320417 ], [ -103.5126781, 20.3321766 ], [ -103.5125901, 20.3323656 ], [ -103.512502, 20.3325636 ] ] } },
{ "type": "Feature", "properties": { "ID": 6918776, "CVE_SUBC": "RH12Dc", "CLAVE50K": null, "TIPO": 101, "ENTIDAD": "CORRIENTE DE AGUA", "FC": 3271, "CONDICION": "INTERMITENTE", "EDICION": "N", "FECHA": "2007-11-09", "LENGTHM": 228.1396, "ID_DRENA": 6, "FLOWDIR": 1, "ENABLED": 1, "DESC_ENABL": null, "CALI_REPR": 1, "SEQUENCEID": 2942.0, "ORDER_1": 2, "LEVEL_1": 2, "ARBSUM_1": 3897.7467, "PATHL_1": 13449.602 }, "geometry": { "type": "LineString", "coordinates": [ [ -103.4965752, 20.3875705 ], [ -103.4966227, 20.387404 ], [ -103.4969559, 20.3873802 ], [ -103.4974318, 20.3869519 ], [ -103.4980504, 20.3867853 ], [ -103.4983904, 20.3866342 ] ] } },
{ "type": "Feature", "properties": { "ID": 6918789, "CVE_SUBC": "RH12Dc", "CLAVE50K": "f13d75", "TIPO": 101, "ENTIDAD": "CORRIENTE DE AGUA", "FC": 3271, "CONDICION": "INTERMITENTE", "EDICION": "O", "FECHA": "1994-12-31", "LENGTHM": 356.894, "ID_DRENA": 6, "FLOWDIR": 1, "ENABLED": 1, "DESC_ENABL": null, "CALI_REPR": 0, "SEQUENCEID": 3232.0, "ORDER_1": 1, "LEVEL_1": 2, "ARBSUM_1": 356.894, "PATHL_1": 32847.185 }, "geometry": { "type": "LineString", "coordinates": [ [ -103.4281065, 20.359947 ], [ -103.4278389, 20.3598904 ], [ -103.4275621, 20.3597885 ], [ -103.4274379, 20.3597603 ], [ -103.4272472, 20.3596682 ], [ -103.4271235, 20.3595858 ], [ -103.4269337, 20.3594124 ], [ -103.4267726, 20.3592394 ], [ -103.426678, 20.3591301 ], [ -103.4265834, 20.3590118 ], [ -103.4265361, 20.3589481 ], [ -103.4262539, 20.3584397 ], [ -103.4261691, 20.3583034 ], [ -103.4260936, 20.3581853 ], [ -103.4260468, 20.3580855 ], [ -103.4259724, 20.357859 ], [ -103.4258974, 20.3577048 ] ] } },
{ "type": "Feature", "properties": { "ID": 6918790, "CVE_SUBC": "RH12Dc", "CLAVE50K": "f13d75", "TIPO": 101, "ENTIDAD": "CORRIENTE DE AGUA", "FC": 3271, "CONDICION": "INTERMITENTE", "EDICION": "O", "FECHA": "1994-12-31", "LENGTHM": 18.8682, "ID_DRENA": 5, "FLOWDIR": 1, "ENABLED": 1, "DESC_ENABL": null, "CALI_REPR": 0, "SEQUENCEID": 2701.0, "ORDER_1": 2, "LEVEL_1": 2, "ARBSUM_1": 3971.4452, "PATHL_1": 2336.6076 }, "geometry": { "type": "LineString", "coordinates": [ [ -103.4870325, 20.372453 ], [ -103.4872058, 20.3724021 ] ] } },
{ "type": "Feature", "properties": { "ID": 6918794, "CVE_SUBC": "RH12Dc", "CLAVE50K": "f13d75", "TIPO": 101, "ENTIDAD": "CORRIENTE DE AGUA", "FC": 3271, "CONDICION": "INTERMITENTE", "EDICION": "O", "FECHA": "1994-12-31", "LENGTHM": 244.7688, "ID_DRENA": 6, "FLOWDIR": 1, "ENABLED": 1, "DESC_ENABL": null, "CALI_REPR": 0, "SEQUENCEID": 3216.0, "ORDER_1": 2, "LEVEL_1": 2, "ARBSUM_1": 3577.9466, "PATHL_1": 28794.5252 }, "geometry": { "type": "LineString", "coordinates": [ [ -103.4126118, 20.3089019 ], [ -103.4128232, 20.3088315 ], [ -103.4129287, 20.3088144 ], [ -103.413044, 20.3087703 ], [ -103.4133036, 20.3086733 ], [ -103.4134284, 20.3086383 ], [ -103.4135723, 20.3086125 ], [ -103.4137161, 20.3085957 ], [ -103.4138501, 20.3085969 ], [ -103.413984, 20.3086162 ], [ -103.4141563, 20.3086268 ], [ -103.4143478, 20.3086285 ], [ -103.4144628, 20.3086115 ], [ -103.4145973, 20.3085766 ], [ -103.4147696, 20.3085782 ], [ -103.4149036, 20.3085884 ] ] } },
{ "type": "Feature", "properties": { "ID": 6918804, "CVE_SUBC": "RH12Dc", "CLAVE50K": "f13d75", "TIPO": 101, "ENTIDAD": "CORRIENTE DE AGUA", "FC": 3271, "CONDICION": "INTERMITENTE", "EDICION": "O", "FECHA": "1994-12-31", "LENGTHM": 525.8032, "ID_DRENA": 5, "FLOWDIR": 1, "ENABLED": 1, "DESC_ENABL": null, "CALI_REPR": 0, "SEQUENCEID": 2695.0, "ORDER_1": 1, "LEVEL_1": 2, "ARBSUM_1": 525.8032, "PATHL_1": 6942.5282 }, "geometry": { "type": "LineString", "coordinates": [ [ -103.4418472, 20.3652375 ], [ -103.4420002, 20.3652659 ], [ -103.4421624, 20.3653306 ], [ -103.4423056, 20.3653771 ], [ -103.4424484, 20.3654596 ], [ -103.442534, 20.3655236 ], [ -103.4426097, 20.3656146 ], [ -103.4426761, 20.3656875 ], [ -103.44279, 20.3657879 ], [ -103.4428946, 20.3658611 ], [ -103.4430468, 20.3659709 ], [ -103.4431991, 20.3660716 ], [ -103.4433705, 20.3661725 ], [ -103.4435706, 20.3662827 ], [ -103.4437232, 20.3663473 ], [ -103.443876, 20.3663938 ], [ -103.4440766, 20.3664498 ], [ -103.4442867, 20.3665149 ], [ -103.4444394, 20.3665705 ], [ -103.4444872, 20.3665799 ], [ -103.444678, 20.3666629 ], [ -103.4448685, 20.366764 ], [ -103.4450588, 20.3668922 ], [ -103.4454879, 20.3670947 ], [ -103.4456593, 20.3671956 ], [ -103.4457828, 20.3672961 ], [ -103.445954, 20.3674241 ], [ -103.4460492, 20.3674792 ], [ -103.4461932, 20.3675559 ] ] } },
{ "type": "Feature", "properties": { "ID": 6918806, "CVE_SUBC": "RH12Dc", "CLAVE50K": "f13d75", "TIPO": 101, "ENTIDAD": "CORRIENTE DE AGUA", "FC": 3271, "CONDICION": "INTERMITENTE", "EDICION": "O", "FECHA": "1994-12-31", "LENGTHM": 905.8502, "ID_DRENA": 6, "FLOWDIR": 1, "ENABLED": 1, "DESC_ENABL": null, "CALI_REPR": 0, "SEQUENCEID": 2997.0, "ORDER_1": 1, "LEVEL_1": 2, "ARBSUM_1": 905.8502, "PATHL_1": 15465.5878 }, "geometry": { "type": "LineString", "coordinates": [ [ -103.5298082, 20.3498296 ], [ -103.5297029, 20.3498287 ], [ -103.5295213, 20.349782 ], [ -103.5294356, 20.3497361 ], [ -103.5292731, 20.3496986 ], [ -103.5292253, 20.3496892 ], [ -103.5290914, 20.34967 ], [ -103.5289289, 20.3496325 ], [ -103.5287953, 20.3495771 ], [ -103.5286808, 20.349531 ], [ -103.5285854, 20.349485 ], [ -103.5284808, 20.3494119 ], [ -103.5283949, 20.349375 ], [ -103.528328, 20.3493654 ], [ -103.5282034, 20.3493644 ], [ -103.5280697, 20.3493271 ], [ -103.5279743, 20.3492811 ], [ -103.5278115, 20.3492798 ], [ -103.5276965, 20.3492878 ], [ -103.5276007, 20.349287 ], [ -103.5274859, 20.349277 ], [ -103.5273614, 20.3492669 ], [ -103.5272562, 20.349257 ], [ -103.5271508, 20.3492561 ], [ -103.5270169, 20.3492369 ], [ -103.5267681, 20.3492077 ], [ -103.5266821, 20.3491889 ], [ -103.5266247, 20.3491794 ], [ -103.5265674, 20.3491609 ], [ -103.52651, 20.3491513 ], [ -103.5263479, 20.3490777 ], [ -103.5262621, 20.3490318 ], [ -103.5261858, 20.3490041 ], [ -103.5259573, 20.3488576 ], [ -103.5258619, 20.3488116 ], [ -103.5258143, 20.3487841 ], [ -103.5257094, 20.348738 ], [ -103.5255373, 20.3487005 ], [ -103.5254512, 20.3486907 ], [ -103.5253078, 20.3486624 ], [ -103.525212, 20.3486616 ], [ -103.5251066, 20.3486607 ], [ -103.5250202, 20.3486871 ], [ -103.5249336, 20.3487315 ], [ -103.5248469, 20.3487759 ], [ -103.5247794, 20.3488296 ], [ -103.5247503, 20.3488655 ], [ -103.5246921, 20.3489372 ], [ -103.5246433, 20.3490362 ], [ -103.5246234, 20.3491173 ], [ -103.5246224, 20.3492167 ], [ -103.5245928, 20.3493068 ], [ -103.5245539, 20.3493697 ], [ -103.5245055, 20.3494235 ], [ -103.5244381, 20.3494591 ], [ -103.5243134, 20.3494851 ], [ -103.5242558, 20.3494937 ], [ -103.5242079, 20.3494933 ], [ -103.5241217, 20.3494925 ], [ -103.5240355, 20.3494918 ], [ -103.5239111, 20.3494817 ], [ -103.5238057, 20.3494808 ], [ -103.5236716, 20.3494797 ], [ -103.5235568, 20.3494697 ], [ -103.5234324, 20.3494596 ], [ -103.5233174, 20.3494586 ], [ -103.5231833, 20.3494665 ], [ -103.5229531, 20.3494917 ], [ -103.5228189, 20.3495086 ], [ -103.5226845, 20.3495346 ], [ -103.5225407, 20.3495514 ], [ -103.5223584, 20.349586 ], [ -103.5222431, 20.3496212 ], [ -103.522099, 20.3496652 ], [ -103.5219838, 20.3496913 ], [ -103.5218782, 20.3497175 ] ] } },
{ "type": "Feature", "properties": { "ID": 6918813, "CVE_SUBC": "RH12Dc", "CLAVE50K": "f13d75", "TIPO": 102, "ENTIDAD": "CANAL", "FC": 3180, "CONDICION": "EN OPERACION", "EDICION": "O", "FECHA": "2007-11-09", "LENGTHM": 1693.06, "ID_DRENA": 6, "FLOWDIR": 1, "ENABLED": 1, "DESC_ENABL": null, "CALI_REPR": 0, "SEQUENCEID": 3123.0, "ORDER_1": 4, "LEVEL_1": 1, "ARBSUM_1": 101169.786, "PATHL_1": 17892.3925 }, "geometry": { "type": "LineString", "coordinates": [ [ -103.4798073, 20.3254075 ], [ -103.4799687, 20.3255534 ], [ -103.4801389, 20.3257717 ], [ -103.4803287, 20.325954 ], [ -103.4807268, 20.326373 ], [ -103.4809642, 20.3265829 ], [ -103.4813835, 20.3268034 ], [ -103.4814886, 20.3268223 ], [ -103.481756, 20.326906 ], [ -103.4819749, 20.3270434 ], [ -103.4827665, 20.3273845 ], [ -103.4834349, 20.327589 ], [ -103.4840181, 20.3276935 ], [ -103.4840754, 20.327703 ], [ -103.4841998, 20.3277131 ], [ -103.4843912, 20.3277328 ], [ -103.4844773, 20.3277426 ], [ -103.4846686, 20.3277714 ], [ -103.4847547, 20.3277812 ], [ -103.4849365, 20.3277918 ], [ -103.4853383, 20.3278404 ], [ -103.4854721, 20.3278687 ], [ -103.4856729, 20.3278975 ], [ -103.4859983, 20.3279274 ], [ -103.4864577, 20.3279585 ], [ -103.4866587, 20.3279693 ], [ -103.4868693, 20.3279802 ], [ -103.4870512, 20.3279908 ], [ -103.4871181, 20.3280004 ], [ -103.4872329, 20.3280104 ], [ -103.4873572, 20.3280386 ], [ -103.487443, 20.3280755 ], [ -103.4875289, 20.3281033 ], [ -103.487682, 20.3281227 ], [ -103.4877968, 20.3281327 ], [ -103.4878734, 20.3281334 ], [ -103.4879595, 20.3281432 ], [ -103.4880456, 20.328153 ], [ -103.488218, 20.3281544 ], [ -103.4883042, 20.3281552 ], [ -103.488419, 20.3281652 ], [ -103.4884859, 20.3281748 ], [ -103.4885528, 20.3281935 ], [ -103.4886004, 20.328221 ], [ -103.4887814, 20.3283219 ], [ -103.4890481, 20.3284688 ], [ -103.4893244, 20.3286247 ], [ -103.4896767, 20.3288356 ], [ -103.4900672, 20.3290558 ], [ -103.4905054, 20.3292944 ], [ -103.4908296, 20.3294418 ], [ -103.4911537, 20.3296072 ], [ -103.4914115, 20.3296817 ], [ -103.4916984, 20.3297293 ], [ -103.4917558, 20.3297298 ], [ -103.4918803, 20.3297309 ], [ -103.4919283, 20.3297223 ], [ -103.492053, 20.3297053 ], [ -103.4921585, 20.3296881 ], [ -103.4924844, 20.3296638 ], [ -103.4931649, 20.3296064 ], [ -103.4934524, 20.3295909 ], [ -103.4935577, 20.3295918 ], [ -103.4937015, 20.329584 ], [ -103.4937685, 20.3295846 ], [ -103.4938642, 20.3295944 ], [ -103.493979, 20.3296044 ], [ -103.4940461, 20.329596 ], [ -103.4940942, 20.3295783 ], [ -103.4944392, 20.3295542 ], [ -103.494813, 20.3295213 ] ] } },
{ "type": "Feature", "properties": { "ID": 6918821, "CVE_SUBC": "RH12Dc", "CLAVE50K": "f13d75", "TIPO": 101, "ENTIDAD": "CORRIENTE DE AGUA", "FC": 3271, "CONDICION": "INTERMITENTE", "EDICION": "O", "FECHA": "1994-12-31", "LENGTHM": 127.647, "ID_DRENA": 6, "FLOWDIR": 1, "ENABLED": 1, "DESC_ENABL": null, "CALI_REPR": 0, "SEQUENCEID": 3237.0, "ORDER_1": 3, "LEVEL_1": 1, "ARBSUM_1": 20302.2382, "PATHL_1": 28666.5491 }, "geometry": { "type": "LineString", "coordinates": [ [ -103.4184652, 20.319949 ], [ -103.4185514, 20.3199497 ], [ -103.418714, 20.3199693 ], [ -103.4187905, 20.319979 ], [ -103.4188673, 20.3199616 ], [ -103.4189153, 20.319953 ], [ -103.418973, 20.3199264 ], [ -103.4190503, 20.3198639 ], [ -103.4190986, 20.3198192 ], [ -103.419147, 20.3197654 ], [ -103.4191762, 20.3197205 ], [ -103.4192437, 20.3196759 ], [ -103.4192919, 20.3196402 ], [ -103.4193689, 20.3196048 ], [ -103.4194557, 20.3195424 ], [ -103.4195136, 20.3195067 ] ] } },
{ "type": "Feature", "properties": { "ID": 6918835, "CVE_SUBC": "RH12Dc", "CLAVE50K": "f13d75", "TIPO": 101, "ENTIDAD": "CORRIENTE DE AGUA", "FC": 3271, "CONDICION": "INTERMITENTE", "EDICION": "O", "FECHA": "1994-12-31", "LENGTHM": 710.0424, "ID_DRENA": 6, "FLOWDIR": 1, "ENABLED": 1, "DESC_ENABL": null, "CALI_REPR": 0, "SEQUENCEID": 3219.0, "ORDER_1": 1, "LEVEL_1": 3, "ARBSUM_1": 710.0424, "PATHL_1": 29156.1499 }, "geometry": { "type": "LineString", "coordinates": [ [ -103.4054037, 20.3105256 ], [ -103.4058822, 20.3105571 ], [ -103.4059873, 20.3105851 ], [ -103.4061021, 20.3105952 ], [ -103.4061978, 20.3105961 ], [ -103.4062554, 20.3105786 ], [ -103.4063037, 20.3105429 ], [ -103.4063903, 20.3104985 ], [ -103.4064864, 20.3104632 ], [ -103.4065344, 20.3104546 ], [ -103.4066688, 20.3104288 ], [ -103.4068605, 20.3104034 ], [ -103.4069659, 20.3103953 ], [ -103.4070714, 20.3103782 ], [ -103.4072343, 20.3103707 ], [ -103.4073495, 20.3103446 ], [ -103.407474, 20.3103457 ], [ -103.4076171, 20.3103922 ], [ -103.4077509, 20.3104205 ], [ -103.4078656, 20.3104396 ], [ -103.4080475, 20.3104413 ], [ -103.4083159, 20.3104166 ], [ -103.4084882, 20.3104272 ], [ -103.4085935, 20.3104282 ], [ -103.4086412, 20.3104467 ], [ -103.4087367, 20.3104747 ], [ -103.408832, 20.3105117 ], [ -103.4088991, 20.3105123 ], [ -103.4090622, 20.3104776 ], [ -103.4092159, 20.3104339 ], [ -103.4093029, 20.3103534 ], [ -103.4093998, 20.3102368 ], [ -103.409468, 20.310129 ], [ -103.4095553, 20.3100124 ], [ -103.409729, 20.3098875 ], [ -103.409835, 20.3098162 ], [ -103.4099887, 20.3097724 ], [ -103.4101134, 20.3097464 ], [ -103.410315, 20.3097031 ], [ -103.4104974, 20.3096596 ], [ -103.4106219, 20.3096517 ], [ -103.4108138, 20.3096173 ], [ -103.4110439, 20.3095923 ], [ -103.411341, 20.3095679 ], [ -103.4115036, 20.3095784 ], [ -103.4116185, 20.3095885 ], [ -103.4117235, 20.3096165 ], [ -103.4118098, 20.3096083 ] ] } },
{ "type": "Feature", "properties": { "ID": 6918836, "CVE_SUBC": "RH12Dc", "CLAVE50K": "f13d75", "TIPO": 101, "ENTIDAD": "CORRIENTE DE AGUA", "FC": 3271, "CONDICION": "INTERMITENTE", "EDICION": "O", "FECHA": "1994-12-31", "LENGTHM": 638.3843, "ID_DRENA": 6, "FLOWDIR": 1, "ENABLED": 1, "DESC_ENABL": null, "CALI_REPR": 0, "SEQUENCEID": 3089.0, "ORDER_1": 1, "LEVEL_1": 3, "ARBSUM_1": 638.3843, "PATHL_1": 20021.2241 }, "geometry": { "type": "LineString", "coordinates": [ [ -103.5141983, 20.3194154 ], [ -103.5140644, 20.3193962 ], [ -103.5139976, 20.3193776 ], [ -103.5138545, 20.3193222 ], [ -103.51374, 20.319276 ], [ -103.5136541, 20.3192482 ], [ -103.5135683, 20.3192023 ], [ -103.5134254, 20.3191198 ], [ -103.513311, 20.3190736 ], [ -103.5132345, 20.3190549 ], [ -103.5131104, 20.3190177 ], [ -103.5129488, 20.3188899 ], [ -103.5128446, 20.3187715 ], [ -103.5127594, 20.3186714 ], [ -103.5126834, 20.3186076 ], [ -103.5125308, 20.318534 ], [ -103.5123975, 20.3184516 ], [ -103.5123119, 20.3183966 ], [ -103.5122167, 20.3183326 ], [ -103.5120643, 20.31825 ], [ -103.5119786, 20.318195 ], [ -103.5118834, 20.31814 ], [ -103.511712, 20.3180302 ], [ -103.5116551, 20.3179755 ], [ -103.5115407, 20.3179203 ], [ -103.5114741, 20.3178746 ], [ -103.5112738, 20.3177915 ], [ -103.5111689, 20.3177455 ], [ -103.5110258, 20.31769 ], [ -103.5109306, 20.317635 ], [ -103.5108447, 20.3175982 ], [ -103.5107493, 20.3175612 ], [ -103.5107016, 20.3175428 ], [ -103.5105303, 20.3174329 ], [ -103.5104734, 20.3173692 ], [ -103.5104168, 20.3172783 ], [ -103.510379, 20.3172238 ], [ -103.5102841, 20.3171417 ], [ -103.5101987, 20.3170597 ], [ -103.5101227, 20.3169867 ], [ -103.5100087, 20.3168954 ], [ -103.5099328, 20.3168225 ], [ -103.5098566, 20.3167767 ], [ -103.5097612, 20.3167397 ], [ -103.5096465, 20.3167207 ], [ -103.5095412, 20.3167108 ], [ -103.509436, 20.3166918 ], [ -103.5093312, 20.3166457 ], [ -103.5092551, 20.3165909 ], [ -103.5091982, 20.3165272 ], [ -103.5091508, 20.3164816 ], [ -103.5090937, 20.3164359 ] ] } },
{ "type": "Feature", "properties": { "ID": 6918859, "CVE_SUBC": "RH12Dc", "CLAVE50K": null, "TIPO": 101, "ENTIDAD": "CORRIENTE DE AGUA", "FC": 3271, "CONDICION": "INTERMITENTE", "EDICION": "N", "FECHA": "2007-11-09", "LENGTHM": 168.313, "ID_DRENA": 6, "FLOWDIR": 1, "ENABLED": 1, "DESC_ENABL": null, "CALI_REPR": 2, "SEQUENCEID": 2905.0, "ORDER_1": 4, "LEVEL_1": 2, "ARBSUM_1": 21014.471, "PATHL_1": 9698.7915 }, "geometry": { "type": "LineString", "coordinates": [ [ -103.5313388, 20.3881014 ], [ -103.5315218, 20.3880761 ], [ -103.5317593, 20.3879871 ], [ -103.5320339, 20.3879871 ], [ -103.5323904, 20.3879871 ], [ -103.5327328, 20.3879871 ], [ -103.5329193, 20.3879075 ] ] } },
{ "type": "Feature", "properties": { "ID": 6918864, "CVE_SUBC": "RH12Dc", "CLAVE50K": null, "TIPO": 101, "ENTIDAD": "CORRIENTE DE AGUA", "FC": 3271, "CONDICION": "INTERMITENTE", "EDICION": "N", "FECHA": "2007-11-09", "LENGTHM": 536.911, "ID_DRENA": 5, "FLOWDIR": 1, "ENABLED": 1, "DESC_ENABL": null, "CALI_REPR": 1, "SEQUENCEID": 2730.0, "ORDER_1": 2, "LEVEL_1": 2, "ARBSUM_1": 2911.4103, "PATHL_1": 1784.075 }, "geometry": { "type": "LineString", "coordinates": [ [ -103.4930951, 20.3843842 ], [ -103.494142, 20.3840652 ], [ -103.4956631, 20.3830963 ], [ -103.4978213, 20.3825754 ] ] } },
{ "type": "Feature", "properties": { "ID": 6918867, "CVE_SUBC": "RH12Dc", "CLAVE50K": "f13d75", "TIPO": 102, "ENTIDAD": "CANAL", "FC": 3180, "CONDICION": "EN OPERACION", "EDICION": "O", "FECHA": "2007-11-09", "LENGTHM": 924.9689, "ID_DRENA": 6, "FLOWDIR": 1, "ENABLED": 1, "DESC_ENABL": null, "CALI_REPR": 0, "SEQUENCEID": 2956.0, "ORDER_1": 5, "LEVEL_1": 1, "ARBSUM_1": 212242.3565, "PATHL_1": 9751.8722 }, "geometry": { "type": "LineString", "coordinates": [ [ -103.5267804, 20.3812244 ], [ -103.5268935, 20.3814242 ], [ -103.5271685, 20.3817156 ], [ -103.5279563, 20.3824991 ], [ -103.5287628, 20.383328 ], [ -103.5294747, 20.3840297 ], [ -103.5300059, 20.3845942 ], [ -103.530841, 20.3854414 ], [ -103.531828, 20.3864345 ], [ -103.5321407, 20.3867985 ], [ -103.5326032, 20.3875341 ] ] } },
{ "type": "Feature", "properties": { "ID": 6918869, "CVE_SUBC": "RH12Dc", "CLAVE50K": "f13d75", "TIPO": 101, "ENTIDAD": "CORRIENTE DE AGUA", "FC": 3271, "CONDICION": "INTERMITENTE", "EDICION": "O", "FECHA": "1994-12-31", "LENGTHM": 1110.2946, "ID_DRENA": 6, "FLOWDIR": 1, "ENABLED": 1, "DESC_ENABL": null, "CALI_REPR": 0, "SEQUENCEID": 3152.0, "ORDER_1": 1, "LEVEL_1": 4, "ARBSUM_1": 1110.2946, "PATHL_1": 25670.9575 }, "geometry": { "type": "LineString", "coordinates": [ [ -103.436472, 20.3301384 ], [ -103.4364828, 20.330012 ], [ -103.4364935, 20.3299037 ], [ -103.4365328, 20.3298047 ], [ -103.436689, 20.329508 ], [ -103.436729, 20.3293367 ], [ -103.4367976, 20.3291837 ], [ -103.4368656, 20.329094 ], [ -103.4369725, 20.3289323 ], [ -103.4370411, 20.3287794 ], [ -103.4371484, 20.3285816 ], [ -103.4372068, 20.3284918 ], [ -103.4373225, 20.3284115 ], [ -103.4374479, 20.3283223 ], [ -103.4374866, 20.3282865 ], [ -103.4375742, 20.3281427 ], [ -103.4376519, 20.328035 ], [ -103.4377199, 20.3279453 ], [ -103.4378165, 20.3278649 ], [ -103.4378838, 20.3278384 ], [ -103.4379608, 20.3277939 ], [ -103.4379899, 20.327758 ], [ -103.4381059, 20.3276506 ], [ -103.4381934, 20.3275249 ], [ -103.4383873, 20.3272918 ], [ -103.4384649, 20.3271931 ], [ -103.4386199, 20.3270138 ], [ -103.4386975, 20.3269152 ], [ -103.438775, 20.3268255 ], [ -103.4388524, 20.3267449 ], [ -103.4389395, 20.3266553 ], [ -103.4390074, 20.3265746 ], [ -103.4391138, 20.3264672 ], [ -103.4392106, 20.3263687 ], [ -103.4393076, 20.3262431 ], [ -103.4393662, 20.3261262 ], [ -103.4393775, 20.3259546 ], [ -103.439388, 20.3258644 ], [ -103.4393989, 20.325738 ], [ -103.4394383, 20.3256209 ], [ -103.4394874, 20.3255039 ], [ -103.4395365, 20.3253779 ], [ -103.4395956, 20.3252158 ], [ -103.4396062, 20.3251165 ], [ -103.4396072, 20.3250171 ], [ -103.439608, 20.3249358 ], [ -103.4396381, 20.3248006 ], [ -103.4396586, 20.3246653 ], [ -103.4396887, 20.32453 ], [ -103.4397089, 20.3244218 ], [ -103.439777, 20.3243231 ], [ -103.4398935, 20.3241615 ], [ -103.4399136, 20.3240713 ], [ -103.4399828, 20.3238551 ], [ -103.4400996, 20.3236665 ], [ -103.4401873, 20.3235137 ], [ -103.4402762, 20.3232435 ], [ -103.4403062, 20.3231172 ], [ -103.4403264, 20.3230181 ], [ -103.4403563, 20.3229009 ], [ -103.440444, 20.3227481 ], [ -103.4405698, 20.3226137 ], [ -103.4406668, 20.3224881 ], [ -103.4407639, 20.3223625 ], [ -103.4408702, 20.3222641 ], [ -103.4409959, 20.3221478 ], [ -103.4411115, 20.3220765 ], [ -103.4412464, 20.3219964 ], [ -103.441362, 20.3219252 ], [ -103.4415065, 20.3218452 ], [ -103.4416358, 20.3217388 ] ] } },
{ "type": "Feature", "properties": { "ID": 6918872, "CVE_SUBC": "RH12Dc", "CLAVE50K": "f13d75", "TIPO": 101, "ENTIDAD": "CORRIENTE DE AGUA", "FC": 3271, "CONDICION": "INTERMITENTE", "EDICION": "O", "FECHA": "1994-12-31", "LENGTHM": 289.4254, "ID_DRENA": 6, "FLOWDIR": 1, "ENABLED": 1, "DESC_ENABL": null, "CALI_REPR": 0, "SEQUENCEID": 3010.0, "ORDER_1": 2, "LEVEL_1": 3, "ARBSUM_1": 4389.9516, "PATHL_1": 19914.0909 }, "geometry": { "type": "LineString", "coordinates": [ [ -103.4707696, 20.3513914 ], [ -103.4709128, 20.3514378 ], [ -103.4709985, 20.3514928 ], [ -103.4710842, 20.3515477 ], [ -103.4712939, 20.3516489 ], [ -103.4714274, 20.3517043 ], [ -103.4715325, 20.3517323 ], [ -103.4717715, 20.3517796 ], [ -103.4719344, 20.351781 ], [ -103.4720206, 20.3517727 ], [ -103.4721262, 20.3517556 ], [ -103.4722221, 20.3517384 ], [ -103.4723372, 20.3517213 ], [ -103.4724808, 20.3517316 ], [ -103.4725478, 20.3517412 ], [ -103.4726243, 20.3517509 ], [ -103.472701, 20.3517426 ], [ -103.4728639, 20.3517349 ], [ -103.4729599, 20.3517177 ], [ -103.4730368, 20.3516913 ], [ -103.4731232, 20.351674 ], [ -103.4731902, 20.3516746 ], [ -103.4732951, 20.3517206 ], [ -103.4733998, 20.3518063 ] ] } },
{ "type": "Feature", "properties": { "ID": 6918877, "CVE_SUBC": "RH12Dc", "CLAVE50K": "f13d75", "TIPO": 101, "ENTIDAD": "CORRIENTE DE AGUA", "FC": 3271, "CONDICION": "INTERMITENTE", "EDICION": "O", "FECHA": "1994-12-31", "LENGTHM": 444.8113, "ID_DRENA": 6, "FLOWDIR": 1, "ENABLED": 1, "DESC_ENABL": null, "CALI_REPR": 0, "SEQUENCEID": 3113.0, "ORDER_1": 2, "LEVEL_1": 2, "ARBSUM_1": 1855.2324, "PATHL_1": 22150.7734 }, "geometry": { "type": "LineString", "coordinates": [ [ -103.4948127, 20.3006362 ], [ -103.4946706, 20.3006746 ], [ -103.494613, 20.3006921 ], [ -103.4944974, 20.3007634 ], [ -103.4944009, 20.3008439 ], [ -103.4943428, 20.3009066 ], [ -103.494304, 20.3009605 ], [ -103.4941885, 20.3010227 ], [ -103.4940349, 20.3010666 ], [ -103.4939197, 20.3010927 ], [ -103.4936799, 20.3011358 ], [ -103.4935455, 20.3011708 ], [ -103.4934304, 20.3011878 ], [ -103.4931909, 20.3012038 ], [ -103.4929896, 20.3012202 ], [ -103.4928458, 20.301246 ], [ -103.4927209, 20.3012901 ], [ -103.4926533, 20.3013438 ], [ -103.4925664, 20.3014243 ], [ -103.4924987, 20.301487 ], [ -103.4924214, 20.3015586 ], [ -103.4923537, 20.3016303 ], [ -103.4922669, 20.3016928 ], [ -103.492171, 20.30171 ], [ -103.4920656, 20.3017181 ], [ -103.4919698, 20.3017173 ], [ -103.4919124, 20.3017168 ], [ -103.4918262, 20.3017161 ], [ -103.4917111, 20.3017331 ], [ -103.4914619, 20.3017581 ], [ -103.4912607, 20.3017744 ], [ -103.4910882, 20.301791 ], [ -103.4909633, 20.3018261 ], [ -103.4909055, 20.3018617 ] ] } },
{ "type": "Feature", "properties": { "ID": 6918882, "CVE_SUBC": "RH12Dc", "CLAVE50K": "f13d75", "TIPO": 101, "ENTIDAD": "CORRIENTE DE AGUA", "FC": 3271, "CONDICION": "INTERMITENTE", "EDICION": "O", "FECHA": "1994-12-31", "LENGTHM": 84.0257, "ID_DRENA": 6, "FLOWDIR": 1, "ENABLED": 1, "DESC_ENABL": null, "CALI_REPR": 0, "SEQUENCEID": 3024.0, "ORDER_1": 3, "LEVEL_1": 2, "ARBSUM_1": 15442.7585, "PATHL_1": 17945.1873 }, "geometry": { "type": "LineString", "coordinates": [ [ -103.486882, 20.3343084 ], [ -103.4870753, 20.3343689 ], [ -103.4871994, 20.3344152 ], [ -103.4873426, 20.3344616 ], [ -103.4876427, 20.3345646 ] ] } },
{ "type": "Feature", "properties": { "ID": 6918891, "CVE_SUBC": "RH12Dc", "CLAVE50K": "f13d75", "TIPO": 101, "ENTIDAD": "CORRIENTE DE AGUA", "FC": 3271, "CONDICION": "INTERMITENTE", "EDICION": "O", "FECHA": "1994-12-31", "LENGTHM": 1237.488, "ID_DRENA": 6, "FLOWDIR": 1, "ENABLED": 1, "DESC_ENABL": null, "CALI_REPR": 0, "SEQUENCEID": 3153.0, "ORDER_1": 1, "LEVEL_1": 3, "ARBSUM_1": 1237.488, "PATHL_1": 25670.9575 }, "geometry": { "type": "LineString", "coordinates": [ [ -103.4347409, 20.329897 ], [ -103.4347619, 20.3297166 ], [ -103.4347722, 20.3296444 ], [ -103.4347922, 20.3295633 ], [ -103.4348216, 20.3294912 ], [ -103.434861, 20.3293832 ], [ -103.4348814, 20.3292659 ], [ -103.434892, 20.3291576 ], [ -103.4349124, 20.3290404 ], [ -103.4349327, 20.3289231 ], [ -103.4349725, 20.3287789 ], [ -103.4350122, 20.3286348 ], [ -103.435071, 20.3285088 ], [ -103.4351393, 20.3283829 ], [ -103.4352568, 20.328122 ], [ -103.4353248, 20.3280232 ], [ -103.4354126, 20.3278705 ], [ -103.4355589, 20.3276008 ], [ -103.4356275, 20.3274478 ], [ -103.4357062, 20.3272407 ], [ -103.4357359, 20.3271416 ], [ -103.4358642, 20.3267634 ], [ -103.4359133, 20.3266464 ], [ -103.4359814, 20.3265386 ], [ -103.4360398, 20.3264487 ], [ -103.4361079, 20.3263409 ], [ -103.4361471, 20.326251 ], [ -103.4362155, 20.3261161 ], [ -103.4362837, 20.3259992 ], [ -103.4363324, 20.3259274 ], [ -103.4364784, 20.3256848 ], [ -103.4365948, 20.3255413 ], [ -103.436672, 20.3254787 ], [ -103.4367397, 20.3254161 ], [ -103.4368073, 20.3253625 ], [ -103.4368845, 20.3253 ], [ -103.4369619, 20.3252284 ], [ -103.4370106, 20.3251475 ], [ -103.4371076, 20.3250219 ], [ -103.4371757, 20.3249141 ], [ -103.4372243, 20.3248423 ], [ -103.437342, 20.3245723 ], [ -103.4374002, 20.3244915 ], [ -103.4374583, 20.3244288 ], [ -103.4374876, 20.3243749 ], [ -103.4375269, 20.3242759 ], [ -103.437634, 20.3240961 ], [ -103.4376733, 20.3240062 ], [ -103.4377123, 20.3239342 ], [ -103.4377608, 20.3238714 ], [ -103.4378285, 20.3238088 ], [ -103.437896, 20.3237552 ], [ -103.4379636, 20.3237016 ], [ -103.4380217, 20.3236389 ], [ -103.4380799, 20.3235671 ], [ -103.4381382, 20.3234864 ], [ -103.4382061, 20.3233966 ], [ -103.4382642, 20.3233339 ], [ -103.4383125, 20.3232892 ], [ -103.4383511, 20.3232624 ], [ -103.4384286, 20.3231728 ], [ -103.438516, 20.3230561 ], [ -103.4386032, 20.3229485 ], [ -103.4386998, 20.322868 ], [ -103.4387867, 20.3227965 ], [ -103.4388833, 20.3227161 ], [ -103.4389896, 20.3226177 ], [ -103.4391149, 20.3225375 ], [ -103.4394527, 20.3222785 ], [ -103.4395589, 20.3221982 ], [ -103.4396555, 20.3221087 ], [ -103.439742, 20.3220824 ], [ -103.4398381, 20.3220471 ], [ -103.4399436, 20.32203 ], [ -103.4400976, 20.32195 ], [ -103.4402321, 20.3219151 ], [ -103.4403472, 20.321889 ], [ -103.4404719, 20.3218721 ], [ -103.4406351, 20.3218374 ], [ -103.4408653, 20.3217943 ], [ -103.4410284, 20.3217686 ], [ -103.4412106, 20.3217431 ], [ -103.4413641, 20.3217174 ], [ -103.4414886, 20.3217185 ], [ -103.4416358, 20.3217388 ] ] } },
{ "type": "Feature", "properties": { "ID": 6918894, "CVE_SUBC": "RH12Dc", "CLAVE50K": "f13d75", "TIPO": 101, "ENTIDAD": "CORRIENTE DE AGUA", "FC": 3271, "CONDICION": "INTERMITENTE", "EDICION": "O", "FECHA": "1994-12-31", "LENGTHM": 662.0493, "ID_DRENA": 6, "FLOWDIR": 1, "ENABLED": 1, "DESC_ENABL": null, "CALI_REPR": 0, "SEQUENCEID": 2940.0, "ORDER_1": 1, "LEVEL_1": 3, "ARBSUM_1": 662.0493, "PATHL_1": 13910.5305 }, "geometry": { "type": "LineString", "coordinates": [ [ -103.49556, 20.397734 ], [ -103.4958007, 20.3976096 ], [ -103.4959263, 20.3975022 ], [ -103.4960228, 20.3974308 ], [ -103.4961485, 20.3973235 ], [ -103.496264, 20.3972612 ], [ -103.4963605, 20.3971988 ], [ -103.4964858, 20.3971186 ], [ -103.4966503, 20.3969484 ], [ -103.4968143, 20.3968323 ], [ -103.496969, 20.3966891 ], [ -103.4971136, 20.3966 ], [ -103.4972293, 20.3965288 ], [ -103.4973161, 20.3964663 ], [ -103.4974127, 20.3963858 ], [ -103.4974906, 20.39626 ], [ -103.497549, 20.3961611 ], [ -103.4976652, 20.3960357 ], [ -103.4977427, 20.395955 ], [ -103.4978683, 20.3958477 ], [ -103.4980615, 20.3956868 ], [ -103.4982259, 20.3955256 ], [ -103.4983128, 20.395454 ], [ -103.4983616, 20.3953641 ], [ -103.4984012, 20.395229 ], [ -103.4984503, 20.3951119 ], [ -103.4984897, 20.3950039 ], [ -103.4985677, 20.39486 ], [ -103.4986267, 20.3947069 ], [ -103.4986569, 20.3945536 ], [ -103.4987162, 20.3943644 ], [ -103.4987573, 20.3940847 ], [ -103.4987587, 20.3939311 ], [ -103.498741, 20.3937864 ], [ -103.4986947, 20.3936234 ], [ -103.4986479, 20.3935056 ], [ -103.4986306, 20.3933067 ], [ -103.4986219, 20.3932253 ], [ -103.4986357, 20.3930264 ] ] } },
{ "type": "Feature", "properties": { "ID": 6918900, "CVE_SUBC": "RH12Dc", "CLAVE50K": "f13d75", "TIPO": 101, "ENTIDAD": "CORRIENTE DE AGUA", "FC": 3271, "CONDICION": "INTERMITENTE", "EDICION": "O", "FECHA": "1994-12-31", "LENGTHM": 315.5971, "ID_DRENA": 6, "FLOWDIR": 1, "ENABLED": 1, "DESC_ENABL": null, "CALI_REPR": 0, "SEQUENCEID": 3231.0, "ORDER_1": 1, "LEVEL_1": 3, "ARBSUM_1": 315.5971, "PATHL_1": 32847.185 }, "geometry": { "type": "LineString", "coordinates": [ [ -103.425544, 20.3604388 ], [ -103.425516, 20.3603663 ], [ -103.4255071, 20.3602939 ], [ -103.4254892, 20.3601673 ], [ -103.425519, 20.3600682 ], [ -103.4255674, 20.3600144 ], [ -103.4256734, 20.3599521 ], [ -103.4257606, 20.3598536 ], [ -103.425771, 20.3597724 ], [ -103.4258008, 20.3596732 ], [ -103.4258022, 20.3595287 ], [ -103.4257935, 20.3594473 ], [ -103.4257852, 20.3593208 ], [ -103.4257767, 20.3592123 ], [ -103.4258081, 20.3589506 ], [ -103.4258283, 20.3588514 ], [ -103.4258487, 20.3587251 ], [ -103.4258696, 20.3585537 ], [ -103.425871, 20.3584092 ], [ -103.4258727, 20.3582466 ], [ -103.4258739, 20.3581291 ], [ -103.4258656, 20.3580026 ], [ -103.4258676, 20.3578039 ], [ -103.4258974, 20.3577048 ] ] } },
{ "type": "Feature", "properties": { "ID": 6918905, "CVE_SUBC": "RH12Dc", "CLAVE50K": "f13d75", "TIPO": 101, "ENTIDAD": "CORRIENTE DE AGUA", "FC": 3271, "CONDICION": "INTERMITENTE", "EDICION": "O", "FECHA": "1994-12-31", "LENGTHM": 388.6248, "ID_DRENA": 5, "FLOWDIR": 1, "ENABLED": 1, "DESC_ENABL": null, "CALI_REPR": 0, "SEQUENCEID": 2684.0, "ORDER_1": 1, "LEVEL_1": 3, "ARBSUM_1": 388.6248, "PATHL_1": 6300.5128 }, "geometry": { "type": "LineString", "coordinates": [ [ -103.4547306, 20.3730217 ], [ -103.4547415, 20.3728863 ], [ -103.4547522, 20.3727689 ], [ -103.4547632, 20.3726335 ], [ -103.4547833, 20.3725343 ], [ -103.4547844, 20.3724259 ], [ -103.4547754, 20.3723626 ], [ -103.4547665, 20.3722993 ], [ -103.4547211, 20.372046 ], [ -103.4546841, 20.3719101 ], [ -103.4546568, 20.3717744 ], [ -103.454639, 20.3716297 ], [ -103.4546215, 20.3714669 ], [ -103.454585, 20.3712859 ], [ -103.4545392, 20.3710777 ], [ -103.4545027, 20.3708877 ], [ -103.454485, 20.370743 ], [ -103.4544579, 20.3705802 ], [ -103.4544397, 20.3704806 ], [ -103.454357, 20.3701276 ], [ -103.4543201, 20.3699827 ], [ -103.4542735, 20.3698558 ], [ -103.4542459, 20.3697381 ], [ -103.4541998, 20.369557 ] ] } },
{ "type": "Feature", "properties": { "ID": 6918908, "CVE_SUBC": "RH12Dc", "CLAVE50K": "f13d75", "TIPO": 101, "ENTIDAD": "CORRIENTE DE AGUA", "FC": 3271, "CONDICION": "INTERMITENTE", "EDICION": "O", "FECHA": "1994-12-31", "LENGTHM": 711.3683, "ID_DRENA": 5, "FLOWDIR": 1, "ENABLED": 1, "DESC_ENABL": null, "CALI_REPR": 0, "SEQUENCEID": 2679.0, "ORDER_1": 1, "LEVEL_1": 2, "ARBSUM_1": 711.3683, "PATHL_1": 5509.2286 }, "geometry": { "type": "LineString", "coordinates": [ [ -103.4584669, 20.3710763 ], [ -103.4584682, 20.3709408 ], [ -103.4584788, 20.3708416 ], [ -103.4585081, 20.3707786 ], [ -103.4585184, 20.3707064 ], [ -103.4585873, 20.3705263 ], [ -103.4586363, 20.3704093 ], [ -103.4586755, 20.3703284 ], [ -103.4587539, 20.3701484 ], [ -103.4588325, 20.3699503 ], [ -103.4588525, 20.3698692 ], [ -103.4588628, 20.369797 ], [ -103.4588732, 20.3697068 ], [ -103.458874, 20.3696255 ], [ -103.4588846, 20.3695262 ], [ -103.4588954, 20.3694089 ], [ -103.4588965, 20.3692914 ], [ -103.4589265, 20.3691652 ], [ -103.4589373, 20.3690388 ], [ -103.4589671, 20.3689397 ], [ -103.4589997, 20.3685516 ], [ -103.4590106, 20.3684162 ], [ -103.4590214, 20.3682898 ], [ -103.4590323, 20.3681544 ], [ -103.4590537, 20.3679287 ], [ -103.4590553, 20.3677752 ], [ -103.459057, 20.3676035 ], [ -103.4590585, 20.36745 ], [ -103.4590599, 20.3673054 ], [ -103.4590709, 20.367161 ], [ -103.459082, 20.3670075 ], [ -103.4590642, 20.3668719 ], [ -103.4590479, 20.3665917 ], [ -103.4590303, 20.3664289 ], [ -103.4590314, 20.3663205 ], [ -103.4590325, 20.3662121 ], [ -103.4590337, 20.3660856 ], [ -103.4590349, 20.3659682 ], [ -103.4590304, 20.3654532 ], [ -103.4590319, 20.3653087 ], [ -103.4590428, 20.3651733 ], [ -103.4590632, 20.365047 ], [ -103.4590833, 20.3649478 ], [ -103.4591127, 20.3648848 ], [ -103.4591577, 20.3647216 ] ] } },
{ "type": "Feature", "properties": { "ID": 6918950, "CVE_SUBC": "RH12Dc", "CLAVE50K": "f13d75", "TIPO": 101, "ENTIDAD": "CORRIENTE DE AGUA", "FC": 3271, "CONDICION": "INTERMITENTE", "EDICION": "O", "FECHA": "1994-12-31", "LENGTHM": 470.2533, "ID_DRENA": 6, "FLOWDIR": 1, "ENABLED": 1, "DESC_ENABL": null, "CALI_REPR": 0, "SEQUENCEID": 3057.0, "ORDER_1": 2, "LEVEL_1": 2, "ARBSUM_1": 1425.1196, "PATHL_1": 17432.1983 }, "geometry": { "type": "LineString", "coordinates": [ [ -103.528802, 20.3397662 ], [ -103.5286696, 20.3395844 ], [ -103.5286132, 20.3394755 ], [ -103.5285474, 20.3393395 ], [ -103.5284914, 20.3391854 ], [ -103.5284729, 20.339113 ], [ -103.5284357, 20.3389952 ], [ -103.5283984, 20.3388955 ], [ -103.5283421, 20.3387686 ], [ -103.5282759, 20.3386777 ], [ -103.5282095, 20.3386139 ], [ -103.5281336, 20.3385319 ], [ -103.5278958, 20.3383583 ], [ -103.5278199, 20.3382854 ], [ -103.5276867, 20.3381849 ], [ -103.5276011, 20.33813 ], [ -103.5274867, 20.3380658 ], [ -103.5273822, 20.3379836 ], [ -103.5271834, 20.337738 ], [ -103.5271269, 20.3376291 ], [ -103.5270891, 20.3375746 ], [ -103.5270514, 20.337511 ], [ -103.5270328, 20.3374566 ], [ -103.5269292, 20.3372661 ], [ -103.526844, 20.3371569 ], [ -103.526749, 20.3370748 ], [ -103.5266446, 20.3369746 ], [ -103.5265785, 20.3368746 ], [ -103.5264741, 20.3367744 ], [ -103.5263694, 20.3367103 ], [ -103.5262357, 20.336664 ], [ -103.5261212, 20.3366269 ], [ -103.526016, 20.3366079 ] ] } },
{ "type": "Feature", "properties": { "ID": 6918954, "CVE_SUBC": "RH12Dc", "CLAVE50K": "f13d75", "TIPO": 101, "ENTIDAD": "CORRIENTE DE AGUA", "FC": 3271, "CONDICION": "INTERMITENTE", "EDICION": "O", "FECHA": "1994-12-31", "LENGTHM": 734.2862, "ID_DRENA": 6, "FLOWDIR": 1, "ENABLED": 1, "DESC_ENABL": null, "CALI_REPR": 0, "SEQUENCEID": 3050.0, "ORDER_1": 1, "LEVEL_1": 3, "ARBSUM_1": 734.2862, "PATHL_1": 17077.5528 }, "geometry": { "type": "LineString", "coordinates": [ [ -103.535251, 20.3485925 ], [ -103.534945, 20.3485447 ], [ -103.5347443, 20.3484979 ], [ -103.5346392, 20.3484609 ], [ -103.5343625, 20.3483501 ], [ -103.5342384, 20.3483039 ], [ -103.5341049, 20.3482396 ], [ -103.5340093, 20.3482207 ], [ -103.533885, 20.3482016 ], [ -103.533484, 20.3480627 ], [ -103.5333223, 20.3479439 ], [ -103.5330561, 20.3477339 ], [ -103.5328366, 20.3476417 ], [ -103.5326649, 20.347568 ], [ -103.5324649, 20.3474489 ], [ -103.5322838, 20.347357 ], [ -103.5321409, 20.3472745 ], [ -103.5320076, 20.347183 ], [ -103.5319127, 20.3470919 ], [ -103.5317895, 20.3469554 ], [ -103.531685, 20.3468641 ], [ -103.5316375, 20.3468186 ], [ -103.5314574, 20.3466183 ], [ -103.5314005, 20.3465546 ], [ -103.5312958, 20.3464905 ], [ -103.5309899, 20.3464246 ], [ -103.5308271, 20.3464233 ], [ -103.5306643, 20.3464129 ], [ -103.5305303, 20.3464027 ], [ -103.5303871, 20.3463563 ], [ -103.5303013, 20.3463104 ], [ -103.5302253, 20.3462466 ], [ -103.5301208, 20.3461554 ], [ -103.5300545, 20.3460735 ], [ -103.5300071, 20.3460279 ], [ -103.5299597, 20.3459733 ], [ -103.5298274, 20.3457825 ], [ -103.5297709, 20.3456826 ], [ -103.5296955, 20.3455465 ], [ -103.5296392, 20.3454286 ], [ -103.5295631, 20.3453737 ], [ -103.5294485, 20.3453052 ] ] } },
{ "type": "Feature", "properties": { "ID": 6918959, "CVE_SUBC": "RH12Dc", "CLAVE50K": "f13d75", "TIPO": 101, "ENTIDAD": "CORRIENTE DE AGUA", "FC": 3271, "CONDICION": "INTERMITENTE", "EDICION": "O", "FECHA": "1994-12-31", "LENGTHM": 1533.0913, "ID_DRENA": 6, "FLOWDIR": 1, "ENABLED": 1, "DESC_ENABL": null, "CALI_REPR": 0, "SEQUENCEID": 2849.0, "ORDER_1": 2, "LEVEL_1": 2, "ARBSUM_1": 3235.5291, "PATHL_1": 9370.0426 }, "geometry": { "type": "MultiLineString", "coordinates": [ [ [ -103.5279947, 20.411326 ], [ -103.5281139, 20.4113009 ], [ -103.5281678, 20.4113013 ] ], [ [ -103.5300269, 20.4105342 ], [ -103.5301247, 20.4104506 ], [ -103.5302784, 20.4104067 ], [ -103.5304222, 20.4103989 ], [ -103.5305659, 20.4104091 ], [ -103.5305798, 20.410414 ] ] ] } },
{ "type": "Feature", "properties": { "ID": 6918963, "CVE_SUBC": "RH12Dc", "CLAVE50K": "f13d75", "TIPO": 101, "ENTIDAD": "CORRIENTE DE AGUA", "FC": 3271, "CONDICION": "INTERMITENTE", "EDICION": "O", "FECHA": "1994-12-31", "LENGTHM": 610.6654, "ID_DRENA": 6, "FLOWDIR": 1, "ENABLED": 1, "DESC_ENABL": null, "CALI_REPR": 0, "SEQUENCEID": 3195.0, "ORDER_1": 2, "LEVEL_1": 2, "ARBSUM_1": 1762.4911, "PATHL_1": 31717.2608 }, "geometry": { "type": "LineString", "coordinates": [ [ -103.4337128, 20.3577931 ], [ -103.4337037, 20.3577479 ], [ -103.4336662, 20.3576662 ], [ -103.4336287, 20.3575846 ], [ -103.43361, 20.3575392 ], [ -103.4336009, 20.357494 ], [ -103.4335634, 20.3574124 ], [ -103.4335542, 20.3573671 ], [ -103.4335456, 20.3572767 ], [ -103.4335365, 20.3572314 ], [ -103.4335369, 20.3571863 ], [ -103.4335278, 20.357141 ], [ -103.4334999, 20.3570595 ], [ -103.4335003, 20.3570143 ], [ -103.4334912, 20.3569691 ], [ -103.4334821, 20.3569238 ], [ -103.433473, 20.3568786 ], [ -103.4334638, 20.3568333 ], [ -103.4334547, 20.3567881 ], [ -103.4334456, 20.3567428 ], [ -103.4334177, 20.3566612 ], [ -103.4334086, 20.356616 ], [ -103.433409, 20.3565708 ], [ -103.4333999, 20.3565256 ], [ -103.4333908, 20.3564803 ], [ -103.4333816, 20.3564351 ], [ -103.4333821, 20.3563899 ], [ -103.433373, 20.3563447 ], [ -103.4333734, 20.3562995 ], [ -103.4333643, 20.3562543 ], [ -103.4333648, 20.3562091 ], [ -103.4333556, 20.3561638 ], [ -103.4333561, 20.3561187 ], [ -103.4333566, 20.3560735 ], [ -103.4333479, 20.3559831 ], [ -103.4333488, 20.3558928 ], [ -103.4333493, 20.3558476 ], [ -103.4333497, 20.3558024 ], [ -103.433341, 20.355712 ], [ -103.433342, 20.3556217 ], [ -103.4333328, 20.3555764 ], [ -103.4333333, 20.3555313 ], [ -103.4333242, 20.355486 ], [ -103.433315, 20.3554408 ], [ -103.4333155, 20.3553956 ], [ -103.4333064, 20.3553504 ], [ -103.4332976, 20.355269 ], [ -103.4332981, 20.3552238 ], [ -103.4332985, 20.3551786 ], [ -103.4333086, 20.3551336 ], [ -103.433309, 20.3550884 ], [ -103.4333099, 20.3549981 ], [ -103.4333104, 20.3549529 ], [ -103.4333204, 20.3549078 ], [ -103.4333113, 20.3548626 ], [ -103.4333118, 20.3548174 ], [ -103.4333026, 20.3547722 ], [ -103.4332935, 20.3547269 ], [ -103.4332844, 20.3546817 ], [ -103.4332181, 20.3546088 ], [ -103.4331516, 20.354554 ], [ -103.4331233, 20.3545086 ], [ -103.4330954, 20.354427 ], [ -103.4330958, 20.3543819 ], [ -103.4330963, 20.3543367 ], [ -103.4330972, 20.3542464 ], [ -103.4330977, 20.3542012 ], [ -103.4330986, 20.3541109 ], [ -103.433099, 20.3540657 ], [ -103.4330995, 20.3540205 ], [ -103.4330904, 20.3539753 ], [ -103.4330924, 20.3537766 ], [ -103.433103, 20.3536683 ], [ -103.4331038, 20.353596 ], [ -103.4331059, 20.3533882 ], [ -103.433117, 20.3532348 ], [ -103.4331277, 20.3531265 ], [ -103.4331195, 20.3529909 ], [ -103.4330725, 20.3529001 ], [ -103.4330354, 20.3527823 ], [ -103.4330269, 20.3526739 ], [ -103.4329896, 20.3525651 ], [ -103.4329808, 20.3524928 ], [ -103.4329626, 20.3524023 ] ] } },
{ "type": "Feature", "properties": { "ID": 6918973, "CVE_SUBC": "RH12Dc", "CLAVE50K": "f13d75", "TIPO": 101, "ENTIDAD": "CORRIENTE DE AGUA", "FC": 3271, "CONDICION": "INTERMITENTE", "EDICION": "O", "FECHA": "1994-12-31", "LENGTHM": 20.6488, "ID_DRENA": 6, "FLOWDIR": 1, "ENABLED": 1, "DESC_ENABL": null, "CALI_REPR": 0, "SEQUENCEID": 2950.0, "ORDER_1": 2, "LEVEL_1": 2, "ARBSUM_1": 1238.8774, "PATHL_1": 14609.6287 }, "geometry": { "type": "LineString", "coordinates": [ [ -103.4915198, 20.3931793 ], [ -103.491534, 20.3929925 ] ] } },
{ "type": "Feature", "properties": { "ID": 6918988, "CVE_SUBC": "RH12Dc", "CLAVE50K": "f13d75", "TIPO": 101, "ENTIDAD": "CORRIENTE DE AGUA", "FC": 3271, "CONDICION": "INTERMITENTE", "EDICION": "O", "FECHA": "1994-12-31", "LENGTHM": 456.9754, "ID_DRENA": 5, "FLOWDIR": 1, "ENABLED": 1, "DESC_ENABL": null, "CALI_REPR": 0, "SEQUENCEID": 2692.0, "ORDER_1": 1, "LEVEL_1": 2, "ARBSUM_1": 456.9754, "PATHL_1": 6709.9381 }, "geometry": { "type": "LineString", "coordinates": [ [ -103.4469796, 20.3711913 ], [ -103.4469904, 20.3710649 ], [ -103.4470013, 20.3709385 ], [ -103.4470121, 20.3708122 ], [ -103.4470425, 20.3706498 ], [ -103.4470821, 20.3705237 ], [ -103.4471312, 20.3703977 ], [ -103.4471709, 20.3702625 ], [ -103.4472202, 20.3701184 ], [ -103.4472696, 20.3699743 ], [ -103.4472898, 20.3698661 ], [ -103.4473102, 20.3697488 ], [ -103.4473499, 20.3696046 ], [ -103.4474871, 20.3692987 ], [ -103.4475554, 20.3691728 ], [ -103.4475853, 20.3690557 ], [ -103.4476155, 20.3689114 ], [ -103.4476362, 20.368758 ], [ -103.4476954, 20.3685869 ], [ -103.4477544, 20.3684338 ], [ -103.4478037, 20.3682898 ], [ -103.447882, 20.3681278 ], [ -103.4480078, 20.3680025 ], [ -103.448095, 20.3679039 ], [ -103.4481726, 20.3678052 ], [ -103.4482503, 20.3676975 ], [ -103.4482991, 20.3676076 ], [ -103.4483287, 20.3675265 ], [ -103.4483776, 20.3674276 ], [ -103.4484072, 20.3673375 ] ] } },
{ "type": "Feature", "properties": { "ID": 6918993, "CVE_SUBC": "RH12Dc", "CLAVE50K": "f13d75", "TIPO": 101, "ENTIDAD": "CORRIENTE DE AGUA", "FC": 3271, "CONDICION": "INTERMITENTE", "EDICION": "O", "FECHA": "1994-12-31", "LENGTHM": 532.808, "ID_DRENA": 6, "FLOWDIR": 1, "ENABLED": 1, "DESC_ENABL": null, "CALI_REPR": 0, "SEQUENCEID": 3251.0, "ORDER_1": 1, "LEVEL_1": 3, "ARBSUM_1": 532.808, "PATHL_1": 33311.9281 }, "geometry": { "type": "LineString", "coordinates": [ [ -103.4159323, 20.3589426 ], [ -103.4159237, 20.3588522 ], [ -103.4159052, 20.3587888 ], [ -103.4158872, 20.3586712 ], [ -103.4158594, 20.3585806 ], [ -103.4157851, 20.3583541 ], [ -103.4157671, 20.3582365 ], [ -103.4157492, 20.3581189 ], [ -103.415731, 20.3580193 ], [ -103.4157223, 20.3579379 ], [ -103.4156567, 20.3577928 ], [ -103.4156, 20.35772 ], [ -103.4155336, 20.3576562 ], [ -103.4154768, 20.3575834 ], [ -103.4153823, 20.3574651 ], [ -103.4153162, 20.3573651 ], [ -103.4151379, 20.3570112 ], [ -103.4150716, 20.3569293 ], [ -103.4150152, 20.3568294 ], [ -103.4149775, 20.3567658 ], [ -103.4149308, 20.356648 ], [ -103.414865, 20.3565299 ], [ -103.4148179, 20.3564482 ], [ -103.4147612, 20.3563754 ], [ -103.414714, 20.3563118 ], [ -103.4145536, 20.3560664 ], [ -103.4144879, 20.3559393 ], [ -103.4143746, 20.3557757 ], [ -103.4142608, 20.3556663 ], [ -103.4142133, 20.3556207 ], [ -103.4141566, 20.3555479 ], [ -103.4141092, 20.3555023 ], [ -103.4140332, 20.3554383 ], [ -103.4139858, 20.3553928 ], [ -103.4139196, 20.3553108 ], [ -103.4138728, 20.355202 ], [ -103.4137688, 20.3550656 ], [ -103.4137124, 20.3549566 ], [ -103.413685, 20.3548299 ], [ -103.4136478, 20.3547212 ] ] } },
{ "type": "Feature", "properties": { "ID": 6919000, "CVE_SUBC": "RH12Dc", "CLAVE50K": "f13d75", "TIPO": 101, "ENTIDAD": "CORRIENTE DE AGUA", "FC": 3271, "CONDICION": "INTERMITENTE", "EDICION": "O", "FECHA": "1994-12-31", "LENGTHM": 6.0394, "ID_DRENA": 5, "FLOWDIR": 1, "ENABLED": 1, "DESC_ENABL": null, "CALI_REPR": 0, "SEQUENCEID": 2678.0, "ORDER_1": 3, "LEVEL_1": 1, "ARBSUM_1": 6716.9538, "PATHL_1": 5503.1892 }, "geometry": { "type": "LineString", "coordinates": [ [ -103.4591577, 20.3647216 ], [ -103.4591723, 20.3646686 ] ] } },
{ "type": "Feature", "properties": { "ID": 6919001, "CVE_SUBC": "RH12Dc", "CLAVE50K": "f13d75", "TIPO": 101, "ENTIDAD": "CORRIENTE DE AGUA", "FC": 3271, "CONDICION": "INTERMITENTE", "EDICION": "O", "FECHA": "1994-12-31", "LENGTHM": 10.1953, "ID_DRENA": 6, "FLOWDIR": 1, "ENABLED": 1, "DESC_ENABL": null, "CALI_REPR": 0, "SEQUENCEID": 3125.0, "ORDER_1": 4, "LEVEL_1": 1, "ARBSUM_1": 98857.9671, "PATHL_1": 20204.2114 }, "geometry": { "type": "LineString", "coordinates": [ [ -103.4754402, 20.3256025 ], [ -103.4754402, 20.325695 ] ] } },
{ "type": "Feature", "properties": { "ID": 6919008, "CVE_SUBC": "RH12Dc", "CLAVE50K": "f13d75", "TIPO": 101, "ENTIDAD": "CORRIENTE DE AGUA", "FC": 3271, "CONDICION": "INTERMITENTE", "EDICION": "O", "FECHA": "1994-12-31", "LENGTHM": 942.5926, "ID_DRENA": 6, "FLOWDIR": 1, "ENABLED": 1, "DESC_ENABL": null, "CALI_REPR": 0, "SEQUENCEID": 3132.0, "ORDER_1": 4, "LEVEL_1": 1, "ARBSUM_1": 90586.1909, "PATHL_1": 21905.5453 }, "geometry": { "type": "LineString", "coordinates": [ [ -103.4629022, 20.3149159 ], [ -103.4629789, 20.3149075 ], [ -103.4630748, 20.3148903 ], [ -103.4631613, 20.3148639 ], [ -103.4633821, 20.3148117 ], [ -103.4636701, 20.3147329 ], [ -103.4637853, 20.3147068 ], [ -103.4638811, 20.3147076 ], [ -103.4639768, 20.3147085 ], [ -103.4640627, 20.3147363 ], [ -103.4641676, 20.3147824 ], [ -103.4642814, 20.3148918 ], [ -103.4643287, 20.3149555 ], [ -103.4643853, 20.3150463 ], [ -103.464423, 20.3151009 ], [ -103.4644703, 20.3151645 ], [ -103.4645269, 20.3152463 ], [ -103.464555, 20.3153098 ], [ -103.4645832, 20.3153642 ], [ -103.4646209, 20.3154278 ], [ -103.4646681, 20.3155005 ], [ -103.4647714, 20.3157002 ], [ -103.4648378, 20.315764 ], [ -103.4648853, 20.3158096 ], [ -103.4649421, 20.3158733 ], [ -103.464999, 20.315928 ], [ -103.465037, 20.3159645 ], [ -103.4650939, 20.3160192 ], [ -103.4652264, 20.3161829 ], [ -103.4652833, 20.3162376 ], [ -103.4653306, 20.3162923 ], [ -103.4653779, 20.3163559 ], [ -103.4653966, 20.3164012 ], [ -103.4654248, 20.3164557 ], [ -103.4654339, 20.316501 ], [ -103.4654513, 20.3166818 ], [ -103.4654697, 20.3167542 ], [ -103.4654776, 20.3169259 ], [ -103.4654956, 20.3170435 ], [ -103.4655237, 20.317107 ], [ -103.4655424, 20.3171523 ], [ -103.4655706, 20.3172068 ], [ -103.4656466, 20.3172617 ], [ -103.4657324, 20.3173076 ], [ -103.4657898, 20.3173171 ], [ -103.4658759, 20.3173179 ], [ -103.4660196, 20.3173191 ], [ -103.4660867, 20.3173107 ], [ -103.4661347, 20.317293 ], [ -103.4663361, 20.3172677 ], [ -103.4665568, 20.3172245 ], [ -103.4666816, 20.3171894 ], [ -103.4668733, 20.317173 ], [ -103.4669595, 20.3171738 ], [ -103.4670648, 20.3171747 ], [ -103.4671701, 20.3171847 ], [ -103.4672562, 20.3171854 ], [ -103.4673329, 20.3171861 ], [ -103.4674283, 20.317214 ], [ -103.4675139, 20.317278 ], [ -103.4675996, 20.317333 ], [ -103.4676757, 20.3173788 ], [ -103.4677426, 20.3173975 ], [ -103.4677903, 20.317416 ], [ -103.4678572, 20.3174256 ], [ -103.4679047, 20.3174621 ], [ -103.4679523, 20.3174897 ], [ -103.4679902, 20.3175352 ], [ -103.4680377, 20.3175717 ], [ -103.4680854, 20.3175902 ], [ -103.4681713, 20.317618 ], [ -103.4682384, 20.3176186 ], [ -103.468314, 20.3177187 ], [ -103.4683325, 20.3177821 ], [ -103.4683033, 20.317836 ], [ -103.4682454, 20.3178807 ], [ -103.4682068, 20.3179074 ], [ -103.468149, 20.3179431 ], [ -103.4680718, 20.3180056 ], [ -103.4680235, 20.3180414 ], [ -103.4679749, 20.3181132 ], [ -103.4678197, 20.3183196 ], [ -103.467732, 20.3184724 ], [ -103.4677014, 20.3186619 ], [ -103.4676908, 20.3187611 ], [ -103.4676895, 20.3188966 ], [ -103.4677265, 20.3190325 ], [ -103.4677452, 20.3190778 ], [ -103.4677733, 20.3191413 ] ] } },
{ "type": "Feature", "properties": { "ID": 6919010, "CVE_SUBC": "RH12Dc", "CLAVE50K": "f13d75", "TIPO": 101, "ENTIDAD": "CORRIENTE DE AGUA", "FC": 3271, "CONDICION": "INTERMITENTE", "EDICION": "O", "FECHA": "1994-12-31", "LENGTHM": 1113.3522, "ID_DRENA": 6, "FLOWDIR": 1, "ENABLED": 1, "DESC_ENABL": null, "CALI_REPR": 0, "SEQUENCEID": 3130.0, "ORDER_1": 4, "LEVEL_1": 1, "ARBSUM_1": 93216.417, "PATHL_1": 20792.1931 }, "geometry": { "type": "LineString", "coordinates": [ [ -103.4677733, 20.3191413 ], [ -103.467811, 20.3191958 ], [ -103.4678585, 20.3192414 ], [ -103.4679057, 20.3193051 ], [ -103.4679531, 20.3193597 ], [ -103.4679814, 20.3194051 ], [ -103.4680192, 20.3194506 ], [ -103.4680667, 20.3194962 ], [ -103.4681711, 20.3195874 ], [ -103.4683425, 20.3196883 ], [ -103.4685325, 20.3198436 ], [ -103.4687309, 20.3201163 ], [ -103.4689204, 20.3203257 ], [ -103.4692153, 20.3205271 ], [ -103.469291, 20.3206181 ], [ -103.4693667, 20.3207091 ], [ -103.4694044, 20.3207726 ], [ -103.4694326, 20.3208271 ], [ -103.4694608, 20.3208815 ], [ -103.4694794, 20.3209359 ], [ -103.4694788, 20.3209991 ], [ -103.4694782, 20.3210624 ], [ -103.4694582, 20.3211435 ], [ -103.4694568, 20.321288 ], [ -103.4694752, 20.3213605 ], [ -103.4694748, 20.3214056 ], [ -103.4695024, 20.3215233 ], [ -103.4695589, 20.3216142 ], [ -103.4696346, 20.3217052 ], [ -103.4696819, 20.3217688 ], [ -103.4697389, 20.3218145 ], [ -103.469796, 20.3218511 ], [ -103.4698531, 20.3218877 ], [ -103.4699196, 20.3219425 ], [ -103.4699671, 20.3219791 ], [ -103.4701283, 20.3221431 ], [ -103.4701565, 20.3221976 ], [ -103.4702228, 20.3222704 ], [ -103.470412, 20.322516 ], [ -103.4705067, 20.3226252 ], [ -103.4705825, 20.3227072 ], [ -103.4706104, 20.3227887 ], [ -103.4706481, 20.3228523 ], [ -103.4706664, 20.3229338 ], [ -103.4706752, 20.3230151 ], [ -103.4706841, 20.3230875 ], [ -103.470712, 20.323169 ], [ -103.4707499, 20.3232145 ], [ -103.4708742, 20.3232337 ], [ -103.4709604, 20.3232344 ], [ -103.4710564, 20.3232082 ], [ -103.4711141, 20.3231816 ], [ -103.4711622, 20.3231639 ], [ -103.4712101, 20.3231553 ], [ -103.4712678, 20.3231378 ], [ -103.4713447, 20.3231023 ], [ -103.4714604, 20.323031 ], [ -103.4716048, 20.322951 ], [ -103.471797, 20.3228804 ], [ -103.471922, 20.3228273 ], [ -103.4720086, 20.3227919 ], [ -103.4720856, 20.3227564 ], [ -103.4721816, 20.3227302 ], [ -103.4722585, 20.3226947 ], [ -103.4723358, 20.3226322 ], [ -103.4723938, 20.3225694 ], [ -103.4724518, 20.3225157 ], [ -103.4724905, 20.3224799 ], [ -103.4725386, 20.3224533 ], [ -103.4726731, 20.3224183 ], [ -103.4727306, 20.3224098 ], [ -103.4728264, 20.3224106 ], [ -103.4729029, 20.3224203 ], [ -103.4729696, 20.322457 ], [ -103.4730455, 20.32253 ], [ -103.4730928, 20.3225846 ], [ -103.4731211, 20.32263 ], [ -103.4731493, 20.3226844 ], [ -103.473168, 20.3227298 ], [ -103.473177, 20.322784 ], [ -103.4731861, 20.3228383 ], [ -103.4731856, 20.3228925 ], [ -103.4731754, 20.3229466 ], [ -103.4731364, 20.3230186 ], [ -103.4731073, 20.3230635 ], [ -103.4729823, 20.3231076 ], [ -103.4729247, 20.3231251 ], [ -103.4728382, 20.3231515 ], [ -103.472771, 20.323169 ], [ -103.472723, 20.3231866 ], [ -103.472627, 20.3232038 ], [ -103.4724353, 20.3232202 ], [ -103.472368, 20.3232558 ], [ -103.472204, 20.3233718 ], [ -103.4721557, 20.3234165 ], [ -103.4720784, 20.3234881 ], [ -103.4720108, 20.3235417 ], [ -103.4719616, 20.3236768 ], [ -103.4719705, 20.3237492 ], [ -103.4719891, 20.3238035 ], [ -103.4720269, 20.323849 ], [ -103.4721027, 20.32394 ], [ -103.47215, 20.3239947 ], [ -103.4721878, 20.3240492 ], [ -103.4721969, 20.3240944 ], [ -103.4721861, 20.3242208 ] ] } },
{ "type": "Feature", "properties": { "ID": 6919011, "CVE_SUBC": "RH12Dc", "CLAVE50K": "f13d75", "TIPO": 101, "ENTIDAD": "CORRIENTE DE AGUA", "FC": 3271, "CONDICION": "INTERMITENTE", "EDICION": "O", "FECHA": "1994-12-31", "LENGTHM": 567.1848, "ID_DRENA": 6, "FLOWDIR": 1, "ENABLED": 1, "DESC_ENABL": null, "CALI_REPR": 0, "SEQUENCEID": 3139.0, "ORDER_1": 1, "LEVEL_1": 3, "ARBSUM_1": 567.1848, "PATHL_1": 26826.3505 }, "geometry": { "type": "LineString", "coordinates": [ [ -103.4469984, 20.3463214 ], [ -103.4470671, 20.3461594 ], [ -103.447127, 20.3459161 ], [ -103.4471385, 20.3457265 ], [ -103.4471399, 20.3455819 ], [ -103.4471409, 20.3454826 ], [ -103.4471706, 20.3453925 ], [ -103.4472097, 20.3453115 ], [ -103.4472583, 20.3452397 ], [ -103.4473166, 20.3451589 ], [ -103.4473365, 20.3450778 ], [ -103.4474641, 20.3447718 ], [ -103.4475042, 20.3445914 ], [ -103.4475341, 20.3444743 ], [ -103.4475735, 20.3443662 ], [ -103.4476322, 20.3442403 ], [ -103.4476717, 20.3441232 ], [ -103.4477208, 20.3440062 ], [ -103.4477604, 20.343871 ], [ -103.4477903, 20.3437538 ], [ -103.4478511, 20.3434201 ], [ -103.4478527, 20.3432666 ], [ -103.4478545, 20.3430859 ], [ -103.4478573, 20.3428059 ], [ -103.4478779, 20.3426615 ], [ -103.447908, 20.3425263 ], [ -103.4479774, 20.342283 ], [ -103.4479981, 20.3421296 ], [ -103.4479992, 20.3420212 ], [ -103.4479907, 20.3419127 ], [ -103.4479918, 20.3418043 ], [ -103.4479926, 20.341723 ], [ -103.4479931, 20.3416779 ], [ -103.4479935, 20.3416327 ], [ -103.4480243, 20.3414252 ], [ -103.4480156, 20.3413348 ] ] } },
{ "type": "Feature", "properties": { "ID": 6919019, "CVE_SUBC": "RH12Dc", "CLAVE50K": "f13d75", "TIPO": 101, "ENTIDAD": "CORRIENTE DE AGUA", "FC": 3271, "CONDICION": "INTERMITENTE", "EDICION": "O", "FECHA": "1994-12-31", "LENGTHM": 867.6087, "ID_DRENA": 6, "FLOWDIR": 1, "ENABLED": 1, "DESC_ENABL": null, "CALI_REPR": 0, "SEQUENCEID": 3080.0, "ORDER_1": 1, "LEVEL_1": 5, "ARBSUM_1": 867.6087, "PATHL_1": 19278.736 }, "geometry": { "type": "LineString", "coordinates": [ [ -103.5026314, 20.3102737 ], [ -103.5025638, 20.3103364 ], [ -103.5024866, 20.3103899 ], [ -103.5024095, 20.3104435 ], [ -103.5023323, 20.3105061 ], [ -103.5022648, 20.3105597 ], [ -103.5021876, 20.3106132 ], [ -103.50212, 20.3106759 ], [ -103.5020428, 20.3107385 ], [ -103.5019656, 20.310792 ], [ -103.5018981, 20.3108456 ], [ -103.5018305, 20.3109083 ], [ -103.5017627, 20.31098 ], [ -103.5017046, 20.3110518 ], [ -103.5016464, 20.3111235 ], [ -103.5015883, 20.3111953 ], [ -103.5015397, 20.3112672 ], [ -103.5015006, 20.3113572 ], [ -103.501452, 20.311429 ], [ -103.5014033, 20.3115099 ], [ -103.5013547, 20.3115908 ], [ -103.5013061, 20.3116626 ], [ -103.5012479, 20.3117344 ], [ -103.5011898, 20.3118062 ], [ -103.5011411, 20.3118871 ], [ -103.501102, 20.3119681 ], [ -103.5010439, 20.3120398 ], [ -103.5009858, 20.3121116 ], [ -103.5009275, 20.3121924 ], [ -103.5008789, 20.3122643 ], [ -103.5008208, 20.312336 ], [ -103.5007626, 20.3124078 ], [ -103.5007045, 20.3124796 ], [ -103.5006558, 20.3125605 ], [ -103.5006168, 20.3126414 ], [ -103.5005681, 20.3127223 ], [ -103.500529, 20.3128033 ], [ -103.5004899, 20.3128843 ], [ -103.5004508, 20.3129653 ], [ -103.5004212, 20.3130553 ], [ -103.5004013, 20.3131365 ], [ -103.5003908, 20.3132267 ], [ -103.5003708, 20.3133169 ], [ -103.5003508, 20.3134071 ], [ -103.5003117, 20.313488 ], [ -103.5002821, 20.3135781 ], [ -103.5002717, 20.3136684 ], [ -103.5002805, 20.3137498 ], [ -103.5003083, 20.3138403 ], [ -103.500317, 20.3139307 ], [ -103.5003353, 20.3140212 ], [ -103.5003728, 20.3141029 ], [ -103.5004199, 20.3141846 ], [ -103.5004671, 20.3142573 ], [ -103.5005046, 20.3143389 ], [ -103.5005422, 20.3144205 ], [ -103.50058, 20.314466 ], [ -103.5006651, 20.3145842 ], [ -103.5007685, 20.3147838 ], [ -103.500825, 20.3148837 ], [ -103.5008722, 20.3149564 ], [ -103.5009194, 20.31502 ], [ -103.5010241, 20.3150932 ], [ -103.501119, 20.3151843 ], [ -103.5012235, 20.3152665 ], [ -103.5012615, 20.315303 ], [ -103.5013469, 20.315385 ], [ -103.5014228, 20.3154579 ], [ -103.5014606, 20.3155125 ], [ -103.5015173, 20.3155852 ], [ -103.5015359, 20.3156396 ], [ -103.5016111, 20.3157938 ], [ -103.5016393, 20.3158482 ], [ -103.5017146, 20.3159844 ], [ -103.5017992, 20.3161477 ], [ -103.5018745, 20.3162839 ], [ -103.5019308, 20.3164018 ], [ -103.5019873, 20.3165017 ], [ -103.5020344, 20.3165834 ], [ -103.5020626, 20.3166378 ], [ -103.5021004, 20.3166924 ], [ -103.5022283, 20.3168029 ] ] } },
{ "type": "Feature", "properties": { "ID": 6919022, "CVE_SUBC": "RH12Dc", "CLAVE50K": "f13d75", "TIPO": 101, "ENTIDAD": "CORRIENTE DE AGUA", "FC": 3271, "CONDICION": "INTERMITENTE", "EDICION": "O", "FECHA": "1994-12-31", "LENGTHM": 453.9629, "ID_DRENA": 5, "FLOWDIR": 1, "ENABLED": 1, "DESC_ENABL": null, "CALI_REPR": 0, "SEQUENCEID": 2687.0, "ORDER_1": 1, "LEVEL_1": 2, "ARBSUM_1": 453.9629, "PATHL_1": 6381.554 }, "geometry": { "type": "LineString", "coordinates": [ [ -103.4488764, 20.3635204 ], [ -103.4489521, 20.3636114 ], [ -103.4489899, 20.363666 ], [ -103.4492368, 20.363885 ], [ -103.4493316, 20.3639852 ], [ -103.4494644, 20.3641128 ], [ -103.4495964, 20.3643218 ], [ -103.4496622, 20.3644488 ], [ -103.4496995, 20.3645576 ], [ -103.4497561, 20.3646394 ], [ -103.4498885, 20.3648122 ], [ -103.4499546, 20.3649122 ], [ -103.4500202, 20.3650573 ], [ -103.4500863, 20.3651482 ], [ -103.4501806, 20.3652936 ], [ -103.4502656, 20.3654208 ], [ -103.4503124, 20.3655296 ], [ -103.4503976, 20.3656298 ], [ -103.450464, 20.3657026 ], [ -103.4505778, 20.365812 ], [ -103.4506822, 20.3659123 ], [ -103.450767, 20.3660576 ], [ -103.4509081, 20.3663118 ], [ -103.4509648, 20.3663846 ], [ -103.4510502, 20.3664667 ], [ -103.4511737, 20.3665762 ], [ -103.4513162, 20.3666949 ], [ -103.4514397, 20.3667953 ] ] } },
{ "type": "Feature", "properties": { "ID": 6919034, "CVE_SUBC": "RH12Dc", "CLAVE50K": "f13d75", "TIPO": 101, "ENTIDAD": "CORRIENTE DE AGUA", "FC": 3271, "CONDICION": "INTERMITENTE", "EDICION": "O", "FECHA": "1994-12-31", "LENGTHM": 613.4914, "ID_DRENA": 4, "FLOWDIR": 1, "ENABLED": 1, "DESC_ENABL": null, "CALI_REPR": 0, "SEQUENCEID": 2070.0, "ORDER_1": 1, "LEVEL_1": 4, "ARBSUM_1": 613.4914, "PATHL_1": 5514.3397 }, "geometry": { "type": "LineString", "coordinates": [ [ -103.525862, 20.3326406 ], [ -103.5259292, 20.3326232 ], [ -103.5260737, 20.3325431 ], [ -103.5261317, 20.3324803 ], [ -103.5261609, 20.3324354 ], [ -103.5262189, 20.3323817 ], [ -103.5262576, 20.3323368 ], [ -103.526354, 20.3322654 ], [ -103.5264055, 20.3322368 ] ] } },
{ "type": "Feature", "properties": { "ID": 6919055, "CVE_SUBC": "RH12Dc", "CLAVE50K": "f13d75", "TIPO": 101, "ENTIDAD": "CORRIENTE DE AGUA", "FC": 3271, "CONDICION": "INTERMITENTE", "EDICION": "O", "FECHA": "1994-12-31", "LENGTHM": 331.3226, "ID_DRENA": 5, "FLOWDIR": 1, "ENABLED": 1, "DESC_ENABL": null, "CALI_REPR": 0, "SEQUENCEID": 2653.0, "ORDER_1": 2, "LEVEL_1": 2, "ARBSUM_1": 1264.3401, "PATHL_1": 3663.4335 }, "geometry": { "type": "LineString", "coordinates": [ [ -103.4813147, 20.3514924 ], [ -103.4814485, 20.3515207 ], [ -103.4815538, 20.3515307 ], [ -103.4816494, 20.3515405 ], [ -103.4817644, 20.3515415 ], [ -103.4818602, 20.3515333 ], [ -103.4820041, 20.3515165 ], [ -103.4820903, 20.3515173 ], [ -103.4821671, 20.3514999 ], [ -103.4822437, 20.3515005 ], [ -103.482301, 20.3515191 ], [ -103.4823485, 20.3515556 ], [ -103.4824057, 20.3515832 ], [ -103.4825587, 20.3516117 ], [ -103.4826925, 20.351649 ], [ -103.4828643, 20.3517047 ], [ -103.4830554, 20.3517515 ], [ -103.4831698, 20.3518157 ], [ -103.4832174, 20.3518432 ], [ -103.4832936, 20.3518891 ], [ -103.4833316, 20.3519165 ], [ -103.4833889, 20.3519351 ], [ -103.4834368, 20.3519355 ], [ -103.4835515, 20.3519636 ], [ -103.4836181, 20.3520093 ], [ -103.4836559, 20.3520548 ], [ -103.4837606, 20.352128 ], [ -103.4838274, 20.3521557 ], [ -103.4839322, 20.3522108 ], [ -103.4839987, 20.3522656 ], [ -103.4842466, 20.3523852 ] ] } },
{ "type": "Feature", "properties": { "ID": 6919058, "CVE_SUBC": "RH12Dc", "CLAVE50K": "f13d75", "TIPO": 101, "ENTIDAD": "CORRIENTE DE AGUA", "FC": 3271, "CONDICION": "INTERMITENTE", "EDICION": "O", "FECHA": "1994-12-31", "LENGTHM": 871.6726, "ID_DRENA": 6, "FLOWDIR": 1, "ENABLED": 1, "DESC_ENABL": null, "CALI_REPR": 0, "SEQUENCEID": 3161.0, "ORDER_1": 4, "LEVEL_1": 1, "ARBSUM_1": 68719.7905, "PATHL_1": 24265.6771 }, "geometry": { "type": "LineString", "coordinates": [ [ -103.4442503, 20.3098546 ], [ -103.4444049, 20.3097205 ], [ -103.4444436, 20.3096847 ], [ -103.4445499, 20.3095863 ], [ -103.4446949, 20.309443 ], [ -103.4448497, 20.3092908 ], [ -103.4450135, 20.3091839 ], [ -103.4451291, 20.3091216 ], [ -103.4452824, 20.309114 ], [ -103.4453967, 20.3091692 ], [ -103.4454919, 20.3092242 ], [ -103.4456441, 20.309325 ], [ -103.4457387, 20.3094432 ], [ -103.4458049, 20.3095251 ], [ -103.4458994, 20.3096525 ], [ -103.4459467, 20.3097161 ], [ -103.4460414, 20.3098163 ], [ -103.4461554, 20.3099077 ], [ -103.4462603, 20.3099538 ], [ -103.4463937, 20.3100182 ], [ -103.4465271, 20.3100826 ], [ -103.4467372, 20.3101387 ], [ -103.4468802, 20.3102032 ], [ -103.4471095, 20.3102594 ], [ -103.4473864, 20.3103432 ], [ -103.44751, 20.3104256 ], [ -103.4475859, 20.3104985 ], [ -103.4476427, 20.3105623 ], [ -103.4477469, 20.3106806 ], [ -103.4478322, 20.3107717 ], [ -103.447908, 20.3108537 ], [ -103.4481548, 20.3110637 ], [ -103.4482979, 20.3111192 ], [ -103.4485081, 20.3111662 ], [ -103.4485846, 20.3111759 ], [ -103.4488712, 20.3112507 ], [ -103.4489954, 20.3112789 ], [ -103.4492915, 20.3113538 ], [ -103.4494638, 20.3113644 ], [ -103.4496551, 20.3113841 ], [ -103.4498271, 20.3114218 ], [ -103.4499224, 20.3114678 ], [ -103.4499697, 20.3115224 ], [ -103.4500456, 20.3115954 ], [ -103.4500926, 20.3116861 ], [ -103.4501493, 20.3117589 ], [ -103.4502445, 20.311814 ], [ -103.4503304, 20.3118418 ], [ -103.4504166, 20.3118426 ], [ -103.4505124, 20.3118344 ], [ -103.4505701, 20.3118168 ], [ -103.4506661, 20.3117906 ], [ -103.4508098, 20.3117828 ], [ -103.4509152, 20.3117838 ], [ -103.4510967, 20.3118215 ], [ -103.4511636, 20.3118402 ], [ -103.4512979, 20.3118855 ] ] } },
{ "type": "Feature", "properties": { "ID": 6919060, "CVE_SUBC": "RH12Dc", "CLAVE50K": "f13d75", "TIPO": 101, "ENTIDAD": "CORRIENTE DE AGUA", "FC": 3271, "CONDICION": "INTERMITENTE", "EDICION": "O", "FECHA": "1994-12-31", "LENGTHM": 241.5531, "ID_DRENA": 6, "FLOWDIR": 1, "ENABLED": 1, "DESC_ENABL": null, "CALI_REPR": 0, "SEQUENCEID": 3265.0, "ORDER_1": 1, "LEVEL_1": 2, "ARBSUM_1": 241.5531, "PATHL_1": 33133.9713 }, "geometry": { "type": "LineString", "coordinates": [ [ -103.4224636, 20.353437 ], [ -103.4224158, 20.3534275 ], [ -103.422368, 20.353418 ], [ -103.4222821, 20.3533902 ], [ -103.4222344, 20.3533717 ], [ -103.4221866, 20.3533622 ], [ -103.4221007, 20.3533253 ], [ -103.422053, 20.3533068 ], [ -103.4219672, 20.3532699 ], [ -103.4218814, 20.353233 ], [ -103.4217955, 20.353196 ], [ -103.4217195, 20.3531412 ], [ -103.4216814, 20.3531137 ], [ -103.4216055, 20.3530498 ], [ -103.421539, 20.352995 ], [ -103.421501, 20.3529585 ], [ -103.4214346, 20.3528947 ], [ -103.4213681, 20.3528399 ], [ -103.4213302, 20.3528034 ], [ -103.421254, 20.3527575 ], [ -103.4212064, 20.35273 ], [ -103.4211684, 20.3527026 ], [ -103.4210922, 20.3526567 ], [ -103.4210161, 20.3526018 ], [ -103.4209684, 20.3525833 ], [ -103.4209304, 20.3525559 ], [ -103.4208447, 20.3525099 ], [ -103.4207588, 20.352473 ], [ -103.420673, 20.3524361 ], [ -103.4206252, 20.3524266 ], [ -103.4205774, 20.3524172 ], [ -103.4205295, 20.3524167 ], [ -103.4204654, 20.3523988 ] ] } },
{ "type": "Feature", "properties": { "ID": 6919065, "CVE_SUBC": "RH12Dc", "CLAVE50K": "f13d75", "TIPO": 101, "ENTIDAD": "CORRIENTE DE AGUA", "FC": 3271, "CONDICION": "INTERMITENTE", "EDICION": "O", "FECHA": "1994-12-31", "LENGTHM": 347.9524, "ID_DRENA": 6, "FLOWDIR": 1, "ENABLED": 1, "DESC_ENABL": null, "CALI_REPR": 0, "SEQUENCEID": 2930.0, "ORDER_1": 1, "LEVEL_1": 3, "ARBSUM_1": 347.9524, "PATHL_1": 12805.7568 }, "geometry": { "type": "LineString", "coordinates": [ [ -103.5062977, 20.3940953 ], [ -103.5062893, 20.3939687 ], [ -103.5062715, 20.393824 ], [ -103.5062729, 20.3936795 ], [ -103.5062933, 20.3935532 ], [ -103.506343, 20.3933729 ], [ -103.5063924, 20.3932108 ], [ -103.5064515, 20.3930486 ], [ -103.5065301, 20.3928415 ], [ -103.5065601, 20.3927153 ], [ -103.5065807, 20.3925619 ], [ -103.5065817, 20.3924626 ], [ -103.5065733, 20.392336 ], [ -103.5065553, 20.3922184 ], [ -103.5065558, 20.3921642 ], [ -103.5065286, 20.3920014 ], [ -103.5065292, 20.3919381 ], [ -103.5065306, 20.3917936 ], [ -103.5065431, 20.3914956 ], [ -103.5065839, 20.391234 ], [ -103.5066333, 20.3910808 ], [ -103.5066796, 20.391007 ] ] } },
{ "type": "Feature", "properties": { "ID": 6919068, "CVE_SUBC": "RH12Dc", "CLAVE50K": "f13d75", "TIPO": 103, "ENTIDAD": "LINEA CENTRAL", "FC": 3273, "CONDICION": "FLUJO VIRTUAL", "EDICION": "N", "FECHA": "2007-11-09", "LENGTHM": 406.6111, "ID_DRENA": 6, "FLOWDIR": 1, "ENABLED": 1, "DESC_ENABL": null, "CALI_REPR": 3, "SEQUENCEID": 2903.0, "ORDER_1": 5, "LEVEL_1": 1, "ARBSUM_1": 234004.1569, "PATHL_1": 9004.5428 }, "geometry": { "type": "LineString", "coordinates": [ [ -103.5344029, 20.3897872 ], [ -103.5347141, 20.3897978 ], [ -103.5350038, 20.3898768 ], [ -103.535362, 20.3901613 ], [ -103.5359944, 20.3904668 ], [ -103.5365823, 20.3905301 ], [ -103.5370074, 20.3905663 ], [ -103.5374596, 20.3906025 ], [ -103.537939, 20.390711 ], [ -103.5380918, 20.3907241 ] ] } },
{ "type": "Feature", "properties": { "ID": 6919069, "CVE_SUBC": "RH12Dc", "CLAVE50K": "f13d75", "TIPO": 101, "ENTIDAD": "CORRIENTE DE AGUA", "FC": 3271, "CONDICION": "INTERMITENTE", "EDICION": "O", "FECHA": "1994-12-31", "LENGTHM": 1168.5704, "ID_DRENA": 6, "FLOWDIR": 1, "ENABLED": 1, "DESC_ENABL": null, "CALI_REPR": 0, "SEQUENCEID": 2971.0, "ORDER_1": 1, "LEVEL_1": 3, "ARBSUM_1": 1168.5704, "PATHL_1": 15316.6871 }, "geometry": { "type": "LineString", "coordinates": [ [ -103.5466575, 20.3712911 ], [ -103.5465325, 20.3713442 ], [ -103.5462346, 20.3714411 ], [ -103.546081, 20.371476 ], [ -103.5459368, 20.37152 ], [ -103.5457641, 20.3715547 ], [ -103.5456586, 20.3715628 ], [ -103.5454956, 20.3715795 ], [ -103.5453518, 20.3715964 ], [ -103.5451886, 20.3716312 ], [ -103.5450157, 20.3716749 ], [ -103.5448621, 20.3717098 ], [ -103.5447086, 20.3717356 ], [ -103.5445453, 20.3717794 ], [ -103.5443727, 20.371796 ], [ -103.5441617, 20.3718214 ], [ -103.5439512, 20.3717925 ], [ -103.5438365, 20.3717644 ], [ -103.5435114, 20.3716985 ], [ -103.543359, 20.3716069 ], [ -103.5431496, 20.3714606 ], [ -103.5429974, 20.3713419 ], [ -103.5429499, 20.3713053 ], [ -103.5428449, 20.3712593 ], [ -103.5427401, 20.3712042 ], [ -103.5426161, 20.3711399 ], [ -103.5424162, 20.3710028 ], [ -103.542302, 20.3709205 ], [ -103.5422259, 20.3708656 ], [ -103.5421116, 20.3708015 ], [ -103.5418534, 20.3707451 ], [ -103.5417102, 20.3706987 ], [ -103.5415572, 20.3706613 ], [ -103.5414042, 20.370642 ], [ -103.5412796, 20.3706409 ], [ -103.5411359, 20.3706397 ], [ -103.5409635, 20.3706383 ], [ -103.5408584, 20.3706103 ], [ -103.540715, 20.370582 ], [ -103.5406098, 20.370554 ], [ -103.5404856, 20.3705259 ], [ -103.5403325, 20.3704975 ], [ -103.5401796, 20.3704601 ], [ -103.5397875, 20.3703936 ], [ -103.5396155, 20.370347 ], [ -103.539472, 20.3703186 ], [ -103.5393575, 20.3702725 ], [ -103.5392047, 20.370217 ], [ -103.538947, 20.3701245 ], [ -103.538804, 20.3700511 ], [ -103.5385559, 20.3699406 ], [ -103.5384131, 20.369849 ], [ -103.5382415, 20.3697573 ], [ -103.5380892, 20.3696476 ], [ -103.5379657, 20.3695472 ], [ -103.5378515, 20.3694649 ], [ -103.5377375, 20.3693646 ], [ -103.5376519, 20.3692916 ], [ -103.5375857, 20.3692007 ], [ -103.5375099, 20.3691097 ], [ -103.5374248, 20.3690006 ], [ -103.5372737, 20.3687644 ], [ -103.5371509, 20.3685827 ], [ -103.5370844, 20.3685189 ], [ -103.5369698, 20.3684818 ], [ -103.5368553, 20.3684357 ], [ -103.5366491, 20.3683599 ] ] } },
{ "type": "Feature", "properties": { "ID": 6919070, "CVE_SUBC": "RH12Dc", "CLAVE50K": "f13d75", "TIPO": 101, "ENTIDAD": "CORRIENTE DE AGUA", "FC": 3271, "CONDICION": "INTERMITENTE", "EDICION": "O", "FECHA": "1994-12-31", "LENGTHM": 8.9666, "ID_DRENA": 6, "FLOWDIR": 1, "ENABLED": 1, "DESC_ENABL": null, "CALI_REPR": 0, "SEQUENCEID": 3146.0, "ORDER_1": 4, "LEVEL_1": 1, "ARBSUM_1": 78923.6268, "PATHL_1": 23520.1043 }, "geometry": { "type": "LineString", "coordinates": [ [ -103.4568763, 20.3141943 ], [ -103.4569625, 20.314195 ] ] } },
{ "type": "Feature", "properties": { "ID": 6919073, "CVE_SUBC": "RH12Dc", "CLAVE50K": "f13d75", "TIPO": 101, "ENTIDAD": "CORRIENTE DE AGUA", "FC": 3271, "CONDICION": "INTERMITENTE", "EDICION": "O", "FECHA": "1994-12-31", "LENGTHM": 713.3761, "ID_DRENA": 6, "FLOWDIR": 1, "ENABLED": 1, "DESC_ENABL": null, "CALI_REPR": 0, "SEQUENCEID": 3016.0, "ORDER_1": 1, "LEVEL_1": 3, "ARBSUM_1": 713.3761, "PATHL_1": 22146.6871 }, "geometry": { "type": "LineString", "coordinates": [ [ -103.4532802, 20.3609036 ], [ -103.4533289, 20.3608227 ], [ -103.4533873, 20.3607329 ], [ -103.4534261, 20.360679 ], [ -103.453465, 20.3606251 ], [ -103.453523, 20.3605714 ], [ -103.4536001, 20.360527 ], [ -103.4536867, 20.3604826 ], [ -103.453783, 20.3604292 ], [ -103.4538698, 20.3603758 ], [ -103.4539758, 20.3603135 ], [ -103.4541009, 20.3602514 ], [ -103.4542066, 20.3602252 ], [ -103.4542929, 20.3602079 ], [ -103.4543699, 20.3601724 ], [ -103.4544564, 20.3601461 ], [ -103.4545432, 20.3600927 ], [ -103.4546201, 20.3600572 ], [ -103.4547259, 20.360013 ], [ -103.4548222, 20.3599687 ], [ -103.4549468, 20.3599607 ], [ -103.4550333, 20.3599344 ], [ -103.4551292, 20.3599172 ], [ -103.4552157, 20.3598908 ], [ -103.4553305, 20.3599009 ], [ -103.4553878, 20.3599195 ], [ -103.4554545, 20.3599562 ], [ -103.4555119, 20.3599657 ], [ -103.4556942, 20.3599312 ], [ -103.4557903, 20.359905 ], [ -103.4558959, 20.3598788 ], [ -103.4560018, 20.3598255 ], [ -103.4561269, 20.3597724 ], [ -103.4562808, 20.3597015 ], [ -103.4563677, 20.359639 ], [ -103.4564932, 20.3595408 ], [ -103.4566283, 20.3594426 ], [ -103.456773, 20.3593355 ], [ -103.4569175, 20.3592554 ], [ -103.4570331, 20.3591932 ], [ -103.4571486, 20.359131 ], [ -103.4572641, 20.3590778 ], [ -103.457341, 20.3590514 ], [ -103.4574371, 20.3590252 ], [ -103.4576292, 20.3589727 ], [ -103.4577639, 20.3589106 ], [ -103.4578794, 20.3588484 ], [ -103.457995, 20.3587862 ], [ -103.4580914, 20.3587238 ], [ -103.4581878, 20.3586614 ], [ -103.4583037, 20.3585721 ], [ -103.458381, 20.3585005 ], [ -103.4584874, 20.3584021 ], [ -103.4585359, 20.3583393 ], [ -103.4586038, 20.3582495 ], [ -103.4586717, 20.3581688 ], [ -103.4587205, 20.3580699 ], [ -103.4588277, 20.3578902 ], [ -103.4589057, 20.3577553 ] ] } },
{ "type": "Feature", "properties": { "ID": 6919089, "CVE_SUBC": "RH12Dc", "CLAVE50K": "f13d75", "TIPO": 101, "ENTIDAD": "CORRIENTE DE AGUA", "FC": 3271, "CONDICION": "INTERMITENTE", "EDICION": "O", "FECHA": "1994-12-31", "LENGTHM": 402.0797, "ID_DRENA": 6, "FLOWDIR": 1, "ENABLED": 1, "DESC_ENABL": null, "CALI_REPR": 0, "SEQUENCEID": 3157.0, "ORDER_1": 1, "LEVEL_1": 3, "ARBSUM_1": 402.0797, "PATHL_1": 27032.6286 }, "geometry": { "type": "LineString", "coordinates": [ [ -103.4381031, 20.3346066 ], [ -103.4381239, 20.3344442 ], [ -103.4381538, 20.334327 ], [ -103.4382122, 20.3342372 ], [ -103.4382796, 20.3341926 ], [ -103.4383573, 20.334094 ], [ -103.4384632, 20.3340317 ], [ -103.4385211, 20.3339961 ], [ -103.438665, 20.3339702 ], [ -103.4387512, 20.333971 ], [ -103.4390765, 20.334001 ], [ -103.4392484, 20.3340477 ], [ -103.4393538, 20.3340487 ], [ -103.4395169, 20.334014 ], [ -103.439738, 20.3339347 ], [ -103.4399118, 20.3337917 ], [ -103.4400181, 20.3337023 ], [ -103.4401912, 20.3336316 ], [ -103.4403737, 20.333579 ], [ -103.4405364, 20.3335895 ], [ -103.4406702, 20.3336178 ], [ -103.4408326, 20.3336554 ], [ -103.4409473, 20.3336835 ], [ -103.4410335, 20.3336842 ], [ -103.4411771, 20.3336855 ], [ -103.4413209, 20.3336778 ], [ -103.441407, 20.3336785 ] ] } },
{ "type": "Feature", "properties": { "ID": 6919107, "CVE_SUBC": "RH12Dc", "CLAVE50K": "f13d75", "TIPO": 101, "ENTIDAD": "CORRIENTE DE AGUA", "FC": 3271, "CONDICION": "INTERMITENTE", "EDICION": "O", "FECHA": "1994-12-31", "LENGTHM": 1919.4741, "ID_DRENA": 6, "FLOWDIR": 1, "ENABLED": 1, "DESC_ENABL": null, "CALI_REPR": 0, "SEQUENCEID": 3020.0, "ORDER_1": 1, "LEVEL_1": 3, "ARBSUM_1": 1919.4741, "PATHL_1": 19667.6341 }, "geometry": { "type": "LineString", "coordinates": [ [ -103.4596147, 20.3519438 ], [ -103.4596444, 20.3518447 ], [ -103.4596931, 20.3517638 ], [ -103.459732, 20.3517009 ], [ -103.4598771, 20.3515577 ], [ -103.4599256, 20.3514948 ], [ -103.4599644, 20.35145 ], [ -103.4600225, 20.3513873 ], [ -103.4600997, 20.3513247 ], [ -103.4601674, 20.3512621 ], [ -103.460235, 20.3512085 ], [ -103.4602833, 20.3511638 ], [ -103.4603318, 20.35111 ], [ -103.4603901, 20.3510202 ], [ -103.4604485, 20.3509303 ], [ -103.4604974, 20.3508314 ], [ -103.4605849, 20.3506966 ], [ -103.4606238, 20.3506338 ], [ -103.4607019, 20.3504899 ], [ -103.4607505, 20.3504181 ], [ -103.4607894, 20.3503552 ], [ -103.4608475, 20.3502924 ], [ -103.4608961, 20.3502206 ], [ -103.4609446, 20.3501578 ], [ -103.4610124, 20.3500861 ], [ -103.4610703, 20.3500415 ], [ -103.4611189, 20.3499696 ], [ -103.4611674, 20.3499068 ], [ -103.4612064, 20.3498439 ], [ -103.4612456, 20.3497539 ], [ -103.4612748, 20.3497 ], [ -103.4613234, 20.3496281 ], [ -103.4613917, 20.3495023 ], [ -103.4614113, 20.3494573 ], [ -103.4614598, 20.3494035 ], [ -103.4615371, 20.3493319 ], [ -103.4616054, 20.349206 ], [ -103.4616441, 20.3491702 ], [ -103.4616926, 20.3491074 ], [ -103.4617605, 20.3490177 ], [ -103.4617898, 20.3489637 ], [ -103.461819, 20.3489188 ], [ -103.4618482, 20.3488649 ], [ -103.4618774, 20.34882 ], [ -103.4619067, 20.348766 ], [ -103.4619649, 20.3486943 ], [ -103.4620327, 20.3486136 ], [ -103.4620523, 20.3485686 ], [ -103.4621106, 20.3484878 ], [ -103.4621973, 20.3484343 ], [ -103.4623039, 20.3483088 ], [ -103.4623333, 20.3482458 ], [ -103.4623529, 20.3482008 ], [ -103.4623918, 20.3481379 ], [ -103.4624212, 20.3480749 ], [ -103.4624699, 20.3479941 ], [ -103.462538, 20.3478863 ], [ -103.4625961, 20.3478235 ], [ -103.4626735, 20.3477429 ], [ -103.4627508, 20.3476713 ], [ -103.4628183, 20.3476267 ], [ -103.4629048, 20.3476004 ], [ -103.4631061, 20.3475841 ], [ -103.4637191, 20.3475805 ], [ -103.4638725, 20.3475728 ], [ -103.4640736, 20.3475746 ], [ -103.4641982, 20.3475666 ], [ -103.4643515, 20.3475589 ], [ -103.4644377, 20.3475597 ], [ -103.4645815, 20.3475519 ], [ -103.4646868, 20.3475528 ], [ -103.4647829, 20.3475266 ], [ -103.4648403, 20.3475271 ], [ -103.4649075, 20.3475186 ], [ -103.4649651, 20.3475011 ], [ -103.4650618, 20.3474116 ], [ -103.4651101, 20.3473668 ], [ -103.4651874, 20.3472953 ], [ -103.4652743, 20.3472328 ], [ -103.4653797, 20.3472247 ], [ -103.4654758, 20.3471984 ], [ -103.4655436, 20.3471177 ], [ -103.4655729, 20.3470638 ], [ -103.4656021, 20.3470098 ], [ -103.4656411, 20.3469469 ], [ -103.4656704, 20.3468839 ], [ -103.465738, 20.3468303 ], [ -103.4658052, 20.3468129 ], [ -103.4658822, 20.3467774 ], [ -103.46594, 20.3467418 ], [ -103.4659979, 20.3466971 ], [ -103.4660654, 20.3466525 ], [ -103.4661231, 20.346635 ], [ -103.4661901, 20.3466356 ], [ -103.4662476, 20.3466361 ], [ -103.4663245, 20.3466096 ], [ -103.4663631, 20.3465738 ], [ -103.4664212, 20.3465111 ], [ -103.4664893, 20.3464033 ], [ -103.4665859, 20.3463228 ], [ -103.4666343, 20.3462691 ], [ -103.4666637, 20.3462061 ], [ -103.4666833, 20.3461611 ], [ -103.4667316, 20.3461164 ], [ -103.4667988, 20.3460989 ], [ -103.4669042, 20.3460998 ], [ -103.4669999, 20.3461097 ], [ -103.467086, 20.3461195 ], [ -103.4671435, 20.3461109 ], [ -103.4672393, 20.3461118 ], [ -103.4673064, 20.3461033 ], [ -103.4673737, 20.3460858 ], [ -103.4674218, 20.3460592 ], [ -103.4674702, 20.3460054 ], [ -103.4675091, 20.3459515 ], [ -103.4675766, 20.345907 ], [ -103.4676439, 20.3458804 ], [ -103.4677302, 20.3458722 ], [ -103.4677971, 20.3458818 ], [ -103.4678448, 20.3459003 ], [ -103.4678922, 20.3459549 ], [ -103.4679206, 20.3459913 ], [ -103.4679974, 20.3459648 ], [ -103.4680361, 20.345929 ], [ -103.4680749, 20.3458842 ], [ -103.4681041, 20.3458303 ], [ -103.4681238, 20.3457762 ], [ -103.4681339, 20.3457221 ], [ -103.4681632, 20.3456682 ], [ -103.4682778, 20.3456963 ], [ -103.4683447, 20.3457149 ], [ -103.4684116, 20.3457336 ], [ -103.4684784, 20.3457613 ], [ -103.4686889, 20.3457812 ], [ -103.4687657, 20.3457638 ], [ -103.4688617, 20.3457375 ], [ -103.4689385, 20.3457202 ], [ -103.4690056, 20.3457117 ], [ -103.4690633, 20.3456941 ], [ -103.4691307, 20.3456586 ], [ -103.4692173, 20.3456142 ], [ -103.4692749, 20.3456057 ], [ -103.469438, 20.34558 ], [ -103.4696206, 20.3455184 ], [ -103.4697552, 20.3454653 ], [ -103.4698608, 20.3454392 ], [ -103.4699664, 20.345413 ], [ -103.4700911, 20.345396 ], [ -103.4701869, 20.3453968 ], [ -103.4702826, 20.3454067 ], [ -103.4703592, 20.3454074 ], [ -103.4704742, 20.3453994 ], [ -103.4705605, 20.3453911 ], [ -103.4706754, 20.3453921 ], [ -103.4707711, 20.345402 ], [ -103.4708668, 20.3454118 ], [ -103.4710008, 20.345422 ], [ -103.4711444, 20.3454233 ], [ -103.4712115, 20.3454239 ], [ -103.4713072, 20.3454337 ], [ -103.4713741, 20.3454434 ], [ -103.4714792, 20.3454714 ], [ -103.4715462, 20.345472 ], [ -103.4716134, 20.3454635 ], [ -103.4716613, 20.3454549 ], [ -103.4717095, 20.3454282 ], [ -103.4717482, 20.3453924 ], [ -103.4717867, 20.3453657 ], [ -103.4718349, 20.345339 ], [ -103.4718831, 20.3453033 ], [ -103.471941, 20.3452676 ], [ -103.4719606, 20.3452226 ], [ -103.4719996, 20.3451507 ], [ -103.4720383, 20.3451059 ], [ -103.4721344, 20.3450706 ], [ -103.4722207, 20.3450623 ], [ -103.4723166, 20.3450541 ], [ -103.4723932, 20.3450548 ], [ -103.4724603, 20.3450554 ], [ -103.4725465, 20.3450561 ], [ -103.472671, 20.3450572 ], [ -103.4729006, 20.3450773 ], [ -103.4730631, 20.3451148 ], [ -103.4732351, 20.3451525 ], [ -103.4733118, 20.3451532 ], [ -103.473398, 20.3451449 ], [ -103.4735036, 20.3451277 ], [ -103.4736187, 20.3451107 ], [ -103.4737818, 20.345076 ], [ -103.4738681, 20.3450677 ], [ -103.4739448, 20.3450593 ], [ -103.4740885, 20.3450606 ], [ -103.4743181, 20.3450897 ] ] } },
{ "type": "Feature", "properties": { "ID": 6919109, "CVE_SUBC": "RH12Dc", "CLAVE50K": null, "TIPO": 101, "ENTIDAD": "CORRIENTE DE AGUA", "FC": 3271, "CONDICION": "INTERMITENTE", "EDICION": "N", "FECHA": "2007-11-09", "LENGTHM": 1541.2968, "ID_DRENA": 5, "FLOWDIR": 1, "ENABLED": 1, "DESC_ENABL": null, "CALI_REPR": 2, "SEQUENCEID": 2648.0, "ORDER_1": 1, "LEVEL_1": 2, "ARBSUM_1": 2007.9806, "PATHL_1": 1746.1159 }, "geometry": { "type": "LineString", "coordinates": [ [ -103.4859419, 20.3531486 ], [ -103.4860552, 20.3531637 ], [ -103.4862265, 20.3532589 ], [ -103.4866073, 20.3535254 ], [ -103.4870451, 20.3539441 ], [ -103.4871974, 20.3541345 ], [ -103.4877494, 20.3540393 ], [ -103.4879969, 20.3543629 ], [ -103.4883014, 20.3546675 ], [ -103.4889677, 20.3551053 ], [ -103.4893484, 20.3552766 ], [ -103.4897672, 20.3553147 ], [ -103.490186, 20.355448 ], [ -103.4904525, 20.3557716 ], [ -103.4909474, 20.3557906 ], [ -103.4915565, 20.3558096 ], [ -103.4927939, 20.3561332 ], [ -103.4933459, 20.3563617 ], [ -103.4941835, 20.3566662 ], [ -103.4949449, 20.3569137 ], [ -103.4954398, 20.3569327 ], [ -103.4966391, 20.3576942 ], [ -103.4971721, 20.3576942 ], [ -103.4977241, 20.3574848 ], [ -103.4980858, 20.35758 ], [ -103.498714, 20.3577893 ], [ -103.4991044, 20.3577603 ] ] } },
{ "type": "Feature", "properties": { "ID": 6919113, "CVE_SUBC": "RH12Dc", "CLAVE50K": "f13d75", "TIPO": 101, "ENTIDAD": "CORRIENTE DE AGUA", "FC": 3271, "CONDICION": "INTERMITENTE", "EDICION": "O", "FECHA": "1994-12-31", "LENGTHM": 3283.2226, "ID_DRENA": 6, "FLOWDIR": 1, "ENABLED": 1, "DESC_ENABL": null, "CALI_REPR": 0, "SEQUENCEID": 3236.0, "ORDER_1": 1, "LEVEL_1": 2, "ARBSUM_1": 3283.2226, "PATHL_1": 28666.5491 }, "geometry": { "type": "LineString", "coordinates": [ [ -103.4211256, 20.3465412 ], [ -103.4210788, 20.3464414 ], [ -103.4210419, 20.3462965 ], [ -103.421043, 20.3461881 ], [ -103.4210351, 20.3460254 ], [ -103.4210363, 20.345908 ], [ -103.4210184, 20.3457814 ], [ -103.4209811, 20.3456817 ], [ -103.4209339, 20.345618 ], [ -103.420858, 20.3455451 ], [ -103.4208109, 20.3454633 ], [ -103.4207544, 20.3453725 ], [ -103.4207169, 20.3452908 ], [ -103.4206797, 20.3451821 ], [ -103.4206426, 20.3450643 ], [ -103.4206149, 20.3449647 ], [ -103.4205776, 20.344865 ], [ -103.4205307, 20.3447652 ], [ -103.4205027, 20.3446927 ], [ -103.4204092, 20.344466 ], [ -103.4203906, 20.3444116 ], [ -103.4203627, 20.3443301 ], [ -103.420354, 20.3442487 ], [ -103.4203547, 20.3441764 ], [ -103.420346, 20.344086 ], [ -103.4203277, 20.3440045 ], [ -103.4203286, 20.3439142 ], [ -103.4203294, 20.3438419 ], [ -103.4203306, 20.3437245 ], [ -103.4203319, 20.343589 ], [ -103.4203427, 20.3434717 ], [ -103.420363, 20.3433544 ], [ -103.4205287, 20.3430759 ], [ -103.4205969, 20.342959 ], [ -103.420627, 20.3428238 ], [ -103.4206277, 20.3427606 ], [ -103.4206198, 20.3425979 ], [ -103.4206303, 20.3424986 ], [ -103.4206602, 20.3423905 ], [ -103.420729, 20.3422104 ], [ -103.4207491, 20.3421203 ], [ -103.4207696, 20.341985 ], [ -103.4208092, 20.3418589 ], [ -103.4208677, 20.34176 ], [ -103.4209359, 20.3416522 ], [ -103.4210044, 20.3415083 ], [ -103.4210538, 20.3413552 ], [ -103.4210643, 20.3412649 ], [ -103.4210654, 20.3411565 ], [ -103.4210663, 20.3410662 ], [ -103.4210765, 20.3410031 ], [ -103.4210771, 20.3409489 ], [ -103.4210974, 20.3408316 ], [ -103.4211173, 20.3407595 ], [ -103.421137, 20.3407055 ], [ -103.4211861, 20.3405885 ], [ -103.4212154, 20.3405346 ], [ -103.4212651, 20.3403544 ], [ -103.4213146, 20.3402012 ], [ -103.4213353, 20.3400478 ], [ -103.4213368, 20.3398943 ], [ -103.4213384, 20.3397407 ], [ -103.4213301, 20.3396142 ], [ -103.4213126, 20.3394514 ], [ -103.421285, 20.3393428 ], [ -103.4212379, 20.339261 ], [ -103.4211529, 20.3391428 ], [ -103.4209635, 20.3389333 ], [ -103.4208972, 20.3388605 ], [ -103.4207836, 20.3387239 ], [ -103.4206984, 20.3386328 ], [ -103.420632, 20.338569 ], [ -103.4205563, 20.338478 ], [ -103.4203474, 20.3382954 ], [ -103.4202248, 20.3381046 ], [ -103.4201589, 20.3379956 ], [ -103.4201028, 20.3378596 ], [ -103.4200755, 20.3377238 ], [ -103.4200292, 20.3375698 ], [ -103.4199732, 20.3374157 ], [ -103.4198516, 20.3371346 ], [ -103.4197954, 20.3370076 ], [ -103.4197294, 20.3369076 ], [ -103.4195017, 20.3366978 ], [ -103.4194257, 20.3366339 ], [ -103.4192831, 20.3365332 ], [ -103.419178, 20.3365052 ], [ -103.4190443, 20.3364678 ], [ -103.4189775, 20.3364401 ], [ -103.4189014, 20.3363943 ], [ -103.4188064, 20.3363211 ], [ -103.4187396, 20.3362934 ], [ -103.4186632, 20.3362656 ], [ -103.4186061, 20.336238 ], [ -103.4184443, 20.3361372 ], [ -103.4183399, 20.3360369 ], [ -103.4182647, 20.3359007 ], [ -103.4182275, 20.335792 ], [ -103.4182095, 20.3356834 ], [ -103.4182114, 20.3354937 ], [ -103.4182417, 20.3353404 ], [ -103.4182908, 20.3352234 ], [ -103.4183496, 20.3350884 ], [ -103.4183703, 20.334935 ], [ -103.4183717, 20.3347995 ], [ -103.4183172, 20.33451 ], [ -103.4182709, 20.334347 ], [ -103.4181684, 20.334075 ], [ -103.4181136, 20.3338035 ], [ -103.4180861, 20.3336858 ], [ -103.4180778, 20.3335593 ], [ -103.418079, 20.3334418 ], [ -103.4180895, 20.3333516 ], [ -103.4180998, 20.3332794 ], [ -103.4181106, 20.3331621 ], [ -103.4181212, 20.3330628 ], [ -103.4181509, 20.3329637 ], [ -103.4181803, 20.3329007 ], [ -103.4182192, 20.3328378 ], [ -103.4182484, 20.3327929 ], [ -103.4182781, 20.3327029 ], [ -103.418308, 20.3325857 ], [ -103.4183382, 20.3324414 ], [ -103.4183779, 20.3323063 ], [ -103.4184365, 20.3321894 ], [ -103.4184856, 20.3320724 ], [ -103.4185248, 20.3319824 ], [ -103.4185257, 20.3319011 ], [ -103.4184519, 20.3316204 ], [ -103.4184436, 20.3314939 ], [ -103.4184061, 20.3314122 ], [ -103.4183691, 20.3312854 ], [ -103.4183418, 20.3311496 ], [ -103.4183428, 20.3310503 ], [ -103.4183729, 20.3309151 ], [ -103.4184216, 20.3308342 ], [ -103.4185279, 20.3307358 ], [ -103.418558, 20.3306006 ], [ -103.4186068, 20.3305107 ], [ -103.4186369, 20.3303845 ], [ -103.4186288, 20.3302398 ], [ -103.4186014, 20.3301041 ], [ -103.418574, 20.3299774 ], [ -103.4185654, 20.3298779 ], [ -103.4185952, 20.3297698 ], [ -103.4186534, 20.329698 ], [ -103.4187305, 20.3296536 ], [ -103.4187789, 20.3295998 ], [ -103.4188376, 20.3294829 ], [ -103.418877, 20.3293748 ], [ -103.4189259, 20.3292759 ], [ -103.4189843, 20.3291771 ], [ -103.4190524, 20.3290783 ], [ -103.41913, 20.3289797 ], [ -103.4192173, 20.328872 ], [ -103.4192754, 20.3288093 ], [ -103.4193246, 20.3286743 ], [ -103.419364, 20.3285753 ], [ -103.4194031, 20.3284943 ], [ -103.4194518, 20.3284134 ], [ -103.4195388, 20.3283329 ], [ -103.4196063, 20.3282884 ], [ -103.4196737, 20.3282528 ], [ -103.4197319, 20.3281811 ], [ -103.4197333, 20.3280456 ], [ -103.4197147, 20.3279912 ], [ -103.419668, 20.3278734 ], [ -103.4196688, 20.3277921 ], [ -103.4196794, 20.3276928 ], [ -103.4197186, 20.3276028 ], [ -103.4198155, 20.3274953 ], [ -103.4198928, 20.3274237 ], [ -103.4199415, 20.3273429 ], [ -103.4199711, 20.3272618 ], [ -103.4200304, 20.3270817 ], [ -103.42007, 20.3269556 ], [ -103.4200712, 20.3268381 ], [ -103.420053, 20.3267386 ], [ -103.4200256, 20.3266119 ], [ -103.4199786, 20.3265211 ], [ -103.4199506, 20.3264486 ], [ -103.4199228, 20.326358 ], [ -103.4199236, 20.3262767 ], [ -103.4199338, 20.3262226 ], [ -103.4199534, 20.3261686 ], [ -103.4199827, 20.3261146 ], [ -103.419993, 20.3260515 ], [ -103.4199748, 20.325952 ], [ -103.4199663, 20.3258435 ], [ -103.4199674, 20.3257351 ], [ -103.4199779, 20.3256448 ], [ -103.4199982, 20.3255366 ], [ -103.4200278, 20.3254466 ], [ -103.4200769, 20.3253296 ], [ -103.4201257, 20.3252397 ], [ -103.4202231, 20.3250779 ], [ -103.4202818, 20.324952 ], [ -103.4203694, 20.3248173 ], [ -103.4204566, 20.3247187 ], [ -103.4205057, 20.3246017 ], [ -103.4205549, 20.3244666 ], [ -103.4205658, 20.3243403 ], [ -103.4205572, 20.3242408 ], [ -103.4205293, 20.3241593 ], [ -103.4204726, 20.3240865 ], [ -103.4204736, 20.3239871 ], [ -103.4204743, 20.3239148 ], [ -103.4205336, 20.3237347 ], [ -103.4205348, 20.3236173 ], [ -103.4205174, 20.3234455 ], [ -103.4204808, 20.3232735 ], [ -103.4204534, 20.3231468 ], [ -103.4203969, 20.323056 ], [ -103.4203591, 20.3230014 ], [ -103.4202933, 20.3228834 ], [ -103.4202465, 20.3227745 ], [ -103.4201996, 20.3226748 ], [ -103.4201526, 20.322593 ], [ -103.4200958, 20.3225293 ], [ -103.4200199, 20.3224563 ], [ -103.4199631, 20.3223926 ], [ -103.4199266, 20.3222116 ], [ -103.419891, 20.3219402 ], [ -103.4198643, 20.3217412 ], [ -103.4198367, 20.3216326 ], [ -103.4197805, 20.3215146 ], [ -103.4197336, 20.3214148 ], [ -103.4196769, 20.3213421 ], [ -103.4196106, 20.3212692 ], [ -103.4195728, 20.3212146 ], [ -103.4195075, 20.3210424 ], [ -103.4194992, 20.3209249 ], [ -103.4195104, 20.3207624 ], [ -103.4195211, 20.3206451 ], [ -103.4195416, 20.3205188 ], [ -103.419552, 20.3204376 ], [ -103.4195534, 20.320293 ], [ -103.4195451, 20.3201755 ], [ -103.4195076, 20.3200939 ], [ -103.4194698, 20.3200484 ], [ -103.4194609, 20.319976 ], [ -103.4194808, 20.3199039 ], [ -103.4195102, 20.3198319 ], [ -103.4195303, 20.3197418 ], [ -103.4195311, 20.3196695 ], [ -103.4195222, 20.3195972 ], [ -103.4195136, 20.3195067 ] ] } },
{ "type": "Feature", "properties": { "ID": 6919124, "CVE_SUBC": "RH12Dc", "CLAVE50K": "f13d75", "TIPO": 101, "ENTIDAD": "CORRIENTE DE AGUA", "FC": 3271, "CONDICION": "INTERMITENTE", "EDICION": "O", "FECHA": "1994-12-31", "LENGTHM": 663.4641, "ID_DRENA": 5, "FLOWDIR": 1, "ENABLED": 1, "DESC_ENABL": null, "CALI_REPR": 0, "SEQUENCEID": 2663.0, "ORDER_1": 1, "LEVEL_1": 3, "ARBSUM_1": 663.4641, "PATHL_1": 4457.9517 }, "geometry": { "type": "LineString", "coordinates": [ [ -103.4634495, 20.3796663 ], [ -103.4634998, 20.3794228 ], [ -103.4635583, 20.379324 ], [ -103.463617, 20.379198 ], [ -103.4636757, 20.379072 ], [ -103.4637346, 20.378928 ], [ -103.4637933, 20.3788111 ], [ -103.4639869, 20.378605 ], [ -103.4640354, 20.3785422 ], [ -103.4641321, 20.3784527 ], [ -103.4643065, 20.3782555 ], [ -103.4644229, 20.378112 ], [ -103.4645295, 20.3779865 ], [ -103.4646462, 20.3778158 ], [ -103.4647533, 20.3776452 ], [ -103.4648508, 20.3774653 ], [ -103.4649482, 20.3773126 ], [ -103.4652001, 20.3770258 ], [ -103.4653836, 20.3768738 ], [ -103.4655768, 20.3767129 ], [ -103.46576, 20.376597 ], [ -103.4658951, 20.3764898 ], [ -103.4661266, 20.3763293 ], [ -103.4663866, 20.376196 ], [ -103.4665216, 20.3761159 ], [ -103.4666083, 20.3760625 ], [ -103.4667442, 20.375883 ], [ -103.4668316, 20.3757573 ], [ -103.4668899, 20.3756765 ], [ -103.4669673, 20.3756049 ], [ -103.4670643, 20.3754793 ], [ -103.4671227, 20.3753895 ], [ -103.4672393, 20.3752188 ], [ -103.4673081, 20.3750478 ] ] } },
{ "type": "Feature", "properties": { "ID": 6919142, "CVE_SUBC": "RH12Dc", "CLAVE50K": "f13d75", "TIPO": 101, "ENTIDAD": "CORRIENTE DE AGUA", "FC": 3271, "CONDICION": "INTERMITENTE", "EDICION": "O", "FECHA": "1994-12-31", "LENGTHM": 226.1536, "ID_DRENA": 6, "FLOWDIR": 1, "ENABLED": 1, "DESC_ENABL": null, "CALI_REPR": 0, "SEQUENCEID": 3261.0, "ORDER_1": 1, "LEVEL_1": 2, "ARBSUM_1": 226.1536, "PATHL_1": 32905.829 }, "geometry": { "type": "LineString", "coordinates": [ [ -103.4215781, 20.351026 ], [ -103.4215395, 20.3510528 ], [ -103.4214719, 20.3511154 ], [ -103.4214333, 20.3511421 ], [ -103.4213947, 20.3511689 ], [ -103.421356, 20.3512047 ], [ -103.4212789, 20.3512491 ], [ -103.4212018, 20.3513026 ], [ -103.4211632, 20.3513294 ], [ -103.4211246, 20.3513561 ], [ -103.4210765, 20.3513738 ], [ -103.42099, 20.3514001 ], [ -103.4209421, 20.3514087 ], [ -103.4208941, 20.3514173 ], [ -103.4208462, 20.3514169 ], [ -103.4207983, 20.3514164 ], [ -103.4207505, 20.351407 ], [ -103.4206645, 20.3513881 ], [ -103.4206168, 20.3513696 ], [ -103.4205691, 20.3513511 ], [ -103.4204833, 20.3513142 ], [ -103.4204356, 20.3512957 ], [ -103.4203495, 20.3512769 ], [ -103.4202537, 20.351285 ], [ -103.4202058, 20.3512846 ], [ -103.4201099, 20.3512928 ], [ -103.4200619, 20.3513014 ], [ -103.4199664, 20.3512824 ], [ -103.4198903, 20.3512275 ], [ -103.4198142, 20.3511726 ], [ -103.4197671, 20.3511 ], [ -103.4197484, 20.3510546 ], [ -103.4196913, 20.351018 ] ] } },
{ "type": "Feature", "properties": { "ID": 6919144, "CVE_SUBC": "RH12Dc", "CLAVE50K": "f13d75", "TIPO": 101, "ENTIDAD": "CORRIENTE DE AGUA", "FC": 3271, "CONDICION": "INTERMITENTE", "EDICION": "O", "FECHA": "1994-12-31", "LENGTHM": 1067.3781, "ID_DRENA": 6, "FLOWDIR": 1, "ENABLED": 1, "DESC_ENABL": null, "CALI_REPR": 0, "SEQUENCEID": 3257.0, "ORDER_1": 3, "LEVEL_1": 1, "ARBSUM_1": 5265.5682, "PATHL_1": 31534.1737 }, "geometry": { "type": "LineString", "coordinates": [ [ -103.4190287, 20.3483561 ], [ -103.4190006, 20.3482926 ], [ -103.4189724, 20.3482381 ], [ -103.418935, 20.3481565 ], [ -103.4188888, 20.3479844 ], [ -103.4188512, 20.3479118 ], [ -103.4188139, 20.3478211 ], [ -103.418786, 20.3477305 ], [ -103.418758, 20.347667 ], [ -103.4187489, 20.3476128 ], [ -103.4187496, 20.3475495 ], [ -103.4187698, 20.3474413 ], [ -103.4187705, 20.3473781 ], [ -103.4187711, 20.3473148 ], [ -103.4187814, 20.3472427 ], [ -103.418782, 20.3471885 ], [ -103.418792, 20.3471434 ], [ -103.4187925, 20.3470982 ], [ -103.4187742, 20.3470168 ], [ -103.4187556, 20.3469624 ], [ -103.4187369, 20.3469171 ], [ -103.4187373, 20.3468719 ], [ -103.418738, 20.3467996 ], [ -103.4187293, 20.3467182 ], [ -103.4186917, 20.3466456 ], [ -103.418654, 20.3465911 ], [ -103.4185875, 20.3465363 ], [ -103.4185306, 20.3464816 ], [ -103.418474, 20.3463907 ], [ -103.4184375, 20.3462188 ], [ -103.4184287, 20.3461374 ], [ -103.4184019, 20.3459474 ], [ -103.4183834, 20.345884 ], [ -103.4183553, 20.3458205 ], [ -103.4183175, 20.345775 ], [ -103.4182795, 20.3457385 ], [ -103.4182513, 20.3456841 ], [ -103.4182138, 20.3456115 ], [ -103.4181857, 20.345548 ], [ -103.4181769, 20.3454666 ], [ -103.4181776, 20.3454034 ], [ -103.4181594, 20.3453038 ], [ -103.4181315, 20.3452223 ], [ -103.4181226, 20.345159 ], [ -103.4181139, 20.3450685 ], [ -103.4181242, 20.3450054 ], [ -103.4181152, 20.3449421 ], [ -103.4181065, 20.3448607 ], [ -103.418088, 20.3447973 ], [ -103.4180407, 20.3447336 ], [ -103.4180029, 20.3446881 ], [ -103.417965, 20.3446426 ], [ -103.4179273, 20.3445881 ], [ -103.4179087, 20.3445337 ], [ -103.4179094, 20.3444614 ], [ -103.4179099, 20.3444163 ], [ -103.4178912, 20.3443709 ], [ -103.4178532, 20.3443344 ], [ -103.4178345, 20.3442891 ], [ -103.417816, 20.3442257 ], [ -103.4178264, 20.3441445 ], [ -103.4178077, 20.3440992 ], [ -103.4177989, 20.3440268 ], [ -103.4177623, 20.3438548 ], [ -103.4177153, 20.3437731 ], [ -103.4176682, 20.3436914 ], [ -103.4176115, 20.3436186 ], [ -103.4175455, 20.3435186 ], [ -103.417508, 20.343437 ], [ -103.4174042, 20.3432825 ], [ -103.4173293, 20.3431102 ], [ -103.4173116, 20.3429655 ], [ -103.4172838, 20.3428749 ], [ -103.4172757, 20.3427302 ], [ -103.4172576, 20.3426307 ], [ -103.4172108, 20.3425219 ], [ -103.4171732, 20.3424493 ], [ -103.4171358, 20.3423676 ], [ -103.4170982, 20.342295 ], [ -103.4170701, 20.3422315 ], [ -103.4170615, 20.3421321 ], [ -103.4170528, 20.3420507 ], [ -103.4170251, 20.3419511 ], [ -103.4169878, 20.3418514 ], [ -103.4169409, 20.3417516 ], [ -103.416913, 20.34167 ], [ -103.4168853, 20.3415704 ], [ -103.4168576, 20.3414617 ], [ -103.4168204, 20.341362 ], [ -103.416802, 20.3412806 ], [ -103.4167645, 20.341208 ], [ -103.4167176, 20.3411082 ], [ -103.4167089, 20.3410178 ], [ -103.4166819, 20.3408549 ], [ -103.4166732, 20.3407645 ], [ -103.4166737, 20.3407193 ], [ -103.4166933, 20.3406743 ], [ -103.4167416, 20.3406296 ], [ -103.4167901, 20.3405668 ], [ -103.4168002, 20.3405217 ], [ -103.4168104, 20.3404586 ], [ -103.4167923, 20.340359 ], [ -103.4167833, 20.3402957 ], [ -103.4167648, 20.3402323 ], [ -103.4167366, 20.3401779 ], [ -103.4167084, 20.3401324 ], [ -103.416642, 20.3400686 ], [ -103.4166137, 20.3400232 ], [ -103.4165575, 20.3398962 ], [ -103.4165198, 20.3398416 ], [ -103.4164819, 20.3397961 ], [ -103.4164248, 20.3397595 ], [ -103.4163778, 20.3396778 ], [ -103.4163596, 20.3395782 ], [ -103.4163314, 20.3395328 ], [ -103.4162933, 20.3395054 ], [ -103.4162553, 20.3394779 ], [ -103.4162274, 20.3393964 ] ] } },
{ "type": "Feature", "properties": { "ID": 6919148, "CVE_SUBC": "RH12Dc", "CLAVE50K": "f13d75", "TIPO": 101, "ENTIDAD": "CORRIENTE DE AGUA", "FC": 3271, "CONDICION": "INTERMITENTE", "EDICION": "O", "FECHA": "1994-12-31", "LENGTHM": 656.273, "ID_DRENA": 6, "FLOWDIR": 1, "ENABLED": 1, "DESC_ENABL": null, "CALI_REPR": 0, "SEQUENCEID": 3006.0, "ORDER_1": 2, "LEVEL_1": 4, "ARBSUM_1": 1956.2558, "PATHL_1": 19914.0909 }, "geometry": { "type": "LineString", "coordinates": [ [ -103.4698977, 20.3562801 ], [ -103.470023, 20.3561999 ], [ -103.4701096, 20.3561555 ], [ -103.4702249, 20.3561204 ], [ -103.470321, 20.3560941 ], [ -103.4703882, 20.3560766 ], [ -103.4704843, 20.3560504 ], [ -103.4705995, 20.3560243 ], [ -103.4707339, 20.3559893 ], [ -103.47083, 20.3559631 ], [ -103.4709262, 20.3559187 ], [ -103.4709935, 20.3558922 ], [ -103.4710998, 20.3557938 ], [ -103.4712542, 20.3556867 ], [ -103.4713601, 20.3556244 ], [ -103.471476, 20.3555351 ], [ -103.4715823, 20.3554366 ], [ -103.4716695, 20.355338 ], [ -103.4717277, 20.3552663 ], [ -103.4717764, 20.3551764 ], [ -103.4718253, 20.3550774 ], [ -103.4718451, 20.3550144 ], [ -103.471865, 20.3549423 ], [ -103.4719055, 20.3547168 ], [ -103.471926, 20.3545814 ], [ -103.471927, 20.3544821 ], [ -103.471928, 20.3543737 ], [ -103.4719288, 20.3542924 ], [ -103.4719688, 20.3541211 ], [ -103.472018, 20.353986 ], [ -103.472067, 20.353878 ], [ -103.4721064, 20.35377 ], [ -103.4722813, 20.3535186 ], [ -103.472456, 20.3532852 ], [ -103.4725051, 20.3531592 ], [ -103.4725543, 20.3530241 ], [ -103.4726716, 20.3527902 ], [ -103.4727494, 20.3526644 ], [ -103.472856, 20.3525389 ], [ -103.4729531, 20.3524133 ], [ -103.4730211, 20.3523145 ], [ -103.4730991, 20.3521706 ], [ -103.4731579, 20.3520356 ], [ -103.4732165, 20.3519277 ], [ -103.4733034, 20.3518472 ], [ -103.4733998, 20.3518063 ] ] } },
{ "type": "Feature", "properties": { "ID": 6919151, "CVE_SUBC": "RH12Dc", "CLAVE50K": null, "TIPO": 101, "ENTIDAD": "CORRIENTE DE AGUA", "FC": 3271, "CONDICION": "INTERMITENTE", "EDICION": "N", "FECHA": "2007-11-09", "LENGTHM": 421.4777, "ID_DRENA": 5, "FLOWDIR": 1, "ENABLED": 1, "DESC_ENABL": null, "CALI_REPR": 1, "SEQUENCEID": 2725.0, "ORDER_1": 2, "LEVEL_1": 2, "ARBSUM_1": 5842.7776, "PATHL_1": 989.1503 }, "geometry": { "type": "LineString", "coordinates": [ [ -103.5004872, 20.380306 ], [ -103.5016944, 20.3777818 ], [ -103.5016528, 20.3767293 ] ] } },
{ "type": "Feature", "properties": { "ID": 6919155, "CVE_SUBC": "RH12Dc", "CLAVE50K": "f13d75", "TIPO": 101, "ENTIDAD": "CORRIENTE DE AGUA", "FC": 3271, "CONDICION": "INTERMITENTE", "EDICION": "O", "FECHA": "1994-12-31", "LENGTHM": 504.1847, "ID_DRENA": 6, "FLOWDIR": 1, "ENABLED": 1, "DESC_ENABL": null, "CALI_REPR": 0, "SEQUENCEID": 2988.0, "ORDER_1": 1, "LEVEL_1": 4, "ARBSUM_1": 504.1847, "PATHL_1": 16017.2808 }, "geometry": { "type": "LineString", "coordinates": [ [ -103.5427952, 20.358949 ], [ -103.5427306, 20.3589449 ], [ -103.542597, 20.3588896 ], [ -103.542454, 20.3588161 ], [ -103.5423588, 20.3587521 ], [ -103.5422253, 20.3586877 ], [ -103.5420917, 20.3586414 ], [ -103.5418427, 20.3586303 ], [ -103.541651, 20.3586468 ], [ -103.5415169, 20.3586366 ], [ -103.5414021, 20.3586266 ], [ -103.5412874, 20.3585986 ], [ -103.5411824, 20.3585616 ], [ -103.5411252, 20.3585249 ], [ -103.5410775, 20.3585065 ], [ -103.540954, 20.358397 ], [ -103.5409162, 20.3583425 ], [ -103.5408592, 20.3582969 ], [ -103.540802, 20.3582602 ], [ -103.5407065, 20.3582323 ], [ -103.5405245, 20.3582308 ], [ -103.5403902, 20.3582478 ], [ -103.5402462, 20.3582827 ], [ -103.5401117, 20.3583268 ], [ -103.5399582, 20.3583526 ], [ -103.5396897, 20.3583865 ], [ -103.5395556, 20.3583853 ], [ -103.5394216, 20.3583662 ], [ -103.5393164, 20.3583472 ], [ -103.5392112, 20.3583282 ], [ -103.539125, 20.3583275 ], [ -103.5390386, 20.3583539 ], [ -103.5389616, 20.3583894 ], [ -103.538875, 20.3584338 ], [ -103.5387688, 20.3585233 ], [ -103.5386915, 20.3585859 ], [ -103.5386526, 20.3586488 ], [ -103.5386042, 20.3587026 ], [ -103.5385072, 20.3588283 ] ] } },
{ "type": "Feature", "properties": { "ID": 6919160, "CVE_SUBC": "RH12Dc", "CLAVE50K": "f13d75", "TIPO": 101, "ENTIDAD": "CORRIENTE DE AGUA", "FC": 3271, "CONDICION": "INTERMITENTE", "EDICION": "O", "FECHA": "1994-12-31", "LENGTHM": 349.5341, "ID_DRENA": 6, "FLOWDIR": 1, "ENABLED": 1, "DESC_ENABL": null, "CALI_REPR": 0, "SEQUENCEID": 3015.0, "ORDER_1": 1, "LEVEL_1": 4, "ARBSUM_1": 349.5341, "PATHL_1": 22146.6871 }, "geometry": { "type": "LineString", "coordinates": [ [ -103.4557342, 20.3568781 ], [ -103.4558202, 20.356897 ], [ -103.4560012, 20.3569979 ], [ -103.4560965, 20.3570439 ], [ -103.4562107, 20.3571262 ], [ -103.4563252, 20.3571634 ], [ -103.4564398, 20.3572006 ], [ -103.4565355, 20.3572104 ], [ -103.4566121, 20.3572111 ], [ -103.4567174, 20.3572211 ], [ -103.4568033, 20.3572489 ], [ -103.4568606, 20.3572675 ], [ -103.4569755, 20.3572776 ], [ -103.4570999, 20.3572877 ], [ -103.4571475, 20.3573152 ], [ -103.4572047, 20.3573428 ], [ -103.4573, 20.3573888 ], [ -103.4573956, 20.3574168 ], [ -103.4576346, 20.357455 ], [ -103.4577495, 20.3574651 ], [ -103.457826, 20.3574748 ], [ -103.4579505, 20.3574849 ], [ -103.4580748, 20.3575041 ], [ -103.4581607, 20.3575319 ], [ -103.4582466, 20.3575688 ], [ -103.4583324, 20.3576057 ], [ -103.458428, 20.3576246 ], [ -103.458514, 20.3576435 ], [ -103.4585811, 20.3576441 ], [ -103.4586385, 20.3576536 ], [ -103.4586958, 20.3576631 ], [ -103.4587724, 20.3576728 ], [ -103.4589057, 20.3577553 ] ] } },
{ "type": "Feature", "properties": { "ID": 6919166, "CVE_SUBC": "RH12Dc", "CLAVE50K": "f13d75", "TIPO": 101, "ENTIDAD": "CORRIENTE DE AGUA", "FC": 3271, "CONDICION": "INTERMITENTE", "EDICION": "O", "FECHA": "1994-12-31", "LENGTHM": 624.0248, "ID_DRENA": 6, "FLOWDIR": 1, "ENABLED": 1, "DESC_ENABL": null, "CALI_REPR": 0, "SEQUENCEID": 3109.0, "ORDER_1": 2, "LEVEL_1": 2, "ARBSUM_1": 4526.3372, "PATHL_1": 20814.5635 }, "geometry": { "type": "LineString", "coordinates": [ [ -103.4863735, 20.3060866 ], [ -103.4863245, 20.3062036 ], [ -103.4862736, 20.3065194 ], [ -103.4862634, 20.3065825 ], [ -103.486253, 20.3066637 ], [ -103.4862425, 20.306763 ], [ -103.486249, 20.3070702 ], [ -103.4862285, 20.3072146 ], [ -103.486218, 20.3073048 ], [ -103.4862173, 20.3073771 ], [ -103.4862447, 20.3075219 ], [ -103.4862729, 20.3075673 ], [ -103.4863008, 20.3076579 ], [ -103.4862804, 20.3077842 ], [ -103.486241, 20.3079013 ], [ -103.4862116, 20.3079643 ], [ -103.4861727, 20.3080272 ], [ -103.4861146, 20.3080989 ], [ -103.4860756, 20.3081618 ], [ -103.4860461, 20.3082429 ], [ -103.4860166, 20.3083239 ], [ -103.4859871, 20.308405 ], [ -103.4859379, 20.3085401 ], [ -103.4858791, 20.3086751 ], [ -103.4858307, 20.3087288 ], [ -103.4857537, 20.3087734 ], [ -103.485715, 20.3088182 ], [ -103.4856475, 20.3088628 ], [ -103.4856279, 20.3089078 ], [ -103.4855505, 20.3089884 ], [ -103.4854344, 20.3091139 ], [ -103.4854052, 20.3091588 ], [ -103.4852601, 20.3093111 ], [ -103.4851732, 20.3093826 ], [ -103.485058, 20.3094087 ], [ -103.4849238, 20.3094256 ], [ -103.4848083, 20.3094879 ], [ -103.4847594, 20.3095868 ], [ -103.4847303, 20.3096318 ], [ -103.4847298, 20.3096769 ], [ -103.4846811, 20.3097668 ], [ -103.4846323, 20.3098568 ], [ -103.4845934, 20.3099197 ], [ -103.4845642, 20.3099646 ], [ -103.4845257, 20.3099913 ], [ -103.4844777, 20.31 ], [ -103.4843914, 20.3100082 ], [ -103.4843148, 20.3100166 ], [ -103.4842473, 20.3100612 ], [ -103.4842085, 20.3101151 ], [ -103.4841595, 20.310223 ], [ -103.4841493, 20.3102862 ], [ -103.4841105, 20.3103401 ], [ -103.4840719, 20.3103759 ], [ -103.4840143, 20.3103844 ], [ -103.4839664, 20.310393 ], [ -103.4839086, 20.3104196 ], [ -103.4838985, 20.3104737 ], [ -103.4838884, 20.3105279 ], [ -103.4838969, 20.3106454 ] ] } },
{ "type": "Feature", "properties": { "ID": 6919170, "CVE_SUBC": "RH12Dc", "CLAVE50K": "f13d75", "TIPO": 101, "ENTIDAD": "CORRIENTE DE AGUA", "FC": 3271, "CONDICION": "INTERMITENTE", "EDICION": "O", "FECHA": "1994-12-31", "LENGTHM": 424.9954, "ID_DRENA": 6, "FLOWDIR": 1, "ENABLED": 1, "DESC_ENABL": null, "CALI_REPR": 0, "SEQUENCEID": 3040.0, "ORDER_1": 2, "LEVEL_1": 2, "ARBSUM_1": 2658.4463, "PATHL_1": 24031.5021 }, "geometry": { "type": "LineString", "coordinates": [ [ -103.4457646, 20.359545 ], [ -103.4458129, 20.3595093 ], [ -103.4458612, 20.3594645 ], [ -103.4459, 20.3594197 ], [ -103.4459388, 20.3593658 ], [ -103.4459681, 20.3593119 ], [ -103.4459974, 20.359258 ], [ -103.4460458, 20.3592042 ], [ -103.4460846, 20.3591594 ], [ -103.4462008, 20.3590339 ], [ -103.4462782, 20.3589533 ], [ -103.4463266, 20.3589086 ], [ -103.4463748, 20.3588729 ], [ -103.4464234, 20.3588101 ], [ -103.446443, 20.3587651 ], [ -103.4464633, 20.3586478 ], [ -103.4464642, 20.3585575 ], [ -103.4464749, 20.3584492 ], [ -103.4465046, 20.3583501 ], [ -103.4465437, 20.3582691 ], [ -103.4465924, 20.3581882 ], [ -103.446641, 20.3581164 ], [ -103.4466615, 20.3579901 ], [ -103.4466624, 20.3578998 ], [ -103.4466533, 20.3578455 ], [ -103.4466358, 20.3576827 ], [ -103.4465888, 20.357592 ], [ -103.4465513, 20.3575103 ], [ -103.4465232, 20.3574468 ], [ -103.4464952, 20.3573743 ], [ -103.4464674, 20.3572837 ], [ -103.4464492, 20.3571842 ], [ -103.4464407, 20.3570757 ], [ -103.4464728, 20.3567418 ], [ -103.4465129, 20.3565614 ], [ -103.4465427, 20.3564533 ], [ -103.4465626, 20.3563812 ], [ -103.446573, 20.3563 ], [ -103.446593, 20.3562189 ], [ -103.4466034, 20.3561377 ], [ -103.4466237, 20.3560204 ] ] } },
{ "type": "Feature", "properties": { "ID": 6919187, "CVE_SUBC": "RH12Dc", "CLAVE50K": "f13d75", "TIPO": 101, "ENTIDAD": "CORRIENTE DE AGUA", "FC": 3271, "CONDICION": "INTERMITENTE", "EDICION": "O", "FECHA": "1994-12-31", "LENGTHM": 511.8689, "ID_DRENA": 6, "FLOWDIR": 1, "ENABLED": 1, "DESC_ENABL": null, "CALI_REPR": 0, "SEQUENCEID": 3248.0, "ORDER_1": 2, "LEVEL_1": 2, "ARBSUM_1": 2236.6074, "PATHL_1": 32470.7383 }, "geometry": { "type": "LineString", "coordinates": [ [ -103.4129678, 20.3519055 ], [ -103.4128079, 20.351615 ], [ -103.4127419, 20.351515 ], [ -103.4126567, 20.3514149 ], [ -103.4126189, 20.3513603 ], [ -103.4125247, 20.3512059 ], [ -103.4124971, 20.3510973 ], [ -103.4125082, 20.3509528 ], [ -103.4124521, 20.3508168 ], [ -103.4123959, 20.3506898 ], [ -103.4123396, 20.3505719 ], [ -103.4123216, 20.3504633 ], [ -103.4122847, 20.3503275 ], [ -103.4122665, 20.3502279 ], [ -103.4122201, 20.350083 ], [ -103.4121643, 20.3499198 ], [ -103.4121081, 20.3497929 ], [ -103.412052, 20.3496659 ], [ -103.4120239, 20.3496024 ], [ -103.4120056, 20.3495119 ], [ -103.411978, 20.3494032 ], [ -103.4119695, 20.3493038 ], [ -103.4119607, 20.3492224 ], [ -103.4119616, 20.3491411 ], [ -103.4119626, 20.3490418 ], [ -103.4119561, 20.3487345 ], [ -103.4119475, 20.3486441 ], [ -103.4119485, 20.3485448 ], [ -103.4119398, 20.3484544 ], [ -103.4119117, 20.3483999 ], [ -103.4118362, 20.3482908 ], [ -103.4117604, 20.3481998 ], [ -103.4116752, 20.3481087 ], [ -103.4115994, 20.3480267 ], [ -103.4115428, 20.3479358 ], [ -103.4114767, 20.3478449 ], [ -103.4114014, 20.3477177 ], [ -103.4113543, 20.347645 ] ] } },
{ "type": "Feature", "properties": { "ID": 6919189, "CVE_SUBC": "RH12Dc", "CLAVE50K": "f13d75", "TIPO": 101, "ENTIDAD": "CORRIENTE DE AGUA", "FC": 3271, "CONDICION": "INTERMITENTE", "EDICION": "O", "FECHA": "1994-12-31", "LENGTHM": 329.3209, "ID_DRENA": 6, "FLOWDIR": 1, "ENABLED": 1, "DESC_ENABL": null, "CALI_REPR": 0, "SEQUENCEID": 3250.0, "ORDER_1": 2, "LEVEL_1": 2, "ARBSUM_1": 1475.155, "PATHL_1": 32982.6072 }, "geometry": { "type": "LineString", "coordinates": [ [ -103.4136478, 20.3547212 ], [ -103.4136593, 20.3545316 ], [ -103.4136609, 20.354378 ], [ -103.4136834, 20.354053 ], [ -103.4136563, 20.3538902 ], [ -103.4136295, 20.3537002 ], [ -103.413573, 20.3536003 ], [ -103.4135264, 20.3534825 ], [ -103.4134894, 20.3533466 ], [ -103.4134331, 20.3532377 ], [ -103.413386, 20.353156 ], [ -103.4133585, 20.3530383 ], [ -103.4133212, 20.3529386 ], [ -103.4132657, 20.3527484 ], [ -103.4132286, 20.3526306 ], [ -103.4132199, 20.3525402 ], [ -103.413221, 20.3524318 ], [ -103.4132124, 20.3523323 ], [ -103.4132038, 20.3522419 ], [ -103.4131854, 20.3521695 ], [ -103.413148, 20.3520788 ], [ -103.4131007, 20.3520151 ], [ -103.4130347, 20.3519152 ], [ -103.4129678, 20.3519055 ] ] } },
{ "type": "Feature", "properties": { "ID": 6919211, "CVE_SUBC": "RH12Dc", "CLAVE50K": null, "TIPO": 101, "ENTIDAD": "CORRIENTE DE AGUA", "FC": 3271, "CONDICION": "INTERMITENTE", "EDICION": "N", "FECHA": "2007-11-09", "LENGTHM": 273.2807, "ID_DRENA": 5, "FLOWDIR": 1, "ENABLED": 1, "DESC_ENABL": null, "CALI_REPR": 1, "SEQUENCEID": 2659.0, "ORDER_1": 3, "LEVEL_1": 1, "ARBSUM_1": 24044.817, "PATHL_1": 0.0 }, "geometry": { "type": "LineString", "coordinates": [ [ -103.5048706, 20.3705921 ], [ -103.5074853, 20.3708409 ] ] } },
{ "type": "Feature", "properties": { "ID": 6919222, "CVE_SUBC": "RH12Dc", "CLAVE50K": "f13d75", "TIPO": 101, "ENTIDAD": "CORRIENTE DE AGUA", "FC": 3271, "CONDICION": "INTERMITENTE", "EDICION": "O", "FECHA": "1994-12-31", "LENGTHM": 705.6125, "ID_DRENA": 6, "FLOWDIR": 1, "ENABLED": 1, "DESC_ENABL": null, "CALI_REPR": 0, "SEQUENCEID": 3127.0, "ORDER_1": 2, "LEVEL_1": 2, "ARBSUM_1": 5053.5684, "PATHL_1": 20792.1931 }, "geometry": { "type": "LineString", "coordinates": [ [ -103.4663269, 20.3259763 ], [ -103.4663851, 20.3258955 ], [ -103.4665499, 20.3256982 ], [ -103.4665983, 20.3256444 ], [ -103.4666467, 20.3255906 ], [ -103.4667046, 20.325546 ], [ -103.4667529, 20.3255012 ], [ -103.4668108, 20.3254656 ], [ -103.4668877, 20.3254302 ], [ -103.4669359, 20.3254035 ], [ -103.4670129, 20.325359 ], [ -103.4670804, 20.3253144 ], [ -103.4672635, 20.3251986 ], [ -103.4673407, 20.325136 ], [ -103.467389, 20.3251003 ], [ -103.4674469, 20.3250556 ], [ -103.4675434, 20.3249842 ], [ -103.4676012, 20.3249486 ], [ -103.4676683, 20.3249401 ], [ -103.467745, 20.3249318 ], [ -103.4678407, 20.3249326 ], [ -103.4679268, 20.3249424 ], [ -103.4679936, 20.3249701 ], [ -103.4680509, 20.3249886 ], [ -103.4681082, 20.3249982 ], [ -103.4681656, 20.3250077 ], [ -103.4682423, 20.3249994 ], [ -103.4683956, 20.3249917 ], [ -103.4684819, 20.3249834 ], [ -103.4685587, 20.324966 ], [ -103.4686066, 20.3249574 ], [ -103.468846, 20.3249685 ], [ -103.4689799, 20.3249787 ], [ -103.4690468, 20.3249974 ], [ -103.4691137, 20.325016 ], [ -103.4691901, 20.3250348 ], [ -103.4693719, 20.3250544 ], [ -103.4695251, 20.3250558 ], [ -103.4697166, 20.3250574 ], [ -103.4698125, 20.3250402 ], [ -103.4698991, 20.3250048 ], [ -103.4699764, 20.3249332 ], [ -103.4700152, 20.3248794 ], [ -103.4700928, 20.3247807 ], [ -103.4701605, 20.324718 ], [ -103.4702276, 20.3247096 ], [ -103.4704382, 20.3247205 ], [ -103.470601, 20.3247219 ], [ -103.4707829, 20.3247235 ], [ -103.4708595, 20.3247242 ], [ -103.4710128, 20.3247255 ], [ -103.4710702, 20.324726 ], [ -103.4712038, 20.3247723 ], [ -103.4712993, 20.3248003 ], [ -103.4714715, 20.3248198 ], [ -103.4715481, 20.3248205 ], [ -103.4716252, 20.324776 ], [ -103.4716927, 20.3247224 ], [ -103.4717317, 20.3246595 ], [ -103.4717903, 20.3245426 ], [ -103.4718681, 20.3244168 ], [ -103.471936, 20.324327 ], [ -103.4720036, 20.3242734 ], [ -103.4720614, 20.3242378 ], [ -103.4721861, 20.3242208 ] ] } },
{ "type": "Feature", "properties": { "ID": 6919238, "CVE_SUBC": "RH12Dc", "CLAVE50K": "f13d75", "TIPO": 101, "ENTIDAD": "CORRIENTE DE AGUA", "FC": 3271, "CONDICION": "INTERMITENTE", "EDICION": "O", "FECHA": "1994-12-31", "LENGTHM": 359.4986, "ID_DRENA": 6, "FLOWDIR": 1, "ENABLED": 1, "DESC_ENABL": null, "CALI_REPR": 0, "SEQUENCEID": 2891.0, "ORDER_1": 1, "LEVEL_1": 4, "ARBSUM_1": 359.4986, "PATHL_1": 9756.0252 }, "geometry": { "type": "LineString", "coordinates": [ [ -103.5405789, 20.3789374 ], [ -103.5406356, 20.3790192 ], [ -103.5407111, 20.3791372 ], [ -103.5408054, 20.3793006 ], [ -103.5409941, 20.3796094 ], [ -103.5410509, 20.3796821 ], [ -103.5412496, 20.3799458 ], [ -103.5414103, 20.380182 ], [ -103.5415239, 20.3803275 ], [ -103.5416277, 20.380491 ], [ -103.5417221, 20.3806453 ], [ -103.5417693, 20.380718 ], [ -103.5418258, 20.3808179 ], [ -103.5418822, 20.3809358 ], [ -103.5419098, 20.3810625 ], [ -103.5419468, 20.3811983 ], [ -103.5419933, 20.3813432 ], [ -103.542059, 20.3814974 ], [ -103.5420864, 20.3816331 ], [ -103.5420856, 20.3817234 ], [ -103.5420714, 20.3818174 ] ] } },
{ "type": "Feature", "properties": { "ID": 6919244, "CVE_SUBC": "RH12Dc", "CLAVE50K": null, "TIPO": 101, "ENTIDAD": "CORRIENTE DE AGUA", "FC": 3271, "CONDICION": "INTERMITENTE", "EDICION": "N", "FECHA": "2007-11-09", "LENGTHM": 177.943, "ID_DRENA": 5, "FLOWDIR": 1, "ENABLED": 1, "DESC_ENABL": null, "CALI_REPR": 1, "SEQUENCEID": 2661.0, "ORDER_1": 2, "LEVEL_1": 2, "ARBSUM_1": 3290.1301, "PATHL_1": 2757.1705 }, "geometry": { "type": "LineString", "coordinates": [ [ -103.4804607, 20.370251 ], [ -103.4805322, 20.3700372 ], [ -103.4806988, 20.3698468 ], [ -103.4808654, 20.369823 ], [ -103.4810319, 20.369704 ], [ -103.4812937, 20.3696327 ], [ -103.4813888, 20.3694423 ], [ -103.4816105, 20.3692009 ] ] } },
{ "type": "Feature", "properties": { "ID": 6919251, "CVE_SUBC": "RH12Dc", "CLAVE50K": "f13d75", "TIPO": 101, "ENTIDAD": "CORRIENTE DE AGUA", "FC": 3271, "CONDICION": "INTERMITENTE", "EDICION": "O", "FECHA": "1994-12-31", "LENGTHM": 825.4029, "ID_DRENA": 5, "FLOWDIR": 1, "ENABLED": 1, "DESC_ENABL": null, "CALI_REPR": 0, "SEQUENCEID": 2721.0, "ORDER_1": 1, "LEVEL_1": 3, "ARBSUM_1": 825.4029, "PATHL_1": 2781.1328 }, "geometry": { "type": "LineString", "coordinates": [ [ -103.4790836, 20.3866058 ], [ -103.4791906, 20.3864441 ], [ -103.4793164, 20.3863187 ], [ -103.4794318, 20.3862655 ], [ -103.4795476, 20.3861852 ], [ -103.4796443, 20.3860958 ], [ -103.4797604, 20.3859793 ], [ -103.479819, 20.3858624 ], [ -103.4798969, 20.3857366 ], [ -103.4799945, 20.3855568 ], [ -103.4800818, 20.3854491 ], [ -103.4801884, 20.3853236 ], [ -103.4803718, 20.3851806 ], [ -103.4804969, 20.3851275 ], [ -103.4806125, 20.3850653 ], [ -103.480728, 20.3850121 ], [ -103.4808435, 20.3849499 ], [ -103.4809497, 20.3848695 ], [ -103.4810557, 20.3848072 ], [ -103.4811615, 20.3847629 ], [ -103.4812772, 20.3846917 ], [ -103.4814315, 20.3845846 ], [ -103.4815089, 20.384513 ], [ -103.4815865, 20.3844143 ], [ -103.4817028, 20.3842798 ], [ -103.48179, 20.3841722 ], [ -103.4819253, 20.3840559 ], [ -103.4820122, 20.3839934 ], [ -103.4821085, 20.3839401 ], [ -103.4822717, 20.3839053 ], [ -103.4823391, 20.3838698 ], [ -103.4824355, 20.3838074 ], [ -103.4825126, 20.3837629 ], [ -103.4826764, 20.383674 ], [ -103.4828207, 20.383612 ], [ -103.4829551, 20.383577 ], [ -103.4831183, 20.3835423 ], [ -103.4832526, 20.3835344 ], [ -103.4835308, 20.3834917 ], [ -103.4837039, 20.38343 ], [ -103.4838195, 20.3833587 ], [ -103.4839541, 20.3833147 ], [ -103.4842418, 20.3832811 ], [ -103.4843472, 20.383282 ], [ -103.4844622, 20.383283 ], [ -103.4845772, 20.383275 ], [ -103.4846349, 20.3832574 ], [ -103.4846831, 20.3832217 ], [ -103.4847315, 20.3831769 ], [ -103.4847897, 20.3830961 ], [ -103.4849247, 20.383007 ], [ -103.4850015, 20.3829896 ], [ -103.4851269, 20.3829093 ], [ -103.4851845, 20.3828918 ], [ -103.4852518, 20.3828743 ], [ -103.4853094, 20.3828567 ], [ -103.4853576, 20.38283 ], [ -103.4853962, 20.3828033 ], [ -103.4854925, 20.3827499 ] ] } },
{ "type": "Feature", "properties": { "ID": 6919256, "CVE_SUBC": "RH12Dc", "CLAVE50K": "f13d75", "TIPO": 101, "ENTIDAD": "CORRIENTE DE AGUA", "FC": 3271, "CONDICION": "INTERMITENTE", "EDICION": "O", "FECHA": "1994-12-31", "LENGTHM": 1156.5501, "ID_DRENA": 6, "FLOWDIR": 1, "ENABLED": 1, "DESC_ENABL": null, "CALI_REPR": 0, "SEQUENCEID": 3107.0, "ORDER_1": 1, "LEVEL_1": 3, "ARBSUM_1": 1156.5501, "PATHL_1": 22079.4753 }, "geometry": { "type": "LineString", "coordinates": [ [ -103.4830651, 20.2977286 ], [ -103.4827676, 20.2977893 ], [ -103.4826332, 20.2978243 ], [ -103.4824605, 20.2978679 ], [ -103.4822973, 20.2979117 ], [ -103.4821148, 20.2979643 ], [ -103.4819708, 20.2980082 ], [ -103.4818268, 20.2980431 ], [ -103.4814435, 20.2980759 ], [ -103.4810412, 20.2980905 ], [ -103.4808878, 20.2981072 ], [ -103.4807727, 20.2981243 ], [ -103.4806863, 20.2981507 ], [ -103.480437, 20.2981846 ], [ -103.4802641, 20.2982373 ], [ -103.4801395, 20.2982543 ], [ -103.4799287, 20.2982706 ], [ -103.4797369, 20.298296 ], [ -103.4795453, 20.2983034 ], [ -103.4794207, 20.2983204 ], [ -103.4793247, 20.2983466 ], [ -103.4792287, 20.2983639 ], [ -103.4791232, 20.298381 ], [ -103.4790274, 20.2983892 ], [ -103.4789221, 20.2983883 ], [ -103.4788263, 20.2983965 ], [ -103.4787782, 20.2984141 ], [ -103.4786726, 20.2984403 ], [ -103.4785766, 20.2984666 ], [ -103.4784709, 20.2985018 ], [ -103.4783749, 20.2985281 ], [ -103.4782791, 20.2985363 ], [ -103.4781642, 20.2985353 ], [ -103.4780974, 20.2985166 ], [ -103.4780401, 20.2984981 ], [ -103.4779925, 20.2984706 ], [ -103.4778876, 20.2984245 ], [ -103.4778301, 20.298433 ], [ -103.4777724, 20.2984596 ], [ -103.4776857, 20.298513 ], [ -103.4776181, 20.2985667 ], [ -103.4775408, 20.2986383 ], [ -103.4774539, 20.2987098 ], [ -103.4773862, 20.2987815 ], [ -103.477328, 20.2988623 ], [ -103.4772985, 20.2989343 ], [ -103.477288, 20.2990336 ], [ -103.4772776, 20.2991148 ], [ -103.4772666, 20.2992592 ], [ -103.4772661, 20.2993134 ], [ -103.4772656, 20.2993676 ], [ -103.4772069, 20.2994936 ], [ -103.477168, 20.2995474 ], [ -103.4770902, 20.2996732 ], [ -103.4770516, 20.299709 ], [ -103.4770032, 20.2997538 ], [ -103.4769646, 20.2997896 ], [ -103.476926, 20.2998254 ], [ -103.4768676, 20.2999152 ], [ -103.476848, 20.2999602 ], [ -103.4768284, 20.3000143 ], [ -103.476818, 20.3000955 ], [ -103.4767977, 20.3002127 ], [ -103.4767777, 20.3002939 ], [ -103.476758, 20.3003569 ], [ -103.4766904, 20.3004106 ], [ -103.4766423, 20.3004372 ], [ -103.4765847, 20.3004458 ], [ -103.4765272, 20.3004543 ], [ -103.4764313, 20.3004715 ], [ -103.4763738, 20.300471 ], [ -103.4762205, 20.3004878 ], [ -103.4760954, 20.3005499 ], [ -103.4760374, 20.3006036 ], [ -103.4759312, 20.300693 ], [ -103.4758637, 20.3007376 ], [ -103.4757964, 20.3007641 ], [ -103.4757195, 20.3007996 ], [ -103.4756228, 20.3008981 ], [ -103.4755552, 20.3009517 ], [ -103.4754877, 20.3010054 ], [ -103.4754202, 20.3010499 ], [ -103.4753622, 20.3011036 ], [ -103.4753235, 20.3011485 ], [ -103.4753038, 20.3012025 ], [ -103.4752743, 20.3012836 ], [ -103.4752353, 20.3013555 ], [ -103.4751186, 20.3015351 ], [ -103.4750796, 20.3016071 ], [ -103.4750407, 20.30167 ], [ -103.4750016, 20.3017509 ], [ -103.4749624, 20.3018409 ], [ -103.474882, 20.3022287 ], [ -103.4748623, 20.3022827 ], [ -103.4748425, 20.3023548 ], [ -103.4748036, 20.3024177 ], [ -103.4747039, 20.3025328 ] ] } },
{ "type": "Feature", "properties": { "ID": 6919259, "CVE_SUBC": "RH12Dc", "CLAVE50K": "f13d75", "TIPO": 101, "ENTIDAD": "CORRIENTE DE AGUA", "FC": 3271, "CONDICION": "INTERMITENTE", "EDICION": "O", "FECHA": "1994-12-31", "LENGTHM": 515.4281, "ID_DRENA": 5, "FLOWDIR": 1, "ENABLED": 1, "DESC_ENABL": null, "CALI_REPR": 0, "SEQUENCEID": 2666.0, "ORDER_1": 3, "LEVEL_1": 1, "ARBSUM_1": 16078.6274, "PATHL_1": 2192.1697 }, "geometry": { "type": "LineString", "coordinates": [ [ -103.4832332, 20.3639488 ], [ -103.4833481, 20.3639588 ], [ -103.4834342, 20.3639686 ], [ -103.48353, 20.3639695 ], [ -103.4836258, 20.3639703 ], [ -103.4836738, 20.3639617 ], [ -103.4837218, 20.363953 ], [ -103.4837697, 20.3639444 ], [ -103.4838177, 20.3639358 ], [ -103.4838657, 20.3639272 ], [ -103.4839137, 20.3639186 ], [ -103.4839617, 20.36391 ], [ -103.484048, 20.3638926 ], [ -103.484096, 20.363884 ], [ -103.484144, 20.3638754 ], [ -103.4841921, 20.3638578 ], [ -103.4842401, 20.3638492 ], [ -103.484288, 20.3638405 ], [ -103.4843744, 20.3638232 ], [ -103.4844224, 20.3638146 ], [ -103.4845183, 20.3638064 ], [ -103.4846141, 20.3638072 ], [ -103.4846621, 20.3637896 ], [ -103.4847101, 20.363781 ], [ -103.4847967, 20.3637456 ], [ -103.4848448, 20.3637279 ], [ -103.4849313, 20.3636925 ], [ -103.4849793, 20.3636839 ], [ -103.4850273, 20.3636753 ], [ -103.4850752, 20.3636667 ], [ -103.4851616, 20.3636494 ], [ -103.4852096, 20.3636408 ], [ -103.4852576, 20.3636321 ], [ -103.4853535, 20.3636239 ], [ -103.4854014, 20.3636153 ], [ -103.4854972, 20.3636161 ], [ -103.4855452, 20.3636075 ], [ -103.485593, 20.363617 ], [ -103.4856409, 20.3636174 ], [ -103.4856887, 20.3636268 ], [ -103.4857365, 20.3636363 ], [ -103.4858225, 20.3636641 ], [ -103.4858702, 20.3636826 ], [ -103.485918, 20.3636921 ], [ -103.4860038, 20.3637289 ], [ -103.4860516, 20.3637474 ], [ -103.4861374, 20.3637843 ], [ -103.4862233, 20.3638212 ], [ -103.486271, 20.3638397 ], [ -103.4863569, 20.3638675 ], [ -103.4864047, 20.363877 ], [ -103.4864525, 20.3638864 ], [ -103.4865003, 20.3639049 ], [ -103.4865862, 20.3639327 ], [ -103.4866339, 20.3639512 ], [ -103.4866817, 20.3639607 ], [ -103.4867676, 20.3639976 ], [ -103.4868534, 20.3640344 ], [ -103.4869012, 20.3640529 ], [ -103.486987, 20.3640898 ], [ -103.4870728, 20.3641357 ], [ -103.487149, 20.3641815 ], [ -103.4872347, 20.3642274 ], [ -103.4872728, 20.3642549 ], [ -103.4873489, 20.3643097 ], [ -103.4873869, 20.3643372 ], [ -103.487463, 20.364392 ], [ -103.4875391, 20.3644469 ], [ -103.487625, 20.3644838 ], [ -103.487663, 20.3645112 ], [ -103.4877488, 20.3645571 ], [ -103.487863, 20.3646394 ] ] } },
{ "type": "Feature", "properties": { "ID": 6919261, "CVE_SUBC": "RH12Dc", "CLAVE50K": "f13d75", "TIPO": 101, "ENTIDAD": "CORRIENTE DE AGUA", "FC": 3271, "CONDICION": "INTERMITENTE", "EDICION": "O", "FECHA": "1994-12-31", "LENGTHM": 431.5667, "ID_DRENA": 6, "FLOWDIR": 1, "ENABLED": 1, "DESC_ENABL": null, "CALI_REPR": 0, "SEQUENCEID": 2992.0, "ORDER_1": 2, "LEVEL_1": 2, "ARBSUM_1": 2392.8468, "PATHL_1": 15192.4157 }, "geometry": { "type": "LineString", "coordinates": [ [ -103.5346671, 20.3627711 ], [ -103.5345621, 20.362725 ], [ -103.5343997, 20.3626785 ], [ -103.5343234, 20.3626507 ], [ -103.534152, 20.3625409 ], [ -103.5340948, 20.3625043 ], [ -103.53399, 20.3624492 ], [ -103.533914, 20.3623763 ], [ -103.5338095, 20.3622851 ], [ -103.5337238, 20.3622301 ], [ -103.5335049, 20.3620838 ], [ -103.533362, 20.3620012 ], [ -103.5332953, 20.3619555 ], [ -103.5332193, 20.3618916 ], [ -103.5331146, 20.3618185 ], [ -103.5330293, 20.3617184 ], [ -103.5329439, 20.3616364 ], [ -103.5328205, 20.3615179 ], [ -103.5327162, 20.3614086 ], [ -103.532631, 20.3612995 ], [ -103.5325456, 20.3612084 ], [ -103.5324792, 20.3611446 ], [ -103.5324414, 20.3610811 ], [ -103.5324038, 20.3610085 ], [ -103.5323194, 20.3608181 ], [ -103.5323013, 20.3607095 ], [ -103.5322926, 20.36061 ], [ -103.5322649, 20.3605014 ], [ -103.5322559, 20.3604381 ], [ -103.5322181, 20.3603836 ], [ -103.5321802, 20.3603471 ], [ -103.5320943, 20.3603103 ], [ -103.5320179, 20.3602825 ], [ -103.5319222, 20.3602727 ], [ -103.5318457, 20.360263 ], [ -103.5317884, 20.3602444 ] ] } },
{ "type": "Feature", "properties": { "ID": 6919268, "CVE_SUBC": "RH12Dc", "CLAVE50K": "f13d75", "TIPO": 101, "ENTIDAD": "CORRIENTE DE AGUA", "FC": 3271, "CONDICION": "INTERMITENTE", "EDICION": "O", "FECHA": "1994-12-31", "LENGTHM": 334.1374, "ID_DRENA": 6, "FLOWDIR": 1, "ENABLED": 1, "DESC_ENABL": null, "CALI_REPR": 0, "SEQUENCEID": 3062.0, "ORDER_1": 1, "LEVEL_1": 2, "ARBSUM_1": 334.1374, "PATHL_1": 16739.0189 }, "geometry": { "type": "LineString", "coordinates": [ [ -103.5177379, 20.3328881 ], [ -103.517651, 20.3329597 ], [ -103.5175932, 20.3329953 ], [ -103.5174873, 20.3330486 ], [ -103.5173623, 20.3331018 ], [ -103.5172951, 20.3331193 ], [ -103.517199, 20.3331546 ], [ -103.5171413, 20.3331812 ], [ -103.5169295, 20.3332878 ], [ -103.5168622, 20.3333234 ], [ -103.516766, 20.3333587 ], [ -103.5167085, 20.3333672 ], [ -103.5165456, 20.3333749 ], [ -103.5164689, 20.3333833 ], [ -103.5163348, 20.3333821 ], [ -103.5161913, 20.3333719 ], [ -103.516038, 20.3333706 ], [ -103.5159518, 20.3333698 ], [ -103.5158367, 20.3333869 ], [ -103.51576, 20.3333953 ], [ -103.5156736, 20.3334217 ], [ -103.5155774, 20.333466 ], [ -103.5155194, 20.3335198 ], [ -103.5154613, 20.3335915 ], [ -103.5153932, 20.3336994 ], [ -103.5153443, 20.3338074 ], [ -103.5153149, 20.3338703 ], [ -103.5152954, 20.3339154 ], [ -103.5152566, 20.3339602 ], [ -103.5151406, 20.3340676 ], [ -103.5150632, 20.3341573 ] ] } },
{ "type": "Feature", "properties": { "ID": 6919272, "CVE_SUBC": "RH12Dc", "CLAVE50K": "f13d75", "TIPO": 101, "ENTIDAD": "CORRIENTE DE AGUA", "FC": 3271, "CONDICION": "INTERMITENTE", "EDICION": "O", "FECHA": "1994-12-31", "LENGTHM": 830.7865, "ID_DRENA": 6, "FLOWDIR": 1, "ENABLED": 1, "DESC_ENABL": null, "CALI_REPR": 0, "SEQUENCEID": 2914.0, "ORDER_1": 3, "LEVEL_1": 3, "ARBSUM_1": 5820.5499, "PATHL_1": 10948.4271 }, "geometry": { "type": "LineString", "coordinates": [ [ -103.5182198, 20.3937905 ], [ -103.5182686, 20.3937006 ], [ -103.5183752, 20.393575 ], [ -103.5184428, 20.3935123 ], [ -103.5184912, 20.3934585 ], [ -103.5185688, 20.3933688 ], [ -103.518627, 20.393288 ], [ -103.5186563, 20.3932341 ], [ -103.5186857, 20.3931621 ], [ -103.5187251, 20.393054 ], [ -103.5187352, 20.3929908 ], [ -103.5187463, 20.3928374 ], [ -103.5187374, 20.392765 ], [ -103.5187192, 20.3926655 ], [ -103.5186916, 20.3925478 ], [ -103.5186542, 20.3924481 ], [ -103.5186166, 20.3923755 ], [ -103.5185694, 20.3922938 ], [ -103.5185317, 20.3922302 ], [ -103.5184864, 20.3919588 ], [ -103.5184871, 20.3918866 ], [ -103.5184979, 20.3917602 ], [ -103.5185471, 20.3916251 ], [ -103.5185862, 20.3915441 ], [ -103.5186349, 20.3914632 ], [ -103.5186836, 20.3913824 ], [ -103.5187035, 20.3913012 ], [ -103.5187331, 20.3912111 ], [ -103.5187434, 20.3911299 ], [ -103.5187345, 20.3910666 ], [ -103.5187067, 20.390967 ], [ -103.5186497, 20.3909123 ], [ -103.518612, 20.3908487 ], [ -103.5185744, 20.3907761 ], [ -103.5185461, 20.3907307 ], [ -103.518518, 20.3906582 ], [ -103.5184712, 20.3905404 ], [ -103.5184534, 20.3904047 ], [ -103.5184541, 20.3903325 ], [ -103.5184753, 20.3901158 ], [ -103.5184855, 20.3900527 ], [ -103.5185148, 20.3899897 ], [ -103.5185633, 20.3899268 ], [ -103.5186122, 20.3898279 ], [ -103.5186415, 20.3897649 ], [ -103.5186804, 20.389702 ], [ -103.5187003, 20.3896299 ], [ -103.5187391, 20.389576 ], [ -103.5188065, 20.3895495 ], [ -103.5189118, 20.3895594 ], [ -103.5189784, 20.3896052 ], [ -103.5190451, 20.3896419 ], [ -103.5191407, 20.3896607 ], [ -103.5192175, 20.3896524 ], [ -103.5192848, 20.3896258 ], [ -103.519333, 20.3895901 ], [ -103.519372, 20.3895272 ], [ -103.5194108, 20.3894733 ], [ -103.5194974, 20.3894379 ], [ -103.519555, 20.3894203 ], [ -103.5196223, 20.3893938 ], [ -103.5196802, 20.3893491 ], [ -103.5197283, 20.3893315 ], [ -103.5197957, 20.3892959 ], [ -103.5198632, 20.3892513 ], [ -103.5199593, 20.389225 ], [ -103.5200554, 20.3891987 ], [ -103.5201323, 20.3891632 ], [ -103.5202095, 20.3891097 ], [ -103.5202868, 20.3890381 ], [ -103.5203545, 20.3889754 ], [ -103.5204412, 20.388922 ], [ -103.5205563, 20.3889139 ], [ -103.5206425, 20.3889146 ], [ -103.5207477, 20.3889336 ], [ -103.5208145, 20.3889613 ], [ -103.520891, 20.38898 ], [ -103.5210729, 20.3889906 ], [ -103.5211687, 20.3889914 ], [ -103.521255, 20.3889921 ], [ -103.5213605, 20.3889749 ], [ -103.5214278, 20.3889484 ], [ -103.5214855, 20.3889308 ], [ -103.5215338, 20.3888861 ] ] } },
{ "type": "Feature", "properties": { "ID": 6919273, "CVE_SUBC": "RH12Dc", "CLAVE50K": "f13d75", "TIPO": 101, "ENTIDAD": "CORRIENTE DE AGUA", "FC": 3271, "CONDICION": "INTERMITENTE", "EDICION": "O", "FECHA": "1994-12-31", "LENGTHM": 554.0743, "ID_DRENA": 5, "FLOWDIR": 1, "ENABLED": 1, "DESC_ENABL": null, "CALI_REPR": 0, "SEQUENCEID": 2686.0, "ORDER_1": 2, "LEVEL_1": 1, "ARBSUM_1": 3790.9398, "PATHL_1": 5827.4797 }, "geometry": { "type": "LineString", "coordinates": [ [ -103.4514397, 20.3667953 ], [ -103.4515067, 20.366805 ], [ -103.451727, 20.3668069 ], [ -103.4518422, 20.3667808 ], [ -103.4519094, 20.3667634 ], [ -103.4519961, 20.366719 ], [ -103.4520922, 20.3666927 ], [ -103.452217, 20.3666667 ], [ -103.4523515, 20.3666228 ], [ -103.4524668, 20.3665876 ], [ -103.4525917, 20.3665526 ], [ -103.452726, 20.3665357 ], [ -103.4528508, 20.3665097 ], [ -103.4529658, 20.3665017 ], [ -103.4531575, 20.3664854 ], [ -103.4533108, 20.3664867 ], [ -103.4535213, 20.3665157 ], [ -103.453617, 20.3665256 ], [ -103.4536934, 20.3665443 ], [ -103.4539322, 20.3666097 ], [ -103.4540182, 20.3666375 ], [ -103.4541328, 20.3666747 ], [ -103.4542379, 20.3667027 ], [ -103.454343, 20.3667217 ], [ -103.4544387, 20.3667316 ], [ -103.4545249, 20.3667414 ], [ -103.4546306, 20.3667062 ], [ -103.4546882, 20.3666886 ], [ -103.4547553, 20.3666892 ], [ -103.4548321, 20.3666718 ], [ -103.4549087, 20.3666725 ], [ -103.4549854, 20.3666642 ], [ -103.4550432, 20.3666376 ], [ -103.45512, 20.3666202 ], [ -103.4551778, 20.3665846 ], [ -103.4552165, 20.3665488 ], [ -103.4552743, 20.3665131 ], [ -103.4553224, 20.3664955 ], [ -103.4554183, 20.3664873 ], [ -103.455476, 20.3664607 ], [ -103.4555435, 20.3664161 ], [ -103.4557166, 20.3663544 ], [ -103.4558029, 20.3663462 ], [ -103.4559276, 20.3663202 ], [ -103.4560427, 20.3663122 ], [ -103.4561194, 20.3663038 ], [ -103.456225, 20.3662867 ], [ -103.4563115, 20.3662513 ], [ -103.456427, 20.3661981 ], [ -103.4564752, 20.3661624 ], [ -103.4565426, 20.3661359 ] ] } },
{ "type": "Feature", "properties": { "ID": 6919290, "CVE_SUBC": "RH12Dc", "CLAVE50K": "f13d75", "TIPO": 101, "ENTIDAD": "CORRIENTE DE AGUA", "FC": 3271, "CONDICION": "INTERMITENTE", "EDICION": "O", "FECHA": "1994-12-31", "LENGTHM": 860.2614, "ID_DRENA": 6, "FLOWDIR": 1, "ENABLED": 1, "DESC_ENABL": null, "CALI_REPR": 0, "SEQUENCEID": 3168.0, "ORDER_1": 4, "LEVEL_1": 1, "ARBSUM_1": 64824.2464, "PATHL_1": 25546.5263 }, "geometry": { "type": "LineString", "coordinates": [ [ -103.4336632, 20.309471 ], [ -103.4337396, 20.3094988 ], [ -103.4338064, 20.3095175 ], [ -103.433883, 20.3095182 ], [ -103.43399, 20.3093475 ], [ -103.4340486, 20.3092396 ], [ -103.4341165, 20.3091499 ], [ -103.434146, 20.3090779 ], [ -103.4342331, 20.3089883 ], [ -103.4343487, 20.3089171 ], [ -103.434435, 20.3088998 ], [ -103.4347031, 20.3089022 ], [ -103.4348659, 20.3089036 ], [ -103.4351629, 20.3088882 ], [ -103.4352108, 20.3088887 ], [ -103.4354602, 20.3088457 ], [ -103.4356135, 20.3088381 ], [ -103.4357188, 20.308839 ], [ -103.4358146, 20.3088399 ], [ -103.4358625, 20.3088313 ], [ -103.4359776, 20.3088142 ], [ -103.4360927, 20.3087972 ], [ -103.4362172, 20.3087983 ], [ -103.4365714, 20.3088015 ], [ -103.4368969, 20.3088134 ], [ -103.4369832, 20.3088051 ], [ -103.4371078, 20.3087882 ], [ -103.4372228, 20.3087802 ], [ -103.4373476, 20.3087452 ], [ -103.4374629, 20.3087101 ], [ -103.4376069, 20.3086752 ], [ -103.4378748, 20.3086957 ], [ -103.4379512, 20.3087234 ], [ -103.4380368, 20.3087784 ], [ -103.4385017, 20.3092072 ], [ -103.4387387, 20.3094442 ], [ -103.4388337, 20.3095173 ], [ -103.4389193, 20.3095813 ], [ -103.4390052, 20.3096091 ], [ -103.4390914, 20.3096099 ], [ -103.4391781, 20.3095565 ], [ -103.4392264, 20.3095117 ], [ -103.4393132, 20.3094493 ], [ -103.4393519, 20.3094135 ], [ -103.4393812, 20.3093596 ], [ -103.4394588, 20.3092518 ], [ -103.4394883, 20.3091798 ], [ -103.4396239, 20.3090275 ], [ -103.4396917, 20.3089468 ], [ -103.4397975, 20.3089025 ], [ -103.4399031, 20.3088764 ], [ -103.439999, 20.3088592 ], [ -103.4401236, 20.3088512 ], [ -103.4402385, 20.3088523 ], [ -103.44043, 20.308854 ], [ -103.4405066, 20.3088547 ], [ -103.4405834, 20.3088373 ], [ -103.4406313, 20.3088287 ], [ -103.4407177, 20.3088114 ], [ -103.4408231, 20.3088033 ] ] } },
{ "type": "Feature", "properties": { "ID": 6919293, "CVE_SUBC": "RH12Dc", "CLAVE50K": "f13d75", "TIPO": 102, "ENTIDAD": "CANAL", "FC": 3180, "CONDICION": "EN OPERACION", "EDICION": "O", "FECHA": "2007-11-09", "LENGTHM": 128.1155, "ID_DRENA": 6, "FLOWDIR": 1, "ENABLED": 1, "DESC_ENABL": null, "CALI_REPR": 0, "SEQUENCEID": 2978.0, "ORDER_1": 5, "LEVEL_1": 1, "ARBSUM_1": 197114.7923, "PATHL_1": 13322.8578 }, "geometry": { "type": "LineString", "coordinates": [ [ -103.5154642, 20.3594617 ], [ -103.5154617, 20.3596095 ], [ -103.5154431, 20.3605579 ], [ -103.5154419, 20.3606233 ] ] } },
{ "type": "Feature", "properties": { "ID": 6919296, "CVE_SUBC": "RH12Dc", "CLAVE50K": null, "TIPO": 101, "ENTIDAD": "CORRIENTE DE AGUA", "FC": 3271, "CONDICION": "INTERMITENTE", "EDICION": "N", "FECHA": "2007-11-09", "LENGTHM": 287.6376, "ID_DRENA": 6, "FLOWDIR": 1, "ENABLED": 1, "DESC_ENABL": null, "CALI_REPR": 2, "SEQUENCEID": 2904.0, "ORDER_1": 5, "LEVEL_1": 1, "ARBSUM_1": 233597.5458, "PATHL_1": 9411.1539 }, "geometry": { "type": "LineString", "coordinates": [ [ -103.5329193, 20.3879075 ], [ -103.5329746, 20.3879567 ], [ -103.5331174, 20.3880757 ], [ -103.5333316, 20.388266 ], [ -103.5334267, 20.3884326 ], [ -103.5337123, 20.3885515 ], [ -103.5338312, 20.3887657 ], [ -103.5337837, 20.389075 ], [ -103.5337361, 20.3892654 ], [ -103.5339502, 20.3895747 ], [ -103.5344029, 20.3897872 ] ] } },
{ "type": "Feature", "properties": { "ID": 6919304, "CVE_SUBC": "RH12Dc", "CLAVE50K": "f13d75", "TIPO": 101, "ENTIDAD": "CORRIENTE DE AGUA", "FC": 3271, "CONDICION": "INTERMITENTE", "EDICION": "O", "FECHA": "1994-12-31", "LENGTHM": 1360.2699, "ID_DRENA": 6, "FLOWDIR": 1, "ENABLED": 1, "DESC_ENABL": null, "CALI_REPR": 0, "SEQUENCEID": 3027.0, "ORDER_1": 1, "LEVEL_1": 3, "ARBSUM_1": 1360.2699, "PATHL_1": 19585.9896 }, "geometry": { "type": "LineString", "coordinates": [ [ -103.463638, 20.3412561 ], [ -103.4637243, 20.3412478 ], [ -103.4638105, 20.3412485 ], [ -103.4640122, 20.3411871 ], [ -103.4640986, 20.3411698 ], [ -103.464185, 20.3411525 ], [ -103.4642808, 20.3411443 ], [ -103.4644343, 20.3411185 ], [ -103.4644919, 20.34111 ], [ -103.4645592, 20.3410835 ], [ -103.4647322, 20.3410218 ], [ -103.4648194, 20.3409232 ], [ -103.4648967, 20.3408516 ], [ -103.4649642, 20.340807 ], [ -103.4650509, 20.3407535 ], [ -103.4651663, 20.3407094 ], [ -103.4652625, 20.3406651 ], [ -103.4653687, 20.3405847 ], [ -103.4654459, 20.3405221 ], [ -103.4655905, 20.340424 ], [ -103.4656774, 20.3403525 ], [ -103.4657257, 20.3403168 ], [ -103.4657932, 20.3402722 ], [ -103.4659472, 20.3401923 ], [ -103.4660338, 20.3401569 ], [ -103.4661396, 20.3401036 ], [ -103.4662454, 20.3400594 ], [ -103.46638, 20.3400154 ], [ -103.4664762, 20.3399711 ], [ -103.4666399, 20.3398822 ], [ -103.4667552, 20.339838 ], [ -103.4669855, 20.3397949 ], [ -103.4670527, 20.3397864 ], [ -103.4671774, 20.3397604 ], [ -103.4672735, 20.3397342 ], [ -103.4673888, 20.33969 ], [ -103.4675426, 20.3396372 ], [ -103.467629, 20.3396198 ], [ -103.4677442, 20.3395938 ], [ -103.4679078, 20.3395139 ], [ -103.4679656, 20.3394782 ], [ -103.4680427, 20.3394338 ], [ -103.4681678, 20.3393716 ], [ -103.468418, 20.3392473 ], [ -103.4684951, 20.3392028 ], [ -103.4685721, 20.3391674 ], [ -103.468649, 20.3391319 ], [ -103.4687452, 20.3390966 ], [ -103.4688415, 20.3390433 ], [ -103.4689665, 20.3389902 ], [ -103.4690724, 20.3389369 ], [ -103.4691686, 20.3388926 ], [ -103.4692746, 20.3388302 ], [ -103.4695341, 20.3387332 ], [ -103.4697842, 20.3386269 ], [ -103.4698806, 20.3385645 ], [ -103.4699674, 20.3385021 ], [ -103.4700634, 20.3384758 ], [ -103.4701596, 20.3384405 ], [ -103.4702662, 20.338315 ], [ -103.4703434, 20.3382524 ], [ -103.470411, 20.3381988 ], [ -103.4704978, 20.3381363 ], [ -103.470594, 20.338092 ], [ -103.4706516, 20.3380744 ], [ -103.4706903, 20.3380386 ], [ -103.4707196, 20.3379756 ], [ -103.470768, 20.3379309 ], [ -103.4708545, 20.3378955 ], [ -103.4708932, 20.3378597 ], [ -103.4709417, 20.3377969 ], [ -103.4709709, 20.337752 ], [ -103.4710196, 20.3376621 ], [ -103.4710682, 20.3375902 ], [ -103.4711362, 20.3374915 ], [ -103.471233, 20.3373929 ], [ -103.4713393, 20.3372945 ], [ -103.4714745, 20.3371873 ], [ -103.4716382, 20.3370893 ], [ -103.4720621, 20.3368401 ], [ -103.4721776, 20.3367869 ], [ -103.4722928, 20.3367518 ], [ -103.4724752, 20.3367082 ], [ -103.4726288, 20.3366734 ], [ -103.4727536, 20.3366474 ], [ -103.4728784, 20.3366214 ], [ -103.4729648, 20.336595 ], [ -103.4730708, 20.3365327 ], [ -103.4731482, 20.3364521 ], [ -103.4732259, 20.3363444 ], [ -103.473313, 20.3362548 ], [ -103.4733803, 20.3362283 ], [ -103.4734759, 20.3362381 ], [ -103.473533, 20.3362748 ], [ -103.4736474, 20.33633 ], [ -103.4737143, 20.3363486 ], [ -103.4737813, 20.3363492 ], [ -103.4738295, 20.3363225 ], [ -103.4738968, 20.336296 ], [ -103.4739545, 20.3362694 ], [ -103.4741179, 20.3362166 ], [ -103.474214, 20.3361814 ], [ -103.4743007, 20.3361279 ], [ -103.4744258, 20.3360658 ], [ -103.4745412, 20.3360216 ], [ -103.4746662, 20.3359685 ], [ -103.4748006, 20.3359426 ], [ -103.4748772, 20.3359432 ], [ -103.4749248, 20.3359707 ] ] } },
{ "type": "Feature", "properties": { "ID": 6919307, "CVE_SUBC": "RH12Dc", "CLAVE50K": "f13d75", "TIPO": 101, "ENTIDAD": "CORRIENTE DE AGUA", "FC": 3271, "CONDICION": "INTERMITENTE", "EDICION": "O", "FECHA": "1994-12-31", "LENGTHM": 14.1003, "ID_DRENA": 6, "FLOWDIR": 1, "ENABLED": 1, "DESC_ENABL": null, "CALI_REPR": 0, "SEQUENCEID": 2970.0, "ORDER_1": 2, "LEVEL_1": 2, "ARBSUM_1": 2723.8615, "PATHL_1": 15302.5868 }, "geometry": { "type": "LineString", "coordinates": [ [ -103.5366491, 20.3683599 ], [ -103.5365875, 20.3683883 ], [ -103.5365204, 20.3683877 ] ] } },
{ "type": "Feature", "properties": { "ID": 6919312, "CVE_SUBC": "RH12Dc", "CLAVE50K": "f13d75", "TIPO": 101, "ENTIDAD": "CORRIENTE DE AGUA", "FC": 3271, "CONDICION": "INTERMITENTE", "EDICION": "O", "FECHA": "1994-12-31", "LENGTHM": 398.6336, "ID_DRENA": 6, "FLOWDIR": 1, "ENABLED": 1, "DESC_ENABL": null, "CALI_REPR": 0, "SEQUENCEID": 2973.0, "ORDER_1": 1, "LEVEL_1": 3, "ARBSUM_1": 398.6336, "PATHL_1": 15415.4782 }, "geometry": { "type": "LineString", "coordinates": [ [ -103.5407266, 20.3673027 ], [ -103.5406787, 20.3673023 ], [ -103.5405828, 20.3673106 ], [ -103.540487, 20.3673188 ], [ -103.5404391, 20.3673184 ], [ -103.5403432, 20.3673266 ], [ -103.5402474, 20.3673258 ], [ -103.5401516, 20.367325 ], [ -103.5401036, 20.3673337 ], [ -103.5400079, 20.3673329 ], [ -103.53996, 20.3673324 ], [ -103.5398641, 20.3673407 ], [ -103.5397682, 20.3673489 ], [ -103.5397202, 20.3673576 ], [ -103.5396722, 20.3673662 ], [ -103.5395858, 20.3673926 ], [ -103.5395377, 20.3674102 ], [ -103.5394897, 20.3674189 ], [ -103.5394033, 20.3674452 ], [ -103.5393552, 20.3674629 ], [ -103.5393071, 20.3674806 ], [ -103.5392208, 20.3674979 ], [ -103.5391727, 20.3675156 ], [ -103.5391247, 20.3675242 ], [ -103.5390767, 20.3675328 ], [ -103.5390288, 20.3675415 ], [ -103.5389808, 20.3675501 ], [ -103.5388849, 20.3675583 ], [ -103.538789, 20.3675666 ], [ -103.5386932, 20.3675658 ], [ -103.5386452, 20.3675744 ], [ -103.5385495, 20.3675736 ], [ -103.5384537, 20.3675728 ], [ -103.5384059, 20.3675634 ], [ -103.5383196, 20.3675626 ], [ -103.5382718, 20.3675532 ], [ -103.538176, 20.3675524 ], [ -103.5381282, 20.367543 ], [ -103.5380324, 20.3675422 ], [ -103.5379846, 20.3675327 ], [ -103.5379367, 20.3675414 ], [ -103.5378888, 20.367541 ], [ -103.5378407, 20.3675586 ], [ -103.5378021, 20.3675854 ], [ -103.5377541, 20.3676031 ], [ -103.5377155, 20.3676299 ], [ -103.5376669, 20.3677017 ], [ -103.5376569, 20.3677468 ], [ -103.5376469, 20.3677919 ], [ -103.5376369, 20.367837 ], [ -103.5376365, 20.3678822 ], [ -103.5376452, 20.3679726 ], [ -103.5376448, 20.3680177 ], [ -103.5376444, 20.3680629 ], [ -103.5376439, 20.3681081 ], [ -103.5376339, 20.3681532 ], [ -103.5376239, 20.3681982 ], [ -103.5376235, 20.3682434 ], [ -103.5375845, 20.3683154 ] ] } },
{ "type": "Feature", "properties": { "ID": 6919330, "CVE_SUBC": "RH12Dc", "CLAVE50K": null, "TIPO": 101, "ENTIDAD": "CORRIENTE DE AGUA", "FC": 3271, "CONDICION": "INTERMITENTE", "EDICION": "N", "FECHA": "2007-11-09", "LENGTHM": 269.842, "ID_DRENA": 6, "FLOWDIR": 1, "ENABLED": 1, "DESC_ENABL": null, "CALI_REPR": 1, "SEQUENCEID": 2941.0, "ORDER_1": 2, "LEVEL_1": 2, "ARBSUM_1": 4167.5887, "PATHL_1": 13179.76 }, "geometry": { "type": "LineString", "coordinates": [ [ -103.4983904, 20.3866342 ], [ -103.4989784, 20.3867139 ], [ -103.4995733, 20.3869043 ], [ -103.5002395, 20.3870233 ], [ -103.5009086, 20.3872002 ] ] } },
{ "type": "Feature", "properties": { "ID": 6919332, "CVE_SUBC": "RH12Dc", "CLAVE50K": "f13d75", "TIPO": 101, "ENTIDAD": "CORRIENTE DE AGUA", "FC": 3271, "CONDICION": "INTERMITENTE", "EDICION": "O", "FECHA": "1994-12-31", "LENGTHM": 525.0427, "ID_DRENA": 4, "FLOWDIR": 1, "ENABLED": 1, "DESC_ENABL": null, "CALI_REPR": 0, "SEQUENCEID": 2063.0, "ORDER_1": 1, "LEVEL_1": 2, "ARBSUM_1": 525.0427, "PATHL_1": 5683.9846 }, "geometry": { "type": "LineString", "coordinates": [ [ -103.5197588, 20.3268434 ], [ -103.5201061, 20.3265753 ], [ -103.5202603, 20.3264773 ], [ -103.5203566, 20.3264239 ], [ -103.5204048, 20.3263882 ], [ -103.5204629, 20.3263254 ], [ -103.5205303, 20.3262808 ], [ -103.5205978, 20.3262362 ], [ -103.5206558, 20.3261825 ], [ -103.5207137, 20.3261378 ], [ -103.5207621, 20.326084 ], [ -103.52082, 20.3260303 ], [ -103.5208586, 20.3260035 ], [ -103.5209165, 20.3259588 ], [ -103.520965, 20.325896 ], [ -103.520966, 20.3258951 ] ] } },
{ "type": "Feature", "properties": { "ID": 6919333, "CVE_SUBC": "RH12Dc", "CLAVE50K": null, "TIPO": 101, "ENTIDAD": "CORRIENTE DE AGUA", "FC": 3271, "CONDICION": "INTERMITENTE", "EDICION": "N", "FECHA": "2007-11-09", "LENGTHM": 1291.1643, "ID_DRENA": 6, "FLOWDIR": 1, "ENABLED": 1, "DESC_ENABL": null, "CALI_REPR": 1, "SEQUENCEID": 2976.0, "ORDER_1": 1, "LEVEL_1": 2, "ARBSUM_1": 2358.6766, "PATHL_1": 13322.8578 }, "geometry": { "type": "LineString", "coordinates": [ [ -103.5273114, 20.3636397 ], [ -103.5268358, 20.3635976 ], [ -103.5263123, 20.3634548 ], [ -103.5245753, 20.3629313 ], [ -103.5236711, 20.3628838 ], [ -103.5230048, 20.3628838 ], [ -103.5217437, 20.3626458 ], [ -103.5212678, 20.3623127 ], [ -103.519864, 20.3620272 ], [ -103.5192453, 20.3618606 ], [ -103.5178652, 20.3613133 ], [ -103.5167707, 20.3610516 ], [ -103.5158903, 20.3606947 ], [ -103.5154419, 20.3606233 ] ] } },
{ "type": "Feature", "properties": { "ID": 6919343, "CVE_SUBC": "RH12Dc", "CLAVE50K": "f13d75", "TIPO": 101, "ENTIDAD": "CORRIENTE DE AGUA", "FC": 3271, "CONDICION": "INTERMITENTE", "EDICION": "O", "FECHA": "1994-12-31", "LENGTHM": 253.6953, "ID_DRENA": 6, "FLOWDIR": 1, "ENABLED": 1, "DESC_ENABL": null, "CALI_REPR": 0, "SEQUENCEID": 3184.0, "ORDER_1": 1, "LEVEL_1": 4, "ARBSUM_1": 253.6953, "PATHL_1": 31116.5275 }, "geometry": { "type": "LineString", "coordinates": [ [ -103.430501, 20.3476465 ], [ -103.4305875, 20.3476202 ], [ -103.4306356, 20.3476025 ], [ -103.4307126, 20.347558 ], [ -103.4307898, 20.3475045 ], [ -103.4308285, 20.3474688 ], [ -103.4308961, 20.3474152 ], [ -103.4309348, 20.3473794 ], [ -103.430993, 20.3473076 ], [ -103.431022, 20.3472718 ], [ -103.4310511, 20.3472359 ], [ -103.4311093, 20.3471641 ], [ -103.4311384, 20.3471283 ], [ -103.4311675, 20.3470924 ], [ -103.4312161, 20.3470206 ], [ -103.4312452, 20.3469847 ], [ -103.4312744, 20.3469398 ], [ -103.4313326, 20.346868 ], [ -103.4313907, 20.3468053 ], [ -103.4314774, 20.3467609 ], [ -103.431516, 20.3467342 ], [ -103.4315545, 20.3467074 ], [ -103.4316411, 20.346672 ], [ -103.4316797, 20.3466453 ], [ -103.4317663, 20.3466009 ], [ -103.4318143, 20.3465923 ], [ -103.4319009, 20.3465569 ], [ -103.4319489, 20.3465393 ], [ -103.432026, 20.3464948 ], [ -103.4320646, 20.3464681 ], [ -103.4321512, 20.3464237 ], [ -103.4321898, 20.3463969 ], [ -103.4322284, 20.3463702 ], [ -103.432267, 20.3463434 ], [ -103.4323056, 20.3463167 ], [ -103.4323921, 20.3462813 ] ] } },
{ "type": "Feature", "properties": { "ID": 6919345, "CVE_SUBC": "RH12Dc", "CLAVE50K": "f13d75", "TIPO": 101, "ENTIDAD": "CORRIENTE DE AGUA", "FC": 3271, "CONDICION": "INTERMITENTE", "EDICION": "O", "FECHA": "1994-12-31", "LENGTHM": 387.0891, "ID_DRENA": 6, "FLOWDIR": 1, "ENABLED": 1, "DESC_ENABL": null, "CALI_REPR": 0, "SEQUENCEID": 2951.0, "ORDER_1": 1, "LEVEL_1": 3, "ARBSUM_1": 387.0891, "PATHL_1": 14630.2775 }, "geometry": { "type": "LineString", "coordinates": [ [ -103.4899021, 20.3962577 ], [ -103.4899412, 20.3961767 ], [ -103.4899804, 20.3960957 ], [ -103.490029, 20.3960239 ], [ -103.4900872, 20.3959431 ], [ -103.4901454, 20.3958713 ], [ -103.4902036, 20.3957996 ], [ -103.4902327, 20.3957637 ], [ -103.4902909, 20.3956919 ], [ -103.49032, 20.395656 ], [ -103.4903877, 20.3955934 ], [ -103.4904168, 20.3955575 ], [ -103.4904749, 20.3954857 ], [ -103.4905236, 20.3954139 ], [ -103.4905527, 20.395369 ], [ -103.4906013, 20.3952971 ], [ -103.49065, 20.3952162 ], [ -103.4906796, 20.3951352 ], [ -103.4906992, 20.3950902 ], [ -103.4907383, 20.3950092 ], [ -103.4907483, 20.3949641 ], [ -103.4907874, 20.3948832 ], [ -103.4907974, 20.3948381 ], [ -103.4908366, 20.3947571 ], [ -103.4908562, 20.3947121 ], [ -103.4909143, 20.3946403 ], [ -103.4909725, 20.3945686 ], [ -103.4910116, 20.3944876 ], [ -103.4910312, 20.3944426 ], [ -103.4910603, 20.3944067 ], [ -103.4910799, 20.3943617 ], [ -103.491109, 20.3943258 ], [ -103.4911386, 20.3942448 ], [ -103.4911486, 20.3941997 ], [ -103.4911586, 20.3941546 ], [ -103.4911686, 20.3941095 ], [ -103.4911786, 20.3940644 ], [ -103.4911982, 20.3940194 ], [ -103.4912182, 20.3939383 ], [ -103.4912186, 20.3938932 ], [ -103.4912382, 20.3938482 ], [ -103.4912482, 20.3938031 ], [ -103.4912583, 20.393758 ], [ -103.4912878, 20.3936769 ], [ -103.4913074, 20.3936319 ], [ -103.4913174, 20.3935869 ], [ -103.4913274, 20.3935418 ], [ -103.491357, 20.3934607 ], [ -103.4913766, 20.3934157 ], [ -103.4913866, 20.3933706 ], [ -103.4914062, 20.3933256 ], [ -103.4914357, 20.3932446 ], [ -103.4914458, 20.3931995 ], [ -103.4915198, 20.3931793 ] ] } },
{ "type": "Feature", "properties": { "ID": 6919357, "CVE_SUBC": "RH12Dc", "CLAVE50K": "f13d75", "TIPO": 101, "ENTIDAD": "CORRIENTE DE AGUA", "FC": 3271, "CONDICION": "INTERMITENTE", "EDICION": "O", "FECHA": "1994-12-31", "LENGTHM": 876.8888, "ID_DRENA": 5, "FLOWDIR": 1, "ENABLED": 1, "DESC_ENABL": null, "CALI_REPR": 0, "SEQUENCEID": 2696.0, "ORDER_1": 1, "LEVEL_1": 1, "ARBSUM_1": 876.8888, "PATHL_1": 6942.5282 }, "geometry": { "type": "LineString", "coordinates": [ [ -103.4385289, 20.3656143 ], [ -103.4386721, 20.3656698 ], [ -103.4388055, 20.3657342 ], [ -103.4389865, 20.3658352 ], [ -103.4391387, 20.365945 ], [ -103.4393004, 20.3660548 ], [ -103.4393856, 20.366155 ], [ -103.4394992, 20.3662915 ], [ -103.4396131, 20.3664009 ], [ -103.4397366, 20.3665014 ], [ -103.4398887, 20.3666202 ], [ -103.4401641, 20.3668575 ], [ -103.4403349, 20.3670217 ], [ -103.4404869, 20.3671405 ], [ -103.4406489, 20.3672322 ], [ -103.4408107, 20.3673331 ], [ -103.4409535, 20.3674247 ], [ -103.4410487, 20.3674797 ], [ -103.4411918, 20.3675442 ], [ -103.4413254, 20.3675906 ], [ -103.4417076, 20.3676844 ], [ -103.4420137, 20.3677323 ], [ -103.4422913, 20.3677528 ], [ -103.4425499, 20.3677551 ], [ -103.4427415, 20.3677568 ], [ -103.4431343, 20.3677513 ], [ -103.4433067, 20.3677528 ], [ -103.4434504, 20.3677541 ], [ -103.4436709, 20.367738 ], [ -103.4439393, 20.3677223 ], [ -103.4441404, 20.3677241 ], [ -103.4443992, 20.3677174 ], [ -103.4444471, 20.3677178 ], [ -103.4446292, 20.3677014 ], [ -103.4450799, 20.3676602 ], [ -103.4452523, 20.3676618 ], [ -103.4454249, 20.3676452 ], [ -103.4456358, 20.3676291 ], [ -103.4458467, 20.3676129 ], [ -103.4460288, 20.3676054 ], [ -103.4461932, 20.3675559 ] ] } },
{ "type": "Feature", "properties": { "ID": 6919359, "CVE_SUBC": "RH12Dc", "CLAVE50K": "f13d75", "TIPO": 101, "ENTIDAD": "CORRIENTE DE AGUA", "FC": 3271, "CONDICION": "INTERMITENTE", "EDICION": "O", "FECHA": "1994-12-31", "LENGTHM": 979.6112, "ID_DRENA": 6, "FLOWDIR": 1, "ENABLED": 1, "DESC_ENABL": null, "CALI_REPR": 0, "SEQUENCEID": 3029.0, "ORDER_1": 3, "LEVEL_1": 2, "ARBSUM_1": 11543.3143, "PATHL_1": 20484.3616 }, "geometry": { "type": "LineString", "coordinates": [ [ -103.4623166, 20.3450928 ], [ -103.4624134, 20.3449943 ], [ -103.4624714, 20.3449316 ], [ -103.4625681, 20.3448421 ], [ -103.4627316, 20.3447713 ], [ -103.4627798, 20.3447446 ], [ -103.4628853, 20.3447275 ], [ -103.4630385, 20.3447378 ], [ -103.4632489, 20.3447668 ], [ -103.4634111, 20.3448315 ], [ -103.463478, 20.3448501 ], [ -103.4635834, 20.344842 ], [ -103.4636415, 20.3447793 ], [ -103.4636516, 20.3447252 ], [ -103.4636715, 20.3446531 ], [ -103.4636914, 20.344572 ], [ -103.4637399, 20.3445091 ], [ -103.4637884, 20.3444554 ], [ -103.4638367, 20.3444106 ], [ -103.4639813, 20.3443125 ], [ -103.4640201, 20.3442677 ], [ -103.464097, 20.3442413 ], [ -103.4641644, 20.3442057 ], [ -103.4642415, 20.3441522 ], [ -103.464309, 20.3441076 ], [ -103.4643766, 20.344054 ], [ -103.4644249, 20.3440093 ], [ -103.4645124, 20.3438836 ], [ -103.46458, 20.3438209 ], [ -103.4646762, 20.3437766 ], [ -103.4647533, 20.3437321 ], [ -103.4647919, 20.3437053 ], [ -103.4649081, 20.3435799 ], [ -103.4649758, 20.3435082 ], [ -103.4650339, 20.3434455 ], [ -103.4651307, 20.343347 ], [ -103.4652079, 20.3432844 ], [ -103.4652947, 20.3432219 ], [ -103.4653716, 20.3431955 ], [ -103.4654483, 20.3431871 ], [ -103.4655728, 20.3431882 ], [ -103.4656108, 20.3432247 ], [ -103.465591, 20.3432878 ], [ -103.4654946, 20.3433502 ], [ -103.4654748, 20.3434132 ], [ -103.4654839, 20.3434675 ], [ -103.4655316, 20.343486 ], [ -103.4656463, 20.3435051 ], [ -103.4657328, 20.3434787 ], [ -103.4658099, 20.3434252 ], [ -103.4658775, 20.3433716 ], [ -103.4659453, 20.3432999 ], [ -103.4659838, 20.3432732 ], [ -103.466013, 20.3432282 ], [ -103.4660519, 20.3431744 ], [ -103.4660906, 20.3431296 ], [ -103.466139, 20.3430848 ], [ -103.4661776, 20.343049 ], [ -103.4662547, 20.3430045 ], [ -103.466284, 20.3429415 ], [ -103.4663037, 20.3428875 ], [ -103.4663523, 20.3428157 ], [ -103.4664394, 20.3427261 ], [ -103.4664686, 20.3426812 ], [ -103.4665074, 20.3426273 ], [ -103.4665461, 20.3425915 ], [ -103.4665847, 20.3425648 ], [ -103.466633, 20.34252 ], [ -103.4666813, 20.3424753 ], [ -103.4667105, 20.3424304 ], [ -103.4667397, 20.3423854 ], [ -103.4667498, 20.3423313 ], [ -103.4667694, 20.3422863 ], [ -103.4667986, 20.3422414 ], [ -103.4668372, 20.3422056 ], [ -103.4669046, 20.3421791 ], [ -103.4669525, 20.3421705 ], [ -103.4670197, 20.342153 ], [ -103.467068, 20.3421173 ], [ -103.4671161, 20.3420906 ], [ -103.4671643, 20.3420639 ], [ -103.4672123, 20.3420553 ], [ -103.4672699, 20.3420378 ], [ -103.4673086, 20.342002 ], [ -103.4673665, 20.3419573 ], [ -103.4675109, 20.3418773 ], [ -103.4676071, 20.341842 ], [ -103.4676647, 20.3418244 ], [ -103.4677224, 20.3417978 ], [ -103.4677803, 20.3417622 ], [ -103.4678285, 20.3417265 ], [ -103.4678866, 20.3416638 ], [ -103.4679734, 20.3416013 ], [ -103.4680409, 20.3415567 ], [ -103.4681083, 20.3415212 ], [ -103.4681758, 20.3414766 ], [ -103.4682337, 20.3414319 ], [ -103.468282, 20.3413872 ], [ -103.4683303, 20.3413424 ], [ -103.4683983, 20.3412527 ], [ -103.4685046, 20.3411542 ], [ -103.4686882, 20.3409932 ], [ -103.4687653, 20.3409397 ], [ -103.468852, 20.3408863 ], [ -103.4689389, 20.3408238 ], [ -103.468987, 20.3407971 ], [ -103.4690542, 20.3407796 ], [ -103.4691285, 20.3407493 ] ] } },
{ "type": "Feature", "properties": { "ID": 6919372, "CVE_SUBC": "RH12Dc", "CLAVE50K": "f13d75", "TIPO": 101, "ENTIDAD": "CORRIENTE DE AGUA", "FC": 3271, "CONDICION": "INTERMITENTE", "EDICION": "O", "FECHA": "1994-12-31", "LENGTHM": 962.1593, "ID_DRENA": 6, "FLOWDIR": 1, "ENABLED": 1, "DESC_ENABL": null, "CALI_REPR": 0, "SEQUENCEID": 2944.0, "ORDER_1": 1, "LEVEL_1": 3, "ARBSUM_1": 962.1593, "PATHL_1": 13714.7079 }, "geometry": { "type": "LineString", "coordinates": [ [ -103.4945302, 20.3952407 ], [ -103.494743, 20.3950348 ], [ -103.4948982, 20.3948464 ], [ -103.4950437, 20.394658 ], [ -103.4952087, 20.3944426 ], [ -103.4953639, 20.3942452 ], [ -103.4954905, 20.3940385 ], [ -103.495636, 20.39385 ], [ -103.4957717, 20.3936886 ], [ -103.4958694, 20.3934997 ], [ -103.4959966, 20.3932298 ], [ -103.4960565, 20.3929774 ], [ -103.4960488, 20.3927786 ], [ -103.496031, 20.3926429 ], [ -103.4959657, 20.3924616 ], [ -103.4958712, 20.3923253 ], [ -103.4957574, 20.3922069 ], [ -103.4956249, 20.3920341 ], [ -103.4954827, 20.3918793 ], [ -103.4953119, 20.3917062 ], [ -103.4951794, 20.3915424 ], [ -103.495085, 20.3913971 ], [ -103.4950193, 20.391252 ], [ -103.4950017, 20.3910892 ], [ -103.495022, 20.3909719 ], [ -103.4950422, 20.3908637 ], [ -103.4950914, 20.3907286 ], [ -103.49515, 20.3906207 ], [ -103.4952664, 20.3904682 ], [ -103.4953729, 20.3903607 ], [ -103.4955276, 20.3902084 ], [ -103.4956823, 20.3900652 ], [ -103.4958082, 20.3899308 ], [ -103.4959244, 20.3898053 ], [ -103.4960885, 20.3896803 ], [ -103.4962046, 20.3895638 ], [ -103.4962723, 20.3895012 ], [ -103.4963403, 20.3894024 ], [ -103.4964279, 20.3892586 ], [ -103.4965055, 20.3891599 ], [ -103.4965828, 20.3890883 ], [ -103.4966416, 20.3889623 ], [ -103.4966524, 20.3888269 ], [ -103.4966823, 20.3887097 ], [ -103.4968106, 20.3883224 ], [ -103.496812, 20.3881778 ], [ -103.4967939, 20.3880693 ], [ -103.4967473, 20.3879424 ], [ -103.4966903, 20.3878877 ] ] } },
{ "type": "Feature", "properties": { "ID": 6919373, "CVE_SUBC": "RH12Dc", "CLAVE50K": "f13d75", "TIPO": 101, "ENTIDAD": "CORRIENTE DE AGUA", "FC": 3271, "CONDICION": "INTERMITENTE", "EDICION": "O", "FECHA": "1994-12-31", "LENGTHM": 524.9944, "ID_DRENA": 6, "FLOWDIR": 1, "ENABLED": 1, "DESC_ENABL": null, "CALI_REPR": 0, "SEQUENCEID": 2929.0, "ORDER_1": 1, "LEVEL_1": 3, "ARBSUM_1": 872.9468, "PATHL_1": 12280.7624 }, "geometry": { "type": "LineString", "coordinates": [ [ -103.5066796, 20.391007 ], [ -103.5067404, 20.3909101 ], [ -103.5070406, 20.3905694 ], [ -103.5072149, 20.3903811 ], [ -103.5073699, 20.3902018 ], [ -103.5077085, 20.3898704 ], [ -103.5079402, 20.3896827 ], [ -103.5083561, 20.3892797 ], [ -103.5084526, 20.3892083 ], [ -103.5088283, 20.3889947 ], [ -103.5089248, 20.3889232 ], [ -103.5092612, 20.3888087 ], [ -103.5094436, 20.3887741 ], [ -103.5097238, 20.3883537 ], [ -103.5098903, 20.3880205 ], [ -103.5099855, 20.3876398 ] ] } },
{ "type": "Feature", "properties": { "ID": 6919375, "CVE_SUBC": "RH12Dc", "CLAVE50K": "f13d75", "TIPO": 101, "ENTIDAD": "CORRIENTE DE AGUA", "FC": 3271, "CONDICION": "INTERMITENTE", "EDICION": "O", "FECHA": "1994-12-31", "LENGTHM": 499.717, "ID_DRENA": 6, "FLOWDIR": 1, "ENABLED": 1, "DESC_ENABL": null, "CALI_REPR": 0, "SEQUENCEID": 2948.0, "ORDER_1": 1, "LEVEL_1": 3, "ARBSUM_1": 499.717, "PATHL_1": 14474.5157 }, "geometry": { "type": "LineString", "coordinates": [ [ -103.4885678, 20.3955324 ], [ -103.488607, 20.3954424 ], [ -103.4886661, 20.3952803 ], [ -103.4887635, 20.3951186 ], [ -103.4888992, 20.3949571 ], [ -103.4890152, 20.3948497 ], [ -103.4891024, 20.3947511 ], [ -103.4891898, 20.3946344 ], [ -103.4892484, 20.3945175 ], [ -103.4893455, 20.3943828 ], [ -103.4893947, 20.3942478 ], [ -103.4894824, 20.394104 ], [ -103.4896177, 20.3939787 ], [ -103.4897051, 20.393862 ], [ -103.4898313, 20.3936914 ], [ -103.4899765, 20.3935391 ], [ -103.4901116, 20.3934409 ], [ -103.4902083, 20.3933514 ], [ -103.4903338, 20.3932531 ], [ -103.490431, 20.3931094 ], [ -103.4904604, 20.3930464 ], [ -103.4905194, 20.3928843 ], [ -103.4905593, 20.3927311 ], [ -103.4905799, 20.3925777 ], [ -103.4906298, 20.3923794 ], [ -103.4906496, 20.3923073 ], [ -103.490737, 20.3921906 ], [ -103.4909203, 20.3920567 ], [ -103.491065, 20.3919586 ], [ -103.4911428, 20.3918418 ] ] } },
{ "type": "Feature", "properties": { "ID": 6919382, "CVE_SUBC": "RH12Dc", "CLAVE50K": "f13d75", "TIPO": 101, "ENTIDAD": "CORRIENTE DE AGUA", "FC": 3271, "CONDICION": "INTERMITENTE", "EDICION": "O", "FECHA": "1994-12-31", "LENGTHM": 1074.712, "ID_DRENA": 6, "FLOWDIR": 1, "ENABLED": 1, "DESC_ENABL": null, "CALI_REPR": 0, "SEQUENCEID": 3154.0, "ORDER_1": 2, "LEVEL_1": 2, "ARBSUM_1": 3790.9718, "PATHL_1": 25542.3512 }, "geometry": { "type": "LineString", "coordinates": [ [ -103.4425523, 20.3302559 ], [ -103.4425528, 20.3302107 ], [ -103.4425246, 20.3301563 ], [ -103.4424963, 20.3301109 ], [ -103.442497, 20.3300386 ], [ -103.442507, 20.3299935 ], [ -103.4425554, 20.3299488 ], [ -103.4426425, 20.3298592 ], [ -103.4427101, 20.3297966 ], [ -103.4427489, 20.3297518 ], [ -103.4427972, 20.329707 ], [ -103.4428454, 20.3296804 ], [ -103.4428937, 20.3296356 ], [ -103.4429326, 20.3295818 ], [ -103.4429428, 20.3295186 ], [ -103.442925, 20.329383 ], [ -103.4429066, 20.3293105 ], [ -103.4428504, 20.3291745 ], [ -103.4428417, 20.3290931 ], [ -103.4428523, 20.3289848 ], [ -103.4428535, 20.3288674 ], [ -103.4428549, 20.3287319 ], [ -103.4427988, 20.3285959 ], [ -103.4427805, 20.3285054 ], [ -103.4427815, 20.328406 ], [ -103.4428112, 20.328316 ], [ -103.442841, 20.3282078 ], [ -103.4428803, 20.3281088 ], [ -103.4429193, 20.3280369 ], [ -103.4429681, 20.327947 ], [ -103.4430358, 20.3278753 ], [ -103.4431131, 20.3278127 ], [ -103.4431807, 20.3277591 ], [ -103.443229, 20.3277144 ], [ -103.4432965, 20.3276698 ], [ -103.4433352, 20.327625 ], [ -103.4433647, 20.327553 ], [ -103.4433846, 20.3274809 ], [ -103.4433852, 20.3274177 ], [ -103.4433572, 20.3273452 ], [ -103.4433201, 20.3272274 ], [ -103.4432734, 20.3271095 ], [ -103.4432261, 20.3270459 ], [ -103.4431788, 20.3269912 ], [ -103.4431123, 20.3269365 ], [ -103.4430651, 20.3268638 ], [ -103.4430369, 20.3268093 ], [ -103.4430092, 20.3267097 ], [ -103.4429623, 20.3266099 ], [ -103.442915, 20.3265553 ], [ -103.4428483, 20.3265186 ], [ -103.4428008, 20.326482 ], [ -103.4427249, 20.326409 ], [ -103.4426394, 20.326336 ], [ -103.4425825, 20.3262813 ], [ -103.4425354, 20.3262086 ], [ -103.4424977, 20.326145 ], [ -103.4424124, 20.3260539 ], [ -103.442365, 20.3260084 ], [ -103.4423079, 20.3259717 ], [ -103.4422321, 20.3258897 ], [ -103.442204, 20.3258262 ], [ -103.4421665, 20.3257446 ], [ -103.4421294, 20.3256268 ], [ -103.4420922, 20.3255181 ], [ -103.4420545, 20.3254545 ], [ -103.4420173, 20.3253458 ], [ -103.4420182, 20.3252555 ], [ -103.4420194, 20.325138 ], [ -103.4420591, 20.3249938 ], [ -103.4420984, 20.3248948 ], [ -103.442128, 20.3248138 ], [ -103.4421382, 20.3247506 ], [ -103.4422356, 20.3245799 ], [ -103.4423811, 20.3244005 ], [ -103.4424392, 20.3243378 ], [ -103.4424782, 20.3242658 ], [ -103.4424884, 20.3242027 ], [ -103.4424795, 20.3241394 ], [ -103.4424512, 20.324094 ], [ -103.4423944, 20.3240302 ], [ -103.4423757, 20.3239849 ], [ -103.4423668, 20.3239125 ], [ -103.4423486, 20.323822 ], [ -103.44234, 20.3237226 ], [ -103.4423313, 20.3236322 ], [ -103.4423342, 20.3233431 ], [ -103.4423255, 20.3232527 ], [ -103.4423264, 20.3231714 ], [ -103.4423369, 20.3230721 ], [ -103.442338, 20.3229637 ], [ -103.4423297, 20.3228372 ], [ -103.4423309, 20.3227197 ], [ -103.4423318, 20.3226294 ], [ -103.4423519, 20.3225302 ], [ -103.4424103, 20.3224404 ], [ -103.4424588, 20.3223776 ], [ -103.4425455, 20.3223242 ], [ -103.4426036, 20.3222614 ], [ -103.4426616, 20.3222078 ], [ -103.4426814, 20.3221447 ], [ -103.4426916, 20.3220816 ], [ -103.4427017, 20.3220274 ], [ -103.4427218, 20.3219373 ], [ -103.4427324, 20.321838 ], [ -103.4427809, 20.3217752 ], [ -103.44281, 20.3217393 ], [ -103.4428586, 20.3216585 ] ] } },
{ "type": "Feature", "properties": { "ID": 6919383, "CVE_SUBC": "RH12Dc", "CLAVE50K": "f13d75", "TIPO": 101, "ENTIDAD": "CORRIENTE DE AGUA", "FC": 3271, "CONDICION": "INTERMITENTE", "EDICION": "O", "FECHA": "1994-12-31", "LENGTHM": 552.4298, "ID_DRENA": 6, "FLOWDIR": 1, "ENABLED": 1, "DESC_ENABL": null, "CALI_REPR": 0, "SEQUENCEID": 3120.0, "ORDER_1": 1, "LEVEL_1": 3, "ARBSUM_1": 552.4298, "PATHL_1": 22714.2051 }, "geometry": { "type": "LineString", "coordinates": [ [ -103.4533985, 20.3105049 ], [ -103.4535044, 20.3104516 ], [ -103.453649, 20.3103445 ], [ -103.4538024, 20.3103278 ], [ -103.4538689, 20.3103825 ], [ -103.4539451, 20.3104284 ], [ -103.4540217, 20.3104291 ], [ -103.4541079, 20.3104208 ], [ -103.4541752, 20.3104033 ], [ -103.4543096, 20.3103684 ], [ -103.4545595, 20.3102712 ], [ -103.4547132, 20.3102274 ], [ -103.4548479, 20.3101563 ], [ -103.4549728, 20.3101122 ], [ -103.4551169, 20.3100684 ], [ -103.4552415, 20.3100604 ], [ -103.4553372, 20.3100613 ], [ -103.4554616, 20.3100714 ], [ -103.4555476, 20.3100902 ], [ -103.4558248, 20.3101469 ], [ -103.4559967, 20.3101936 ], [ -103.4561975, 20.3102224 ], [ -103.456322, 20.3102235 ], [ -103.456456, 20.3102247 ], [ -103.4565615, 20.3102076 ], [ -103.4567149, 20.3101909 ], [ -103.4568587, 20.3101741 ], [ -103.4569928, 20.3101752 ], [ -103.4571268, 20.3101764 ], [ -103.4572513, 20.3101775 ], [ -103.4574237, 20.31017 ], [ -103.4576251, 20.3101447 ], [ -103.4579318, 20.3101113 ], [ -103.4584112, 20.3100522 ], [ -103.4585166, 20.3100441 ] ] } },
{ "type": "Feature", "properties": { "ID": 6919402, "CVE_SUBC": "RH12Dc", "CLAVE50K": "f13d75", "TIPO": 101, "ENTIDAD": "CORRIENTE DE AGUA", "FC": 3271, "CONDICION": "INTERMITENTE", "EDICION": "O", "FECHA": "1994-12-31", "LENGTHM": 378.8052, "ID_DRENA": 6, "FLOWDIR": 1, "ENABLED": 1, "DESC_ENABL": null, "CALI_REPR": 0, "SEQUENCEID": 3095.0, "ORDER_1": 1, "LEVEL_1": 4, "ARBSUM_1": 378.8052, "PATHL_1": 21157.4559 }, "geometry": { "type": "LineString", "coordinates": [ [ -103.4964628, 20.3064627 ], [ -103.4963465, 20.3066153 ], [ -103.4962591, 20.306741 ], [ -103.4961804, 20.3069571 ], [ -103.4961509, 20.3070382 ], [ -103.4960821, 20.3072183 ], [ -103.4959743, 20.3074703 ], [ -103.495838, 20.307704 ], [ -103.4957792, 20.307848 ], [ -103.4956716, 20.308082 ], [ -103.4955734, 20.3083251 ], [ -103.4955049, 20.3084781 ], [ -103.4954267, 20.308649 ], [ -103.4953189, 20.3089011 ], [ -103.4952017, 20.3091349 ], [ -103.4951525, 20.3092791 ], [ -103.4951129, 20.3094052 ], [ -103.4950213, 20.3096045 ] ] } },
{ "type": "Feature", "properties": { "ID": 6919420, "CVE_SUBC": "RH12Dc", "CLAVE50K": null, "TIPO": 101, "ENTIDAD": "CORRIENTE DE AGUA", "FC": 3271, "CONDICION": "INTERMITENTE", "EDICION": "N", "FECHA": "2007-11-09", "LENGTHM": 310.7654, "ID_DRENA": 6, "FLOWDIR": 1, "ENABLED": 1, "DESC_ENABL": null, "CALI_REPR": 1, "SEQUENCEID": 2968.0, "ORDER_1": 2, "LEVEL_1": 2, "ARBSUM_1": 3867.3536, "PATHL_1": 14159.0947 }, "geometry": { "type": "LineString", "coordinates": [ [ -103.5290852, 20.3665004 ], [ -103.5288726, 20.3665005 ], [ -103.5284919, 20.3663578 ], [ -103.5282777, 20.3659533 ], [ -103.5280398, 20.3657153 ], [ -103.5279446, 20.3654774 ], [ -103.527778, 20.365168 ], [ -103.5274449, 20.3649301 ], [ -103.527207, 20.3646446 ], [ -103.5271293, 20.3645863 ] ] } },
{ "type": "Feature", "properties": { "ID": 6919431, "CVE_SUBC": "RH12Dc", "CLAVE50K": "f13d75", "TIPO": 101, "ENTIDAD": "CORRIENTE DE AGUA", "FC": 3271, "CONDICION": "INTERMITENTE", "EDICION": "O", "FECHA": "1994-12-31", "LENGTHM": 117.7757, "ID_DRENA": 6, "FLOWDIR": 1, "ENABLED": 1, "DESC_ENABL": null, "CALI_REPR": 0, "SEQUENCEID": 2917.0, "ORDER_1": 2, "LEVEL_1": 4, "ARBSUM_1": 1266.6774, "PATHL_1": 12651.2771 }, "geometry": { "type": "LineString", "coordinates": [ [ -103.5150758, 20.4009277 ], [ -103.5151334, 20.4009101 ], [ -103.5152783, 20.4007939 ], [ -103.5153465, 20.400677 ], [ -103.5154333, 20.4006145 ], [ -103.5155199, 20.4005791 ], [ -103.5156542, 20.4005622 ], [ -103.5159617, 20.4004654 ], [ -103.5160292, 20.4004299 ] ] } },
{ "type": "Feature", "properties": { "ID": 6919432, "CVE_SUBC": "RH12Dc", "CLAVE50K": "f13d75", "TIPO": 101, "ENTIDAD": "CORRIENTE DE AGUA", "FC": 3271, "CONDICION": "INTERMITENTE", "EDICION": "O", "FECHA": "1994-12-31", "LENGTHM": 415.8249, "ID_DRENA": 6, "FLOWDIR": 1, "ENABLED": 1, "DESC_ENABL": null, "CALI_REPR": 0, "SEQUENCEID": 3058.0, "ORDER_1": 1, "LEVEL_1": 3, "ARBSUM_1": 415.8249, "PATHL_1": 17902.4516 }, "geometry": { "type": "LineString", "coordinates": [ [ -103.5319221, 20.3420419 ], [ -103.5318652, 20.3419782 ], [ -103.5318083, 20.3419235 ], [ -103.5317321, 20.3418777 ], [ -103.5316561, 20.3418048 ], [ -103.531561, 20.3417317 ], [ -103.5315043, 20.341659 ], [ -103.5314092, 20.3415859 ], [ -103.5313046, 20.3415037 ], [ -103.5311522, 20.3414121 ], [ -103.5309047, 20.3412474 ], [ -103.5307616, 20.341192 ], [ -103.5305805, 20.3411001 ], [ -103.5304187, 20.3409904 ], [ -103.5303141, 20.3409082 ], [ -103.5302098, 20.3407989 ], [ -103.5301054, 20.3406896 ], [ -103.530011, 20.3405443 ], [ -103.5299069, 20.3404169 ], [ -103.5296876, 20.3403067 ], [ -103.5294968, 20.3402238 ], [ -103.5294206, 20.340187 ], [ -103.5291918, 20.3400676 ], [ -103.5290967, 20.3399945 ], [ -103.5290301, 20.3399488 ], [ -103.528935, 20.3398757 ], [ -103.528802, 20.3397662 ] ] } },
{ "type": "Feature", "properties": { "ID": 6919445, "CVE_SUBC": "RH12Dc", "CLAVE50K": null, "TIPO": 101, "ENTIDAD": "CORRIENTE DE AGUA", "FC": 3271, "CONDICION": "INTERMITENTE", "EDICION": "N", "FECHA": "2007-11-09", "LENGTHM": 2483.8898, "ID_DRENA": 5, "FLOWDIR": 1, "ENABLED": 1, "DESC_ENABL": null, "CALI_REPR": 1, "SEQUENCEID": 2660.0, "ORDER_1": 2, "LEVEL_1": 2, "ARBSUM_1": 5774.0199, "PATHL_1": 273.2807 }, "geometry": { "type": "LineString", "coordinates": [ [ -103.4816105, 20.3692009 ], [ -103.4821929, 20.3685098 ], [ -103.4829371, 20.3684354 ], [ -103.4844256, 20.3685098 ], [ -103.4864349, 20.3688819 ], [ -103.4929973, 20.3700893 ], [ -103.4987887, 20.3708699 ], [ -103.5015391, 20.3710639 ], [ -103.5048706, 20.3705921 ] ] } },
{ "type": "Feature", "properties": { "ID": 6919447, "CVE_SUBC": "RH12Dc", "CLAVE50K": "f13d75", "TIPO": 101, "ENTIDAD": "CORRIENTE DE AGUA", "FC": 3271, "CONDICION": "INTERMITENTE", "EDICION": "O", "FECHA": "1994-12-31", "LENGTHM": 5.8081, "ID_DRENA": 5, "FLOWDIR": 1, "ENABLED": 1, "DESC_ENABL": null, "CALI_REPR": 0, "SEQUENCEID": 2691.0, "ORDER_1": 2, "LEVEL_1": 1, "ARBSUM_1": 2098.0656, "PATHL_1": 6704.13 }, "geometry": { "type": "LineString", "coordinates": [ [ -103.4484072, 20.3673375 ], [ -103.4484364, 20.3672926 ] ] } },
{ "type": "Feature", "properties": { "ID": 6919449, "CVE_SUBC": "RH12Dc", "CLAVE50K": "f13d75", "TIPO": 101, "ENTIDAD": "CORRIENTE DE AGUA", "FC": 3271, "CONDICION": "INTERMITENTE", "EDICION": "O", "FECHA": "1994-12-31", "LENGTHM": 554.6877, "ID_DRENA": 6, "FLOWDIR": 1, "ENABLED": 1, "DESC_ENABL": null, "CALI_REPR": 0, "SEQUENCEID": 2921.0, "ORDER_1": 1, "LEVEL_1": 4, "ARBSUM_1": 554.6877, "PATHL_1": 13010.8262 }, "geometry": { "type": "LineString", "coordinates": [ [ -103.5088199, 20.4018138 ], [ -103.5089075, 20.401679 ], [ -103.5090623, 20.4015177 ], [ -103.5093327, 20.4013032 ], [ -103.5094582, 20.4012049 ], [ -103.5096326, 20.4010077 ], [ -103.5097393, 20.4008731 ], [ -103.5098269, 20.4007293 ], [ -103.5100016, 20.4004959 ], [ -103.5101275, 20.4003524 ], [ -103.5103104, 20.4002637 ], [ -103.5104737, 20.4002289 ], [ -103.5105504, 20.4002205 ], [ -103.5106939, 20.4002398 ], [ -103.5111438, 20.4002888 ], [ -103.5113353, 20.4003086 ], [ -103.511565, 20.4003286 ], [ -103.511795, 20.4003305 ], [ -103.5119581, 20.4003048 ], [ -103.512112, 20.4002429 ], [ -103.5123341, 20.4000641 ], [ -103.5124407, 20.3999386 ], [ -103.5125186, 20.3998128 ], [ -103.5125674, 20.3997138 ], [ -103.512626, 20.3995968 ], [ -103.5127036, 20.3994981 ], [ -103.5129063, 20.3993463 ] ] } },
{ "type": "Feature", "properties": { "ID": 6919452, "CVE_SUBC": "RH12Dc", "CLAVE50K": "f13d75", "TIPO": 101, "ENTIDAD": "CORRIENTE DE AGUA", "FC": 3271, "CONDICION": "INTERMITENTE", "EDICION": "O", "FECHA": "1994-12-31", "LENGTHM": 795.5379, "ID_DRENA": 6, "FLOWDIR": 1, "ENABLED": 1, "DESC_ENABL": null, "CALI_REPR": 0, "SEQUENCEID": 3230.0, "ORDER_1": 2, "LEVEL_1": 2, "ARBSUM_1": 1468.029, "PATHL_1": 32051.6471 }, "geometry": { "type": "LineString", "coordinates": [ [ -103.4258974, 20.3577048 ], [ -103.4258506, 20.3575959 ], [ -103.4258132, 20.3575053 ], [ -103.4257475, 20.3573692 ], [ -103.4256912, 20.3572512 ], [ -103.4256537, 20.3571696 ], [ -103.4256066, 20.3570969 ], [ -103.4255317, 20.3569246 ], [ -103.4254943, 20.3568339 ], [ -103.4254375, 20.3567701 ], [ -103.4253807, 20.3566974 ], [ -103.4253429, 20.3566518 ], [ -103.4252675, 20.3565247 ], [ -103.4252205, 20.356443 ], [ -103.4252021, 20.3563615 ], [ -103.4251839, 20.356271 ], [ -103.425156, 20.3561894 ], [ -103.4251091, 20.3560897 ], [ -103.425062, 20.3560079 ], [ -103.424996, 20.355908 ], [ -103.424968, 20.3558354 ], [ -103.4249402, 20.3557448 ], [ -103.424922, 20.3556544 ], [ -103.4248945, 20.3555276 ], [ -103.424886, 20.3554192 ], [ -103.4248777, 20.3552926 ], [ -103.4248692, 20.3551841 ], [ -103.4248414, 20.3550935 ], [ -103.4247943, 20.3550208 ], [ -103.4247572, 20.354894 ], [ -103.4247197, 20.3548214 ], [ -103.4246927, 20.3546495 ], [ -103.4246937, 20.3545502 ], [ -103.4246948, 20.3544418 ], [ -103.4246767, 20.3543332 ], [ -103.4246586, 20.3542337 ], [ -103.4246403, 20.3541432 ], [ -103.4246039, 20.3539622 ], [ -103.4245957, 20.3538266 ], [ -103.4245871, 20.3537271 ], [ -103.4245986, 20.3535375 ], [ -103.4245907, 20.3533749 ], [ -103.4246012, 20.3532846 ], [ -103.424602, 20.3532033 ], [ -103.4246124, 20.3531221 ], [ -103.4246231, 20.3530138 ], [ -103.4246341, 20.3528694 ], [ -103.4246453, 20.3527069 ], [ -103.4246658, 20.3525806 ], [ -103.4246765, 20.3524632 ], [ -103.4247268, 20.3522288 ], [ -103.4247465, 20.3521748 ], [ -103.4247874, 20.3519222 ], [ -103.4248071, 20.3518682 ], [ -103.4248366, 20.3517871 ], [ -103.4248762, 20.351661 ], [ -103.4249159, 20.3515259 ], [ -103.4249168, 20.3514356 ], [ -103.4249272, 20.3513543 ], [ -103.4249186, 20.3512639 ], [ -103.4249098, 20.3511826 ], [ -103.4248536, 20.3510556 ], [ -103.4248162, 20.3509649 ], [ -103.4248074, 20.3508925 ], [ -103.4248179, 20.3508023 ] ] } },
{ "type": "Feature", "properties": { "ID": 6919462, "CVE_SUBC": "RH12Dc", "CLAVE50K": "f13d75", "TIPO": 101, "ENTIDAD": "CORRIENTE DE AGUA", "FC": 3271, "CONDICION": "INTERMITENTE", "EDICION": "O", "FECHA": "1994-12-31", "LENGTHM": 613.0261, "ID_DRENA": 6, "FLOWDIR": 1, "ENABLED": 1, "DESC_ENABL": null, "CALI_REPR": 0, "SEQUENCEID": 3252.0, "ORDER_1": 1, "LEVEL_1": 2, "ARBSUM_1": 613.0261, "PATHL_1": 33311.9281 }, "geometry": { "type": "LineString", "coordinates": [ [ -103.4150256, 20.3595667 ], [ -103.4149973, 20.3595213 ], [ -103.4148832, 20.359439 ], [ -103.4147021, 20.359347 ], [ -103.4145692, 20.3592283 ], [ -103.4144933, 20.3591554 ], [ -103.4144365, 20.3590916 ], [ -103.4143796, 20.3590369 ], [ -103.414323, 20.3589551 ], [ -103.4142187, 20.3588457 ], [ -103.4141238, 20.3587636 ], [ -103.4140382, 20.3586996 ], [ -103.4139527, 20.3586355 ], [ -103.4138765, 20.3585897 ], [ -103.41381, 20.3585349 ], [ -103.4137722, 20.3584803 ], [ -103.4137441, 20.3584259 ], [ -103.4137262, 20.3582992 ], [ -103.413708, 20.3582087 ], [ -103.4136989, 20.3581544 ], [ -103.413662, 20.3580186 ], [ -103.4136058, 20.3578916 ], [ -103.4135307, 20.3577464 ], [ -103.4134742, 20.3576556 ], [ -103.4134365, 20.357592 ], [ -103.4133897, 20.3574831 ], [ -103.4133333, 20.3573742 ], [ -103.41324, 20.3571385 ], [ -103.4132225, 20.3569757 ], [ -103.4132428, 20.3568585 ], [ -103.4133015, 20.3567416 ], [ -103.4133504, 20.3566427 ], [ -103.4133898, 20.3565346 ], [ -103.4134098, 20.3564535 ], [ -103.4134301, 20.3563453 ], [ -103.4134509, 20.3561828 ], [ -103.4134235, 20.3560471 ], [ -103.4134153, 20.3559115 ], [ -103.4134455, 20.3557763 ], [ -103.4134562, 20.355659 ], [ -103.4134771, 20.3554875 ], [ -103.4134596, 20.3553247 ], [ -103.4134801, 20.3551984 ], [ -103.4135298, 20.3550182 ], [ -103.4135699, 20.354847 ], [ -103.4136478, 20.3547212 ] ] } },
{ "type": "Feature", "properties": { "ID": 6919469, "CVE_SUBC": "RH12Dc", "CLAVE50K": "f13d75", "TIPO": 101, "ENTIDAD": "CORRIENTE DE AGUA", "FC": 3271, "CONDICION": "INTERMITENTE", "EDICION": "O", "FECHA": "1994-12-31", "LENGTHM": 116.8559, "ID_DRENA": 6, "FLOWDIR": 1, "ENABLED": 1, "DESC_ENABL": null, "CALI_REPR": 0, "SEQUENCEID": 3218.0, "ORDER_1": 2, "LEVEL_1": 2, "ARBSUM_1": 2342.159, "PATHL_1": 29039.294 }, "geometry": { "type": "LineString", "coordinates": [ [ -103.4118098, 20.3096083 ], [ -103.4118875, 20.3095006 ], [ -103.4119459, 20.3094017 ], [ -103.4120334, 20.309276 ], [ -103.4122266, 20.3091152 ], [ -103.4123037, 20.3090617 ], [ -103.4123903, 20.3090173 ], [ -103.412506, 20.3089461 ], [ -103.4126118, 20.3089019 ] ] } },
{ "type": "Feature", "properties": { "ID": 6919474, "CVE_SUBC": "RH12Dc", "CLAVE50K": "f13d75", "TIPO": 102, "ENTIDAD": "CANAL", "FC": 3180, "CONDICION": "EN OPERACION", "EDICION": "O", "FECHA": "2007-11-09", "LENGTHM": 829.3486, "ID_DRENA": 6, "FLOWDIR": 1, "ENABLED": 1, "DESC_ENABL": null, "CALI_REPR": 0, "SEQUENCEID": 2965.0, "ORDER_1": 5, "LEVEL_1": 1, "ARBSUM_1": 206335.4227, "PATHL_1": 11480.799 }, "geometry": { "type": "LineString", "coordinates": [ [ -103.5209679, 20.3678501 ], [ -103.5216132, 20.368497 ], [ -103.5221641, 20.3689895 ], [ -103.5232508, 20.3705616 ], [ -103.5238002, 20.3712167 ], [ -103.5241596, 20.3717075 ], [ -103.5247731, 20.3726794 ], [ -103.5248959, 20.3728611 ], [ -103.5251658, 20.3740973 ] ] } },
{ "type": "Feature", "properties": { "ID": 6919491, "CVE_SUBC": "RH12Dc", "CLAVE50K": "f13d75", "TIPO": 101, "ENTIDAD": "CORRIENTE DE AGUA", "FC": 3271, "CONDICION": "INTERMITENTE", "EDICION": "O", "FECHA": "1994-12-31", "LENGTHM": 665.3043, "ID_DRENA": 6, "FLOWDIR": 1, "ENABLED": 1, "DESC_ENABL": null, "CALI_REPR": 0, "SEQUENCEID": 2893.0, "ORDER_1": 2, "LEVEL_1": 2, "ARBSUM_1": 2233.0239, "PATHL_1": 9611.3525 }, "geometry": { "type": "MultiLineString", "coordinates": [ [ [ -103.5467084, 20.3794377 ], [ -103.5466864, 20.3794581 ], [ -103.5466186, 20.3795389 ], [ -103.5465311, 20.3796737 ], [ -103.5465072, 20.3797141 ] ], [ [ -103.5445986, 20.3819227 ], [ -103.5445651, 20.3819248 ], [ -103.5443343, 20.3820132 ], [ -103.5440266, 20.3821371 ], [ -103.5438956, 20.3822314 ] ], [ [ -103.5425029, 20.3829138 ], [ -103.5424671, 20.3829191 ], [ -103.542304, 20.3829449 ], [ -103.5421883, 20.3830252 ], [ -103.5421206, 20.3830969 ] ] ] } },
{ "type": "Feature", "properties": { "ID": 6919492, "CVE_SUBC": "RH12Dc", "CLAVE50K": "f13d75", "TIPO": 101, "ENTIDAD": "CORRIENTE DE AGUA", "FC": 3271, "CONDICION": "INTERMITENTE", "EDICION": "O", "FECHA": "1994-12-31", "LENGTHM": 409.0932, "ID_DRENA": 6, "FLOWDIR": 1, "ENABLED": 1, "DESC_ENABL": null, "CALI_REPR": 0, "SEQUENCEID": 3008.0, "ORDER_1": 1, "LEVEL_1": 5, "ARBSUM_1": 409.0932, "PATHL_1": 20575.9999 }, "geometry": { "type": "LineString", "coordinates": [ [ -103.4661893, 20.3554526 ], [ -103.4663522, 20.355445 ], [ -103.4664768, 20.3554371 ], [ -103.4665344, 20.3554195 ], [ -103.4666306, 20.3553842 ], [ -103.4667458, 20.3553491 ], [ -103.4668226, 20.3553317 ], [ -103.4669184, 20.3553325 ], [ -103.4670236, 20.3553515 ], [ -103.4671096, 20.3553703 ], [ -103.467186, 20.3553981 ], [ -103.4672528, 20.3554258 ], [ -103.4673194, 20.3554716 ], [ -103.467405, 20.3555265 ], [ -103.4674716, 20.3555723 ], [ -103.4675287, 20.3556179 ], [ -103.4675954, 20.3556456 ], [ -103.467672, 20.3556553 ], [ -103.4677388, 20.355683 ], [ -103.4678438, 20.355711 ], [ -103.4679394, 20.355739 ], [ -103.4680729, 20.3557944 ], [ -103.4681494, 20.3558131 ], [ -103.468245, 20.355832 ], [ -103.4683502, 20.355842 ], [ -103.4684553, 20.35587 ], [ -103.4685985, 20.3559254 ], [ -103.4686651, 20.3559712 ], [ -103.4688652, 20.3560723 ], [ -103.4689412, 20.3561362 ], [ -103.4690174, 20.3561821 ], [ -103.4691032, 20.3562189 ], [ -103.4691795, 20.3562558 ], [ -103.4692561, 20.3562564 ], [ -103.469438, 20.356267 ], [ -103.4695434, 20.356268 ], [ -103.4696295, 20.3562778 ], [ -103.4697253, 20.3562786 ], [ -103.469859, 20.3563159 ] ] } },
{ "type": "Feature", "properties": { "ID": 6919504, "CVE_SUBC": "RH12Dc", "CLAVE50K": "f13d75", "TIPO": 102, "ENTIDAD": "CANAL", "FC": 3180, "CONDICION": "EN OPERACION", "EDICION": "O", "FECHA": "2007-11-09", "LENGTHM": 424.3166, "ID_DRENA": 6, "FLOWDIR": 1, "ENABLED": 1, "DESC_ENABL": null, "CALI_REPR": 0, "SEQUENCEID": 3063.0, "ORDER_1": 5, "LEVEL_1": 1, "ARBSUM_1": 136978.9251, "PATHL_1": 15970.2573 }, "geometry": { "type": "LineString", "coordinates": [ [ -103.5070237, 20.3351921 ], [ -103.5070746, 20.3352366 ], [ -103.5071792, 20.3353188 ], [ -103.5074064, 20.3355917 ], [ -103.5077287, 20.3359468 ], [ -103.5079369, 20.3362015 ], [ -103.5080031, 20.3362924 ], [ -103.5080695, 20.3363562 ], [ -103.508117, 20.3364018 ], [ -103.5081549, 20.3364473 ], [ -103.5082214, 20.3365021 ], [ -103.5082782, 20.3365658 ], [ -103.5083726, 20.3367111 ], [ -103.5084197, 20.3367928 ], [ -103.5085331, 20.3369564 ], [ -103.5085706, 20.3370381 ], [ -103.5085988, 20.3370925 ], [ -103.5087026, 20.337256 ], [ -103.5087307, 20.3373195 ], [ -103.5087682, 20.3374101 ], [ -103.5087869, 20.3374555 ], [ -103.5088056, 20.3375008 ], [ -103.5088337, 20.3375733 ], [ -103.5088618, 20.3376368 ], [ -103.5088898, 20.3377093 ], [ -103.5089275, 20.3377729 ], [ -103.5089462, 20.3378272 ], [ -103.5089839, 20.3378908 ], [ -103.5090121, 20.3379452 ], [ -103.5090876, 20.3380633 ], [ -103.5091254, 20.3381088 ], [ -103.5091725, 20.3381996 ], [ -103.5092102, 20.3382631 ], [ -103.509248, 20.3383176 ], [ -103.5092715, 20.3383581 ] ] } },
{ "type": "Feature", "properties": { "ID": 6919508, "CVE_SUBC": "RH12Dc", "CLAVE50K": "f13d75", "TIPO": 101, "ENTIDAD": "CORRIENTE DE AGUA", "FC": 3271, "CONDICION": "INTERMITENTE", "EDICION": "O", "FECHA": "1994-12-31", "LENGTHM": 325.7697, "ID_DRENA": 6, "FLOWDIR": 1, "ENABLED": 1, "DESC_ENABL": null, "CALI_REPR": 0, "SEQUENCEID": 3267.0, "ORDER_1": 1, "LEVEL_1": 2, "ARBSUM_1": 325.7697, "PATHL_1": 33095.871 }, "geometry": { "type": "LineString", "coordinates": [ [ -103.4170423, 20.3543635 ], [ -103.4170819, 20.3542374 ], [ -103.4171505, 20.3540845 ], [ -103.4172573, 20.3539409 ], [ -103.4174213, 20.353825 ], [ -103.4175655, 20.3537721 ], [ -103.4177197, 20.3536831 ], [ -103.4178835, 20.3535852 ], [ -103.4180092, 20.353478 ], [ -103.4180965, 20.3533704 ], [ -103.4181741, 20.3532717 ], [ -103.4182419, 20.3532 ], [ -103.4183672, 20.3531199 ], [ -103.418473, 20.3530756 ], [ -103.4187227, 20.3530147 ], [ -103.4188284, 20.3529795 ], [ -103.4189439, 20.3529263 ], [ -103.419069, 20.3528642 ], [ -103.4192228, 20.3528114 ], [ -103.4192997, 20.352785 ], [ -103.4193864, 20.3527406 ], [ -103.4194824, 20.3527144 ] ] } },
{ "type": "Feature", "properties": { "ID": 6919509, "CVE_SUBC": "RH12Dc", "CLAVE50K": "f13d75", "TIPO": 101, "ENTIDAD": "CORRIENTE DE AGUA", "FC": 3271, "CONDICION": "INTERMITENTE", "EDICION": "O", "FECHA": "1994-12-31", "LENGTHM": 537.6087, "ID_DRENA": 6, "FLOWDIR": 1, "ENABLED": 1, "DESC_ENABL": null, "CALI_REPR": 0, "SEQUENCEID": 3229.0, "ORDER_1": 1, "LEVEL_1": 3, "ARBSUM_1": 537.6087, "PATHL_1": 32051.6471 }, "geometry": { "type": "LineString", "coordinates": [ [ -103.4282493, 20.3543564 ], [ -103.4281264, 20.3541927 ], [ -103.4280412, 20.3541016 ], [ -103.4279652, 20.3540376 ], [ -103.4278795, 20.3539827 ], [ -103.4278225, 20.353937 ], [ -103.4277848, 20.3538824 ], [ -103.4277278, 20.3538277 ], [ -103.4276807, 20.353755 ], [ -103.4275868, 20.3535645 ], [ -103.4273602, 20.3532462 ], [ -103.4272182, 20.3530824 ], [ -103.4269334, 20.3528269 ], [ -103.4267717, 20.352717 ], [ -103.426667, 20.3526438 ], [ -103.426591, 20.3525889 ], [ -103.4264104, 20.3524518 ], [ -103.4263252, 20.3523516 ], [ -103.4262685, 20.3522698 ], [ -103.426212, 20.352179 ], [ -103.4261552, 20.3521062 ], [ -103.4261079, 20.3520516 ], [ -103.4260419, 20.3519516 ], [ -103.4258721, 20.3516881 ], [ -103.4257776, 20.3515608 ], [ -103.4256448, 20.3514331 ], [ -103.4255783, 20.3513783 ], [ -103.4254453, 20.3512687 ], [ -103.4251985, 20.3510496 ], [ -103.4250939, 20.3509764 ], [ -103.424999, 20.3508852 ], [ -103.424923, 20.3508304 ], [ -103.4248179, 20.3508023 ] ] } },
{ "type": "Feature", "properties": { "ID": 6919518, "CVE_SUBC": "RH12Dc", "CLAVE50K": "f13d75", "TIPO": 101, "ENTIDAD": "CORRIENTE DE AGUA", "FC": 3271, "CONDICION": "INTERMITENTE", "EDICION": "O", "FECHA": "1994-12-31", "LENGTHM": 923.081, "ID_DRENA": 6, "FLOWDIR": 1, "ENABLED": 1, "DESC_ENABL": null, "CALI_REPR": 0, "SEQUENCEID": 3165.0, "ORDER_1": 1, "LEVEL_1": 2, "ARBSUM_1": 923.081, "PATHL_1": 25350.3147 }, "geometry": { "type": "LineString", "coordinates": [ [ -103.4405459, 20.3020616 ], [ -103.4406026, 20.3021344 ], [ -103.4407538, 20.3023344 ], [ -103.4408197, 20.3024525 ], [ -103.4408855, 20.3025705 ], [ -103.4409798, 20.3027159 ], [ -103.4410457, 20.3028339 ], [ -103.4410913, 20.3030602 ], [ -103.4411087, 20.303232 ], [ -103.4411736, 20.3034493 ], [ -103.4412486, 20.3036036 ], [ -103.4412855, 20.3037485 ], [ -103.4413791, 20.3039571 ], [ -103.4414545, 20.3040842 ], [ -103.441558, 20.3042658 ], [ -103.4416712, 20.3044385 ], [ -103.4417749, 20.304602 ], [ -103.4418594, 20.3047654 ], [ -103.4419999, 20.3050828 ], [ -103.4420369, 20.3052096 ], [ -103.4420737, 20.3053545 ], [ -103.4421942, 20.3057621 ], [ -103.442259, 20.3059794 ], [ -103.4423053, 20.3061425 ], [ -103.4423046, 20.3062057 ], [ -103.4422329, 20.3066748 ], [ -103.4421934, 20.3067919 ], [ -103.4421637, 20.306891 ], [ -103.4421233, 20.3070984 ], [ -103.4421217, 20.307261 ], [ -103.4421289, 20.307496 ], [ -103.4421937, 20.3077224 ], [ -103.4423255, 20.3079494 ], [ -103.4424583, 20.3080771 ], [ -103.4426392, 20.308178 ], [ -103.4427919, 20.3082246 ], [ -103.442868, 20.3082795 ], [ -103.4429249, 20.3083342 ], [ -103.4429721, 20.3084069 ], [ -103.4430096, 20.3084885 ], [ -103.443037, 20.3086152 ], [ -103.4430264, 20.3087145 ], [ -103.4428993, 20.3089844 ], [ -103.4428123, 20.3090649 ], [ -103.442706, 20.3091543 ], [ -103.4426287, 20.3092259 ], [ -103.442532, 20.3093244 ], [ -103.442492, 20.3094957 ] ] } },
{ "type": "Feature", "properties": { "ID": 6919521, "CVE_SUBC": "RH12Dc", "CLAVE50K": null, "TIPO": 101, "ENTIDAD": "CORRIENTE DE AGUA", "FC": 3271, "CONDICION": "INTERMITENTE", "EDICION": "N", "FECHA": "2007-11-09", "LENGTHM": 710.0802, "ID_DRENA": 6, "FLOWDIR": 1, "ENABLED": 1, "DESC_ENABL": null, "CALI_REPR": 1, "SEQUENCEID": 2982.0, "ORDER_1": 3, "LEVEL_1": 2, "ARBSUM_1": 8541.302, "PATHL_1": 14268.2015 }, "geometry": { "type": "LineString", "coordinates": [ [ -103.5297493, 20.3601008 ], [ -103.5284062, 20.3602949 ], [ -103.5275734, 20.3603425 ], [ -103.5266454, 20.3605566 ], [ -103.5256936, 20.3604377 ], [ -103.5252653, 20.3603663 ], [ -103.5247181, 20.3601521 ], [ -103.5236711, 20.3600332 ], [ -103.5231476, 20.3598666 ], [ -103.523066, 20.3598446 ] ] } },
{ "type": "Feature", "properties": { "ID": 6919526, "CVE_SUBC": "RH12Dc", "CLAVE50K": "f13d75", "TIPO": 101, "ENTIDAD": "CORRIENTE DE AGUA", "FC": 3271, "CONDICION": "INTERMITENTE", "EDICION": "O", "FECHA": "1994-12-31", "LENGTHM": 506.0483, "ID_DRENA": 6, "FLOWDIR": 1, "ENABLED": 1, "DESC_ENABL": null, "CALI_REPR": 0, "SEQUENCEID": 3077.0, "ORDER_1": 3, "LEVEL_1": 3, "ARBSUM_1": 5750.7867, "PATHL_1": 18737.0319 }, "geometry": { "type": "LineString", "coordinates": [ [ -103.5022687, 20.3171184 ], [ -103.5021914, 20.31719 ], [ -103.5021621, 20.317244 ], [ -103.5021418, 20.3173612 ], [ -103.5021413, 20.3174154 ], [ -103.5021296, 20.3176412 ], [ -103.5021192, 20.3177224 ], [ -103.5021081, 20.3178849 ], [ -103.5021047, 20.3182372 ], [ -103.502104, 20.3183095 ], [ -103.5021225, 20.3183729 ], [ -103.5021886, 20.3184728 ], [ -103.5022645, 20.3185457 ], [ -103.502369, 20.318637 ], [ -103.5024734, 20.3187282 ], [ -103.5025681, 20.3188465 ], [ -103.502615, 20.3189462 ], [ -103.5026715, 20.3190461 ], [ -103.5026902, 20.3190914 ], [ -103.5027278, 20.319164 ], [ -103.5027656, 20.3192186 ], [ -103.5028127, 20.3193003 ], [ -103.5028785, 20.3194273 ], [ -103.5028972, 20.3194726 ], [ -103.5029346, 20.3195723 ], [ -103.5029529, 20.3196628 ], [ -103.5029523, 20.319726 ], [ -103.5029516, 20.3197893 ], [ -103.5029509, 20.3198706 ], [ -103.5029499, 20.31997 ], [ -103.5029392, 20.3200873 ], [ -103.502929, 20.3201504 ], [ -103.5028604, 20.3203125 ], [ -103.5028313, 20.3203484 ], [ -103.5027922, 20.3204384 ], [ -103.502753, 20.3205284 ], [ -103.5027428, 20.3205915 ], [ -103.5027896, 20.3207003 ], [ -103.5028932, 20.3208909 ], [ -103.5029583, 20.3210902 ], [ -103.5029954, 20.321217 ], [ -103.5030134, 20.3213346 ] ] } },
{ "type": "Feature", "properties": { "ID": 6919534, "CVE_SUBC": "RH12Dc", "CLAVE50K": "f13d75", "TIPO": 101, "ENTIDAD": "CORRIENTE DE AGUA", "FC": 3271, "CONDICION": "INTERMITENTE", "EDICION": "O", "FECHA": "1994-12-31", "LENGTHM": 321.8577, "ID_DRENA": 6, "FLOWDIR": 1, "ENABLED": 1, "DESC_ENABL": null, "CALI_REPR": 0, "SEQUENCEID": 3026.0, "ORDER_1": 3, "LEVEL_1": 2, "ARBSUM_1": 14123.8139, "PATHL_1": 19264.1319 }, "geometry": { "type": "LineString", "coordinates": [ [ -103.4749248, 20.3359707 ], [ -103.4749352, 20.3358895 ], [ -103.4749356, 20.3358444 ], [ -103.4749748, 20.3357544 ], [ -103.4750234, 20.3356825 ], [ -103.4750622, 20.3356286 ], [ -103.475101, 20.3355838 ], [ -103.4751494, 20.33553 ], [ -103.4751786, 20.3354851 ], [ -103.4752368, 20.3354043 ], [ -103.4752756, 20.3353595 ], [ -103.4753144, 20.3353056 ], [ -103.4753533, 20.3352518 ], [ -103.4753826, 20.3351888 ], [ -103.4754119, 20.3351348 ], [ -103.4754413, 20.3350628 ], [ -103.4754809, 20.3349367 ], [ -103.4755006, 20.3348736 ], [ -103.4755507, 20.3346482 ], [ -103.4755514, 20.334585 ], [ -103.4755923, 20.3343143 ], [ -103.4756028, 20.3342241 ], [ -103.4756229, 20.3341249 ], [ -103.4756908, 20.3340351 ], [ -103.4758355, 20.333928 ], [ -103.4759414, 20.3338747 ], [ -103.4760088, 20.3338392 ], [ -103.4760954, 20.3338038 ], [ -103.4761627, 20.3337682 ], [ -103.4762013, 20.3337415 ], [ -103.4762591, 20.3337058 ], [ -103.4763944, 20.3335896 ] ] } },
{ "type": "Feature", "properties": { "ID": 6919540, "CVE_SUBC": "RH12Dc", "CLAVE50K": "f13d75", "TIPO": 101, "ENTIDAD": "CORRIENTE DE AGUA", "FC": 3271, "CONDICION": "INTERMITENTE", "EDICION": "O", "FECHA": "1994-12-31", "LENGTHM": 18.4421, "ID_DRENA": 6, "FLOWDIR": 1, "ENABLED": 1, "DESC_ENABL": null, "CALI_REPR": 0, "SEQUENCEID": 3242.0, "ORDER_1": 3, "LEVEL_1": 1, "ARBSUM_1": 16027.1721, "PATHL_1": 29766.556 }, "geometry": { "type": "LineString", "coordinates": [ [ -103.4130397, 20.3253304 ], [ -103.4130063, 20.3252946 ], [ -103.4130012, 20.3251751 ] ] } },
{ "type": "Feature", "properties": { "ID": 6919541, "CVE_SUBC": "RH12Dc", "CLAVE50K": "f13d75", "TIPO": 101, "ENTIDAD": "CORRIENTE DE AGUA", "FC": 3271, "CONDICION": "INTERMITENTE", "EDICION": "O", "FECHA": "1994-12-31", "LENGTHM": 872.0635, "ID_DRENA": 6, "FLOWDIR": 1, "ENABLED": 1, "DESC_ENABL": null, "CALI_REPR": 0, "SEQUENCEID": 2916.0, "ORDER_1": 3, "LEVEL_1": 3, "ARBSUM_1": 3793.6976, "PATHL_1": 11779.2136 }, "geometry": { "type": "LineString", "coordinates": [ [ -103.5160292, 20.4004299 ], [ -103.5160869, 20.4004033 ], [ -103.5162884, 20.4003688 ], [ -103.5165092, 20.4003256 ], [ -103.5165862, 20.4002901 ], [ -103.5166442, 20.4002364 ], [ -103.5166834, 20.4001464 ], [ -103.5166842, 20.4000651 ], [ -103.516695, 20.3999387 ], [ -103.5167342, 20.3998487 ], [ -103.516802, 20.399768 ], [ -103.5168793, 20.3997054 ], [ -103.5169564, 20.3996518 ], [ -103.5170623, 20.3996076 ], [ -103.517226, 20.3995186 ], [ -103.5173999, 20.3993665 ], [ -103.5175064, 20.399259 ], [ -103.5175457, 20.3991509 ], [ -103.5175567, 20.3990065 ], [ -103.5175577, 20.3988981 ], [ -103.5175585, 20.3988168 ], [ -103.5175882, 20.3987177 ], [ -103.5176177, 20.3986366 ], [ -103.5176183, 20.3985734 ], [ -103.5176, 20.3984829 ], [ -103.5175818, 20.3983834 ], [ -103.5175262, 20.3981932 ], [ -103.5174798, 20.3980302 ], [ -103.5173956, 20.3978126 ], [ -103.5173107, 20.3976764 ], [ -103.5172357, 20.3975041 ], [ -103.5171324, 20.3972864 ], [ -103.5170478, 20.397114 ], [ -103.5170205, 20.3969602 ], [ -103.5170026, 20.3968336 ], [ -103.5170035, 20.3967342 ], [ -103.5170141, 20.396635 ], [ -103.5170437, 20.3965449 ], [ -103.5170731, 20.3964729 ], [ -103.51717, 20.3963653 ], [ -103.5172573, 20.3962486 ], [ -103.5173251, 20.3961769 ], [ -103.517393, 20.3960871 ], [ -103.5174704, 20.3960065 ], [ -103.5175187, 20.3959707 ], [ -103.5176056, 20.3958992 ], [ -103.5176636, 20.3958455 ], [ -103.5177314, 20.3957648 ], [ -103.5177514, 20.3956836 ], [ -103.5177618, 20.3955934 ], [ -103.5177624, 20.3955302 ], [ -103.517763, 20.3954669 ], [ -103.5177636, 20.3954037 ], [ -103.5177648, 20.3952862 ], [ -103.5177754, 20.3951779 ], [ -103.5177952, 20.3951058 ], [ -103.5178248, 20.3950157 ], [ -103.5178354, 20.3949165 ], [ -103.5178363, 20.3948171 ], [ -103.5178475, 20.3946455 ], [ -103.5178486, 20.3945371 ], [ -103.5178686, 20.394447 ], [ -103.517898, 20.394375 ], [ -103.517947, 20.394267 ], [ -103.5179763, 20.394204 ], [ -103.5180253, 20.394087 ], [ -103.5180938, 20.393943 ], [ -103.5181713, 20.3938533 ], [ -103.5182198, 20.3937905 ] ] } },
{ "type": "Feature", "properties": { "ID": 6919543, "CVE_SUBC": "RH12Dc", "CLAVE50K": "f13d75", "TIPO": 101, "ENTIDAD": "CORRIENTE DE AGUA", "FC": 3271, "CONDICION": "INTERMITENTE", "EDICION": "O", "FECHA": "1994-12-31", "LENGTHM": 5.3382, "ID_DRENA": 6, "FLOWDIR": 1, "ENABLED": 1, "DESC_ENABL": null, "CALI_REPR": 0, "SEQUENCEID": 3160.0, "ORDER_1": 4, "LEVEL_1": 1, "ARBSUM_1": 68725.1287, "PATHL_1": 24260.3389 }, "geometry": { "type": "LineString", "coordinates": [ [ -103.4512979, 20.3118855 ], [ -103.4513449, 20.311905 ] ] } },
{ "type": "Feature", "properties": { "ID": 6919549, "CVE_SUBC": "RH12Dc", "CLAVE50K": "f13d75", "TIPO": 101, "ENTIDAD": "CORRIENTE DE AGUA", "FC": 3271, "CONDICION": "INTERMITENTE", "EDICION": "O", "FECHA": "1994-12-31", "LENGTHM": 1711.4014, "ID_DRENA": 6, "FLOWDIR": 1, "ENABLED": 1, "DESC_ENABL": null, "CALI_REPR": 0, "SEQUENCEID": 2991.0, "ORDER_1": 1, "LEVEL_1": 3, "ARBSUM_1": 1711.4014, "PATHL_1": 15192.4157 }, "geometry": { "type": "LineString", "coordinates": [ [ -103.5454317, 20.3661314 ], [ -103.5452311, 20.3660665 ], [ -103.5451261, 20.3660295 ], [ -103.5450212, 20.3659835 ], [ -103.5449163, 20.3659284 ], [ -103.5447353, 20.3658185 ], [ -103.5446115, 20.3657452 ], [ -103.5445258, 20.3656902 ], [ -103.5444402, 20.3656173 ], [ -103.5443546, 20.3655533 ], [ -103.5442882, 20.3654895 ], [ -103.5441454, 20.365389 ], [ -103.5440217, 20.3652976 ], [ -103.543917, 20.3652244 ], [ -103.5438505, 20.3651697 ], [ -103.5437748, 20.3650697 ], [ -103.5437371, 20.3650061 ], [ -103.5436335, 20.3648155 ], [ -103.5435865, 20.3647158 ], [ -103.543549, 20.3646342 ], [ -103.5435115, 20.3645435 ], [ -103.5434176, 20.364344 ], [ -103.5433514, 20.3642531 ], [ -103.5432945, 20.3641894 ], [ -103.5431328, 20.3640706 ], [ -103.5430661, 20.3640248 ], [ -103.5429804, 20.3639699 ], [ -103.542933, 20.3639153 ], [ -103.5429047, 20.3638699 ], [ -103.5428479, 20.3637972 ], [ -103.5427813, 20.3637514 ], [ -103.5426668, 20.3637053 ], [ -103.5425713, 20.3636684 ], [ -103.5424857, 20.3636044 ], [ -103.5424096, 20.3635496 ], [ -103.5423145, 20.3634765 ], [ -103.5422384, 20.3634217 ], [ -103.5421432, 20.3633486 ], [ -103.5420672, 20.3632847 ], [ -103.5419627, 20.3631935 ], [ -103.5418771, 20.3631296 ], [ -103.5417534, 20.3630382 ], [ -103.5416869, 20.3629834 ], [ -103.5416108, 20.3629196 ], [ -103.5415253, 20.3628466 ], [ -103.5414302, 20.3627735 ], [ -103.5413731, 20.3627279 ], [ -103.5411251, 20.3626174 ], [ -103.5410775, 20.3625899 ], [ -103.5409917, 20.362544 ], [ -103.5408388, 20.3624975 ], [ -103.5407147, 20.3624604 ], [ -103.5405429, 20.3623867 ], [ -103.5404667, 20.3623408 ], [ -103.5404096, 20.3623042 ], [ -103.5403525, 20.3622586 ], [ -103.5402857, 20.3622309 ], [ -103.540152, 20.3621937 ], [ -103.5400657, 20.362202 ], [ -103.5399984, 20.3622285 ], [ -103.5399311, 20.3622551 ], [ -103.5398542, 20.3622815 ], [ -103.5398061, 20.3622992 ], [ -103.5396814, 20.3623162 ], [ -103.5395666, 20.3623062 ], [ -103.5394708, 20.3623054 ], [ -103.5393654, 20.3623045 ], [ -103.5392697, 20.3622947 ], [ -103.5391262, 20.3622754 ], [ -103.5390498, 20.3622477 ], [ -103.5389256, 20.3622196 ], [ -103.53883, 20.3621916 ], [ -103.538687, 20.3621272 ], [ -103.5385723, 20.3620901 ], [ -103.5384673, 20.3620531 ], [ -103.5384102, 20.3620165 ], [ -103.5383531, 20.3619708 ], [ -103.5383056, 20.3619343 ], [ -103.5382388, 20.3619066 ], [ -103.5381431, 20.3618968 ], [ -103.5380473, 20.361896 ], [ -103.537923, 20.3618769 ], [ -103.5378178, 20.3618489 ], [ -103.5377128, 20.3618119 ], [ -103.5376653, 20.3617754 ], [ -103.5375796, 20.3617204 ], [ -103.5375416, 20.361684 ], [ -103.5374944, 20.3616113 ], [ -103.5374378, 20.3615115 ], [ -103.537391, 20.3613936 ], [ -103.5373345, 20.3612938 ], [ -103.5372969, 20.3612212 ], [ -103.5372115, 20.3611301 ], [ -103.5371447, 20.3611025 ], [ -103.5370591, 20.3610385 ], [ -103.5370019, 20.3610109 ], [ -103.5369258, 20.3609561 ], [ -103.5368498, 20.3608922 ], [ -103.5368118, 20.3608558 ], [ -103.5367457, 20.3607558 ], [ -103.5367078, 20.3607104 ], [ -103.5366797, 20.3606378 ], [ -103.5366514, 20.3605924 ], [ -103.5366136, 20.3605379 ], [ -103.5365759, 20.3604744 ], [ -103.5365189, 20.3604197 ], [ -103.5364142, 20.3603556 ], [ -103.5362523, 20.3602548 ], [ -103.5361855, 20.3602181 ], [ -103.5360804, 20.3601902 ], [ -103.5359848, 20.3601713 ], [ -103.5358798, 20.3601343 ], [ -103.5357554, 20.3601242 ], [ -103.5356501, 20.3601143 ], [ -103.5355448, 20.3601044 ], [ -103.5354299, 20.3600944 ], [ -103.5353057, 20.3600662 ], [ -103.5352101, 20.3600473 ], [ -103.5350856, 20.3600373 ], [ -103.5349899, 20.3600274 ], [ -103.5349038, 20.3600177 ], [ -103.53477, 20.3599894 ], [ -103.5344445, 20.3599596 ], [ -103.5342913, 20.3599583 ], [ -103.5341859, 20.3599574 ], [ -103.5340039, 20.3599559 ], [ -103.53387, 20.3599367 ], [ -103.5337359, 20.3599356 ], [ -103.5335923, 20.3599254 ], [ -103.533353, 20.3599053 ], [ -103.533219, 20.3598951 ], [ -103.5330756, 20.3598668 ], [ -103.5328746, 20.359847 ], [ -103.5327406, 20.3598369 ], [ -103.5326065, 20.3598358 ], [ -103.5325011, 20.3598349 ], [ -103.5323861, 20.3598429 ], [ -103.5321944, 20.3598594 ], [ -103.5320982, 20.3598947 ], [ -103.5320404, 20.3599304 ], [ -103.531992, 20.3599842 ], [ -103.531934, 20.3600379 ], [ -103.5318952, 20.3600918 ], [ -103.5318466, 20.3601636 ], [ -103.5317884, 20.3602444 ] ] } },
{ "type": "Feature", "properties": { "ID": 6919554, "CVE_SUBC": "RH12Dc", "CLAVE50K": "f13d75", "TIPO": 101, "ENTIDAD": "CORRIENTE DE AGUA", "FC": 3271, "CONDICION": "INTERMITENTE", "EDICION": "O", "FECHA": "1994-12-31", "LENGTHM": 96.2436, "ID_DRENA": 6, "FLOWDIR": 1, "ENABLED": 1, "DESC_ENABL": null, "CALI_REPR": 0, "SEQUENCEID": 2909.0, "ORDER_1": 2, "LEVEL_1": 3, "ARBSUM_1": 1773.7947, "PATHL_1": 10304.7104 }, "geometry": { "type": "LineString", "coordinates": [ [ -103.5313662, 20.3927002 ], [ -103.5313478, 20.3926187 ], [ -103.5313103, 20.3925371 ], [ -103.5313012, 20.3924828 ], [ -103.5312827, 20.3924104 ], [ -103.5312642, 20.392338 ], [ -103.5312459, 20.3922475 ], [ -103.5312184, 20.3921208 ], [ -103.5311809, 20.3920301 ], [ -103.531153, 20.3919486 ], [ -103.5311347, 20.3918581 ] ] } },
{ "type": "Feature", "properties": { "ID": 6919563, "CVE_SUBC": "RH12Dc", "CLAVE50K": null, "TIPO": 101, "ENTIDAD": "CORRIENTE DE AGUA", "FC": 3271, "CONDICION": "INTERMITENTE", "EDICION": "N", "FECHA": "2007-11-09", "LENGTHM": 1601.1134, "ID_DRENA": 5, "FLOWDIR": 1, "ENABLED": 1, "DESC_ENABL": null, "CALI_REPR": 1, "SEQUENCEID": 2742.0, "ORDER_1": 2, "LEVEL_1": 1, "ARBSUM_1": 3166.6353, "PATHL_1": 1421.8323 }, "geometry": { "type": "LineString", "coordinates": [ [ -103.4845328, 20.3848826 ], [ -103.4850258, 20.384617 ], [ -103.48593, 20.3839984 ], [ -103.4866201, 20.383808 ], [ -103.4877622, 20.3835225 ], [ -103.4885237, 20.3831656 ], [ -103.4890233, 20.3829752 ], [ -103.4899751, 20.3825945 ], [ -103.4902131, 20.3825469 ], [ -103.4907128, 20.3825945 ], [ -103.4916883, 20.3820472 ], [ -103.4928721, 20.3812766 ], [ -103.4948445, 20.3801939 ], [ -103.4984911, 20.3792264 ] ] } },
{ "type": "Feature", "properties": { "ID": 6919565, "CVE_SUBC": "RH12Dc", "CLAVE50K": "f13d75", "TIPO": 101, "ENTIDAD": "CORRIENTE DE AGUA", "FC": 3271, "CONDICION": "INTERMITENTE", "EDICION": "O", "FECHA": "1994-12-31", "LENGTHM": 273.7805, "ID_DRENA": 6, "FLOWDIR": 1, "ENABLED": 1, "DESC_ENABL": null, "CALI_REPR": 0, "SEQUENCEID": 3185.0, "ORDER_1": 1, "LEVEL_1": 3, "ARBSUM_1": 273.7805, "PATHL_1": 31116.5275 }, "geometry": { "type": "LineString", "coordinates": [ [ -103.4298425, 20.3464662 ], [ -103.4300435, 20.346477 ], [ -103.4301873, 20.3464693 ], [ -103.4304652, 20.3464537 ], [ -103.4306762, 20.3464285 ], [ -103.4308105, 20.3464026 ], [ -103.4309259, 20.3463585 ], [ -103.4310316, 20.3463233 ], [ -103.4311661, 20.3462884 ], [ -103.4312718, 20.3462532 ], [ -103.431387, 20.3462271 ], [ -103.4315214, 20.3461922 ], [ -103.4317036, 20.3461758 ], [ -103.4318664, 20.3461772 ], [ -103.4321058, 20.3461794 ], [ -103.4323354, 20.3462085 ], [ -103.4323921, 20.3462813 ] ] } },
{ "type": "Feature", "properties": { "ID": 6919566, "CVE_SUBC": "RH12Dc", "CLAVE50K": "f13d75", "TIPO": 101, "ENTIDAD": "CORRIENTE DE AGUA", "FC": 3271, "CONDICION": "INTERMITENTE", "EDICION": "O", "FECHA": "1994-12-31", "LENGTHM": 8.5705, "ID_DRENA": 6, "FLOWDIR": 1, "ENABLED": 1, "DESC_ENABL": null, "CALI_REPR": 0, "SEQUENCEID": 3030.0, "ORDER_1": 3, "LEVEL_1": 2, "ARBSUM_1": 10563.7031, "PATHL_1": 21463.9728 }, "geometry": { "type": "LineString", "coordinates": [ [ -103.4622681, 20.3451557 ], [ -103.4623166, 20.3450928 ] ] } },
{ "type": "Feature", "properties": { "ID": 6919573, "CVE_SUBC": "RH12Dc", "CLAVE50K": "f13d75", "TIPO": 101, "ENTIDAD": "CORRIENTE DE AGUA", "FC": 3271, "CONDICION": "INTERMITENTE", "EDICION": "O", "FECHA": "1994-12-31", "LENGTHM": 445.9095, "ID_DRENA": 6, "FLOWDIR": 1, "ENABLED": 1, "DESC_ENABL": null, "CALI_REPR": 0, "SEQUENCEID": 3271.0, "ORDER_1": 1, "LEVEL_1": 2, "ARBSUM_1": 445.9095, "PATHL_1": 33901.996 }, "geometry": { "type": "LineString", "coordinates": [ [ -103.4206355, 20.3603936 ], [ -103.4206691, 20.3603586 ], [ -103.4207084, 20.3602596 ], [ -103.4207089, 20.3602054 ], [ -103.4207008, 20.3600608 ], [ -103.4206727, 20.3599973 ], [ -103.4206446, 20.3599338 ], [ -103.4206168, 20.3598432 ] ] } },
{ "type": "Feature", "properties": { "ID": 6919574, "CVE_SUBC": "RH12Dc", "CLAVE50K": "f13d75", "TIPO": 101, "ENTIDAD": "CORRIENTE DE AGUA", "FC": 3271, "CONDICION": "INTERMITENTE", "EDICION": "O", "FECHA": "1994-12-31", "LENGTHM": 185.1157, "ID_DRENA": 6, "FLOWDIR": 1, "ENABLED": 1, "DESC_ENABL": null, "CALI_REPR": 0, "SEQUENCEID": 3264.0, "ORDER_1": 1, "LEVEL_1": 3, "ARBSUM_1": 185.1157, "PATHL_1": 33133.9713 }, "geometry": { "type": "LineString", "coordinates": [ [ -103.4220809, 20.3520165 ], [ -103.4219608, 20.3520141 ], [ -103.421913, 20.3520047 ], [ -103.4218652, 20.3519952 ], [ -103.4218174, 20.3519857 ], [ -103.4217696, 20.3519763 ], [ -103.4216838, 20.3519394 ], [ -103.421598, 20.3519024 ], [ -103.4215022, 20.3519016 ], [ -103.4214542, 20.3519102 ], [ -103.4214061, 20.3519278 ], [ -103.4213197, 20.3519541 ], [ -103.4212716, 20.3519718 ], [ -103.4212236, 20.3519804 ], [ -103.4211372, 20.3519976 ], [ -103.4210892, 20.3520153 ], [ -103.4210121, 20.3520598 ], [ -103.4209639, 20.3520864 ], [ -103.4208774, 20.3521218 ], [ -103.4208388, 20.3521485 ], [ -103.4207521, 20.3521929 ], [ -103.420675, 20.3522374 ], [ -103.4206364, 20.3522641 ], [ -103.4205978, 20.3522999 ], [ -103.4205206, 20.3523534 ], [ -103.4204654, 20.3523988 ] ] } },
{ "type": "Feature", "properties": { "ID": 6919587, "CVE_SUBC": "RH12Dc", "CLAVE50K": null, "TIPO": 101, "ENTIDAD": "CORRIENTE DE AGUA", "FC": 3271, "CONDICION": "INTERMITENTE", "EDICION": "N", "FECHA": "2007-11-09", "LENGTHM": 1828.9737, "ID_DRENA": 5, "FLOWDIR": 1, "ENABLED": 1, "DESC_ENABL": null, "CALI_REPR": 1, "SEQUENCEID": 2722.0, "ORDER_1": 1, "LEVEL_1": 2, "ARBSUM_1": 2879.984, "PATHL_1": 1207.796 }, "geometry": { "type": "LineString", "coordinates": [ [ -103.4823153, 20.3820183 ], [ -103.4827891, 20.3814523 ], [ -103.4831937, 20.381024 ], [ -103.4838837, 20.3803102 ], [ -103.4847641, 20.3798343 ], [ -103.4855731, 20.379525 ], [ -103.4863108, 20.379406 ], [ -103.487096, 20.3791919 ], [ -103.4874529, 20.3789301 ], [ -103.4882381, 20.3787398 ], [ -103.4887616, 20.378478 ], [ -103.4915372, 20.3775661 ], [ -103.4935973, 20.3773213 ], [ -103.4959593, 20.3772503 ], [ -103.4983299, 20.3764893 ] ] } }
]
}
